# Resource object code (Python 3)
# Created by: object code
# Created by: The Resource Compiler for Qt version 6.10.2
# WARNING! All changes made in this file will be lost!

from PySide6 import QtCore

qt_resource_data = b"\
\x00\x03\x97\xd2\
\x89\
PNG\x0d\x0a\x1a\x0a\x00\x00\x00\x0dIHDR\x00\
\x00\x05\x03\x00\x00\x030\x08\x06\x00\x00\x00\x94yvc\
\x00\x00\x10\x00IDATx\x01\xec\xbd\x07\x9cdG\
u\xef\x7fN\xdd\xd09w\xcf\xccN\xda\xd9(i\x95\
YEDX\xc0&\xda\x06\xec'\xdb8\x83\xb1\x09\xb6\
\x89\x22#\x10\x080\x19L\x06\xe3g?\xfbo\xbfg\
\xeb\xf99\xdb\xd8\x06,\x93DZPb\xb5+m\x9a\
\xd9\xc93\x9d\xf3\x0dU\xffS\xb7\xa77i%m\x0e\
\xb3\xe7\xfa\x9e[\xb9\xea\x9co\xdd5\xad\xdf\xa7\xbaG\
\xdcq\xc7\x1d\x02\xf8b\x02L\x80\x090\x01&\xc0\x04\
\x98\x00\x13`\x02L\x80\x090\x01&\xc0\x04V3\x01\
\x8e\x8d\x090\x01&\xa0\x09\xa0\x16\x03\xa5\xce\xb11\x01\
&\xc0\x04\x98\x00\x13`\x02L\x80\x090\x01&\xb0\x1a\
\x09pLL\x80\x090\x01&\xc0\x04\x98\x00\x138H\
@\xf1\xa9\xc0\x83,8\xc3\x04\x98\x00\x13`\x02L`\
\x95\x11\xe0p\x98\x00\x13`\x02L\x80\x090\x01&\xc0\
\x04\x98\x00\x13`\x02G\x11`1\xf0( \x5cd\x02\
\xab\x81\x00\xc7\xc0\x04\x98\x00\x13`\x02L\x80\x090\x01\
&\xc0\x04\x98\x00\x13`\x02L\x80\x09\xac~\x02'\x13\
!\x8b\x81'C\x8d\xc70\x01&\xc0\x04\x98\x00\x13`\
\x02L\x80\x090\x01&\xc0\x04\x98\x00\x138w\x04x\
e&\xc0\x04\x98\xc0I\x13`1\xf0\xa4\xd1\xf1@&\
\xc0\x04\x98\x00\x13`\x02L\x80\x090\x01&p\xb6\x09\
\xf0zL\x80\x090\x01&\xc0\x04\x98\x00\x1385\x02\
,\x06\x9e\x1a?\x1e\xcd\x04\x98\x00\x13`\x02L\xe0\xec\
\x10\xe0U\x98\x00\x13`\x02L\x80\x090\x01&\xc0\x04\
\x98\x00\x13`\x02\xa7\x81\x00\x8b\x81\xa7\x01\x22O\xc1\x04\
\xce$\x01\x9e\x9b\x090\x01&\xc0\x04\x98\x00\x13`\x02\
L\x80\x090\x01&\xc0\x04\x98\x00\x13X\xfd\x04\xceV\
\x84,\x06\x9e-\xd2\xbc\x0e\x13`\x02L\x80\x090\x01\
&\xc0\x04\x98\x00\x13`\x02L\x80\x090\x81G\x13\xe0\
\x1a&\xc0\x04\x98\xc0Y%\xc0b\xe0Y\xc5\xcd\x8b1\
\x01&\xc0\x04\x98\x00\x13`\x02L\x80\x090\x81>\x01\
N\x99\x00\x13`\x02L\x80\x090\x01&p\xf6\x09\xb0\
\x18x\xf6\x99\xf3\x8aL\x80\x090\x01&p\xb1\x13\xe0\
\xf8\x99\x00\x13`\x02L\x80\x090\x01&\xc0\x04\x98\x00\
\x13`\x02\xe7\x88\x00\x8b\x81\xe7\x08</{q\x12\xe0\
\xa8\x99\x00\x13`\x02L\x80\x090\x01&\xc0\x04\x98\x00\
\x13`\x02L\x80\x090\x81\xd5O\xe0|\x8e\x90\xc5\xc0\
\xf3yw\xd87&\xc0\x04\x98\x00\x13`\x02L\x80\x09\
0\x01&\xc0\x04\x98\x00\x13\xb8\x90\x08\xb0\xafL\x80\x09\
0\x81\xf3\x9e\x00\x8b\x81\xe7\xfd\x16\xb1\x83L\x80\x090\
\x01&\xc0\x04\x98\x00\x13`\x02\xe7?\x01\xf6\x90\x090\
\x01&\xc0\x04\x98\x00\x13`\x02\x17\x06\x01\x16\x03/\x8c\
}b/\x99\x00\x13`\x02L\xe0|%\xc0~1\x01\
&\xc0\x04\x98\x00\x13`\x02L\x80\x090\x01&\xc0\x04\
. \x02,\x06^@\x9b\xc5\xae\x9e_\x04\xd8\x1b&\
\xc0\x04\x98\x00\x13`\x02L\x80\x090\x01&\xc0\x04\x98\
\x00\x13`\x02L`\xf5\x13Xm\x11\xb2\x18\xb8\xdav\
\x94\xe3a\x02L\x80\x090\x01&\xc0\x04\x98\x00\x13`\
\x02L\x80\x090\x81\xd3A\x80\xe7`\x02L\x80\x09\xac\
J\x02,\x06\xae\xcam\xe5\xa0\x98\x00\x13`\x02L\x80\
\x090\x01&\xc0\x04N\x9e\x00\x8fd\x02L\x80\x090\
\x01&\xc0\x04\x98\xc0\xea%\xc0b\xe0\xea\xdd[\x8e\x8c\
\x090\x01&\xc0\x04N\x94\x00\xf7g\x02L\x80\x090\
\x01&\xc0\x04\x98\x00\x13`\x02L\x80\x09\xacr\x02,\
\x06\xae\xf2\x0d\xe6\xf0\x8e\x8f\x00\xf7b\x02L\x80\x090\
\x01&\xc0\x04\x98\x00\x13`\x02L\x80\x090\x01&\xc0\
\x04V?\x01\x8e\x10\x80\xc5@~\x0b\x98\x00\x13`\x02\
L\x80\x090\x01&\xc0\x04\x98\x00\x13`\x02L`\xb5\
\x13\xe0\xf8\x98\x00\x13`\x02L`\x85\x00\x8b\x81+ \
8a\x02L\x80\x090\x01&\xc0\x04\x98\x00\x13X\x8d\
\x048&&\xc0\x04\x98\x00\x13`\x02L\x80\x090\x81\
\xc3\x09\xb0\x18x8\x0d\xce3\x01&\xc0\x04\x98\xc0\xea\
!\xc0\x910\x01&\xc0\x04\x98\x00\x13`\x02L\x80\x09\
0\x01&\xc0\x04\x98\xc0\xa3\x08\xb0\x18\xf8($\x5cq\
\xa1\x13`\xff\x99\x00\x13`\x02L\x80\x090\x01&\xc0\
\x04\x98\x00\x13`\x02L\x80\x090\x81\xd5O\x80#<\
9\x02,\x06\x9e\x1c7\x1e\xc5\x04\x98\x00\x13`\x02L\
\x80\x090\x01&\xc0\x04\x98\x00\x13`\x02\xe7\x86\x00\xaf\
\xca\x04\x98\x00\x13`\x02\xa7@\x80\xc5\xc0S\x80\xc7C\
\x99\x00\x13`\x02L\x80\x090\x01&\xc0\x04\xce&\x01\
^\x8b\x090\x01&\xc0\x04\x98\x00\x13`\x02L\xe0T\
\x09\xb0\x18x\xaa\x04y<\x13`\x02L\x80\x09\x9cy\
\x02\xbc\x02\x13`\x02L\x80\x090\x01&\xc0\x04\x98\x00\
\x13`\x02L\x80\x09\x9c\x16\x02,\x06\x9e\x16\x8c<\xc9\
\x99\x22\xc0\xf32\x01&\xc0\x04\x98\x00\x13`\x02L\x80\
\x090\x01&\xc0\x04\x98\x00\x13`\x02\xab\x9f\x00Gx\
\xf6\x08\xb0\x18x\xf6X\xf3JL\x80\x090\x01&\xc0\
\x04\x98\x00\x13`\x02L\x80\x090\x01&p$\x01.\
1\x01&\xc0\x04\x98\xc0Y&\xc0b\xe0Y\x06\xce\xcb\
1\x01&\xc0\x04\x98\x00\x13`\x02L\x80\x09h\x02l\
L\x80\x090\x01&\xc0\x04\x98\x00\x13`\x02\xe7\x82\x00\
\x8b\x81\xe7\x82:\xaf\xc9\x04\x98\x00\x13\xb8\x98\x09p\xec\
L\x80\x090\x01&\xc0\x04\x98\x00\x13`\x02L\x80\x09\
0\x01&p\xce\x08\xb0\x18x\xce\xd0_|\x0bs\xc4\
L\x80\x090\x01&\xc0\x04\x98\x00\x13`\x02L\x80\x09\
0\x01&\xc0\x04\x98\xc0\xea'\xc0\x11\x9e\xdf\x04X\x0c\
<\xbf\xf7\x87\xbdc\x02L\x80\x090\x01&\xc0\x04\x98\
\x00\x13`\x02L\x80\x09\x5c(\x04\xd8O&\xc0\x04\x98\
\x00\x13\xb8\x00\x08\xb0\x18x\x01l\x12\xbb\xc8\x04\x98\x00\
\x13`\x02L\x80\x090\x81\xf3\x9b\x00{\xc7\x04\x98\x00\
\x13`\x02L\x80\x090\x01&p\xa1\x10`1\xf0B\
\xd9)\xf6\x93\x090\x01&p>\x12`\x9f\x98\x00\x13\
`\x02L\x80\x090\x01&\xc0\x04\x98\x00\x13`\x02L\
\xe0\x82\x22\xc0b\xe0\x05\xb5]\xe7\x8f\xb3\xec\x09\x13`\
\x02L\x80\x090\x01&\xc0\x04\x98\x00\x13`\x02L\x80\
\x090\x01&\xb0\xfa\x09p\x84\xab\x8f\x00\x8b\x81\xabo\
O9\x22&\xc0\x04\x98\x00\x13`\x02L\x80\x090\x01\
&\xc0\x04\x98\xc0\xa9\x12\xe0\xf1L\x80\x090\x01&\xb0\
J\x09\xb0\x18\xb8J7\x96\xc3b\x02L\x80\x090\x01\
&\xc0\x04\x98\xc0\xc9\x11\xe0QL\x80\x090\x01&\xc0\
\x04\x98\x00\x13`\x02\xab\x99\x00\x8b\x81\xabyw96\
&\xc0\x04\x98\xc0\x89\x10\xe0\xbeL\x80\x090\x01&\xc0\
\x04\x98\x00\x13`\x02L\x80\x090\x01&\xb0\xea\x09\xb0\
\x18\xb8\xea\xb7\xf8\x89\x03\xe4\x1eL\x80\x090\x01&\xc0\
\x04\x98\x00\x13`\x02L\x80\x090\x01&\xc0\x04\x98\xc0\
\xea'\xc0\x112\x01M\x80\xc5@M\x81\x8d\x090\x01\
&\xc0\x04\x98\x00\x13`\x02L\x80\x090\x01&\xb0z\
\x09pdL\x80\x090\x01&\xc0\x04\x0e\x12`1\xf0\
 \x0a\xce0\x01&\xc0\x04\x98\x00\x13`\x02L`\xb5\
\x11\xe0x\x98\x00\x13`\x02L\x80\x090\x01&\xc0\x04\
\x98\xc0\x91\x04X\x0c<\x92\x07\x97\x98\x00\x13`\x02\xab\
\x83\x00G\xc1\x04\x98\x00\x13`\x02L\x80\x090\x01&\
\xc0\x04\x98\x00\x13`\x02L\xe0\x18\x04X\x0c<\x06\x94\
\x0b\xb9\x8a}g\x02L\x80\x090\x01&\xc0\x04\x98\x00\
\x13`\x02L\x80\x090\x01&\xc0\x04V?\x01\x8e\x90\
\x09\x9c,\x01\x16\x03O\x96\x1c\x8fc\x02L\x80\x090\
\x01&\xc0\x04\x98\x00\x13`\x02L\x80\x09\x9c}\x02\xbc\
\x22\x13`\x02L\x80\x090\x81S\x22\xc0b\xe0)\xe1\
\xe3\xc1L\x80\x090\x01&\xc0\x04\x98\x00\x138[\x04\
x\x1d&\xc0\x04\x98\x00\x13`\x02L\x80\x090\x01&\
p\xea\x04X\x0c<u\x86<\x03\x13`\x02L\xe0\xcc\
\x12\xe0\xd9\x99\x00\x13`\x02L\x80\x090\x01&\xc0\x04\
\x98\x00\x13`\x02L\x80\x09\x9c&\x02,\x06\x9e&\x90\
gb\x1a\x9e\x93\x090\x01&\xc0\x04\x98\x00\x13`\x02\
L\x80\x090\x01&\xc0\x04\x98\x00\x13X\xfd\x048B\
&p6\x09\xb0\x18x6i\xf3ZL\x80\x090\x01\
&\xc0\x04\x98\x00\x13`\x02L\x80\x090\x81C\x048\
\xc7\x04\x98\x00\x13`\x02L\xe0\xac\x13`1\xf0\xac#\
\xe7\x05\x99\x00\x13`\x02L\x80\x090\x01&\xc0\x04\x98\
\x00\x13`\x02L\x80\x090\x01&\xc0\x04\x98\xc0\xb9!\
\xc0b\xe0\xb9\xe1\xce\xab2\x01&p\xb1\x12\xe0\xb8\x99\
\x00\x13`\x02L\x80\x090\x01&\xc0\x04\x98\x00\x13`\
\x02L\x80\x09\x9cC\x02,\x06\x9e%\xf8\xbc\x0c\x13`\
\x02L\x80\x090\x01&\xc0\x04\x98\x00\x13`\x02L\x80\
\x090\x01&\xb0\xfa\x09p\x84L\xe0|'\xc0b\xe0\
\xf9\xbeC\xec\x1f\x13`\x02L\x80\x090\x01&\xc0\x04\
\x98\x00\x13`\x02\x17\x02\x01\xf6\x91\x090\x01&\xc0\x04\
\x98\xc0\x05A\x80\xc5\xc0\x0bb\x9b\xd8I&\xc0\x04\x98\
\x00\x13`\x02L\xe0\xfc%\xc0\x9e1\x01&\xc0\x04\x98\
\x00\x13`\x02L\x80\x090\x81\x0b\x87\x00\x8b\x81\x17\xce\
^\xb1\xa7L\x80\x09\x9co\x04\xd8\x1f&\xc0\x04\x98\x00\
\x13`\x02L\x80\x090\x01&\xc0\x04\x98\x00\x13`\x02\
\x17\x18\x01\x16\x03Ob\xc3x\x08\x13`\x02L\x80\x09\
0\x01&\xc0\x04\x98\x00\x13`\x02L\x80\x090\x01&\
\xb0\xfa\x09p\x84L`5\x12`1p5\xee*\xc7\
\xc4\x04\x98\x00\x13`\x02L\x80\x090\x01&\xc0\x04\x98\
\xc0\xa9\x10\xe0\xb1L\x80\x090\x01&\xc0\x04V-\x01\
\x16\x03W\xed\xd6r`L\x80\x090\x01&\xc0\x04\x98\
\xc0\x89\x13\xe0\x11L\x80\x090\x01&\xc0\x04\x98\x00\x13\
`\x02L`u\x13`1pu\xef/G\xc7\x04\x98\
\xc0\xf1\x12\xe0~L\x80\x090\x01&\xc0\x04\x98\x00\x13\
`\x02L\x80\x090\x01&\xc0\x04.\x02\x02\x17\xbd\x18\
x\x11\xec1\x87\xc8\x04\x98\x00\x13`\x02L\x80\x090\
\x01&\xc0\x04\x98\x00\x13`\x02L\xe0\xa2'\xc0\x00\x98\
\x00\x13\xe8\x11`1\xb0\xc7\x81\x9fL\x80\x090\x01&\
\xc0\x04\x98\x00\x13`\x02L\x80\x09\xacN\x02\x1c\x15\x13\
`\x02L\x80\x090\x01&p\x18\x01\x16\x03\x0f\x83\xc1\
Y&\xc0\x04\x98\x00\x13`\x02L`5\x11\xe0X\x98\
\x00\x13`\x02L\x80\x090\x01&\xc0\x04\x98\x00\x138\
\x9a\x00\x8b\x81G\x13\xe12\x13`\x02\x17>\x01\x8e\x80\
\x090\x01&\xc0\x04\x98\x00\x13`\x02L\x80\x090\x01\
&\xc0\x04\x98\x00\x138&\x81U%\x06\x1e3B\xae\
d\x02L\x80\x090\x01&\xc0\x04\x98\x00\x13`\x02L\
\x80\x090\x01&\xc0\x04V\x15\x01\x0e\x86\x090\x81\x93\
'\xc0b\xe0\xc9\xb3\xe3\x91L\x80\x090\x01&\xc0\x04\
\x98\x00\x13`\x02L\x80\x09\x9c]\x02\xbc\x1a\x13`\x02\
L\x80\x090\x01&p\x8a\x04X\x0c<E\x80<\x9c\
\x090\x01&\xc0\x04\x98\x00\x138\x1b\x04x\x0d&\xc0\
\x04\x98\x00\x13`\x02L\x80\x090\x01&\xc0\x04N\x07\
\x01\x16\x03O\x07E\x9e\x83\x090\x813G\x80gf\
\x02L\x80\x090\x01&\xc0\x04\x98\x00\x13`\x02L\x80\
\x090\x01&\xc0\x04N\x1b\x81\xf3V\x0c<m\x11\xf2\
DL\x80\x090\x01&\xc0\x04\x98\x00\x13`\x02L\x80\
\x090\x01&\xc0\x04\x98\xc0yK\x80\x1dc\x02L\xe0\
\xec\x12`1\xf0\xec\xf2\xe6\xd5\x98\x00\x13`\x02L\x80\
\x090\x01&\xc0\x04\x98\x00\x13\xe8\x11\xe0'\x13`\x02\
L\x80\x090\x01&p\x0e\x08\xb0\x18x\x0e\xa0\xf3\x92\
L\x80\x090\x01&\xc0\x04.n\x02\x1c=\x13`\x02\
L\x80\x090\x01&\xc0\x04\x98\x00\x13`\x02\xe7\x8a\x00\
\x8b\x81\xe7\x8a<\xaf\xcb\x04.F\x02\x1c3\x13`\x02\
L\x80\x090\x01&\xc0\x04\x98\x00\x13`\x02L\x80\x09\
0\x01&pN\x09\x9c\x151\xf0\x9cF\xc8\x8b3\x01\
&\xc0\x04\x98\x00\x13`\x02L\x80\x090\x01&\xc0\x04\
\x98\x00\x13`\x02g\x85\x00/\xc2\x04\x98\xc0\xf9O\x80\
\xc5\xc0\xf3\x7f\x8f\xd8C&\xc0\x04\x98\x00\x13`\x02L\
\x80\x090\x01&p\xbe\x13`\xff\x98\x00\x13`\x02L\
\x80\x090\x81\x0b\x84\x00\x8b\x81\x17\xc8F\xb1\x9bL\x80\
\x090\x01&\xc0\x04\xceO\x02\xec\x15\x13`\x02L\x80\
\x090\x01&\xc0\x04\x98\x00\x13`\x02\x17\x12\x01\x16\x03\
/\xa4\xddb_\x99\xc0\xf9D\x80}a\x02L\x80\x09\
0\x01&\xc0\x04\x98\x00\x13`\x02L\x80\x090\x01&\
\xc0\x04.8\x02',\x06^p\x11\xb2\xc3L\x80\x09\
0\x01&\xc0\x04\x98\x00\x13`\x02L\x80\x090\x01&\
\xc0\x04\x98\xc0\x09\x13\xe0\x01L\x80\x09\xacN\x02,\x06\
\xae\xce}\xe5\xa8\x98\x00\x13`\x02L\x80\x090\x01&\
\xc0\x04\x98\xc0\xc9\x12\xe0qL\x80\x090\x01&\xc0\x04\
\x98\xc0*&\xc0b\xe0*\xde\x5c\x0e\x8d\x090\x01&\
\xc0\x04\x98\xc0\x89\x11\xe0\xdeL\x80\x090\x01&\xc0\x04\
\x98\x00\x13`\x02L\x80\x09\xacv\x02,\x06\xae\xf6\x1d\
\xe6\xf8\x98\xc0\xf1\x10\xe0>L\x80\x090\x01&\xc0\x04\
\x98\x00\x13`\x02L\x80\x090\x01&\xc0\x04\x98\xc0\xea\
'@\x11\xb2\x18H\x10\xf8f\x02L\x80\x090\x01&\
\xc0\x04\x98\x00\x13`\x02L\x80\x090\x01&\xb0\x9a\x09\
plL\x80\x090\x81>\x01\x16\x03\xfb$8e\x02\
L\x80\x090\x01&\xc0\x04\x98\x00\x13`\x02\xab\x8f\x00\
G\xc4\x04\x98\x00\x13`\x02L\x80\x090\x81#\x08\xb0\
\x18x\x04\x0e.0\x01&\xc0\x04\x98\x00\x13X-\x04\
8\x0e&\xc0\x04\x98\x00\x13`\x02L\x80\x090\x01&\
\xc0\x04\x98\xc0\xa3\x09\xb0\x18\xf8h&\x5c\xc3\x04.l\
\x02\xec=\x13`\x02L\x80\x090\x01&\xc0\x04\x98\x00\
\x13`\x02L\x80\x090\x01&\xb0\xfa\x09\x9cd\x84,\
\x06\x9e$8\x1e\xc6\x04\x98\x00\x13`\x02L\x80\x090\
\x01&\xc0\x04\x98\x00\x13`\x02L\xe0\x5c\x10\xe05\x99\
\x00\x13`\x02\xa7B\x80\xc5\xc0S\xa1\xc7c\x99\x00\x13\
`\x02L\x80\x090\x01&\xc0\x04\x98\xc0\xd9#\xc0+\
1\x01&\xc0\x04\x98\x00\x13`\x02L\xe0\x94\x09\xb0\x18\
x\xca\x08y\x02&\xc0\x04\x98\x00\x13`\x02g\x9a\x00\
\xcf\xcf\x04\x98\x00\x13`\x02L\x80\x090\x01&\xc0\x04\
\x98\x00\x138=\x04X\x0c<=\x1cy\x16&pf\
\x08\xf0\xacL\x80\x090\x01&\xc0\x04\x98\x00\x13`\x02\
L\x80\x090\x01&\xc0\x04\x98\xc0\xea'p\x16#d\
1\xf0,\xc2\xe6\xa5\x98\x00\x13`\x02L\x80\x090\x01\
&\xc0\x04\x98\x00\x13`\x02L\x80\x09\x1cN\x80\xf3L\
\x80\x090\x81\xb3M\x80\xc5\xc0\xb3M\x9c\xd7c\x02L\
\x80\x090\x01&\xc0\x04\x98\x00\x13`\x02\x00\xcc\x80\x09\
0\x01&\xc0\x04\x98\x00\x13`\x02\xe7\x84\x00\x8b\x81\xe7\
\x04;/\xca\x04\x98\x00\x13`\x02\x17/\x01\x8e\x9c\x09\
0\x01&\xc0\x04\x98\x00\x13`\x02L\x80\x090\x01&\
p\xee\x08\xb0\x18x\xee\xd8\xf3\xca\x17\x1b\x01\x8e\x97\x09\
0\x01&\xc0\x04\x98\x00\x13`\x02L\x80\x090\x01&\
\xc0\x04\x98\x00\x13X\xfd\x04\xce\xf3\x08Y\x0c<\xcf7\
\x88\xddc\x02L\x80\x090\x01&\xc0\x04\x98\x00\x13`\
\x02L\x80\x090\x81\x0b\x83\x00{\xc9\x04\x98\x00\x13\xb8\
\x10\x08\xb0\x18x!\xec\x12\xfb\xc8\x04\x98\x00\x13`\x02\
L\x80\x090\x01&p>\x13`\xdf\x98\x00\x13`\x02\
L\x80\x090\x01&p\xc1\x10`1\xf0\x82\xd9*v\
\x94\x090\x01&\xc0\x04\xce?\x02\xec\x11\x13`\x02L\
\x80\x090\x01&\xc0\x04\x98\x00\x13`\x02L\xe0\xc2\x22\
\xc0b\xe0\x85\xb5_\xec\xed\xf9B\x80\xfd`\x02L\x80\
\x090\x01&\xc0\x04\x98\x00\x13`\x02L\x80\x090\x01\
&\xc0\x04V?\x81U\x18!\x8b\x81\xabpS9$\
&\xc0\x04\x98\x00\x13`\x02L\x80\x090\x01&\xc0\x04\
\x98\x00\x1385\x02<\x9a\x090\x01&\xb0Z\x09\xb0\
\x18\xb8Zw\x96\xe3b\x02L\x80\x090\x01&\xc0\x04\
\x98\x00\x138\x19\x02<\x86\x090\x01&\xc0\x04\x98\x00\
\x13`\x02\xab\x9a\x00\x8b\x81\xabz{98&\xc0\x04\
\x98\x00\x138~\x02\xdc\x93\x090\x01&\xc0\x04\x98\x00\
\x13`\x02L\x80\x090\x01&\xb0\xfa\x09\xb0\x18\xb8\xfa\
\xf7\x98#|\x22\x02\xdc\xce\x04\x98\x00\x13`\x02L\x80\
\x090\x01&\xc0\x04\x98\x00\x13`\x02L\x80\x09\xac~\
\x02\x1ca@\x80\xc5\xc0\x00\x03?\x98\x00\x13`\x02L\
\x80\x090\x01&\xc0\x04\x98\x00\x13`\x02L`\xb5\x12\
\xe0\xb8\x98\x00\x13`\x02L\xe0\x10\x01\x16\x03\x0f\xb1\xe0\
\x1c\x13`\x02L\x80\x090\x01&\xc0\x04\x98\xc0\xea\x22\
\xc0\xd10\x01&\xc0\x04\x98\x00\x13`\x02L\x80\x09\x1c\
E\x80\xc5\xc0\xa3\x80p\x91\x090\x01&\xc0\x04V\x03\
\x01\x8e\x81\x090\x01&\xc0`%\x12\x8b\x00\x00\x10\x00\
IDAT\x04\x98\x00\x13`\x02L\x80\x090\x01&\
\xc0\x04\x8eE\x80\xc5\xc0cQ\xe1\xba\x0b\x97\x00{\xce\
\x04\x98\x00\x13`\x02L\x80\x090\x01&\xc0\x04\x98\x00\
\x13`\x02L\x80\x09\xac~\x02\x1c\xe1I\x13`1\xf0\
\xa4\xd1\xf1@&\xc0\x04\x98\x00\x13`\x02L\x80\x090\
\x01&\xc0\x04\x98\x00\x138\xdb\x04x=&\xc0\x04\x98\
\x00\x1385\x02,\x06\x9e\x1a?\x1e\xcd\x04\x98\x00\x13\
`\x02L\x80\x090\x01&pv\x08\xf0*L\x80\x09\
0\x01&\xc0\x04\x98\x00\x13`\x02\xa7\x81\x00\x8b\x81\xa7\
\x01\x22O\xc1\x04\x98\x00\x13`\x02g\x92\x00\xcf\xcd\x04\
\x98\xc0I\x10@\x1a\xa3\xcd\x00\xd8f\x02l\xb5\x00\xb6\
\xd8\x00\x1bC01\x11\x86\xd1\x9b#=\x1b\xa5t\xc5\
t\xbdn\x0f\xfa\xe91\xda\x80\xc6\x83\x9e\x87\xa6\xe3\x9b\
\x090\x01&\xc0\x04\x98\x00\x13`\x02L`5\x10\x10\
\xab!\x08\x8ea\x95\x12\xe0\xb0\x98\x00\x13`\x02L\x80\
\x090\x81\xa3\x09ha\x8e>\xbf\x91P\xb7\x91\x84\xbd\
\xc2\x96xj\xfc\xcaL\xac\xb0e(\xbc\xe6\xda\xb5\x89\
\xe1\xab.\x89\x0d\x5cqUd\xf0\xaa\x1b\xe2C\xd7<\
=:t\xcds\x22\x03\xa5\x17\x86\x07\x9c_\x0c\x17\xac\
_\xb3\xf2\x89\x97\x86\xea\xa9\x97\x87\xba\xed\xdf\x0du\xda\
\xaf\x08u2\xaf\xb4:\xd9WX\xdd\xec\xef\x86\x9a\x89\
\x97\x87\xa8=\x5c\x08\xfdZ8_\xf9\xc5\xc8@\xf9g\
\xa3\x85+\x9f\xad\xe7\xa1\xf9n\x8c\x0d\x5c{\xb5\x9d\xbb\
\xe2\xb2\xf0\xc0\x95\xeb#\xd9\xabF\xe3\x83W\x0d\xa4\xd3\
\xd7\xa4axk\xb4'6\x02\xf9\xc5\xc2\xe1\xd1\x1b\xc6\
e&\xc0\x04\x98\x00\x13`\x02L\xe08\x08p\x97\xb3\
J@\x7fh;\xab\x0b\xf2bL\x80\x090\x01&\xc0\
\x04\x98\x00\x13`\x02\xc7E\x80\x84?\x12\xfdFo\x8e\
d\xd6oME\xd7n]\x93\x1c}\xd2\x86\xf4\xda\x9b\
\xafN\xadm=-\xd5I\xffL\xdc\x0e\xffj\xb7\x8b\
\xaf\xeav\xdd\xb7t\x1a\x95;\xeb\xe5\xf2G\x9a\xc5\xe5\
O\xb5\x17f?\xd7\x98\x9f\xfe\x5ck~\xfa3\xed\xc5\
\xd9Ov\x16\xe7>\xd2)-|\xc0--\xbc\xb7[\
^\xba\xa3[ZzW\xb7\xb2|{\xb7Zy\xa7[\
+\xde\xee\x96u\xb9\xf8\xeeny\xf1\xbd\x9d\xe2\xe2\x07\
:\xcb\xb3\x1f\xa5q\x7f\xd4Z\x9a\xfflc\xfe\xc0\x17\
\xda\x0b3\x7f\xdc\x5c\x9c\xf9\x92SZ\xfal\xa7R\xfe\
x\xdbm\xbe\xbf\xebv\xdf\xd6\xb1\xe4\xabc\xa0~)\
9b<;\xb5\xe6\xc6kSc[\xd7\xc7\x06n\x1c\
\x84\xec\x8dI\x98\xd8\x16\x06\xb8U\x9f,<\xae`\xb9\
\x13\x13`\x02\x17'\x01\x8e\x9a\x090\x01&\xc0\x04\xce\
>\x01\x16\x03\xcf>s^\x91\x090\x01&\xc0\x04\x98\
\x00\x13`\x02G\x13\x10\xb0e\x8b\x9d\x9e\xb8&\x9d\x1d\
\xbe~,3\xf6\xe4+2\xebo\xb9%\xbb\xdeya\
\xc6\x80\xdfv:\xea\x1dn\xa3\xfd\xd1Z\xb1\xfc\x85\xca\
\x81\xfd_\xaeN\xee\xfeluz\xcfG\x1a3\xfb\xdf\
\xd5YXx\x9d\xd7l\xfd&\xf8\xf8b\xc3\x8e\xfcT\
8\x93\xbd964|Uzt|sztb<\
\xb7v\xc3p~b\xe3`n|Ca`b}>\
\xb7v}\xb60\xb1>\x93\x1f\x9f\xc8\xe4\xc7\xd6f\x06\
F\xd7e\x06\xc67d\x06\xc77\xe4\x06\xa9}p\xdd\
\xfa\x81\xc2\xbaM\x83\x03\xeb/\x19)\xac\xdb\xbc6;\
\xbeaczt\xdd\x96\xe4\xf0\xe8\x93\xa2\x85\xa1[\xec\
x\xea9\x02\xcd\x9fw[\xdeK;\xc5\xf2\xeb\x9a\xb3\
\x07\xee\xac\xcd\xec\xf9dun\xdf\x9fTg\x17\xfeg\
\xb3U\xfa\x8c\x05\xad\xf7D\xba\xb5W\xc5\x87\xf6\xfe|\
b\xf8\xba[\xe2ko\xba,2z\xf5H&\xb35\
\x05\xfaD#\x80\xfe\x0cJb\xe7\xd1\x18\xb8\xcc\x04\x98\
\x00\x13`\x02L\x80\x090\x01&p\xa6\x09\xe8\x0fb\
gz\x0d\x9e\x9f\x090\x01&\xc0\x04\x98\xc0\x0a\x01N\
\x98\x00\x13X!@B\xd86S\x7f\xc5V\x7f\xdd6\
;~\xfde\x99f\xf2Y\xbeg\xfen\xdbo\x7f\xa0\
V\x9f\xffbyz\xff\x9f\x94\xf6>\xfc\xa9\xf2\xe4\xae\
\xf74\xe7g^\xed\xb6\xdb\xb7\x9a!k[4_\xb8\
&\xb1f\xdd\xe6\xcc\xd8\xe6\xb5\xb9\xf1K\x87H\xe4\xcb\
\xe5F&R\x85\x81\xe1X*S\x08\xc7\x12Y+\x1c\
I\x18\x86\x15\x11\x86\x15\x16\x0aM\x94`\xd0z(|\
%\x10\xd1@\xa5`\xc5\x04\xea:%\xa9L\xe6S\xbd\
6P\x88\xbaN\xb7\xa1\x11\x16\xa6\x1d\x11V(jD\
\xe3i+\x99\xce\x87\xf2\xb4\xd6\xe0\xd8\xdadv|]\
.1\xb2~Mbd\xc3\xfa\xd8\x9a\xb1+\xc9\xb7\xa7\
\x18\x86x\x91\xdbj\xbc\xa2\xbd0\xf3\xae\xc6\xfc\xbeO\
\xd5g\xf7\xffYcn\xeaO\xba\xb5\xc6G\x9a\xc2\xfd\
\xfdh+\xf5\xbc\xd8\xc8\xf5WE\xf3[\x87\xa0\xb0%\
\xbe\xf2\x15c\xf2\x0f\xf8b\x02L\x80\x090\x01&\xc0\
\x04\x98\x00\x138\x0b\x04X\x0c<\x0b\x90y\x09\x00`\
\x08L\x80\x090\x01&\xc0\x04.n\x02\x08[\xb7Z\
\xd9\x8d7&3\xebo\x19\xcf\xad\x7f\xfau\x85\x8d\xf0\
\xa2\x8c\x1d~\xad\xe3\xc3GKS\x07>O\xa2\xdf\xc7\
\xeb\xd3\xbb\xdf\xd0..\xbf\xd8w\xe1z3\x91\xda\x10\
\x1d\x18\x1eJ\xacY\x9bI\xad\x19'\x1d.gFb\
)\x12\xe5\xb4\xc8g\x91\xc8\x87\xc2SR\xb8\xd2\xa7\xd4\
\x13]\xcfA\xc7q\xd0u]\xf4<\x0f}\xdf?h\
R\xea\xbc\x07\x9e\xe7\x80O\x93K\x09\x94*270\
\x9a\x03\x1c_\xb7\xf7\xcc\xf1]\xd4\xf3Q\x7f\x9a\xcb\x09\
\xe6\xd5s\xea\xf9\xb5\xb5\xdbMl6\xebT\xdf\x16\x9e\
\xe7\x92y\x82\x04F!\x15\x08;\x1c3\x22\xa9L8\
:0\x92\x8a\x0eM\x0c\x86\x0bk\xd6\x85\x12\x99\xeb\xa5\
T/r\xca\xc5\xd7\xb5fw\x7f\xa49\xf3\xc8\x97Z\
\x95\xc5/X\xca\xbc#9b\xbc$1~\xd3\x93S\
\xe3\xd7\xadOO\x5c\x93^\x11\x07/\xee\xb7\x85\xa3g\
\x02L\x80\x090\x01&p!\x13`\xdf\xcf{\x02,\
\x06\x9e\xf7[\xc4\x0e2\x01&\xc0\x04\x98\x00\x13`\x02\
\x17.\x81mf\xa1\xb0-\x9e\x1b\xbdy8[\x0co\
%-\xeee\xb5r\xf9\xfd\xc5\xb9\xfd\x9f[\xda\xff\xf0\
'\xcb\x8b3o\xf5=\xf7\x17\xad\x5c\xe1\xc9\xb1\xe1\x0d\
\x9bS\xe3\x97\x0d\xa4\xd6LD\xb3\x83\xc3V*\x9d3\
\xa2\xf1\x94>\x95\x87 \x0c\x14d\x88\x02It\x03E\
\x0fm\xb0r!\x22 \x22\x18\x86\x01B\x88\xc0t^\
\x9bi\x9aA\xfd\xe1y\xddG\xd7[\x96\x05\xfd\xf4\xe8\
\xbcm\xdb\xa0M\xd7\x1f\x9e\xea\xbc\xb6P(\x04\xda\x22\
\x91\x08h\xd3\xf9p8\x0cdh\x87\x22hZaJ\
\xa3\x18\x89\xa5\x8dD*k\x16\x06G\xc3\x85\xf5\x1bs\
\xb9\xf5WmH\x8f_\xba5\x92\xc9<\x1fU\xf7U\
\xb5\xe5\x99\x8f\xd4\xa7\xf7}\xbeZ.}\xa8\xdb\x92/\
O\x0c\xe3\x0d\xc1\xef\x0e\x06\x7f\x98\x84\x7fs\x10\xf8b\
\x02\x17\x10\x01v\x95\x090\x01&\xc0\x04.\x0c\x02\xe2\
\xc2p\x93\xbdd\x02L\x80\x090\x01&\xc0\x04\x98\xc0\
\x05A\x00ab[8>\xf4\xd4Bv\xe3-\x97\xe7\
7\xca\xe7\xb7\xed\xcek\x8b\xd5\xf2\xa7J\x93\x93_\xa8\
\x1d\x98y\x8b\xef\xfa/\x0a\xc53W\xa7\x87'\x86\x0a\
k\xd6\xc6\xf3\x85A;\x97\xcb\x8bX4&\xc2$\xa2\
\x91\xa8\x86\xa60\x80\xe4?\x12\xf5L\xb0\xac\x9e\xe8F\
\x22\x9b\x16\xda\x02\x0b\x85\xc2\x10\x0a,\x14\x94m[\xf7\
\xd1u\xa1@\xc0\xd3e\xd3\xd4B\x9f\x1d\x88}&\x09\
\x82\xdal\x83\xe6\xa3\xb9I/\xa4\xb9!\x10\x10\xb50\
\x88\xd8\x13\x13\xfby\x83\xfa\xf5\x8c\xfc \x81\xd18h\
\x08\x86\x81\xa0\xe7\xd1\xa6\xe7\xb4,\x8b|\xb4\x82u\xc9\
\xf7 \x0d\x87,\x88\x84m\x08\xd9&\xd8\x96Ak\x09\
\xbd\x16\xad\x02(\x10\xd14M\x11K$\x8dLv(\
\x92\x1b\x9e\xc8\xe7&\xd6_\x16\x8d$\x9e\xd7\xae\xd7\xdf\
P\x9f\xdd\xff\xe9fu\xf1\xb3aO\xbe192\xf9\
\xdc\xc4\xc8\x0d\x9b\x83\xdf\x1a\x84m&\xf0\xc5\x04\x98\x00\
\x13`\x02L\x80\x090\x01&p\xca\x04\xc4)\xcf\xc0\
\x130\x01&\xc0\x04\x98\xc0EJ\x80\xc3f\x02L\xe0\
\x10\x81[\x8dl\xf6\xc6dj\xec\xc9\xeb\x13n\xeb\xa7\
\x5cY\x7fsif\xf63\xcb\xfb\x1e\xf9d\xa3\xbcx\
[*\x99|\xc1\x9a\xcd\x97^1|\xc9e\x83\x03k\
\xc6H\x07\xcbZv(j \x0a!%\xa06\xa5\x10\
$et\xaaO\xfd\x1dn\x87\xd69\xbe\xdc\xe1c{\
y8x\x9aP\x97\x9fh\x16\xdd\xe7xL\xcf\xa3\xfb\
\xe9\xf4h;V=\xe9\x80\xa0M\x98\x06\x08\xd3D@\
\x13\x89\x83\x08\x87\x93f:;\x10\x1d\x99\xd804\xb8\
a\xcb\xd5\xe9B\xee\xe7:\x8d\xd2m\xb5\xb9\xc9\xcf\xd4\
\x17g>W%\x9e\xa1\x81\xf2\xb3\x22\xb9\xabG`\xf0\
\xaa\x18\xad%\xc8\xf8f\x02L\x80\x090\x01&\xc0\x04\
\x98\x00\x138\x09\x02\xfcA\xea$\xa0]\xf4C\x18\x00\
\x13`\x02L\x80\x090\x01&\xa0\x09\x08-L\xe9\xdf\
\xba\x8b\x8dM=\xabav\xdfP\x9d=\xf0\x99\xfa\xcc\
\x9e\x0fwK\xa5\x97\x86\xa2\xb1\x9b3\xc3\xe3\xe3\x85\x81\
\xe1\x94i\xdbv\xb7\xdb\x15d\xa8\xa4\x87$\xfb\x81\xf4\
]P\x12\xf5<\xa0\x853DEBY\xdf\x0c\xcak\
\xeb\x95\x83N'\xf5\x90\x87\x8d\xa2Ui\xb9\x95%\x0f\
\xab\x7f\xbc\xac\xa2Fm\x94\x1cv\xeb9\xb4i\xbfu\
\xb5N\xb5\xf5\xf3:E\xa4\xc5t\x86\x0c\x11)\x1e\xa4\
\x1c\x04)\x92\xf0\x09R\x81\x22\xf1S\xfa>\xb8\x8e\x03\
\xcdf\x13k\xb5\x06v\x1cG\x18V\xc8\xcc\x0d\x0d'\
\x0ak\xd7\x8f\x87R\x99\xa7J\xd7{ewq\xef'\
\xdb\xc5\xf9/A\xb3\xfb\x063\x7f\xe5S\x03apb\
\x22\x0c\x00\xbd\x89\x81/&\xc0\x04\x98\x00\x13`\x02L\
\xe0\xb4\x13\xe0\x09W%\x01\x16\x03W\xe5\xb6rPL\
\x80\x090\x01&\xc0\x04\x98\xc0\x19#\xb0e\x8b\x9d\x18\
\xde\x9a\x8f\x8d\xdexE\xd4\xb0\x7f\xb9\xbaX\xfc@\xf3\
\xc0\xc3\x7f\xe4\x94\x96_\x13\xce\xe7\x9f\x99\x9e\xb8\xe4\x92\
\xfc\xf8\xbal,\x91\xb1\x85\x192\x5c\xa9\xd0\xf7\x15J\
)\xd1\xeb:\xa0<?p-\xf8J\xaeP\x80\x88 \
V\xc1'2D\x04-\x08j\x83\xc3.]\xee\x1b1\
\x08\xfa\xe8f\xc4\x9e\x86\xa7\xebt\xd9\xb2,\xd0_3\
6M\x13P\x7f\x17\x19\xf5_A\xb6D2\x95\xb7\x07\
\x86\xc72\xb9uWo\xce\x8e\xaf}\x0e\xa8\xeem\xde\
\xf2\xe4\x17\xdb\xf5\xa5\x0f[\xf5\xf8\xad\xa1\xc2\x96\x0d\x90\
\xbf$\x01\xc0\xbf/\xa89\xb21\x81\xd3E\x80\xe7a\
\x02L\x80\x090\x81\xd5K`\x15|\xf4\x5c\xbd\x9b\xc3\
\x911\x01&\xc0\x04\x98\x00\x13`\x02\xe7\x0d\x01Q(\
l\x89\xa7\xc6\xaf[\x9fnf_\xd0q\xfcw4\x97\
\x16>\xdd\x9a\x9d\xb9\xc3\x8aD~&3v\xc9\xc6\x81\
\x89\x0d\xe9D<aY\x86MZ\x96\x81$\xf6\xe9\x14\
\xb4\xc8\x15\xb6l\x08\x99\x16Xa\x0bH\xe3\x22\x01P\
Q`\xfa\xd4^\xcf\xb4XF\x15\x87\xdd\xbd\xfa\xc3*\
N0\xab?\xe2i;\xf60\xd2 A\xdb1Z\x8f\
\xaa\xd2\x82\x9d\xb6~\xb5\x9eS\x1bP\x0c\xbdzD<\
\x22Oq\xc3\xe1\x17b\xaf\x1d\x11I\xf4\x14\x07\xfb\x02\
]\xfa4\xa4\x10@\xf5\x00\x86\x81\x81\x05b`\x80G\
Q\xd9\x00-\x16z\x9e\xd4,\x85\x15\x8a\x88\x81\xc1\xd1\
Dv\xede\x9b\xecx\xea\xc5ny\xf9}\xdd\xe5\xe2\
gm\xb0_\x1f\x1f\xdb\x7fK|\xe8\xda\x02\xc0V\x0b\
\xf8b\x02L\x80\x090\x01&\xc0\x04\x98\x00\x13xL\
\x02\xf4\xf1\xeb1\xdb\xb8\x81\x090\x01&\xc0\x04.\x1a\
\x02\x1c(\x13`\x02\xc7&p\xab\x91\x1a\xbf2\x93\x1e\
\xb9\xe1\xca\x9aa\xffFui\xf1\x93\x95\xc9\x1d\x1fu\
\x9b\xf5\xdfN\xe4\x07o\xceo\xb8d$\x95\x1d\x88\x92\
He*E\xd2V`\xfa$\xa0\x0f\x88\xbd\x93r\x88\
\xbdT\xcf\xaf\x852\xc4Ce]w,C\xc4cU\
\x9fWu}\x01\xb3\x9f\x9e\xa8sz\x9c6=N\x0b\
~:\xdf7D\x04S\x9f\x10\xa4\xd40\x8c \x0f \
H\x18T(\x89\xaci\x85E\xae\xb0&2\xbc\xf1\xd2\
\xb1\xe4\x9a\x91g9\xed\xfam\x8d\x99\xe9\xcf\xb4;\x9d\
\x0f\xa4G\x8d\x9f\xc9\x0co\x1d\xd7\x7f\xc8\x85\xe6F2\
\xbe\x99\x00\x13`\x02L\x80\x090\x01&\xc0\x04\x0e#\
\xc0b\xe0a0.\xca,\x07\xcd\x04\x98\x00\x13`\x02\
L\x80\x09\x1c\x83\xc06S\x9f2K\x8c\x1f\xb8\xc9u\
\xec\xd7Wf\xa7?\xd5\x9d\x9f};Z\xa1\x9fN\x8f\
\xae_[\x18\x1e\x89\x87\xc3\x11\x13\x94\x02\xdf\xf3\xd0\xf7\
}\xca*\x08\x8e\xdb\x09\x05B\x00IVT&1K\
R\x1f\xfd\xfbz\xda\xb4\xd8\x05t!\x22={w\xbf\
\xaeW\xea=\x8fU\xd7k9\xde\xa7\xa4\x8e\xb2\xef\x0e\
\xe5\xd5\x8aQB\xb7\xf6E\x1be\x8f\xf3\xee\x8f\xef\xcd\
\x0b$\xcc!\x1a\x80\x88\x81\x1d\xe7$\x87u\xeb\xcf\xd7\
\xfb\xc3&\x875\x1c\xccj\x06(}\x8a\xa1\xb7\xa6R\
>\xb5\x09Z\xcf\x08R\xd7\xf5\xa1\xe3\xb8\x88\x86-\xb2\
\x03C\xf1\xc4\xf0\xd0\xe5\x02\xd5K*3S\x1f-\x97\
\xcb\x9f\x8c:\xd5_I\x8e\xde\xb8qxxk\x94\x06\
 \x19\xdfL\x80\x090\x01&\xc0\x04.n\x02\x1c=\
\x13X! VRN\x98\x00\x13`\x02L\x80\x090\
\x01&\xc0\x04`\x9b\x19\x1b\xb8q0=\xd1\xbd\xc5\xf1\
\xdc7\xd7\x0f\xec\xfdTky\xe1\xf7\xac\x5c\xe6\xe6\xd8\
\xc8\xf8\x9ad*\x17\xb2\xc21\xc30,-\x00j\x81\
I\x7f}\x95\xc4?\x01\x88\xba\xd8\x13\xb7\xb4\x90\xa5\x8d\
\x14\xc2\x80)\x22\x06\xed\x88\x18\x94\x0f\x7f >\xba\xee\
\xf0\xf6\xf3#\x7f\xa4\x8f:\xb6\xc3M\x9f\xec;Q?\
\x111`\xa2\xc7\xe9\x13\x93:}<C\xec\xf5G\xc4\
\xa0\x1b\xa2N\x85\xceS\xce\xc4H8!\xb2\xf9\xa1h\
nb\xc3\xbah\x22\xf63\xad\xd9\x03\xef\xab-\x1e\xf8\
t\x0d\xe0\xe5\xf1\xf1\x1b/+\x14\xb6\xc4\xa9\xb3\x1eD\
\x09\xdfL\xe0\xe2\x22\xc0\xd12\x01&\xc0\x04\x98\x00\x13\
8\x9c\x808\xbc\xc0y&\xc0\x04\x98\x00\x13`\x02L\
\x80\x09\x5c\x9c\x04\xb6\x99\x89\x91\x1br\x89\xf1\xf6M\x8e\
l\xbf\xb5\xb2\x7f\xcf\x1f9\xcd\xc6\xcb\x13\x03#W\x15\
\xc6'2\xa9d\xd6\xb4\x0cK \x1a\xe8{\x12\x5c\xd7\
\x0d\x04@\x00\x09\x88\xfa\x94\x9b$l\x12P\x09\x10`\
\x80\xd0UT\xa3\xdb\xc5a\xedA\xd5\x09>\x10\x8fO\
\xbf\xd2\xe2\x1c\x80^X[\xb0\x08\xe8\xd3\x7f\xda\x00\xf4\
\x1c\xda\xe0\x88\xab7\xe6\x88*\xd2/\x0f\x8d\x07\x8aF\
\xb7\x22\x22%\x08\x88=\xeb\x9f|D\xec\x97\x91\xda\xd5\
Qc\xa9\xea\xa8[Q\xb7\x9eQ\x86&\xe9\xaf/\xa5\
<\xaag\xaf\xa8}\xd7\xd6+\xe9\xa7\xee'\xc9\x0f\x15\
\x98a`\xf0GG\xb4\x98\xe8\xfb\x12<O\xa2\xa2\xa6\
p4af\xd6m\x1cL\xe4\x07\x9e\xd9X\x9a\x7fG\
ca\xfe\x8f\xdaV\xf4\xb7RcO^\x0f\x1b7\x86\
\xf4LlL\x80\x090\x01&\xc0\x04\x98\x00\x13\xb8X\
\x09\x88\x8b5p\x8e\x9b\x090\x01&\xb0z\x09pd\
L\x80\x09\x1c?\x81[\x8d\xc4\xf0\xd6|z\xccyr\
\xa7\xdbz[}j\xcf\xa7\xdcj\xf1\xa5\xb1\xa1\xd1\xcb\
\xf3k\xc6R\xb1x\xda\x10`\xa2A\xaa\x13Y \x00\
\x0a\x12\xb1\xb4!\x22\x09R\x08\x8fu\xa1T\x8f\xd5t\
B\xf5}\xc1L\x0fB|\xec\xdf\x1b\xd4>\xf5\xfb \
\xe2\x11\xbe\xe99\x10Q7\x1f\xac?\xbc.hXy\
 \xf6\xfa\xc1\x8a\x10\xa8\xd3~_\x9d\x1em+\xc3\x82\
\x04\x11\x83\xf9u\x9f\xa0\xe2\xb0\xc7\xd1u\xfa\xab\xd5\xba\
\x19\x11urB\xa6\xe7\xd2\x86\xd8\x1bk\x00\x82%\x0c\
@D0\x0c\x0b\x0c\xcbB\xdb\x8e\x88X<c\x0eN\
l,$s\x99m\x8d\xf9\x03\xef\xac.L\x7f*\xd5\
\xce\xfeVb\xe4\x86\xcd+\xbf)\x08|1\x01&\xc0\
\x04\x98\x00\x13`\x02L\xe0b#\xc0b\xe0j\xdaq\
\x8e\x85\x090\x01&\xc0\x04\x98\x00\x138^\x02\x22\x9b\
\xbd1\x99Z{\xe0j\xa9\xe4\x1b*3\xfb>\xe9\xb6\
\xea\xbfM\x22\xe0\x95\xf9\x91\xb5I;\x146\x94B\x94\
\xb2w.\xcd\xf3\xbc\x15\xa1\x09)\xd5\x22\x9f\x04\x00m\
\xfa\xa3\x946*\x06\xb7\xae\x93\xa0G)\x81T#\x80\
\xe6\x09\x0c\x0e\x8akT\xfd\x047\x22\xd2:\x18\xf4B\
\xc4\x83y-\x80\xf5E\xbf\xa0\x91\x1e\x88\xbdv\xdd\x06\
\x80\x00d\xbd<\x04\x17\x22\x02bOD\xec\x8fE\xc4\
\xe0\x8fr\x08a\x92\xc0i\x02R\x1a\x18\x1a\xd4\x97,\
(\x0b\xca\xf7\xc6\x02\xc5\xa2\x10\xa8LmA\x1f\xa4|\
\xcf\x80.\xbd\x9e6\xcaR\xac*h\xd3y\x00A\x89\
6\xca\x91\x88\x8a\x8a\x8aZ$%\x13\x80T\x80\xa0\x7f\
\x7flP\x11Dq\xc9)\x00\x00\x10\x00IDAT\
<\x04=\xb5Q\xf2\x187\xa2\x8eI\x9b\x02\x1f\xb4I\
@Z 0E\xdc}\x00\xdfW\xe8\xfb\x12\xadP\xcc\
\xc8M\xac/$\xf2\xf9\x9f\xae\xce\x1dxO}i\xfe\
\xc3\x91v\xf5E\xb1\xc2\xf5C\x00\xb7\x1a\x8f\xb1\x04W\
3\x01&\xc0\x04\x98\x00\x138\x7f\x09\xb0gL\xe0\x14\
\x08\x88S\x18\xcbC\x99\x00\x13`\x02L\x80\x090\x01\
&p\xa1\x11@\xc8_\x92\x88\x0e_wu\xdb\xee\xbe\
\xa2:\xf9\xf0'\x9bs\xd3\xbf\x1b\xcd\xe7\xae\x1c\x18\x1a\
KE\xa2\x09\x03\x0d}\x12\xd0B\xba\x80\xc4\xc0@\xac\
\x12Z\xc8\xc2\x9exu<\x01#\x22\x09S\xda\xd4J\
\x8aO8L\x0bb\xdatG->\xea\x93s\xda\xf4\
W\x92\x1d\xc7\x09|\xe9\xfb\x83xh>=F\x1b\x22\
\x06\xbeR^y\x9e+=\xa7\xe3\xbb\xdd\x96\xd7n\xd5\
\xddf\xa3\xea\xd4k\xc5niy\xb1S\xad,wj\
d\x95\x12\xe5\xcbK\x9d --vk\x95\xa5n\xbd\
Zt\x1a\xf5\x8a\xd3n\xd4\xdcN\xa7\xe9\xea\xf1\x9e\xd3\
\xa2\xe9:\xbe\xd4\xceHW\xa2$\x85M\x91\x9a\xa7W\
[I\x91\x14\xb8>#\xca\x1f\x8c\x99|\xd1\xe1\x04\xa6\
\xf3\xda\x0eo\x0f\x1a\xe8\xa1\xeb(9\xe1\xbb?N\xa7\
\xfd\xb9\xf5$:\xaf\xad\xc7\x8bX\x09\x81\xc2\xb0\x85\x1d\
\x8a\x9a\xd9\xf1u\x03V<\xfc\xbc\xf6\xc2\x9e\x0f4;\
\xe5;s\xe3\x07\x9e\xa1\xffX\x0c\x8d\xe3\xcf\xc5\x04\x81\
\xef\xf3\x9f\x00{\xc8\x04\x98\x00\x13`\x02L\xe0T\x09\
\xf0\x87\x9eS%\xc8\xe3\x99\x00\x13`\x02L\x80\x090\
\x81\x0b\x84\xc0V+2|\xfdh\xc2N\xdc\xda*-\
~\xa4]^xSlp\xe4\xe6\xcc\xf8\xbaL$\x92\
0H8B\x94J\x1b\xc9\x5c>\xc5$\x01M\x12\xd8\
DO\xd0\xa3\x8ac\xdc\x92\xea\xb4Q\xf2\x98\xb7n\xef\
\xdb\xd1\x9d\xf4G1\x01\xb4.H\xd7\x83v\xbb\x0b\x9d\
\x8e\x03]\xb7g\x1d\xa7\x0b\x9e\xf4\xb5\xb8\x06\xa4\xc5)\
\xe9\xb9\xcaw\x1d\xe5Q\x0a\xa0\x0eN&AR\x9f\xa0\
\xa8\xda\xad\xa6S\x9a\x9b\x9d)N\xee\xddQ>\xb0o\
{mf\xfa;\xcd\x85\x85\xbb\xdb\x95\xf2\x7f:\xed\xe6\
W:\x8d\xda\xbf\xb7\xcb\xcb_k\x97\x8b_o7*\
\xff\xd9i\xd7\xbe\xda\xa9W\xbf\xd6\xaeV\xeen\x95K\
\xffM}\xbf]\x9b\xdd\xff\xfd\xea\xd4C?.M\xed\
x\xa08\xf9\xd0\xce\xd2\xbe\x07\xf7.\xefypfa\
\xcf\xae\xc5\xf9\xc9=\xa5\xf9\x99\xd9F\xa5T\xec6\xeb\
U\xaf\xdbn\xcbv\xbb\xad\xba\xdd\xaeju\xda\xaa\xdd\
\xed\xa8f\xbb\xa5Sh\xb6Z\x815ZM\xa0\xfa\xe0\
\xb7\x16\xb5H\xa7M{\xabE<m \x883iv\
\xba\xaeg\x92\x12m\x94<\xc6\xad\xe7\x10J\x82\x01\xbd\
\x81B\x18\x07{\xe2\xca\x09A\xc3@\x10\x02\x80\x8a\xe0\
9.\x90\xc8\x8a\x92\xf68\x9e\xc8Y\xd9\xf1\xcb\xd6\x9a\
\x96\xf8\xd5\xe2\x81\xbd\x7f\xe4x\x9d?H\x8e^\xb3\x81\
\x7fO\x10\xf8b\x02L\x80\x090\x01&\xc0\x04.\x02\
\x02\xf4\xf1\xe8\x22\x88\x92Cd\x02L\x80\x09\x5c\xb0\x04\
\xd8q&\xc0\x04N\x03\x01\x11\x1f\xbcj 9*\x9e\
\xd5.-\x7f\xa0>\xbb\xe7]f,vK~l}\
.\x1aO\x1b\x80\xa6\xfe<D\x9a\x14\x09RJ\x01e\
H@\x12A\xda_[\x0bO\xda\xfa\xe5\xc7J\xf5X\
m\x87\xda\x15e\xb5Qr\x8c[\xcf\xa9\xfb\x0b\xcb\x04\
+\x1c\x82X,\x02\xe1\xb0\xadb\x91\x88\x8a\x84B*\
\x1c\xb6\xa4\x85\xe05j\xa5N\xb9\xb8P+M\xed\x9b\
+NO\xeds\xba\xad\xbaT\xbe\xf4}\x8f\xd4K\x0c\
\xfcU\xe4\xbb\xef\xfbP\xafT\x8a\x99\x91\x91\xcf\x99\x85\
5\xaf\xb6\xb3c/\x0b\xa5\x0a\xbf\x1dN\xa5^\x01\xd1\
\xe4\xef\x87\xc3\xd1\xd7\x86C\xd1\xd7\x85\xe3\xe9\xdf\x0f\xc7\
S\xbf\x17\x0e\xc5\xfe \x9c\x88\xfcA8\x13\xfd\xbdp\
:\xfd\xaaP4\xf5\xaaP\x22\xf9\x0a;7\xf4r;\
^x\x99\x15\xcb\xbe\x0c\x22\xe9\xdf\x85P\xe1\xf7(}\
#X\xf6\xbbH\x9d\xfc(\xa9z\x7f\xdc-\x96\xfe\xba\
\xb90\xfd\x95\xca\xf4C\xdf\xaaM\xef\xfaqy\xf2\xe1\
Gj3\x07\xe6\xea\x95b\xd5\xed4\xdb@\xb2e$\
l\xf9\xb1hH\xeax\xa2\xe1\xb02M\x93\xdcTZ\
\xd8\x04)e`T\x01\xfa\xd2\x1c\xfa\xa6\xcbOd\xba\
\xef\xe1}\xfa\xf3\x1c^\xd7\xcf\xeb\xbe\x82TA\xc30\
\x02V\xa1P\x18\xadPDd\xb3C\xe1\xf4\xda\xb5\x97\
:\xd5\xca\xabk\xf3\x8b\x9fI\xb4\x92\xbf\x12\x19\xbdz\
\x04`\x9b\xd9\x1f\xcb)\x13`\x02L\x80\x090\x01&\
\xc0\x04V\x1b\x01\xb1\xda\x02Z5\xf1p L\x80\x09\
0\x01&\xc0\x04\x98\xc0\xa9\x13\x98\xd8\x16\x0e\x15\x9e\xb4\
\xbe\xd5\xf1^[\x9b\x9e\xfc#0\xcd\x9f\xcfO\x5c6\
\x96K\xe7C\xb6\xb0\x84\x01\x02I\x0d\xd4\xe7\xea\x02\x03\
C\x80\xfe\xfd9-TiqI\x1b\xac\x5cZPZ\
\xc9\x1e!\x14\xf6\xebt\xaaTOP\xd4\xe3\x94\x92\xa0\
\x02\x1d\xb0wrM\xb7?\xca\x90\xda\xc8|%\x15\xea\
\xe3l@\x83\xc8\x9a\xf5\x8aS\x5c\x9c\xad\x15'\xf7\xcf\
\x16\xe7\xa7\x1fp\x9c\xf6WH\x80\xfb\x22$\x12\xb7G\
\x06\x06okw\xbb_o\xd4K\x9e \x81K\x9f\x1c\
$\xe7\xc9'\x01\xb6\x1d\x06R\xd8l\x8a\xcaH\xa6\xc2\
\xf7;\xa5\x1f\xef\xe8V\x1f\xdc\xd3\xa9\xec\xdc\x0f\x95\x87\
&;\xe5\x1dS:\x7f\xc8\xa8n~\xe7\xfe\x8e\xb6\x85\
\xfb\xf7\xe9\xbe\xdd\xdaC\x8f8\xc5\x07v:\x8d\xdd?\
q\x9b\xfb\xef\x85\xf6\xe4w\xa1\xbb\xef\xab\xd0\xde\xf7w\
\xe0&\xff\x17\xc5\xf0)\x88\xe3\x9d\x10\x0b\xbd\x05R\xf9\
\xd7Bl\xe4\x0f\xc0L\xbd\x0e \xf2V\xf0\xbd\x0f\xcb\
j\xf9\x7fu\x96\xa6\xfe\xb3:\xb5\xeb\xde\xe5\xbd;\xf7\
-\xccN-uZ\x8d\x86B\xe9\x1a\xa6)\x0d\xc3R\
\x86ik\x03\xc3\xb0\xc8o\x03\x14\x81\xea\x99f\xf6x\
'\x02\x05-\xaf\x8d\x12\xba\xf5o3j\xa3l \xf2\
\xe9\xb4o\xc4\x13\x04\xf1\xd7\xfb\x1b\xe4\x89\x95Ab\xa0\
6\xdfW\xa0\x85S\xdag\x04i`vtm61\
4\xf8\xac\xfa\xf2\xd2\xfb\xba\x0d\xe7=\xc9\xd1\xceV>\
%\xd8'\xc9)\x13`\x02L\x80\x09\x9cq\x02\xbc\x00\
\x138\xcb\x04\x0e}\x9a:\xcb\x0b\xf3rL\x80\x090\
\x01&\xc0\x04\x98\x00\x138s\x04n5\xa2\xf9\xadk\
\xc2\x9d\xda/w\x97\xf6\x7fVV\x97^\x9eX3\xbe\
>\x93+D\x0c+,\x90D@\xdf\x93\xa4\x9bI\xd0\
\xe2\x90i\x9a$J!\xe8\xab/\x1c\xe9T\x9b\xae;\
\xda\xb4put\xdd\xe1e\xa4\xa9\x101\x98S\xf7\xd5\
vx;\x95\x03\xf1OIO\xban\xcb\xad\x97K\xad\
\xb9\xa9\xfd\x0b\x0b\x8f<\xf8\xd0\xe2\xee\x87\xbe\xde(W\
\xffL\x98\xa1;\xa2\xb9\xa1W\xc7R\x03\xbf\x15I\xc6\
_\x03\xe1\xd4\x07!\xe7\xfdU\xdb\xeb\xfc\xa7\xf2\xfc\xbf\
\xea,\xce\xcf+\xdfU\xfa+\xb0R\xca@\x0c\xa3\x14\
\xd3\xf9\x5c\xaa8w`\x9b%CkiM$;\xd5\
[\xd1\x04\xda|\x80\x1d\x0e\xc0l\x0b*\xfb+\xd0\xdc\
\xb7\x00\xd5]\xfb\xa1\xb9\xf3A\xf0\xd6\x7f\x17\xc0\xfc7\
\xc8&\xfe\x14b\xf1?\x84\xd4\xc0\x1b\xad\xd4\xd0\xab\x8d\
D\xfe\xf5\x80\xf6{j\xb3\xb3_Z\xd8\xf5\xc3\x7f\x99\
\xdf\xf5\xbd\xed\xf3\x0f?0\xb9\xb40\xa3O\x0fv\xc9\
\x7f_K\x81\x14\x83\x12\xa0]\xed\x1b\xad\xf8\x047\x22\
\x06\x22b\xbf\x1b1\xedg\x83\x94X\x00\xa2\x9e/(\
\x06y\xc4^\x19\xb1\x97J\xa9\x88\x9b\x81\xbeD4\xcc\
\x88\x91\x1a\x1c\x1e\x92N\xe7%\xb5\xe9\x87>\x19\xaa\xc6\
~'\xbd\xe6Z\xcdP\xf4f\xe0'\x138\xfd\x04x\
F&\xc0\x04\x98\x00\x13`\x02\xe7\x82\x00\x7f\xb89\x17\
\xd4yM&\xc0\x04\x98\x00\x13`\x02L\xe0\xcc\x11\xd8\
\xb2\xc5\xb6\x87\xf7nj9\xad7u\xe6'\xdfm\x17\
\x86\x9f\x99\x18YW\xb0\xc3a\xd3\x12\x16\x92\x90\x06\x9e\
\x92\xa0\x04\x89I+\xa6O\x90\x99(\x00\xd1 \xbf\x04\
\xd9\x91\xb7n\xd7vd\xad.\xe9\xbe\x02h\xb6\xc0<\
\xe9\x82>\xa9\xe78\x0eh\xebv\xbb\xfaw\xea\xa0\xe3\
t\x95\xe3\xb9\xcau\xb5y\xa47\xb5\xfd\xf2\xf2R{\
y\xef\xae\x85\xd2\xbe];\xda\xcb\x8b_\x01S|\xca\
\xc8\x0c\xbe)\x94\x1f\xfe}\x08'\xde\xe6\x96\xd4\xe7Z\
\x0b?\xfa\xe7\xe6\xe2\x8f\xeeo\xcf>x\x00\xaa\x0f\x94\
a\xff\xfe\x0e,\xedh\xf8.|\x1b\xc0\xbd\xb7\xddj\
\xb8\xa4ki\xa1.XG\x82\x0ff\xc8\xa2P\xd4u\
\x95z\xe5\x99\xb0q\xa3\xad\xbd<\x83\xa6hn\xb2\xbb\
=\x00\xf2\xad\xb4\xbb\xd6\x13\x09w\xefq\xab\xbb~\xe8\
\xd7w\xfe+4\xba\x7f\x0a\xa9\xc2\xfb!\xb5\xe16\x88\
\x8f\xbf\x09\xac\xe8\x87T\xad\xf87\xc5\xc9{\x7f\xb0\xb0\
\xe7\xfe\x03\xb3\xb3\x93\xf5f\xbd\xee9\x8e+=\x8f\xe8\
\x11LI\x12'\x19(\xa5E;\xcd\x98V9\xc6\x8d\
\xa8\xdb!8\x01x\xf4\xfe \x22\xd1P \xf1\xc8\x81\
\x88\xbaB\x82\x10\x02,\xcb\x0aR\xdd\x09\x95\x00a\xd8\
\x22\x9d\x1f\x8cd\xd7]vC\xb7U\xbb\xa3\xde\xed\xbe\
=3z\xe3\x15\xc41\x04|1\x01&\xc0\x04\x98\x00\
\x13`\x02L`\x95\x10x\xecOW\xab$@\x0e\x83\
\x090\x01&p\xfe\x10`O\x98\x00\x138\xc3\x040\
6p\xe3`\xbc\x12{\xb13;\xfd1hU\x7f=\
1\xb2~4\x9d*\x18\x91H\x0c\x850\x01Q\x0bA\
p0\x05\xba\x8e>QFUG\xdc\x88\x18\xf4G\xec\
\xa5G4R\x01\x11A\x0bKR\x92\x8a\xa5\x14\xe8\xcb\
4\xad\xa0\x0eH\xceRJ\xcbZ\xber\xdau\xb7\xbc\
0])O\xde\xbf\xb7:\xb3\xf3\x1bN\xb9\xf2\xc7F\
:\xff\xf6\xc8\xe0\xe8+\xc2\xe9\x917\x80\x11\xff\xbc_\
\x86\xafu\x97\xef{$\x10\xfe\x82Sx\xd0\x9bPO\
z\xb8\xb5\x8ce#3rWsq~\xc1@u\xd0\
?\xa5\xd7'Q+\x9b-$\xba\xcb\x0b\xcfOuS\
\xa3\x87\x0f;\x07y\x19\x88\x84Z\xc8\xac>\xb0\x0f\x1a\
\xd1{ \x15\xfaK\xc8\x8d\xbc\xd7Jo~\x0dD\x06\
\xde\x06\xcd\xfa\xe7\x9b\x0b\x0f\xfeGy\xf2\xde\x87JS\
\xfb\x8b\xedF\xa5\xebt[R\xfa\xae\x22q\x90BR\
\xe4\xb6\xd0$\x83\x93\x9cTA\xe5\x80l\x90\xf6\x1f\x8f\
U\xdfo?<\xd5}\xfb\xa6\xdf\x0b\xdb\xb6\x03a0\
\x14\x0a\x81a\x86\xd0\xb2#8\xb0f,\xeb;\xed\x97\
\x94\xa7\xf7~>\xe3\xe5_\x1a]\xbbu\x0d\xcd\xc1\x9f\
\x9d\x09\x02\xdfL\x80\x090\x01&\xc0\x04\x98\xc0\x85M\
\x80?\xd0\x9c\x8d\xfd\xe35\x98\x00\x13`\x02L\x80\x09\
0\x813L`\xab\x95\x1a\xdb\xba\xde\xf5\xdb\xafi,\
L\xffa$\x9f\xff\xa95\xeb6\xe5\xa2\xa1\x88i\x80\
B\x94>\xe8\xbf<+\x91\x04\xbb\x95#dZ\x0c\xea\
;\xa5O\x8f\xf9\xa0HTSTE\xfa\x15={\xb7\
\x16\xa1P\x1f\x1c\x0bN\x99\xe9\xa1\x06\xf4DA\xc4^\
\xaa\xe7\xd1\x16\x08Jf\x08L\xd3T$\x0e*\xcb\xb2\
$*\xdf\xab\x96\x97\xeb\xb5\x03\x0f\x1fh-\xec\xff\x0e\
x\xde\x97!1\xf6\xc6P~\xfd\xab ]\xb8\xc3\xaf\
D\xfe\xb2\xbdp\xff\xf7;\xe5\xedSP\xb9\xb7\x02\x8f\
'\x00\xf6\x1cZy\xeep\xe2\xc9\xc1oS\xe1a\xd7\
\xe9H\x90>\x05\x89\x00R\xd1\x12\xbe\x16\xb3\x04\x08\xb8\
\x0a\x10\x9f\x05\x1b\x9fw\xbe\x9cj#\xb8\xdb]X\xde\
U\x87\xe2}3n\xe5\xbe{\xa1\x9d\xf8[H\x0d}\
\x08\x12\x13\xb7At\xe0\xed ;_j-\xee\xbc\xbb\
6\xfd\xe0\xbe\xd2\xe2l\xc5\xeb\xb4]\xe9zR\x9f\xa8\
\xf4%(\x14\xf4\xd1\x95\xb8+\x85\x14\x9aA\xe1S\x19\
\x04H\x04P\x82\x1eT\x83\xd8K){\xf0\xd6\xfb\xa6\
\xad_\x81\xd8\xef#h\x1e\x0c\xfe\x22\xb1\xdeC\xdf\xf7\
\xc10\x0c\xf0]\x0f=\xcf\xc7\x81\x81\x91xzt\xec\
\xa6\xf2\xec\x81w\xa9\x8e\xf7\xd6\xcc\xe8\xcd\x97\xc3\xd6\xad\
\x16\xf0\xc5\x04\x98\x00\x13`\x02L\xe0\xb1\x08p=\x13\
\xb8\x00\x08\x88\x0b\xc0Gv\x91\x090\x01&\xc0\x04\x98\
\x00\x13`\x02\x8fI \x9f\xbf%\x91Yk\xfetu\
n\xeecN\xa3\xf8;$\xde\x8cGcI\x8b\xf4\xb1\
`\x8c\x94\x87\x8b{A\xd51\x1f\x88}\x81\xe8P\xb3\
\x16\x88\x10\x15\xf4\xd2^\xbb\x16\x9e\x10{\xf9~=\x22\
\x09\x86\x92\x948\xe5)\xe9\xfbryq\xb6\xb5\xf0\xc8\
O&+\xd3\x8f\xfc\x97\xea\xfa\x9f\xb1\x07&\xdeh\x0f\
\xae\xfb\x03\x88$?\x04u\xf8Jp\xfa/\x10\xffH\
\x1c#\x1d\xeb\xd0\x8a\xc7\x9f\x8b\xb9\xcd\x85\xc8\xc0\xd8W\
\x8a\x8b\x0b\x0d\xdfw\x83\xaf%\xeb\xd1\xa1P\x08\x5c_\
b4W\xc8U\x17\x17\x7f\xbe \x9b\xe3\xba\xfe<\xb4\
\x9e8\xa8O\x0d\xd6\x1f\xde\x05-\xe3\xdf!\x91\xfb\xa4\
\x1d\xdf\xf0F\xb0\xd7\xbc\x19Z\xc5O\xd7\x17\xb6\xff{\
q\xea\xc7\x8f\x94\x97\xe7k\x9e\xdb\xf5I\xf8$\xe4$\
\x05\xf6x\x07\xfb\xd2\x8f\x0b\xb1\xb7'\xfd\xf2\xe3\xa54\
I\xd0\xacSI\xef\x87R>\x89\x82\xbd}\x96\xca\x0b\
\xdaH\xd4\x05aZh\xda1\xcc\x8d\x8e\x0f\xb6+\xcb\
/-\xcf\xec\xfdDlV\xfdbl\xe0\x8aA\xeat\
\xfc\x0bRg\xbeW?\x01\x8e\x90\x090\x01&\xc0\x04\
\x98\xc0\x85B\x80\xc5\xc0\x0be\xa7\xd8O&\xc0\x04\x98\
\x00\x13`\x02L\xe0h\x02\x22;r\xe3h\xc7\xee\xfe\
f\xf9\xc0\xe4\x07#\xd9\xecs\x07G\xd7\xe7c\xe1\x98\
P(\xd0\x95>\xc9x\x12\x14H\x90$\xdbh\xebO\
 H\x86B\xd2\xee\xfae\xad\xc7)\xd5\x13\x0d\x95R\
$\x0c\xe1\x8a\xa9^\x17\x81\x00d\xbd9\x04\xe8\x13d\
\x0aA\xf7\x01\xbaHK\x92\xd2\xe9\xb6\xbd\xa5\x99\x03\x95\
\xe2\xde{\x7f\x22k\xcb\x7f\x0b\xc9\xf4\xbb!?\xf4\x1a\
\x88e?\xec,f\xff\xc1Y\xb8\xffA\xa8\xef,\xc2\
q\x9f\xfe\xa3\x99\x1f\xe7\x9e\x9d\xdd\xde\x8eG#_\x83\
n{\xbf\xf4=i\x22}\xac\xf3%\xf9\xa6@\x0b\x5c\
\xb1X\xc2\x04\xa1n\xf4\xc1{\xca\x05p\x9a\x8d@\xef\
\xeeB\xfd\xe1e\xa7\xb1c\x078c\xff\x04\x99\xfc\xc7\
!\xbe\xe9-`\xe4\xef\x84\xe6\xec_\xd7\xa6\xef\xbf\xb7\
\xb2\xb4X\xd2\x9c\x1d\xd7\x95\x9e\xef\xd3\x16\x18\xfd=\x08\
\x84A\xbdw\xc7B\xa6\xf7M[\xbf\x0d\x11\x83qZ\
\xe8\xd5\xd6?U(\x0c\x08\xea\x85 \x96\x00\xe0\xba\xbe\
6\xf4|\x10\xd9\xe1\xb1xzdd[sy\xee\x0f\
=\x80\xdb\x12\xeb\xae\xdb\x0c\xb0\xcd\xa4n|3\x01&\
\xc0\x04\x98\x00\x13`\x02L\xe0\x82\x22 .(o\xd9\
Y&\xc0\x04\x98\xc0yC\x80\x1da\x02L\xe0\x9c\x12\
\xd8\xf8\xbc\xd0\xc0\xe6g\x5cYo7\xde\xd5\x98\x9bz\
[jx\xf4\xb2T\xba`\x83B$]\x0c\xb5\x98\xa3\
\x8d\x8a\xba\xea\x98\xae\x22\xe2\xa3\xea\xb5\x98\x14\x8c#A\
P7\x22\xf6\xfa\xe8z\xcf\xf3\xc0qH\x06\xa2\x06a\
\x92j$\xa5R\xbe\xa3\xda\xcd\xaa\xb3\xbc\xf7\xa1\xa5\xea\
\xd4\x03\xdf\x85N\xf7\xb3fj\xfc\x0d\x90+\xbc\x1d\xe2\
\xa9\xbf\x85\xe5]\x0fCy{\x15\xe0\xee\xde@\x1a{\
\x1ao\xe5\xc8\xfa\xa4\x99\xcc\xfcg\xa5Tl\x01I\x9f\
\xdaO)=\xd01h\xa9,\x91\xcc$K\x8b\x8b/\
\xca/G\xf3\xa7q\xdd\xb30\x15\xf1*\xef\xadB\xe3\
\x91\x9d0\x98\xff\xbbHn\xd3{\xcd\xd4\xc6\xb7A\xbb\
\xf9\xb9\xda\xf4\xf6oT&w-8\xddv\xd7q[\
\x92b\xd6\xf7I\xfbD\x83\x03\x01PO\xa0HL\x05\
\x12\x89u\x9d6D\x0c\xbe6LO0\xcc\x10\xda\xe1\
\x84\xc8\x0d\xaf\x1d\xe9\x96\x96^^\x9f\x9d\xffPl\xa4\
\xfat\x18\xbd9\x02|1\x01&\xc0\x04\x98\x00\x13`\
\x02L\xe0\x02\x22 . _\xcf\x0fW\xd9\x0b&\xc0\
\x04\x98\x00\x13`\x02L\xe0\x5c\x12\xc0\xf4\xc4\xb6\xf4 \
t\x9e\xb3\xb40\xff1\xa5\xfc_)\xac\xdb<DB\
\x8d\xe9y\x12\x1d\x12s<\x05\x81\x18\x86\x88\xe4g\xdf\
({\xd8\xadO\x89i;T\xd5\xeb\x87\xa8S8(\
\x0e!\x1a %\x80\xf4\x01@\x09=/iD\xbe\x92\
\xbe\xef\xb7\x9a\xb5\xf6\xd2\xbe]\xd3\xf5\xf9\xe9\xafC(\
\xf6a+5\xf1:H\x87>\xe6Uw\xdc\x0d\xc5\x87\
g`v{K\x8f\x22;c7\x09\x90\xd5H4\xf1\
\x8f\xd0.Oy\x9e\xa3\xc0@\xed#h\xe1\x12Q`\
8\x92@hT\x9e$\x85\xf7\x14\x80m\x17\xe2)6\
\xa59\xb6\x8b\xf7\xcdx\xd5K\xff\x0b\x92\xd9O\x9a\xd9\
\xcbn\x073\xfe\x89\xe6\xdc\xce\x7f\xafL=\xbc\xb7Q\
\xabtiSH\xf7E@D8\x91\x8b\xc6\x05ct\
\xaa\xc7!\xed\xb76\x00\xa1\x8b\x80\x88`\x18\x06\x18B\
\x80\xa2w@\xbfc\x0a\x0d\x91\x1b\x99H\x85\x12\xf1\xe7\
5gf\xde\x1bv\xdb/\x86\xf45i\xe0\x8b\x090\
\xb1m\xf3\xa9\x00\x00\x10\x00IDAT\x01&\xc0\x04\
V\x1f\x01\x8e\x88\x09\xacR\x02b\x95\xc6\xc5a1\x01\
&\xc0\x04\x98\x00\x13`\x02\xab\x8f\x80\xc8\x8e\xdc8\xe2\
v\xeb\xafZ\xd8\xbd\xe3\x0f\x93\xf1\xd8S\x06\x87F\xa3\
(,D4\x82h\xb5p\xa33}qG!\x806\
]w<\xd6\x1f\xa7\xfbJR\x01\xb5Y\x96\x05\xb6e\
h\xa3\xa9|Y+/7\x97\xf7\xdc\xbf\xaf9?\xff\
wVn\xf0\xf6\xf8\xe0\x9a7A\x22\xfc\xc7n\xf5\xa1\
\xfb\xa0\xb2\xbf\x02\x00$\x1b\xd1\xf3\xec\xdc\xb2\xdeh<\
\x04F\xec[\xf5Z\xd9\x05\xe9)\xdf\xf7@\x90xE\
P@\x02\xa2\x99\xce\x15J\x8bs\xbf\x10\xcd\xd7\x0bg\
\xc7\xa53\xb5\xca]>\xd4v\x94\xbcR\xee\x07\x10\x8d\
\xfc\x89\x95\xbf\xe4\xbd\x91\xa1\x0d_\xee\xba\xee\xac\xef\xb8\
\x14\xb7O2\xf0\xf1\xad\xad\xd9\xe8\x9e\xfdT\xef\xbb\xce\
\x1f\xf9\xf5qA\xf4\xf4\x94\x92x\x02\xe5\xe9e\x02\xa0\
\x94\xde5\x11\xc2x\x22g%\xd6\x8c\xdc\xd0Y\xd8s\
{,\x0c/\xcf\x8f];\x0c\x00\xbdN\xc0\xd7\x85N\
\x80\xfdg\x02L\x80\x090\x01&\xb0\x9a\x09\x88\xd5\x1c\
\x1c\xc7\xc6\x04\x98\x00\x13`\x02L\x80\x09\xac\x12\x02\xdb\
\xb6\x99k6=\xed\x92\x8e\xef\xbe\xa5\xb94\xf7\x9a\xfc\
\xc4\xbaK\x22\xb1\xb8\x1d\x9c\xd4R\x0aM\x92`\x0cP\
\xa0\x7f\xffM[?jT\xa0\xbf=\x0b\x8fu!\x22\
\x8dA \x95\x0f@ \xe5i\x16*x\xd2\x074z\
\x1f\x93<\xcfQ\xbe\xebx\xa5\xe5\x85jq\xffC\x0f\
v\xeb\xf5\xbf\x8c\x0cL\xbc9\xbcf\xf8\x1dn\xa6\xfb\
\x7f\x1a\xf3\xf7\xed\x80\xe5]uZ\xc3';\xfbw=\
Q5\xb2\xe9\x7ft+\x0b\xf3 \x15\x18 @\x8b\x98\
Z\xe0\xf2\x95\x84x*eC\xb7\xf5T\x1f\xdbW\x93\
sHv\x81\xdfw\xfb\x85\xd0\x80\x93N\xc7T8\x14\
1(N\x93\x02BD\xe3`lT\xa0\xaaC\xb7\x22\
&\xda\xfa54\xa6\x9f\x0dR\xdd_\xd7I\x94\xa0\xb4\
\x22H2*\x90!\xf1\x0c\x8aA/yP\x14\xec\xf1\
\x15\x18\x8e&\xcc\xec\xf8e\x9b\x9b\x8bso\xa84\x9d\
\xdb\xb2\xe37^v\x01\xfc>c\x10\x0d?\x98\x00\x13\
`\x02L\x80\x090\x81\x8b\x97\x80\xb8xC\xe7\xc8\x99\
\x00\x13`\x02}\x02\x9c2\x01&p^\x13\xd8\xb2\xc5\
\xceMv\x9f\xb4\xb84\xff\xbeVe\xe97\x0a\xe3\x13\
\x03\xc2\xb4\x85\xe7\xf9\xe8y^\xf0\x87#N\xd6\x7f-\
\xea\xf4\xc7j1\xc8\xf7}\xd0b\xa2)\x0c\x90\x9e\xa7\
\xdcnK\x96\x97\x16\x9bK\xfbv<\xe4\x94*\x7f\x1e\
\xca\x8e\xbf9\x9a\xca\xbf\xb7\x9dl\xfekg\xee\xc7\x93\
\xb0{w\x97\xc6+\xb2sxow\xc3hl\x07\x88\
|\xaf\xd6\xa89rE\x12SJ\x81\x11|\xc5\xd5\x02\
;\x9d)t\xbb\x9dg\xc3\xc4D\xe8\x1c:z\xaaK\
\x0b\x18\xde\x1aM\x8e\xde\xbc\xa1\xa2\xca\xbf\xba\xb4{\xe7\
\xed\xe5\xc9\x07\x7f7\x12\x0e\x0d\x09\xcb\xa6}\xeb\x05.\
WNt\xea\xc5\xb4\xc8\xa7\xd3\xc3M\xd7i6\x87\xd7\
=q^o\xb1ZYC\x92((\x02C4\xc0\xb4\
#\x98]\xbbn\xd0\xab\x97^ZZ\x98\x7fOb\xc9\
\xbc\x11`\xab\xf5\xc4sr\x0f&\xc0\x04\x98\x00\x13`\
\x02L\x80\x09\x9c\x1b\x02\x17\xb7\x18xn\x98\xf3\xaaL\
\x80\x090\x01&\xc0\x04\x98\xc0\xf1\x12\x18\xbd9\x92\xeb\
$\x9fV,.\xbe\xdf\xf7\xdc\xe7f\xd7\x8c$\x00\x0d\
!\xa5B=\x85\xa0O2Z\xbc\xd3\x02\x986]\xa7\
\x0d1h\x06\xddK\x9b\xae;\xd2\x04 \x099B\x98\
@\xda\x11h\x11\xd0u]p\xbc\xae\xce\x93V$e\
\xbbUoU\xa6\x1f\xde\xed\xd5J\xff\xdb\xcc\xaeys\
\xac\x90\xfe\xc3n)\xf3\xf5\xd6\xf2\x8fg\xa1'\x02\x1e\
9\xe59,5\x17/[\x8e\x0f\x8f\xff\xadW)\x16\
\x95\x92\xca \x11\x900\x91\xa0\xe9k\xd1\x0ac\xf1\xb4\
\x09\xb5\xda-Iop\xec\x1c\xbay\x92Ko\xb5\xe2\
C\xd7\x16\x22\x83[\xaf\x87\xe5\xf2kk\xd3?\xfe\x94\
\xbb\xbc\xffm\xe1\xfc\xe0srk7\x8fE\xa21K\
\x08\x81z\x0f\xb5Q\xfe\xe0:\xc4\x02\x82WA\x91\xc8\
\x0b2\xa8WJQ\xdd\xb1\xdf\x0fE/\x8b\xb6\xa0#\
=\xf4;\xa5\x0d@\xf7\xd7F9\x9aP\x08\x08.=\
\x97\x94\x12\x15\x18\x22=<\x96\xb2b\x91\x9f\xab\xcf\xcd\
\xde\x99^\x17~^\xa1\xb0%\x1et\xe2\x07\x13`\x02\
L\x80\x09\x9c\x1f\x04\xd8\x0b&\xc0\x04\x0e\x12X\xf9(\
s\xb0\xcc\x19&\xc0\x04\x98\x00\x13`\x02L\x80\x09\x9c\
\x1f\x04\xb6l\xb13\x86\xd8V\x9c\x9a\xba\xd32\xac\xa7\
\xe5\x87F#\x86\xb0Q)\xd0\x02\x17 \xe2c\xfa\xa9\
E\x1a\xdd\xd8Ou\xfepC\xc4\xe0D\xa1\x16\x8f\x0c\
\x03\xc16-\xb0\x0cC\xd9\x96Pn\xb7\xe9-\xed\xd9\
\xb9\xd0ZX\xf8\xd7Ha\xed\xed\x91\x91\xa1\xf7z\xa5\
\xc8\xd7\x9aK;\xe6\xcf\xd0_\x05>\xdc\xb5\x93\xcc\xdf\
\xe5\x9b\xb6\xf1=0\xec\x87\x9cN\x83\xc2\x96@\x8f\x80\
\x91\x10\x06IU\x16\x80im\x94\xd2{\xde\xc6\x8d\xcf\
\x0b\x9d\xe4\x22gy\xd8\xad\x06$.\xcdE\x06\xfc\x1b\
\x1a\xcb\xe57\xb6\x17~\xf2\x09p\x9a\xaf\x0b\xe77=\
3\xb3\xf6\xf2\xb1X\x22\x15A\xc3\xa6\x97\xa0'\x04\x0a\
R\xe8\xb4!\xd2\xde\xfa\x9e\x02\xe9+\xcf\xf3\x08\x83R\
\x88\xd4\xedq\xbcG|\xfc\xf6c\x0d\x0dDh\xa99\
c\xf0>Zv\x043\xd9\x01+\x9aI\xdfR\x99\xdc\
\xfd\xa1\x8e\x15\xfdE\x18\xbc*\x06|\x9ds\x02\xec\x00\
\x13`\x02L\x80\x090\x01&p$\x01qd\x91K\
L\x80\x090\x01&\xc0\x04\x98\x00\x138\x1f\x08\xdcj\
d\x1a\x91\x1b\xcas\x93\xef\xc4x\xf4I\xb1d\xd2R\
\xbe<\xf8\xb5`Rx\x8e\xe9$\xe2AQ'h\x17\
\x80\xa0M\x1dV-HLT\xca'\xb1\x8cL\xffF\
\x1cM\x86\xa4\xec\x08T^qzr\xbe6\xfb\xd0W\
!\x9a\xb83\x94\x1fzg;V\xfd\xc7\xf6\xcc\xfd\xd3\
\x00\xdb]8\xcf\xaf\xb8\x87\x0b\xf1\xc1\xe1\xbfk\x16\x8b\
u@\xa9\xb40\xa6]\x96$X!\x0a\x8c\xe5\xf2\xa9\
F\xb5\xf8\x0b5\xe8\x8e\xea\xfa\xf3\xd7\xb6Z\xb1\xc2\xf5\
C\xe1\xc1=O\x87\xae\xfb\x96\xf6\xe2\xee\x0f\x83\xe7\xbe\
,>\xb4\xe5\xba\xf4\xf8\xbaB$\x96\xb0)6\x01\x10\
\x88\x80\x18\xc4GB  \x89\x80\x0a\x95\xd3\xee\xfa\xcd\
F\xb5\xbd8=5\xdf\xa8\xd5\xca\x9e\xebJD<\x22\
\x5c\xc4^\x19\xe9]\xd0\xa6\x94\xa4v*\x80N\xb5Q\
\xf1\x987-\x0b\xdaz\x8dzYm\xa8\x04\xf4\xe6\x01\
\xb4\xc313=<\xb6\xa9>\xbb\xff\xed1a\xbc\x22\
6q\xfdP\xaf7?\x99\x00\x13`\x02L\x80\x090\
\x01&p~\x10\x10\xe7\x87\x1b\xec\x05\x13`\x02L\xe0\
t\x11\xe0y\x98\x00\x13X\x0d\x04b\x03\x0f\xe5k\xd5\
\xca\xefC\xc8\xbc.\x91\xccYfp\x02\x0c\xc1\xf3<\
\xd0\xe2\xcfc\xc5\xa8\x94\x16t\x1e\xab\xb5W/{:\
\x10X\x96\x05\x06\x89BRy\xaa\xb4<\xdf^\xdc\xf3\
\xc0\x03\x00\xd6gc\x03[\xde\x0a\xe9\xcc\xff\xea.\xdf\
\xf7\x08\xec\xdf\xdf\xe9\x8d:\xff\x9f\xd3\xd3\xf7t\xc2!\
\xf8*\xf8\xde\x1e\xdf\xe9\x92,\xa6@\x91\x0a\x8ah\x90\
\xc4\xa5 \x14\x8d\x09\x82w\xad\xebwn\xa6hV(\
P\xee\xfc\xb9\x05d\xd6\xa7\xac\x9cwm\xb3\xba\xf4\xfa\
\xce\xc2\xae\x8f\x82t\x7f'1t\xe9\x0d\x99\xb5\xebr\
\xa6\x1d1\x15\x18\xa0C\x22}\x93bS@\xa2`\xb0\
\x8f\xa0|\xa5\xbc\xae\xacV\x96:\xe5\xe9\x1d\x93\xed\xe5\
\xc9\x7fJf\xf2\x1fV\x0a\xfe\xb9\x5c.u\xa4\xf4\x83\
(\x15U j\xd1\xf0\xc8\xf7D\xd7k\x0b:=\xee\
CR\xab6J\x8e\xba}_\x11^\x09\xa6i!\xf9\
*2k7\xadk.\xcf\xbf\xc3\xef\xb8\xafL\x8d?\
%sTw.2\x01&\xc0\x04\x98\x00\x13`\x02L\
\xe0\x9c\x11\x10\xe7l\xe5\xd3\xbd0\xcf\xc7\x04\x98\x00\x13\
`\x02L\x80\x09\xac\x12\x02[la\x86n\xf6\xab\xcb\
7G#I\x0b\x15\x22j\xfd\xc5\x97@\xb9\xc0z\x81\
\xd2\xc7\x18A\x9a\x96\xb6^\x05=\xb5\xc8\xa3H(\x92\
+y\x08\xfa#Uk\xb1\xc7\xf7\xfd@\xb0\x81\xe0\xa2\
\x1a\xe9u\x97\xf7<\xb2\xdf)-\xfeuf\xed\x96w\
&\x0a\x83_h.\xfe\xe8A\x98\xdd\xde\xa2.4\x8a\
\x9e\x17\xce\xad\xec\xae:\x10\x1d\x18\xfaJ\xadZnS\
t`\x18$\x9e\x91\x00&I=\xa3<\xc6\x92\xa9X\
yi\xe9\x85$N\xa5\xcf\xa3\xb0\x04\xa4\xafI[\xb9\
k\xb6B\x1b_\xe3\x16\x1f\xfe\x08\xb8\xdd\x97\xc6\x876\
_\x91\x1f\x1dMY\xe1\x90A\xa2\x9f\xa0x\xd0\xf7<\
\x94\x9e\x02\x9f\xe2\xa1\x8dU\x80\x86\xf2<\xcfo\xd5\xaa\
\xad\xe5\xfd\xbb\x1erK\xd5\xbf\x00\xbb\xf0\x06\x08\x17\xde\
RkV\xff\xca\xed\xb4\xefW\xcdZ[z\xc1\xd7\x85\
\x83\x905\x0b\x9a+\xc8\xf7S\x00\x04Dz\x9f\x82S\
\x7f\x02\x10\x11z\x97\xa0D\x1b%\x8fs#\xbd`\xda\
\xb4 \xa8M\x81\xa0\x1aC\xa4\x86\xc63\x9d\x85\xb9W\
\xb4\xdb\xe5\xb7\xa4'n\x9ax\x9c)\xb8\x89\x090\x01\
&\xc0\x04N\x84\x00\xf7e\x02L\xe0\x94\x08<\xf1\xa7\
\x9bS\x9a\x9e\x073\x01&\xc0\x04\x98\x00\x13`\x02L\
\xe0\xc4\x08\xc4\x07\xd3iP\xf2g \x94\x18\xb0\xcc0\
\x22\x1a\x80d$f\x816=\x1bU\xea\xe4\xa0\xe9\xf2\
\xd1\xd6o\xd4\x82\x8f6]&Q\x09\x04\xe94\xbet\
d\xa9\xb8\xd8\x5c\xde\xf7\xc3\x1f\x82\x15\xfa\x18d\xd3\xef\
.O~\xf7?\xea3\xdf/R?IvA\xde\xb3\
$b*\xf0\xfe\x11\x9a\xf5Y\xd7\xebR\xd8Z\xfc\xf4\
(f\xfa\xc8\x87\x06Db)\x84\xc6\xf2\xf5\x9dv\xeb\
F\x0a\x90*\xe9y.\xef\x89\x89px\xe0\xca\x09\x90\
\xceo\xb8\xc5\xfd\x9f\x04\xb7\xfd\xba\xd4\xc8\x96'\xe7&\
6\xe4B\x91\x98\x09\xc2\x00\x12\xefP\x8b\xb8z\x7f\x0d\
\x127M\xd3\x04C\xe8\x03\x82R\xb5\xeae\xa78\xb9\
g\xae]\x9c\xfbWH\xe4\xde\x09\xf1\xdc\xed\xe0\xec\xfe\
g\xe8\xec\x9b\x84\xc6\x9ee0\xad]\xe0\xb7\x9a\x00\x12\
\xf4\x1f\x88\xe9\xcf\x03+\x97R\x12\xb4\x01\xa8\xa0F\x91\
p\xaaM\x17\xf4z:}\xb4\xf5\xfa\x1e]\xaf\xfb\x07\
\xbe\x91\x8f\xbe\xaf@\xe7\xedP\x143k'\x06\x9dz\
\xe5\xf7+\xcb\x8b\xaf\xd3\xbf\x81x\xf48.\x9f\x18\x01\
\xee\xcd\x04\x98\x00\x13`\x02L\x80\x09\x9c:\x01q\xea\
S\xf0\x0cL\x80\x090\x01&\xc0\x04\x98\x00\x138}\
\x04ba3\xe69\xee\xe5\x91x\xc6\x22!\x08\x10\x11\
\x94\xfe\xa1?R\x80\x84\x10\xa0M\xaf\xa6Ob!\xe9\
2\xdat\xb9g\xfaD\x17\xd2\x18\x11\x98\xae\xd3s\x80\
\xc0\x95qJyN\xd7+\xed\xdb5\xd9]^\xf8\xdf\
\xe1\xa1\xcb\xdf\x09\x89\xd0\xff\x07\xa5=\xd3\x00\xe0\x93]\
\xf0w\xbb%w\x83\x15\xfbZ\xb5\xbc\xec\x22\x82\x12\xa6\
\x11\xfc\x9e\x9d\x94\x04K\x08\xc4\xcc\xc0`\xb74\xffK\
\x90\xd8\x9c=G\xc1\x22\x0c^\x15K\x0co\xbd4\xdc\
\xce\xfcjgq\xf1\xa3P\x9b{ctplka\
|]&\x1c\x8d\x1b!\xd3\x12\xb4\xe5(%h\x03_\
y L\x04\x12\x03)\x08)\xdb\xcdf\xbb\xb8o\xc7\
\x9e\xf6\xd2\xe4\xdfZ\x99\xdc;B\xa9\xa1\xb7A\xdd\xf9\
\x0a4\xee_\x048\xb8\x8f\xd26\xcd)*\x96\xb4\xc0\
\xa7\xdf\x1b\xb5\x22\xfe!\x22x\x9e\xab\xba\x9d\x96[.\
-w|\xe9J]\xd6\xef\x14\xadA\x02!\x92\x08\x09\
\xf4\x0e!\xf4.\xd1K\x82g\xbf.(\x1c\xf1\x10\xd4\
M\x9bi  \xb5\x10mz\xf5,\x1c\x18[\x17\x05\
\xa7\xf3k\x00\xf2\x0f\x13\xebn\xb9\x84\x9a\xf8f\x02L\
\x80\x090\x01&\xc0\x04\x98\xc09#@\x1fY\xce\xd9\
\xda\xbc0\x13`\x02L\xe0\x09\x08p3\x13`\x02\x17\
#\x01\x0fE\x08\x95L\xa1i\xa2\x12\x08\xfa\x84\x95R\
\x0a\xf4\xa9.\xcd\xa3'\xea\x90&\xa4\x0bO`\x88\x18\
\x88\x80\x88\xa8O\x86)\xa7\xdb\xf5\xab\xb5\xda\xa4\xc8\x8c\
}94\xb0\xf6C\x9dy\xe7;P\xda]\x03\x80\xe3\
\x9b\x90:\x9e\xf7w\xfd\xcaJ87\xf4\x7f\xa0^\x9e\
\xf5\xdd.\x80\xd4\xa1\x090\x84\x05J\x22\xa4\x93\xd9\x10\
\x80\xf7\x5c3\x1c\xbe\xec\xac\xc7\xb2qc(\x92\xbbz\
8\xac\xcc\x17\xd7\x97\x17>\xd2Y\x98~Ot`\xe0\
\x05\xd9\x89\xcbF#\xd1d\xc8\x93\x0a]\xd7\xc3\xb6\xd3\
%\x15\x13A\x92\x1ah\xdb\xa62P(\xe5K\xe9:\
M\xaf4\xb9o\xae\xb3\xbc\xf7? \x9c\xbb\x03\x22\x85\
7\xbbE\xeb\x7fw\xab\x0f\xee\x01x\xf4\xef;:\x1d\
\xa7\x08`,8\xdd\xb6\xa2+\x98O\xc7\xac\xe7\xedt\
:\x90\xcd\xe5\x0f\xa4s\x03\xffX\x9a\x9c\x9a\xf1\x9c\x96\
\xa4w\x8c\xbai^\xba\x17\x1c|\xe7z\xa5C\x1f\x9b\
\x11\xb1Wu\xd4\x93\x06\x836\xc4^\xbb^G\x08\x13\
$\xbd\xc8\x99\xe1\xb1,\x0a\xef7\xeb\x8b\xf3o\xcd\x8e\
\xdc\xa8\xff\x88K\xaf\xd3Qsp\x91\x090\x01&\xc0\
\x04\x98\x00\x13`\x02g\x9a\xc0\xa1O5gz\xa5\x13\
\x99\x9f\xfb2\x01&\xc0\x04\x98\x00\x13`\x02\x17-\x01\
e\xfa\xc2\xf5}4\x84\xc0@\xf8[!\x81\xd8\xd3N\
\xb4\xd8\xb2Ru\x5c\x09\x22\x82\x00\x04D\x04\xcf\xf3\x9d\
\xb1\xb5\x1b&'\xd6m\x98\xccf\x93\xe9\xdch\xaa0\
8xU\x0c\xb6n\xb5\x00\x00aU\x5cw\xf9\xe1p\
\xec>\x12\xcb\xfe\xb3V\xad\x90\x1a\xd8\x0bJ)\x04D\
\x04!\x0c\xb0R\xd9\x9c\xd7h\xbc\xa8P\xd8\x12\x07 \
<\x87\x0c\xa9|\xfa\xef\xd1\x9b#\xa9\xc1\x1b\xd6\xc5\x9a\
\xe9_l\x97\x97?\xd1Y\xdc\xff\x9eP2\xf9\xac\xc2\
\xba\x8dkb\x89\xb4e\x18\x86\x90R\x81$\xf1O\x9b\
\xe7\xb9\xe0x\x0eH\xf0\x95\x94Jy\x8e\xe3\x94'w\
M\xd5g\x1f\xfa\x17\x08\x85\xee\x08%\xc7\xde\x04\xd9\xe4\
\xdfC\xfb\xe1\x99\xc7\xfdK\xcfv\xa7\x05\x22<\xe5\xba\
\x8eO\x023\xa9{\x0a\xa4\xeb\x07\xf1\x99\x02`rr\
o\xc5\x0a\xdb\x1f\xc9\xac\xdd\xf0\xf6\xda\xec\xe4WK\xcb\
K\x15\xcfs\x94\x04\x1f\x14\xca\x80\x97~\xdft\x1e\x84\
\x16\x09i\x10\xe1\xd2,\xe1\xb04\x980x\xf4\xdb}\
\x1a\xab\xfb\x03\xbds\x1e\xd0\xf2 \x0c\x1b\xf3\xf9\x11\x0b\
|\xf7\xc5\xa5\xf2\xc2\xfb\xed\xa1k\xb5\x18\x8b\xc10~\
0\x01&\xc0\x04.f\x02\x1c;\x13`\x02g\x9d\x80\
\xfe\xc4r\xd6\x17\xe5\x05\x99\x00\x13`\x02L\x80\x090\
\x01&\xf0X\x04L\xf0\xbb\x88\xa2%\xa5G:\x8c:\
\xe2\xa4\x15bO;A\xec\xa5\x8f5\xc7\xe1\xf54I\
P\xd4'\x0c\xa3\xb1\x98=;=y\xed\xde\xfb\xbf\xff\
\xce\xb9\xc9}\x1f.V\x96o_\xe8\xba\xbfcLv\
\x9f\x13+\x5csu8}\xedZHl\xcdC\xfe\x92\
\x04LL\x84\x01\xb6\x994\xf8\xf8\x17\xa3\xce\xe7\xc3]\
\xd9\x7fw%\xbbf\xf4.\xbfVY\xf2\x9cn\xa0J\
)E\x02\x159g\x18\x06F\xe3\x09\x13\xda\xed\xe7T\
E\xe4\xe7\xcc\xc2\x95O1\xd3W>52p\xcdM\
Vz\xcb\xd5\xe1\xa1k& ue\x06\xb6l\xb1\xa9\
\xfb\xa9\xdd4G4\xbfu\x8d\xed\xb6~\xaeZ\x9c\xfd\
xsn\xdf\x07\xect\xfa\x85\xb9u\x97M\xa42\x03\
\x11\xc3\x0a\x09Z\x00\x15yhY\x16h#\xff\x14\xed\
\x15I\x97Rv;-\xaf4\xb5w\xb91\xbf\xef\x9b\
`\xa5?\x08\xa9\x0d\xb7A\xc7\xf8\x8bnm\xc7\xee\x95\
?\xf2B\xc3\x1f\xe7\xae\xca\x0e\x84\x12\xbb\xba\xf5F\x97\
\xde\x03Z\xa5\xd7\x17\x11\xc1\xb6m\x84Z\xb9P+V\
\xf2ec\xee.\x88\x14~\x1b\x1a\xe5\xbf,\xed\x7fd\
\xa9\xd5\xac\xf9\xa4L\xd2\x10\x1f\xc8\x9f\xe0\x1d\x94$T\
\xf6F\x1fz\x0a!\x82\x02u\x0c\xd2\xfeC\xd7\xf7\xeb\
(\x160\x0d\x03\x10\xc8\x0c\x03\xb3C\xa3I\xc32~\
\xc9\xa9\x94\xdf\x92\x19\xde:\x06@Mpq^\x1c5\
\x13`\x02L\x80\x090\x01&pn\x08\xf4>\xc1\x9c\
\x9b\xb5yU&\xc0\x04\x98\x00\x13`\x02L\xe0\xe2#\
\xf0\x84\x11+\xcfn\x0a\xd3\xdc\xd3i\xb7\x5c\x13E\xa0\
\x94(\x92\x86\x00\xc4\xa3\xc6\xeajm\x8fj8\xaaB\
\x02\x89\x8a\x08 H\x95I\xa53\x99\xe4\xc0\xd0&+\
\x1cy\x0ax\xce/Ce\xfe\xf5\xfe\xf2\x9e\xf75\x97\
\x1e\xfad\xa7\xb2\xf7\x93P\x9f}?\xd4\xe4k\x8dJ\
\xf2\x97B\xd9\xf23\xa3\xf9k\xb7\x86\x0a\xd7l\xd2\xa2\
\x16d7&\x016\x86h\xfaG;C\x95\xe7\xd3m\
\x09\xf7>\xb0\xa3w\xd7k\xe5.*O\x19B\x80\x16\
\xa8\xb4Yf\x08\xa2k\x8669\x0b\xd3\x7f\xe8-M\
\x7f\xd1\xabL}\xbe\xbd\xb8\xff\x0bne\xfa\x7fv\xe6\
\xa7\xff\x0c\xdc\xf6G\xc3\xa5\xc8K\xf4\xef\xfa\xe9\xdf\xf7\
;\xe1\xb86n\x0c\x85\x87\xb7\x8e\xc7K\xd4a:\xa8\
\x00\x00\x10\x00IDAT\x91\x17\xb6\xaa\xcb\x1fq\x16\
&\xef4\xe3\xb1gg\xc77\x0d'Ri\x0bQ\x08\
\xe9\xfb\xe0y>\xf9\x04\xa0P\xefO\xa0\xd5)\x14\xa8\
H\xc0t\xabS\x93\x8b\xdd\xc5=_\x07\xcb\xfe\x80\x9d\
\x19~#\xa4\xcc\xbf\x82\xea\x83{\x01v\x1f<\xed\xf8\
\xc4~M;\xa6\x15\xfa\x09\xb8\x9d:\x22\x82\x8e\xbdg\
R\x9f\xfd\x030\xacX\xb7\xebl\x81\xdd)\xa9O\x19\
\xc6\x07\xd7\xdc\x09\xf1\xf4{\xda\xf3\x8f<\xe8{\x8e\xaf\
\x87\xf8\xbe\x0b\xa8\x04\x08\x12\xf3\xf4X-\xf4\x81n\xa0\
\xc5u\x19\x11\xa9\x88T:t\xab\xe0\xa5\x14 \x94\xa4\
J\x09\x84\x1e\x10$HOQ\x19\xb1P\x18\xb1\xc1\x14\
/,7\x1bw$G\x9f\xb6\x91*\xf9f\x02L\x80\
\x090\x01&\xc0\x04\x98\xc0Y# \xce\xdaJ\xbc\x10\
\x13`\x02\x179\x01\x0e\x9f\x090\x01&p|\x04B\
^\xb7\x1a\x0a\xc7\xfe\xd3\xaf\x95k>\xa9'Zp\xd1\
#u\x8ax\xa4\xe8\xa2\xeb\x1f\xcf\xf4\x98\xa0]*-\
\x04!(\x81\x80\x06\x1aV\xc8H\xa4\xb2Vvx,\
\x99Y\xb7e45v\xcd\x15\xd1\xa1+o\x89\x0c\xac\
{>\xc4b\xbf\x06^\xf3\xf5~\xe5\xc0{\xbb\xa5\xbd\
\x1fm-\xef\xfdhwi\xfa\xfd\xad\xfa\xf2m\xc23\
\x7f\xc3\xc8\x84\x7fZ\x9f\xa0\x83\xcc\x96qH\x5c\x9a\x83\
\xe1\xadQ\x80\xf3\xef\x04\xe1\xc2\x9e\xef,\x9b\xf1\xf4_\
z\xd5\xe5\x05\xcf\xf3 \x10\xb5\x10\x09\x87\x004\x0c\x0c\
G\xa2vvb\xe3Xvb\xcb%\x85\x0d\xd7^:\
\xb0\xf1\xda+\x0a\x1b\xae\xb9&\xb3v\xd3SC\x11\xeb\
\xd7:\xf3\x93\x1f\xac/\xce\x7f<\x86\xe2\xd6\xc8\xf0\x15\
c\x00\xc1W\xa9\xe1q\xaf\x95\x93\x80\xd1z\xf2\xd9\x9d\
\x85\xb9\x0f4\xe6\x1f\xf9C#\x12\xf9\x85\xdc\xda\xcb6\
$\xd3\xf9(\x08C\x00 \xeaSvzo\x10\x11\x0c\
\xc3 \xb1\x8d\xb6\x87\xf6\xba\xd3\xaay\xcb\xfb\x1eY\xaa\
\xcf\xed\xfd&$\xd2\x1f\xb1\x876\xbe\x11\xd2\xc9/;\
\xe5\x07\x1f\x80\xe5]u \xdd\x90\xecDn_X\xe1\
I\x1aV\xf2<W\xe9\x854\x0b\xbd\xa66\x8cF\xa3\
^\xa7\xbe\x05\xb2\xd5\x88\x9e\xb4\xb1p\xff\x224\x1e\xfe\
\xa2\x91Y\xff\x8e\xca\x81]\xf7\x15\x17\xe7\xba }\xe5\
\xba]\xe5\x93x\xa9\xfd\xf6\x0f;!\xa8h\x90R\xfa\
\x09 \xb4\xe2G\xe5\xc3o%\xf0\xf0\x22E\x8e\xd4\xcf\
$Y\x10qdd,I\x22\xe5/\xd5J\xd3\xaf'\
\xc1y\x18\x00\x8e\xec\x0c|1\x01&\xc0\x04\x98\x00\x13\
`\x02L\xe0\xcc\x10\xa0\x0fdgf\xe2\x83\xb3r\x86\
\x090\x01&\xc0\x04\x98\x00\x13`\x02'@`z\xfa\
\x9e6\xa0\xf8:\x80\xf7\x10\x80TZdAT\xa0\x0d\
@P\x8a\xa4\x1ciqOjm'\xb0\xc3\xa7\xef\x8b\
3:\x15\xeaP\x0bMA\xba\x8e\x0f48\x98\x03\xe9\
\xd2\xb3\x19(\xd0\xb2L\x11\x89\x84\x8dD2e\xe5\x06\
\x06#\xd9\xf1u\xe9\xec\xba-#\xe9\xf1+/\x0b\x0f\
\xae\xbf\x19\xd3\xf9\x17\x80'_*k\x8bo\xf1\xcbS\
\x1fv+\xd3\x9f\x83\xf2\xec\xa7\xa1^\xbb\x03\x8a\xb5\x97\
\x1b\x89\xf9\xe7\x92@x\x0dD6\x8f@fkj\xe5\
\xf4\xa0A\xab#\xd9\xb9\xbaU(\x1a\x9e\x83P\xaaD\
B\x16\x91\x10\xa0\xc5,\xcdE\xf9\x9a\x1dj!\x0eI\
\x14C\xcfs\xd0\xf7]2\xa5\xa9\x88x2ge'\
6\x0fD\xb2\xb9g6\xe7\xa7\xdf\xd5\xaew\xefH\x8d\
[O\xcf\xe7oI\xc01\xaf\xadV\xac\xb0e(V\
\x0e?\xb3U_zoka\xf7\x1f\x1a\xf1\xf8\x8b2\
#\x9b'2\xd9lH\x1f\xf7\xd3\x1a\x9a\xe7I\x12%\
\x15(\x04@C\xd0V\xa0\x16\xd9\x94\xdbm{\xcb{\
\x1eYh\xcc\xef\xba\x1b\xac\xf0\x87\xac\xf4\xf0m`z\
\x7f\xe2\xcc\xdf\xf7\x10,\xdc\xdf\x04\xda5\xb2\x93\xba-\
\xc3,\x03\x84\xa6=\xb7\xe3#\xea\x85i}\xa5\x02\x16\
\x91H\xd4\x02\xa7}Y\xd8\x8f\xe4\x0f\x9b\xdc\xf7\xcb\x9d\
\xafF\x06\xd6\xbfF5*_Y^\x9ck\x1a\xf4\xca\
\x01Ix\x86i\x02\x22\x15h<\x22\xf6\xf2\xc1@A\
\xf3\x01h\xb6A\x91\xfa\x02\xd9\xa12\x04}a\xe5\xa2\
\xfd\x00B\x81\xf9\x81\x91\x08t;\xbf\xe4z\x9d\xdb\xb2\
\xc3\xd7\xeb?*\xb2\xd2\x83\x13&\xc0\x04\x98\xc0\x05J\
\x80\xddf\x02L\xe0\x82  .\x08/\xd9I&\xc0\
\x04\x98\x00\x13`\x02L\xe0\xa2\x22PMT\x0eD\x87\
\xd6\xffMm~\xb6\x0a\xd2%!\xab\x17~O\x5cy\
\xec\x8f/\xbd\xf6^\xdf\xfe\x13\xe5\xc1\xe1$\xc8(\xd0\
\x07\xb8H\x00\xa3T\xf4\x0d\x85\x10$\x08Z\xa8/\xcb\
\xb2\xd1\xb6ma\x1a\xa6Ay3\x91H[\xb9\xdcP\
$\xb7v}\xba\xb0\xf1\xea\x91\xdc\xbak.I\x8e^\
v}x`\xe2y\x98\x88\xbf\x14\x9c\xe6;\xfc\xfa\xec\
\xc7\xdd\xca\xbe\xcf@{\xe1\x13P_x\x1b$\x8c_\
5sW>\xc3\x1e\xbc\xf2\x0a\xfdu\xd9\xc4\xf0\xd6|\
\xef\xeb\xb6\xc1\xe9:\x1d\x00\xf6\xfd;Sid\xe4\xc6\
\x91\xe6\xd2\xd2o\x89\x905a\xda\xb6\x0eM\x8b\x7f\xc1\
rT\x08\xf2:\xd5\xcc(\xde\xa0\xac\xb9 \x1a \x15\
\xa20l\x11\x8bg\xec\xec\xc4\xe6\x09P\xfeK\xaaS\
;\xeel\x85;\xbf\x94\x1c\xbd9\x1bL\x12<n5\
\x12#7\xe4\xc2y\xf9\xe4f\xa3\xfd\xce\xe6\xdc\x9e\x8f\
\x80i\xbc$?q\xc5e\x85\xfc\x9a\xa8\x1d\x8a\x92\x8e\
&h\x19D=\xb7Ib\x9a\x10@\xd3I%=O\
9\x9d\x86\xb7|`r\xa9:3\xf5-\x08E>d\
g\xd7\xbf\x1e\xd2\xc9/\xb9\x95\x1d\xf7Ayo\x95\x96\
\x90d\xa7t7M\xaf\x0e\x91\xd8C\xadF\xc3\xd5\x82\
\xb2\x8eWOh\x08\x0b,+$\xc0\xc0\xf5\x9e\x05c\
\xba\xee\x90\xed\xee\xb6\x17\xef\xfdn(?\xf2V\x00\xfc\
\xf3\xd2\xd4\xc3\xf3 }\xdf\xf5\xbaD\x06\x01\x81b\xd0\
\xea&\xa5\x14\x1c={w?\xdfO\x15u\xd4\xa6[\
\xf5\xba\xfdzA\x10\xa4\xa4\xf7R!\x16\xc6\xd7f\xdc\
f\xe5\xa5\x1d\xb7\xfd\x8a\xe0=\xd1\x9d/@c\x97\x99\
\x00\x13`\x02L\x80\x090\x81\x0b\x87\x00}\x1c\xbbp\
\x9ceO\x99\x00\x13`\x02L\x80\x090\x81\xf3\x8a\xc0\
\x99sf\xc7\x0e\xa7\xe5x\xff\x00\x12\xfe\xa1T\x5c\xaa\
\x93\xa2\xb4rB\xb0w*K\x8b)\x88\xe2\xb0\x93X\
+\xae\x08j\xd7\x02\x8c\x22\xa1\x85\xaa$\xe5\xb5Q6\
\xb8\x05U\xa3\x16a\x82\x12\x80$A\xa7o\xfa\xb4\x96\
6\xd7u\xc1\xf1\x5c\xd0\xe2\x956%%\x1aB\x90\x01\
\xd2tH\x82\x16\x86\xc3a\x11\x8f'\xcc\xdc\xc0`4\
\xbfn}\xbe\xb0\xf1\xca\xf5\x99\xb5W\xdd\x10\x1fZ\xff\
\xb3\x10\x0a\xbd\x02\xea\xe5w{\xc5\xa9\x8f;\x0b\xd3\x9f\
\xeb,\x16?Qot\xde\x11\x92\xc6\xcb\xa2\x83\xf8\xfc\
\xe4\xe8M\xd7'\x86\xaf\xdb\x1c\x1b\xb8q\x10\xf2\x97$\
V\xbe~{Z?\x93\xc5\xd6\xdd8\xd8^^|\x1d\
t\x9b\xbf\x9e\xcb\x0d\xa4\x840\x00(x-H\xe9\xd0\
u\xaa\xe3\xd6\xf1\xea\xb2\xaf$x\xd2'\xdc>\x98\xb6\
Az\x9e\x01\x147\xf8\x14\xbbB\xc4LaM8<\
\xb8nkkz\xf7\x1b\x1b\xad\xe6\xaf\xeb\xaf\xb5\xc6\x87\
\xae-$\xc6\xa7nn6Zo\xec,\x1f\xf8((\
\xf8\xb5\xe4\xc8\xc6K\x0b\x03\xc3QO*t\xa5\x8f\xbe\
\xaf\x02\xc6\x9e\xe7\x05s+\xe5\xd3\xd2Jy\xbe\xe3\x95\
\xe6\x0f,\xd7fw}\x03\x84\xf1a\xab0\xf2\x06H\
D\xfe\xc4)\xed8\xe5\x93\x80:\x9e#lv}7\
\x14\x8b\xed\x84n\xab+\x04a&\xd3\xb1kS\xa8\xb9\
\x98)\x04\xb9\x99\xc6P#=\x0f\xdd\xb2\xbb|\xff\xc3\
\xb1X\xeeN3;\xfcq\x12\x04w\xf9\x8e\xe3I\xdf\
\xa7\x1e\x12h\x1a\x00\xfd\x9e\x91i\x91\x11(B\x0a\x8e\
\xda\x80\xaaU\x90\x0a\xc0\x95\x93\xab\x82\xca\xda$\xf4\xfa\
\x02h\xf6>P\xbba\xe3\xd0\xda\x0d\xa9V\xb5\xf42\
\xdb\xb6_\x9e<Bl\xa5a|3\x01&\xc0\x04\x98\
\x00\x13`\x02L\xe04\x13\xd0\x9fJN\xf3\x94<\x1d\
\x13`\x02\xab\x9f\x00G\xc8\x04\x98\x00\x138\x0b\x04J\
\xf7\xcf\x84\x0aC\x1f\xf0k\xb5\xaf.-\xcd;\xa8$\
i-$XI\x19\x08L\xda\x03\xd2\xa9tr\xfc\xa6\
\xbf+\xacme\x84\x1eo\x18\x06\x09;\x81\xb0H\x0a\
\x8eR\xa6i\x04\x7f\xcf\xa2\xddn\x83\xe3t\x00\xa5\x0f\
\xae\xdb\x85@<\xf2|\xe8v\xbbH\xe2\x16\x92\xb0\x84\
\xa6a\xd2\x14\x82d6\xc3\xb0B\x113\x96\xc8\x84\x86\
F&R\x83\x9b\xb6\x8c\x0dn\xba\xe6\xf2\xc2\xc4\xe57\
\xc7\xb2\xb9\x9f\x01\xdf\xfd\xednq\xe1m\xad\x85\xbd\x1f\
\xaaM?\xf4\xc9\xfa\xec\x9e\x8f7\x8b3\xef\x13\xbe\xf9\
\xaa\xc8\x1a\xf53\x91\xd1\xad\xd7\x87F\x9f\xb41\xbav\
\xeb\x9a\xf4\xc45i\x98\xd8\x16\x06\x00Av\xc2\xb7>\
]\xd6\xae\xb6~\x17\xba\x8d_)\xac\xdb\x94\xd5\xc1i\
_\x09^0\x17\xe5\x01\x91D02\x14&(a\x81\
T\x06\xa0\xb0I\xcf\x13\xe0:\xc4X)@D0\x89\
\x0d\x82\x01\x86\xb00\x1eK\x9a\xa9\x91\x8d\x1bei\xea\
\xb5\xa1X\xe4\xad\x0a\xe1\x9d\xf5\xa9]\x1f\x93\x9d\xda\xab\
R#\xeb\xae\x1dX3\x9a\x0cG\xe2\xa6OCi-\
\x12\x02}\xd0\x97\xb0L0\x0c\xa1\x94t\xa5\xfe:p\
yz\xffrcf\xf7\xb7\xc0\x8a~\xc4\x1e\x98x\x03\
\xa4\x13_p\x97\xee\xbdo\xe57\x01\xa5\x1esz\xed\
.i\x85\xed\x9d \xdd\x9a\xebv\x95\x9e[\x08\xa1\x13\
\x8aQ \xed\x9b\xedv:\x97\x93(k\x04\x95G>\
Ts\xe9\x07\xf3\x9e!\xbf\x18J\x0f\xbd\xad>\xbb\xe3\
\xfb\x95\xe2B\xd7w\x1d\x12\xa7\x91z\xca\x83\xc2\x1f\x22\
\x02\x22R]\xefF<\x94\xef\xd5\xc0\xc1\xbe\xba\x8c\xd8\
o'_\x84\x85\xb95#C\xc5\x03{~\xcf6\xe1\
\xd6\xc1\xc1\xabb\xba\x0f\x1b\x13`\x02L\x80\x090\x01\
&\xc0\x04\xce\x04\x01\xfa\xf4q\x02\xd3rW&\xc0\x04\
\x98\x00\x13`\x02L\x80\x09\x00\x89T\xa37G\xf4\xc9\
\xb0\xd4\xc0u\xebI|\xba45x\xc3:\xfdu\xd1\
S\x11\xb1\x8e\x01Vu\x97\xee\xdd\x93_;\xf1~\xbf\
Z\xffF\xbd^q,C\x90\xb0\x84 H\xc4\xd2n\
\xc0\xca\xa5H\xbc\xd2F\xaa\x16` \xf7\xac4\x1c\x95\
H@\xd0\xd6\xafF\xc4@\xa0QJ\x82K\x02O\xbd\
Z\x92\xb5J\xd9w\xbb\x1d\xa5\x05\xac\xa0Y\xa0BD\
\xa5/\xa0\xf5-\xcb\xa2\xf5Epz\xb0\xd3\xe9\x00\x09\
\x83\x81\xe9\x93^\x9e\xe7`\xa7\xd3B\xc7qH0\xf4\
\x85\x12(\x22\xf1\xa8\x95\x1b\x1a\x88g'\xd6\x0df\xd7\
m\xd9\x18\x1f\xde|]\xb80\xfa,\x08\xdb/\x91\xe5\
\xe2m\xed\xb9\xc9\x8f\xb4\xa7\xf7\x7f\xb6;=\xfb\xe9V\
\xb1\xf1\xdeV\xdbxU\xdc\xef\xbc09z\xd3\xf5\xe1\
\xa1\x9b&2\xfa7\x08\xb7l\xb1\xc9gA\xf6\x04\xf7\
\x16\xbb\xeb\xcb\x9f\x96\xa5\xe9\xdf\x18X\xbfiP;\x8e\
h\x00\xe9\xa7\xc4E\x00\x92\x08F\x92*\x89~\x00\x0a\
\x05t\xa5\x80\x0eY\xdb3\xa0\xed#x\xd2 \xacF\
\xc0\x04\x88\x94R>\x09\x82\x08\xd2wu\x1d\x1aV\xc8\
H\xaf\xdd<\xde\xa8W_\xdai\xb7^\x96\x1a\xdd\xf8\
\xa4\xc2\xf0X\xca\x0a\x85\x85O3\xfa$$\xd2\x04`\
\x18\x06\x08\xd3\x00\x8f\xb8\xfa\xbe\xaf<\xa7\xebW\x16f\
*\x8d\xf9]\xdf\x03\xb4>i\x15&\xde\x08!\xf8\x82\
\xb3\xf8\xe0\x83\xa7\xfa\x9b\x80O\x00D7+\x03\xadi\
Zw\x89|\x01\xd3\xa4\xfd\xd3\xb5\x04\x85\xf6\x14,\xdb\
\x12\xe0\xb46\x15\x0a\xed\x90\xae>\xa6-\xedht\x87\
\xe1+\xf1\xd1\xab\xde\xe9UK\xff\xddm\xd6\xdb\x06\xbd\
\x13B\x08\x8a\x15\x89\x0d\xd20\x01\xfa\xf4e` \x82\
:\xa50\xa8\xa7\xae\x94J\xb2\xde\xad\xab\xb5iNZ\
d\xd6~\x81\xb0152\xb6fyz\xefk[\x86\
\xf5\xd3\x00\xc1\x9e\xf7\x06\xf0\x93\x090\x01&p.\x08\
\xf0\x9aL\x80\x09\xacZ\x02\xf4\xa9e\xd5\xc6\xc6\x811\
\x01&\xc0\x04\x98\x00\x13`\x02\xa7\x95\xc0\xadF4\xbf\
uMx\xf0\xdag\x88Z\xe5\x8d\xadV\xf3\xb3\xd5\xc6\
\xf2_\xd4+\xc5\xbf\xaa\xd6\xe6\xff\xb2Q-}1\x5c\
/\xbf.1|\xdd\xcd\xf1\xa1k\x0b\x00\xb7\x1a\xa7a\
y\xb9<\xf9\xdd{\x93c\xa3\xefh-\xce\xdf])\
/wm\xd3P@B\x95\x94^\xf0UK\xbd\x06\xa2\
\x16]\x80\x04\x18j\xd2\x15\xc7iZ\x0c\xd2\xa6\xc5\x18\
\xcb6\xe5\xd6\xebn\xda\x13\x89'\xbfV+.\x7f\xab\
\xb8o\xd7\x03\xc5};&\x97\xf7\xef^..\xcf7\
\xba\x9d\xa6\xe3:mOz]\xe9\xba.Ih\xa0,\
\xcb\x0a,l\xf7t$D\x04\xdb\xb6\x81\xea\x03\x0fh\
\xde@\x18\xd4\xe2\xa0\xebz\xc2#\xb5-\x1c\x8e\x9a\xf1\
D\xda\xce\x16\xd6D\xf3\x1b.\xcd\xe76lY\x97\x1a\
\xdbt\x8d\x95+<\x0bP\xbe\xc4Y\x9eyC\xe3\xc0\
C\x7fX\x9b\xde\xf5\xd9\xce\xc2\xd4\xa7\xcbn\xed\xbd\xd6\
\xb2\xf5\xb2\xd8\xc8\xf5\xcf\x88\x8f]\x17\xfc\x06ar\xf4\
\xe6\xec1\x84Wa\x0f\x856:\x0b{_\x9aX\xb3\
n\x5c\xa1)\x0c\xc3\xd2*& \x12\x1f2\x9f\xf0\xb8\
`BS\x86\xc0\xb5\xb2\x90\x1c\xbe\x14\x867m\x85\xb1\
\xcbo\x08\xd2Ha=t\x8c\x044\xa4\x05.X\x81\
\x88\x08\xbe\x04-Z\x09\x12\xbe\x84i\xa2eG\x8cL\
6\x1f\xcb\xe6\x06cv(j\xa2a\xd2\xe4\x80A\xbb\
e\x92\xd8\xa6\x850\xa9\x90D@\xb7\xdbtK\xfb\xf7\
,\xd7fw}\x1b0\xfc!+\x7f\xd9k!i}\
\xc6]\xba\xef\xde3w\x120@\x7f\xc4CF\xec*\
\xc6\x13\xfb\xbb\x9d.)r\xea\x886\xbd_\xe0t\x87\
\x1d\x11/\x1c\xd1pta\xc7\x0e\xa71=\xf6\xcd\xcc\
\xe8\x86\xdb\x9a\x95\xda\xdf\xcfMO5\xa4\xe7\xd2\xeb\xa3\
HHv{\xef\xa2T \x00\x1f\xf5\x1eR'@\xc4\
\xc0\xf4\xb4H. \xf6\xfain\xba\xce0L0\xcc\
\x88\x08\xe5\x0a\x9b\xeb\xb5\xd2m\x03\x1b\x0b[\xa9\x1e\xc9\
\xce\xfa\xcd\x0b2\x01&\xc0\x04\x98\x00\x13`\x02\xab\x9b\
\x80X\xdd\xe1qtL\x80\x090\x01&\xc0\x04\x98\xc0\
q\x12x\xfcn\x1b7\x86\xac\xfc\x9ekZ\xe5\x85\xf7\
u\x16\xf6\x7fIv[\xb7\x85\xc2\xe1\x17&R\xd9\x1b\
\x93\xe9\xec\xd5\xf1t\xee\x06\xdb\x0a\xfd\x5c\xa7Y}k\
}v\xea\x0b\xadn\xe7M\xd15{\xae\x01\x1a\xf7\xf8\
\x13\x1fW\xab\xac\x1d\x98\xf8Qdp\xcd\xbb\xdb\xcbs\
\xdf\xabU\x97\xdd\x10\x89N\x88\x08ZH\xd1'\xac\xfa\
b\x8b.#\xe2A\xd1\x05\x8eq\xe9\xbe\xba\x1a\xf1P\
?\xcb\xb2\xa1\xd3\xe9\xe0\xce\x87\x1f\xf2G\xc7\xc7\xffu\
\xd3\x95O\xba3=\xb6\xf1\xf6\xc4\xd8\x86;\xcdt\xe6\
3\xe08\x7f\xdd\x98\xdb\xff\xdf\x95\x03;\x1f*N>\
2W]\x9c\xab5\xea\xb5N\xb7\xdd\xf6\xb40\xe8\xba\
\x8e\x22\xe5LI)\x95\xe7y\xc1\xa9AO\xfa$\x0a\
I0\x0c\x01\x16\x09=\xa6\x10\xc1);\x08\x84L\x89\
RJT\xd2CA\xde\x92x(R\xa9\xb490\xb8\
&\x9a\x1b\xdf\x98\xcdo\xb8|mj|\xd35\xf1\xc1\
\xc1\xe7\x80\x82\xdfv\x97\x16\xdf\xd3\x9c9\xf0\xc5\xc6\xec\
\xfc\x9fv\x1b\xcd\xcft;\xed\xb7\x85;\xcd_N\xac\
\xb9\xe1\x96\xf0\xc0u\xeb\x13#7\xe4\xb2\x1b\x9e6\x02\
\x9e\xf8\x1f\x10N_\x17\x8aD--KI)iv\
\x04z\xd0\xaa\x08\x9e2\xc11\xe2\x90^w-\xac\xbf\
\xe9\x050x\xc5\xd3!\xb1\xeeF\x88\x8f_\x07\x89\xf5\
\xd7\xc3\xd8\xb5?\x0d\x9bn|\x01d\xc6/\xa7~1\
\x00\x11\xa2\xa1=M\x17\x11\x01\xa4\x82\x15!\x0b\xf5\xa5\
\x94\x0aNE\x02]T\x06)=\x12\xc5<%\x1d\xc7\
/\xce\x1e\xa86\x17\xa6\xbe\x0f\x89\xd4\xc7\xa2k.y\
\x03$c\x9fu\x97\xb7\xdf\x0b\xa5\xdd5\xea\xae\xc8\xce\
\xda\x1d\xad\xda\xedH<}\xaf\xdf\xedt\x84\x10J\xfb\
\xaaM\xfb\x0f$\xdf\x01\x1aye\xa9K\xc8!${\
\x9c\xfb.\xbf<}\xcfO\x92\xd9\xc2\xbb\xa5R\x7f[\
Z\x5c\xa8+\xdfSB\x00\x18\x06\xd28A\x0c\x00t\
\x99`\x11;\x15\xe4\x11\x91\xda 84\x88\x88A^\
s\xd4\xfd\x94\xf2A\xd2&{\xf4\xbe ]\xf1hJ\
\x84\xc2\xa1\xeb\xea\xd5\xf2k\xd2\xeb\x9e<\x1et\xe6\x07\
\x13`\x02L\x80\x090\x01&\xc0\x04N#\x01\xfa\xe8\
r\x1ag\xe3\xa9\x98\x00\x13\xb8\x00\x09\xb0\xcbL\x80\x09\
0\x81' 0xU\xcc.\x85_\xe4.O\xfd\x11\
\xa9Z\xbf\x94\x1e\xbfdbp|]2\x91\xccY\xe1\
h\xd2\xb0Bq\x12/\x12\x06\x09$\xe6\x9a\xd1\x89d\
~b\xe3\x16\xe9\xb4_\xd9\x9a\x9b\xfaX\xbc\x95y\x11\
\xe8\xaf\xb9>\xc1\x12O\xdc|\x97\xdf^\xb8\xe4\x87\xd9\
\xb5\x97\xbc\xad6\xb7\xff\x9ba\xaduX\x00\x00\x10\x00\
IDATKs\x07\xba\xb6\x89\xa4\xe5H\xf0]\x8f\
D\xb7\x13\xd7\x96hp0\x8e\xf4\x97`\xf9H8*\
\xea\x95\xf2\xc4\xfd\xff\xfd\x9f\xbfP,.\xa5=\xb7{\
O\xbd\xd3\xfa\x9bH$\xfe\xd9t6\xf7\xbe\xd8\xc0\xc4\
\x9bc\xc3\x1bo\x0b\x17Fn\x07_|\xdc).\xfe\
Em\xf6\xc1\x7f+O\xfe\xe0\xbb\xc5}?\xdcY\xdc\
\xf7\xf0\x5ciy\xbe\xd6m\xd7\xdb\xe8\xbb\xaei\x80\x1f\
\xb6M\x19\x09\x85\x94m\x9aJ\xa7a\xcb&\xe1H\x80\
i\x9a\xc1\x09B\xc30\x80\x04;r\x01\x91D*\x94\
\x00\x88\x86\x10\x80\xa6\xb0\xec\xb0A|\xcd\xfc\xe0p4\
\xbfns!\xbf~\xd3\xfa\xdc\xe8\xd8\x93\x22\x91\xd0s\
\xbb\xad\xda+;\xf3\x93\xef\xab\xcf=\xf2\xe9\xce\xe2\xcc\
\x17\xeb\xe5\xd2\x17\xbdn\xe7C\xae\xd3\xfa\x8d\xdc\xe0H\
\x92\xa6\x01\x9a\x14\x82\x0b\x91\xe2D\xe8*\x03\xbaV\x12\
6\x5c}\x0b\x8c\x5c\xb2\x15\x5c;\x03-\x88A]\x86\
\xa1&m\xa8\xf9a\xa8\xab(\xf8\xd1<\xac\xbd\xfcf\
\xb2\x1b\xa1\x83ap\xc1\x04\x9f\x1c#?I\xd8\x22\xd7\
\x82\xf9\x0e\xf1\xd6\xb1\x80\xf4\x95\xf4\xba\xaa\xd5\xa8t\x8b\
\xfb\x1e\x9a\xaf\xce=\xf4u0\xc2\x1f\xb2r\xe3\xaf\x07\
3\xfe\x85\xd6\x1c\x89\x80\x0b\xf77\xc9\x1f\x9a\x89\x9eg\
\xf9^XHuB\xb6\xfd# pR\xf5\xde\x17\xb9\
\x22\x94\x9a\xa6\x89\x18\x8e\xa4(\x84\xad\xb0\xf1y\xf6q\
\xb8&kK?\xda\x93\xca\x0f\xdf\xe9\xfb\xe2\xaf\x97\xa6\
\xa7\xaaJ\x91JJ\x03\x11Q\xef'\xf1>\xc4G\x91\
`JM\x07oAM\x88=AP\xb7i\xd3\xbe\xe8\
w\x01\x94 Q\xd1\xc4d:g\xb7\xeb\xc5\x17\xb8\x9d\
\xf6+{\xa7l\x0f\x0e\xe7\x0c\x13`\x02L\x80\x090\
\x01&\xc0\x04N\x81@o\xa8\xe8%\xfcd\x02L\x80\
\x090\x01&\xc0\x04\x98\xc0\xa3\x09\x14\x0a[\xe2q3\
\xf4\x02\xa7\xbc\xfc\xf6\xf8\x9a\xb1\x1b\xb3\x03k\xa2\x960\
\xb5\x92\x81Rz\xd8\xed\xb6\xc1\xf3\x1c\xf0}_\x8b \
\xe8\xba>\xfa\x9e\xc4df \x1e\xca\x0d\xdc\xd2\x98\x9f\
~O&\x1d\xfaY\x18\xbd9\xf2\xe8\xd9O\xb4\xe6.\
\xbf49\xfa\xbd\xdc\xba\xcb\xdf\xde\xaeU\xbe#\x9d\x96\
\x1b\x0d\xdb\x81@\xa5gR\x0a\x0f\x0a`:\x0f\xa0?\
\xe6h\xd3\xad\xdaH\x85\xa1\x04\x11\xe9\x09A_\xddO\
\x9b\xaf$\x95\x05\xa42\xf9p(W\xd8Z\xda\xbf\xef\
w\xecpx+\x84R~}\xe6\xfb\xc5\xca\xdc\x8f'\
\x9b\x8b?\xbe\xaf9\xbb\xfd\xab\x9d%\xf7/!\x13\xf9\
\x04\xc4\x87n\x0f\xa56\xbc\xc1\xcan\xbc\x0d\x22\xc3\xef\
\x02\x11\xfa#h\x94\xff\xba\xb9\xb0\xeb\xee\xf2\x81\x07\xee\
+\xee\xfd\xc9\xbe\xf9\x99\x99\xe5F\xbd\xde\x22\xb1\xc7#\
\xedI\xfa\xa0\x80\xdc\xd4K*\x10=?H\x8c\x02\x9d\
\xa7z\x10\x80\x81)R\xdf\x02S\xc4\xd3w\xd1w\xba\
\x08T\x07\xc2\xc0P8jf\x0a\x83\xb1\xf4\xdauk\
\xf2\x13\x97\x5c\x99\x1a\x19yF4\x1e}a\xabY\xff\
\x1f\xc9Dt\x9d0\x0d\x81t\x81\xf2A'\xb4.H\
A\xa2\xa3\x19\x85uW?\x0d\xcc\xfc\x06\xe8(\x1b<\
\x12\x07\xa9\x07(\x90\xa0/\xdd\x97\x1c\x01W\x1a\xd0T\
\x11H\x0cm\x82\xb1+n\x846\x8d\x93\xc2\x02A\x1a\
\xa5\xee\xa7\xc5+E\xbc\xb4\x09\x81\x80J*\xb7\xdb\xf5\
\x97\x0f\xec/\xb6\x97\xf6\xde\x0d\xf1\xec\xfb\xe2\x83[\xde\
\x08\xa9\xe8\xa7\xdd\xe2\xbd\xdb\xa1\xbc\xbdJ\xe3z\x8bP\
\xe6\xdc\xdcw\xf9\x02`?\xa0\xb1\x0c\xbe\x07@1[\
\x96\xa1}\xa7<@8\x16\x0d\x93\x90zm\xa2]\x8c\
\x07\x15O\xfcP\xd5\xa9o\xedKgb\xef\x87p\xe8\
\xaerq\xbe\x01$\x01\xea\xdf\x06TJ\xe9\x1c\xb17\
\x0e\xce\xa2\xeb\x10I(D\x00I\xa6\x1b\x10W2T\
\xd0lu\x1f\x1a\xa8\xff\x1d\x81\x92\x02S\x03C\xf1\xe6\
\xd2\xfc\xaf\xa30~\x0e&&\xf4\x1f\x94\xa1\x9e|3\
\x01&\xc0\x04N\x92\x00\x0fc\x02L\x80\x09\x1cF\x80\
>\x17\x1dV\xe2,\x13`\x02L\x80\x090\x01&\xc0\
\x04\x0e\x12\xd8fz\xf1\xec3\x1a3{\xdf\x19\x19\x1c\
\xb8,\x1c\x89\x1bh\x98\xe8\xfb\x8a\xcc\x07-\x00\xea\xae\
\x88=QC\x8b\x19\xda\x80\xfa \x0a\x14f\xc80S\
\xe9\x8d\xe5}\x0f\xbfa(\x1a~\x06l\xddj\xe9\xfe\
\xa7fw\xf9\xc5}\xf7\xfc0\x92\x1f|\xdb\xdc\xbe\xfd\
_[^\x9a\xefZ\xfa/\xd5\x92\x00#\x84\x08\x84\x94\
G\xcf\x7f\xec\x8f;\xdaW=F\xa7\x88\x14\x83 \xaf\
\x85\x81\xb1D:j\xa4bO-\xed\x7f\xe4\x8d\x85\x90\
\xbdm\xf4H!\x93D\xad\x1d\x0e,\xedh@\xe3\xfe\
\xc5n\xf5\xc1\xbdn\xe9\xa1\xefC\xdb\xf8'H\xe6\xbf\
\x14\xc9\x8e\xdei'\xd6\xbe\xc1LL\xbc\x06\x22\xf9\xb7\
B\xd7\xfbHmn\xdf_-\xee\xfd\xe1\x7f\xcd\xef\xbe\
\xe7\xfe\x85G\xee\x9bZ\x9a\x9e*5\xaa\x95\xb6\xd7i\
\xbb\xcaw|2%=O\xf9.\x15{\xa2* \x92\
p$e\x10O\xe0\x9fi\x90H\xa7\x85A\x1f)T\
T\xa8e'!|%\x84a\x85\x8cp4a\xc6\x13\
i\xcb\xb4\xc3:X\xea\xa3\x8294\x0b\xa9\x10\xda\x9e\
\x80\xc1\x89\xcb \x96\x1f\x85\xa6\xb4\xc0\x01\x0b\x02!\x90\
&\xd3}\xfa\xa6\xd7\x92$\x12\xea\xf6\x16\x09\x86\xe9\xe1\
\x0d\x90^\xb3\x1e\x5c\x10\xa0\xdbt?ZZ'\xc1\xfc\
Ry\xaa^\xaf\xb4\xaas\xfb\xbe\x01\x91\xd4\xed\xa1\xe1\
-\xaf\x85d\xea\xcf\x1a\x0b?\xfc\xc9\xca\x1f\x06!^\
A\xf7s\xfe\xe8v\xbb\xcb\x10\x0aM\xb7\xda\x0d\xa9T\
\x8f\x8fa\x18\x14\x87\x01\xb1x\xd2t\xdd\xce\xa5\xe1\xb0\
\x919\x01G\x15\x89\xc4S\xa1H\xeaC\xe0\x89\xff\xbd\
x`\xb2\xe68]\xd5\xe7\xa3\xe7\xe9\xe7u\xaa\xd7\xd4\
u\x87\x9b\xae\xd7\xe5~\xda\xebC\xac\xe9u\xb4\xcc\x08\
\xa6\xd7\x0c\x0f\xd5\x97\xe6^;d\xaf}\x06\xc06S\
\xf7=Q\xe3\xfeL\x80\x090\x01&\xc0\x04\x98\x00\x13\
8\x9a\x808\xba\x82\xcbL\x80\x090\x01&\xc0\x04\x98\
\xc0\x05O\xe0t\x04\x80\x99\xf5\xeepya\xee\x15\x91\
\xc2\xd0\xa5\xf1X\xca\xc4\xde\x05\xc2\x12 \x84\x00\xd34\
!\x1c\x0e\x83\x1d\xfc\xc1\x0c\x83\xca\x02\x0c\xbb\x97\xea\xba\
d2\x85\x99lA\x18\xa9\xec\x15\xe5\xf2\xd2\xabs\xb5\
\xd8F8=\x97l/\xdc\xff\x83h~\xe8\xf6\xd6\xd2\
\xec\xf7\xeb\xb5\x92\x17\xb6-\x12u\x14\xcd.H@\x83\
\x95\xfc\xd1:\x14\xc2\xe1\x17\x85\x13\xf4\xa3P\x00i\xa8\
6\xdd\x8e(\x80\xfc\x0e\xc7\x06\x87\x9f\xba\xb4w\xf7\x9b\
\x9b\x06>\x13\xb6l\xb1u\xdb1\x8cF\x02-\xb4\xbb\
\x0b\x95{+\xed\xd2\xfd\xd3N\xfd\xe1\x9d^}\xe7w\
\xa1=\xfe\x0f \xfd\xcfA,u;\xd8c\xaf3\xc3\
co\x00#~\x07t\xbb\x7f\xdc^<\xf0\x95\xd2\xd4\
C\x0f.\xed\xdb5\xbf8\xbd\xbfV)\xce;\xddv\
\xd3\xefv;\xd2q\xba\xaa\xdb\xed*\x12[\x95\xaf$\
M\xae@\xff\x9e\x9c\x5c\x11\x07u\xaa|I\xf2\x1cR\
\xac2\x10e\xb5\x88\xa4\x85-\x9f\xea\xa5T\x07\x85;\
\xa5|\xf0\xc8i\x15ICnt3\x89\x82\x08\x0a\x0c\
\xf0\xf5\x5c$\x88Q\xd3\x11\xb7>\xb5\xa6\x04\x02\xd2\x1c\
$4BK\x85!7\xb2\x89|\xb0i\x9c\x08\xd6\x93\
46\x18\x84\x12\xba\xad\xa6\xa2\xfc\xee\xf8\xe8%\xef\x85\
F\xfcO\xba\xb3?\xdc\x05\xb3\xdb[T\xa7\xeb)9\
\x7f\xee\x86\x19n\x84\x12\xf1]\xddv\xdb\x0d\x85,\xd0\
\xbc47m\xa6I\xdb\x8bj\x08\xa45|\x82\x1e\xab\
\xee\xe2\xf6\xbd\xe1H\xfa\xfd`\x88\xbf///\xb7\xe9\
}\x0a\x04AI|=O\xd2t\x02\x14B`TX\
\xb9\x05 \x1aA^\xff[\x02%\xa8\x83\x00\xc3@\xd0\
2/RY\x08\x03\xacpLD2\xc9\xcbk\x95\xe5\
\xd7\x16\xd6\xcbu\xc1\x00~0\x01&\xc0\x04\x98\x00\x13\
`\x02L\xe0\x14\x09\xd0'\x8fS\x9c\x81\x873\x01&\
p\x1e\x11`W\x98\x00\x13`\x02\xa7\x87@|\xf0\xaa\
B\xb7\xde\xf8\x1dR\x85nJ&\xb3$\x04\x92B\xb4\
2\xb5 \xb5c%{0\xd1\xc2Z\xbf\xa0\xf3Z`\
\xd1e\x14&f\xf3\x83\xa6\xe7t\xb6\xb5\xeb\xd5\xd7\xa4\
\xc6\xaf[O\xf5Hv\xaa\xb7l-_zov\xed\
eom,,}}qq\xae\x03\x92\xa43\xe9\x05\
\xe2\x98\x16\xac\xb4\x1f\xda\xfa\x0b\xe9|\xdf/A1h\
\xd3e]\xaf\xfb\xf4\xf3T\x8f\x86ea,\x91\xb6\xc3\
\xb9\xf4\xcd\xe5\xc9\xfbn\x8b\x96\xec\x9f\x86\xe1\xadQ\xdd\
\xef8\x8d\xc4\xb0\xbbI\x87\x9bmAs\xdf\x028\x8f\
\xec\xf4:\xa3\xdf\x22\xe7\xfe\x06b\xf1\x8f\x85S\xb97\
Y\xc9\xd1W\x19\xa9\xc2\xeb\xc0\xb0\xee\xf4k\xb5?n\
.\xec\xf9\xc7\xc6\xec\x8e{j\xd3;\x1e\xa9\xcf\xecY\
\xacU\x8bM\xb7\xd3p\x0c%}\x81RY\x96\xa9\x0c\
C\x90\x19\xa0}\xd6\xfe\x9a$\xc8\xea<\x09\x87\x81\x00\
\xa8\xf3\xe4\x7f\xd0\xde\xf7\xd3%a/\x91\x1b\x06\x0c'\
\xc0#\x09Q\x02\xb9\x06\x08\xbao\xbf\xcf\xd1\xa9\x9e[\
\x92\x82\xa5\x7f/0\x14OC(\x1a'AR\x81\xae\
\xd3k\xe9\xb1:\x95t\xb5\xda\x9d\xba!\x8c\x03\x00\xdb\
\xdd\xa3\xe79\xaf\xca\xd3\xf78\x84\xf1^\xe8tZ\x8a\
\x04M\xed\xbf\xe7\xfa\x80\xc4D\x90\x18h\xa0\x88{^\
\xfbr8\xf1Ku\xca\xdb\x0f\xe4\x07\x87\xff\x90T\xd3\
\xbf[^Zh\xf9\xbeK\x085g\x00B\x14\xccH\
\x15A^\xa7\x9a_Py\xd4C\xd7k\xd3\xd5\xbd\x14\
1\x1aOc\xabZ\xbd\xd9\xf3\xba\xbf3\xbcy[^\
\xb7\xb11\x01&\xc0\x04\x98\x00\x13`\x02L\x00\xe0\xe4\
\x19\xb0\x18x\xf2\xecx$\x13`\x02L\x80\x090\x81\
UJ`\x9b\x19\x0aG\x9f\xd2\xaa,\xfff:;\x90\
\x91`\xa0\x164\x8e\x161zb\xc5\xb1\x11hAJ\
\x8f\x01\xe5\x93\x00\xa2phh,\xda\xaa\xd7^\xd2j\
\xb4\xde\x9c\x9e\xb8i\xed\xb1G\x9dh\xad\xfe\x0d\xc1{\
\xbe\x9b\x1eY\xffV\xb7\xbc\xfc\xbdV\xab\xe6Y\xc2P\
Z \x13\xc2\xa4\xc9\xf4\xc7\x1c\x09\xfa\xa4\x95\xf6][\
\xdfg\x9d\x0f\xfc\xa3^:OIp\xf7\xeb\xc8i\xd2\
\xed\xfc@\x10\x8c\x0el|rk~\xfe\xcdIa?\
\x0d\xe0\xa4\xbf\xea\xac\x00V\xc4\xc1\xfa\xc3\xcb\x9d\xea#\
{\xdd\xda\x8e\xef\xf9\xd5]\xff\x0f\xda\xd6g \x9bz\
\x07\xe4G\xfe\xc0\x8e\x8d\xbd\xda\x88\x0e\xdd\x06v\xec\x13\
\xd0\xed\xfe\xdf\xf6\xe2\xfcw\xca\x07v\xee\xacL>2\
WZ\x9ci\x12C\xcfw\x1d)H\x1d4\x0cS\x92\
\xfc\xa9\x14\x08%L\x83\x92\x9e\xc0\xa7\xe3\xd1q\xea4\
0\x10\x10I\xe6\xc0\xf1\x89\x87\x12\x80\xe4I\x10,`\
 \x0b\xf6\x8bzL\xaf\x1e@\x09j\x13\x06\xf8$\x08\
J0 \x14K\x06y\xdd\xc70\x0c\xd0\x97@\x13B\
\xa1\x08B\xbdn\x81-Q\xd7\x9d\xe7\xe6w<\xf7A\
\xda\xd8\x92\xe79J\x8b\x81\xda_\xbd\xe7\xc4\x09C\xa1\
\xb0\xe58\xdd\xad'\xf9u\x5c\xb5\xbc\xef\xdb\x0f'2\
\xf9\xf7\xa9z\xfd[\x8dZ\xc9E \xe9T\x08\x10\x86\
\x01\x94\xa5\x7f\x0a$\xc3\xd2ni\x86\x8a\xfe]P%\
-/H\xc4E@\xcaiS\xc4[\x1b\x0d\x83\xc0/\
_\x82\xe7*\xcc\x0d\xafM\x94\x97\x16~\xb3\xd5\xe9>\
\xff\xf4|\xdd\x9e\x16\xe4\x9b\x090\x81\x0b\x97\x00{\xce\
\x04\x98\x00\x138E\x02\xe2\x14\xc7\xf3p&\xc0\x04\x98\
\x00\x13`\x02L`U\x11\xb8\xd5\x18\xd8\x8c\x97\x17g\
\xe7^\x95(\x0c\x0cY\x86E\xda\x85\x96)zA\x92\
hB\xe2\x85\xea\x15\x9e\xe0I\x03\x0f\xf6\xe8\xba\x12\xd3\
\xb9\xc1\x84[/\xbf\xa4\xd9h\xbcu\xf0\x92\xa7\xad\xa3\
\xc6C\x13S\xe1$oY\x99\x19y \xb1f\xfc\xf6\
\xda\xec\xd47+\xb5\x92c\xdb&\xb9\xe9\x93\xe6\xe3\x1f\
\xf4\xf5p_\x9eh\x9d~_\x12\xdb\xc04C\x18\x8a\
\xc4\xacp>wSm\xfa\xe17\x0dl\x8c>\x13&\
\xb6\x85\x9fh\x8e\x13h\x97\x00\xbb\xbbP\xda]\x83\xe5\
]\xb3Ns\xd7\x03~+\xf5\x15\x88\xdb\x9f\x87d\xfc\
\xed\xa1\xc2\xc0\xefX\xf9\xf1\xdf2\xd2C\xbf\x07\xca|\
O\xb7\xb4\xf4\xa7\xb5\xd9\xdd\xffR\xda\xbf\xe3\x9e\xe2\xbe\
\x07vV\xf6\xef\x9e\xaf.\xcd5\xdb\xcd\xa6O\xeaV\
\xb01\xda\x7f\x02p0v\x92\xa4\xc0\xb0LP\xa8\x85\
'u\xb0\xfeh\x1f\x0f\x1f\xa3\xdbze\xda\x22a\x04\
_\x05\x97\xc1\xecp\xf0\xd2b\x9a$\xefA\x18\xa6%\
\xa9\xd3\xc1\x96\xf38\xe3\xc0\x22Xb\xba\xdd\xee(\xcf\
\xf5@\x8b\xd6\x06\x89u\x8ab\x0b\x91\xb0\xd9\xac\x946\
C\xa6\x1e;\xc9\x08T}\xf6\x9e\x87\xc3CC\xefw\
J\x0b\xdf\xebv\x1a\x1e)\x80\xaa\xbf\x1fZ\xdc;|\
^]\xafM\xd7\xf5\xd3\xc3\xf3\xbaN)\x04\xc3\xb0@\
\x186$\xd2\xb9|ej\xef+\x92\x0b\xf0$\x00\xe0\
\xcf\xf0\x04\x81o&\xc0\x04\x98\x00\x13`\x02L\xe0\xe4\
\x08\xf0\x07\x89\x93\xe3\xc6\xa3\x98\x00\x13`\x02L\x80\x09\
\x9c-\x02gu\x9d\xcc\xfa\xd9\x91F\xa5\xf4:\x10\xea\
\xc9\xb6\x156Is@\x5cQ\x81\xb48q\xfc\xce\xe8\
\x8f\x18\xda\x00\xf48_y`Y\xb6\x18\x98\xd8\x90p\
\x9b\xf5_)\x15\x97\xde\x96^\xf7\xe4q8-\xd7]\
~}n\xc3w\x92#\x9b\xde\xd1Y\x9a\xfbA\xbbY\
\xf5\x8c\xe0\xeb\xb4Hk\x1b\xa0\x05+\xedCo)R\
}@[\xaft\xf4\xb3\xdfOR\xccZ\x0c\x934\x98\
\xea0\x95\xc9\xdb\xb1\xa1\x91\xa7,\xee\xdf\xfb\x96\x94\xec\
<\x05`\x1b\xb19z\xf4i)\x93s\xdb\xdd\x9e8\
\xf8\xd0\x5cwi\xc7nw\xf9\xc1\x1f\xfa\x95\x87\xfe\x01\
\xda\xa1OAz\xf8-\x90\x1d\x7f\xb5\x9d\x19\x7f%\xa4\
G~\x1fB\xa9\xf7\x80e\xff/\x04\x7f\xa7\xeb\xb4|\
 \xa9O{\xa1}\xd7)\x95)\x91\xe0v;A\x0a\
(\x89\x09e\x03\x06\xb4\x14e)>z>\xfa\xd6s\
\x04{O,\xa4\xe7\x83@\xa0\xb1\xf4\x00\x9aU)0\
HD\x03\x90\xba\xc2\xa6\xd6\x10U\x9f\xff\xb7\x15j\x1a\
\xf1\xd4#\xae\xdb\x91(\xb0\x07@{\xedK\xb0\xad0\
B\xb7\xb1\x06\xdc\xea\xa8\xae:I\x93\x9d9\xfcnl\
x\xd3\x9d\xf5\xd9\x99\x1dn\xb7-}\xcfQ\x86\xa1\x7f\
\xd3\xd2 \xea\xa2g\x0a\x83\xf7\x92\xf8\x11S\xed\x86\x0c\
R\x0c\x5c\x92\xb4\xb4\xe8\x99\x12\x80`\x00m+\x89\xd2\
Qae2O\xea\xb4\x9c\xd7\xa6'n:M\xffv\
\x80/&\xc0\x04\x98\x00\x13`\x02L\xe0\x22$ .\
\xc2\x989d&p\x81\x10`7\x99\x00\x13`\x02g\
\x99\xc0\xe8\xcd\x11\xb7\xd3\xfd\xd9\xd6\xe2\xec\xf3\x92\xb9B\
X\x92\x0c\xd1\x17\x8at\xaa\xc5\xa1\xe3\xf5H\xf7\xd7\xa6\
\xfb\xeb40C\xd0\x8c&\x16\x86\x86\xe3n\xb5\xfc\xcb\
\x8dj\xf1u\xf1\xc1\xab\x06t\x9fS\xb7\xbb\xfc\xda\xcc\
\xf8\x0fRk7\xbf\xbb4\xf5\xf0\xf6\xd2\xf2\x82+\xa5\
\xaf|\xbf\xf73v\xdaw\xed\x03\x90\x07@\x97.S\
\xf2\xa8[\xd7k\xd3\x0dB\x08\xd0\x82\x97AB\x0eP\
>\x1aKYv\x22\xf1\xe4\xea\xd4#\xb7\xa5'H\x10\
\xdc\xb8\xf1l\x0a`\xa4\x18\xedp\xf4\x1f)\x81\xd2\xfd\
\xd3N\xf9\xfe\x9f@e\xcb7\xa0\x90\xff\xf3p<\xf6\
\xe1p4\xf9g\x8dr\xb1\xa2\x15\xa6\x15\x01\x13\xfa\xf1\
\x1a$05\xab%\xd2w]\xaa\xa3i(\xb8~\x8c\
:\xd5FU\xa47)j\xd7\xda\x9e.\xf5,\xd0\xcb\
\xa4\x0bN\xa7\x01\xa6\x80\x83}\xf4\xa9@\xdd#XC\
\xa0\x8d\xd2?\xd9\xd3tz\x9a\xb3g\xd9\x81V$\x9a\
\xfaq\xb3\xd1j\xeaE\x0d\x0aJ\xf3\x02\xa0\xbd\xb6l\
\x00\xb43\xa0\xe4\xd5\x00Z\x81\xa3\xe7I\xdd\xdb\xdd\x82\
\x1d\xf9fbl\xc3\xa7\xaa3{g\xa5\xe7*\x8f\x04\
A=\x95f\xad\xd7\xd3\xa9.\x1f\xcbt[\xdf\xf4\xfb\
\xa7\xbf\xf6\xae\xfb\xe9|2\x9d\x0b9\xf5\xa5\xe7\x1b\x0a\
~\xb5\xb0e[\x5c\xd7\xb31\x01&\xc0\x04\x98\x00\x13\
`\x02\xab\x81\xc0\xd9\x8d\x81>\xd6\x9d\xdd\x05y5&\
\xc0\x04\x98\x00\x13`\x02L\xe0|$p\xab\x91P\xfe\
5\x8d\xf9\xd9\x97\xe6'6\xe6\x85i\xd1g\x04\x85\x12\
%h\xd3\xe2\x04\x22\x82B\x12\x84\xc8\x9e(\x02\xfd\x9b\
h\xdat?D\x04\x03\x05(_\x06_\xdd\xf5He\
\xcc\x8fL\xc4\xbdZ\xfd\xd7A\x98\xaf\x1dXw\xe3 \
\x9c\x96\xeb.\xbf:i\x7f\xc3L\x8f\xbd\xcd)\xed\xf9\
\x91\xefv|\xcb\xb2\x94\x16\xf5\x80\xc4\x1e\x1dCo\x19\
\xa4\x84\xc2\xa3:\xca\x1c\xf3F\xa4X\x95\x02_y\x80\
\x06\x80\xe7\xb8\xd4\x0f1\x93-\xd8V*\xff\xf4\xca\xfc\
\xec\xdb\x0ab\xe4\x06\x80[\xa9\x95\x9a\xce\xfe\xad\x00\xee\
\xf2a\xfa\x9evgv\xfbt\xa3\xdd\xba\x07:\xcde\
A\x98\x11\x11\x94\xde\xa8\x15\x9fL\x0a\xb7[[\x06\xe8\
\xd6\x81Z@\xa5]F\xc6\x00\x00\x10\x00IDAT\
R=\x22U\xea\x94\x8c:\xd3M\xd3\xe9\xfc\x8aiV\
\x06(\x12\x00\xf5\xa9\xc2:4\xab\x15\xa2\xa5h\xbc\x0c\
\xfajaJwE4\xd0\x8e'\x22\x91hlt\xf8\
\xc4\xfe\xc0\x8a\x1e~\xf6m\xff\xdd\x8em\x86\xee\x05W\
\x16{\xef\x05\x800\x10|\xfa?OJ\x10\xc9D\xdc\
\xb0\xcd[\xa0\xb0%r*\xce\xed\xdf\x7fwG`\xe3\
\xef\xcc\xec\xc8\x97K\x0b\xd3\xcb\xa6@0h\x1dC\x08\
\x90\xbe\x0f\x01[\x84\xc3\xaeC\xef#\xa2n\x90\x10\x9c\
\x12\xa4\x7f\x7f\x8a|\xd3\xfb\xe1\xfb\x0a\x90&I\x0e\x8d\
&\x8b\x07\xf6\xbeDu\xd5\xf5\xe7\xf0\xfd;\xccw\xce\
2\x01&pJ\x04x0\x13`\x02L\xe0\x1c\x10\xd0\
\x9f<\xce\xc1\xb2\xbc$\x13`\x02L\x80\x090\x01&\
p>\x11X\xb3nf\xb4\xd3\xae\xbf\xc6J\xa7\xb6\x84\
\x22Q\xd2I\x04\xd0\xe3\x08\x17\xb5 \x81\xa8\x85\x8a#\
\xaa\x8f(\xe8>GT\xac\x14\x10\x0f\x8d\x13\xc2\x004\
l\xcc\x8d\x8cg\x1a\x8b3\xafl\xb4\xbb\xafLO\x5c\
\x93^\xe9z\x8a\xc9\xdd\x9eW\x09};9r\xcd\xfb\
\xca\x07\xf6=\xe0tZ\x1e\xe9/\xaaw\x1a\x8b\xa40\
\x12\xc9\x10\x8d`\x8d\xc7\xf3U\xb7!\xea\xfe\x0a\xf4X\
\xc30\x00\x91b\x10\x06&\xd3\xd9\x10\x18\xe6\xd3\x97\xf6\
\xec\xbe-56y\xed\x19\xfc\xcap\xe0\xe7q<\xa4\
eZ\x07\x00B\xfb\xdb\x9d\x8e\xa7\xfbk\xff\xb5 \x88\
\x88`\x90\x10\xe54\x8aP\x9d\x9f\x82\x10*\x10\xca\x0f\
\x04=\xdd\x07\x91b\x82\xde\x85\xd8\xcb\xebz]#\xd0\
\x07[u\xa0<\xb7\x1fP\xb9\xa0O\x09\x22\xf6\x98\xe8\
vD\x0c\x98\x84\xc2\xf6@qi\xfa\xe5\xddP\xe8\xe7\
s\xa37\x8f\x9c\xe7\x02\x95\x04\xcb>\x00\xa1\xf0\xb4\xeb\
\xbaR\xc7\xa1\x1f\xfd\x98\xe3\xc9\x8c%\x84\xb89m\x86\
r\xba\xedT\xac:\xf5@9d\xaa/\x82\x15\xfe\x87\
\xa5\xa5yGh\xea\x87\xb1\x7f\xbc\xb9\x11q\xa5Y{\
\xd7\xcb\x22\x22 \x18`\x99!\x84Xr\xe3\xf2\xec\x81\
\xd7\xa4\x06\xf6N\x00_L\x80\x090\x01&\xc0\x04\x98\
\x00\x138A\x02\xe2\x04\xfbsw&\xc0\x04\x98\x00\x13\
`\x02L\xe0\xe4\x09\x9c\x97#GGo\x8et\xa4x\
\x81[+?3\x99H\x86\xbb]\x07I\x09\x84\xc0\x00\
\xb4\x84\x01\xa4\xa1\x05FZ\x12\x09CTI7\x22\x92\
\xb0D\xdd\x14\x1c\xbc\x10\xf1`\xfe\xc8\x8c\x02\xdd\x84\xd8\
k\xd7\xe2\x8ba\xd9\xa20\xbe>\xd3\x9a\x9f\xf9\xddZ\
\xb5\xfb\x0aH\x5cz\xca\x02Lo\xcd\xedn\xd6\x8a~\
-1\xb6\xf9\xbd\xa5\xa9\x1d;<\xd7\x91\x88*p\x00\
\xf1p1KQl\xba\xdc\xf3\x09\xb1\x97j\xdf\x101\
\x10\x01\xf5\xb0\xc3?,\xe9\xaf\xc7J\x8ad`p\xd8\
\xc6h\xe4\xa7\xab\xcb\xcb\xefH\xadi]C\xeb\x1e\xde\
\x8d\x8ag\xf7N\xfa\x99\x92Y\x18\xbc\xb7\xd9l\xb6\xb5\
\xff$\x80\x92\x032\x88\xc1P\x1eD\xd0\x85\xe5\x03\x8f\
\x00:\x0d\xb0P\x82\x09\x84\x83z\xe8\xbe\x94\x10\x07\xa5\
\x93\x83)\xf1\x22\xd9\xc9\x05\xbf>\x0b\xa5\x03\xbbh\x8c\
\x17\xb4\x0b\xeaf\x00R?]D0,\x0b-;D\
\x1a#>\xa3\xb8o\xd7\xfb\x8a\xa5\xf9\xf7'\x86'\x7f\
62|\xfd\x18\xc0V\x0b\xce\xc3+\xdc\xaa\x97\xc2\xd1\
\xf8.\xa7\xdb\xf15\xa7C\x0c\x00L\xc3F\xe5{\x13\
\x18\x8d\x9f\xca\xef\x06\x1e\x8c\xba\xb9\xf8\xe0B!?\xf0\
9\xe9\xb8\xdfo6\xab\xae\x16\x04-\xcb\x00%\x0c\x90\
(\xa8\x9f\xae\xd1<}\xcaK\xb2^\x1de\x0e\xbb%\
\xa0v\x14\xa9\x9f\x94\xe0\xfb\x122\xd9\x01\x1b\xdc\xce\xb3\
\x1c\xe9\xfe<\xd0\xbf\xdf\xc3:s\x96\x090\x01&\xc0\
\x04\x98\x00\x13`\x02OH@\x7f\xe2x\xc2N\xdc\x81\
\x090\x81S%\xc0\xe3\x99\x00\x13`\x02\xe7+\x81[\
\x0d\xcf\xb6\xaf(\xcf\xec\xfb\xad\xcc\xc8D\xd6\xb0B\xa8\
\x05/D\x04D|\x5c\xa7\x0f\x89(\xa4\x10\x1d\xd6\xb3\
_\x7fX\xd5\x11YA\xc2\x06\x22\xd2\xfc\xf41DX\
\x98[\xbb~HVK\xaf3C\xe2\xb7\xa0\xb0\xe5\xb4\
\xfc\x0e\xda\xfe\xfdww\xea\xa1\xf4\xbfe\xc6\xae\xfe\xd0\
\xf2\xbe\x9d\xfb\x9dN[\x1a\x02HH\xf1\x03\xeb;\x84\
\x88\x94\x95d=\xd1\x13\x11\xc9/\x0c\xca\xfd\x87>\x19\
\xa8\xf3\x8a\xf4D\xc30@\x1b\x08\x03\x87\x86\xd6\x84\xd1\
P\xcf\xad\x96\xe7n\x8b\x0f]\x7f\xd9\xb9<\x11\xe7&\
\xaaF>?X\x02\xd7\xd3\xaaR \x02j\x9f\xb5!\
H\x08\x09\x09n\xa3\x04\x07v\xfd\x08\x12\xd8\x86\xb0p\
\xc0P\x0e\x09\xbb.\x09\xba\x92bV\x80\xd2\xa7:\x0f\
B\xe8B\x14;`\xb9U\x98\xda\xf1c0\xfc&\xd5\
K\xea\x83G\x98\xe6\xa1\xcd\xb4\xc3\x98Hd\xad\xec\xf8\
\xa61\xcb6o\xad\xcf\xee\xfe\xb8\xd3(\x7f0;n\
\xbd83\xbcu\x1c\xe0\x8c\xfd\xb1\x15\x1d\xde\x09\xdb\xec\
\xec\xfan4\x1a{\xa8\xd3j\xba\xfd\xbd\xd5\x93 \x22\
\x08z7=\xc7\x89*\xc7\xd9\x0c\x00\x08\xa7\xe1Z\xca\
u\x7f\x92\x1e\x1a\xbb\xbd\xb1\xb8\xf4\x13\xd7\xed\x82i\x9a\
\xa0\xb9y\x9e\x07z}D\x04D|\x8c\x95TP\xaf\
\xf7\x90\x06\x05y\xcb\x0a\x810,L\x0e\x0c\xc5\xda\xcb\
\x07~9\xe2t\xce\xb9\x18\x1d8\xc6\x0f&\xc0\x04\x98\
\x00\x13`\x02L`\x85\xc0\xf9\x9f\x88\xf3\xdfE\xf6\x90\
\x090\x01&\xc0\x04\x98\x00\x138S\x04\xb2\x1b\x16\x86\
\x8b\x95\xa5W\x89H\xe4\x0a\xdb\x0e\x19\xfa\xd4\x91\x22]\
\x02I\x83\x08lE\xa4\x08\xf2Tw\xb4\x1f\x92\xfa*\
A\x8f\xc3\x1a\x10\x8f,\xf7\x9at\x1d\x06\xa2\x07\x22\x06\
UZ\x0c\xd1\xa2\x08\x1a\x96\x18\x98\xd80\xe8\x15\x97_\
\x93\x0a\xc5_\x95\x18\xde\x9a\x0f:\x9c\xeac\xf7\xbfu\
\xcb\x9d\xd2?\x85\x0bcw\xd6fw=\xec\xbb\xaeo\
\x18\xa8l\xdb\x06-\xfa\x00\xe8SY~\xb0\x8a\xf6C\
)\x19\xe4\xfb\x0fD\xa4,\x92\xcf\xbd\x8fK\x88Hz\
L\x0f\x82$\xe1\xccW\x88\x85\x81\x11Rf\xc4\x0b\xba\
N\xfd\x1d#\x9b\x96\xae\xa4\x01\xbd\xce\x949K7&\
6o\xcbK?\xfc\xc2\xf9}\x8f\xfcB,\x95\x89+\
\x85\x07\x97\xee\x9d\xe2S\xa0\xc0\x87\x88)\xa1\xb5\xf00\
\xec\xbf\xf7\xbf\x00\x9b\x0b\x103\x1c\xd0\x22\xa1@\x1fL\
\xf2Z\x08\x0f,p \xa2\x1a\xe0/\xef\x81=?\xf8\
\x1a\xf8\xb5\x05\x08\x81\x07\x082\x88]\x8bWzrA\
{n\x18\x82\x04D\x00\xdf\xf1\xc0S>\x22U\xa43\
\xf9Hv|\xfd\x84iZ\xff\xa34\xb5\xe7\xa3\xd5F\
\xfd\x83\xe9\xb1\xd6\xcfd\xf5I\xc1-[l=\xf6\xdc\
\xdb]\xbe\x10\xe2a%\xbd&\x22*Dz\x0f\x08\x19\
EH\xaeQ\xc9\xb0M\xd7\xed\x5c\x01\xb0\xcd\xa0\x8aS\
\xbf\xb7ow+\x13\xc6\xb7s\xeb6\xfdQeyy\
Az\xae\xa4\xf7\x10|)\x83\xb9\x111H{\x0f]\
\xa7\xadW\x028\xb2\x0d\x11\x01\x11\xa9Z\x82\x15\x8a\x08\
\x91*\x5c\xe6\xf9\xddWg\xd6\xdfrZN2\x02_\
L\x80\x09\x9c\x1a\x01\x1e\xcd\x04\x98\x00\x13\xb8@\x08\x88\
\x0b\xc4Ov\x93\x090\x01&\xc0\x04\x98\x00\x138\xdd\
\x04&&\xc2\x9dN\xeb\xf9ni\xf1\xb9\x99\x5c>$\
\xa5\x024D\xef\xe4\xdb\xcaZJQ\x1db @ \
\xe2J-<\xaa\x0c\xc7y\xf5\xe7\xd3\xdd\x85 \x11&\
\x98_\x00\x09k\x90\x1d\x9b\x18\xad\xceO\xde&L\xe3\
\xb7\xf3\x97\xdc\x92\xd0}N\xd9\x96v4:\xa1\xc8\xdf\
\x84\xf3\x1b>\xbe\xbc\x7f\xe7\x01\xaf\xd3\x92\x06IcR\
z\xe0\xfbn p!\x22\xc5sh%y\x0c\x91F\
\xfb\xadM\xf7\xd2~#\xa2\xce\x02\x08\x03sC\xc31\
\xd7i\xbepfi\xfa\xb6\xfc\xfa\xa7l\xa4\x86\xb3\xf4\
\xf9\xeaV#<x\xc3D}~\xe65\x95}\xf7\xde\
\x1eI\xc4\x9e\x14\xb2C\x16\xe9[\x14\x0f\x06\xa7\xcet\
,\xda_\x01\x08\xfa\xeb\xc2Q\xe8Bsq/\xec\xf8\
\xc1\x7f\xc1\xcc\xce\x1f\x82S\x9c\x02\xb3\xb3L\xb6\x08\x82\
\x04\xc2\xe6\xc2#\xb0\xe7\xbeo\xc3\xee\x1f}\x13\xb0\xb1\
\x0c6\xba\xc1\xc9A\xda\xaa\x83\xac\x80.=\xaf\xef\xfb\
:|\xb0l\x13\x10\x91j\xe9\x16&\xa2\x11\xc2d2\
g\xe5\xd6n\x1c\x11(_\x5c9\xb0\xf7\xe3\xd5F\xf5\
\xbd\xf9N\xea\xd9\xf1\xa1\xa7\x16\xce\xe5\x09J\xf20\xb8\
M!\xf7\xd3\xbb^v\xdd. \xae\xf8\x1e\xb4\x00\xd8\
!\x1b\x9b\xd5\xca\xe6\xec\xc6vt\xa5\xea\x09\x93'\xec\
p\xf7\xdd\x9e\xd3\xe9\xfcs4\x91\xf9\xf2\xc2\xcc\x81\xaa\
\xef{\xa0W\xd5\xef\x94\xb6\xc7\x1a\x8f\xa8{\x01\xed\x01\
\x80A#\x10\x0f\xdbW\xd3\x04\x12_\xc3n\xad\xfa3\
\xe0\xe3\xcf\xc0\xb6\xf3\xeb\x04\xe6c\xc5\xc4\xf5L\x80\x09\
0\x01&\xc0\x04\x98\xc0\xb9' \xce\xbd\x0b\xec\x01\x13\
`\x02L\x80\x090\x81\x0b\x92\xc0\x85\xee\xb4\x88y\xd9\
\xcd\xad\x85\xb9\xdfH\xac\x19-(\x10\xc2\xf7}T\xbe\
\x04A\xa2\x83\x0eN\x8b\x14\x88\xa8\xb3\x80\xd8KuA\
\xd7\x1fJ\x15\xb5\x01Y\xaf\x1d\x11\xa1\xdf\x0e\xc7\xb8\x10\
\x1f\xddN\xeb\x92p\xa5\x10\xf5\x09\xc1\xf1\x0d\x85\xea\xd4\
\x9e\xdfkV[\xbf\x9b\x18\xb9!w\x8c)N\xbcj\
\xfa\x9ev8\x0e\xff75\xb2\xee\x83\xe5\x99\x87\xf7\xf8\
^\xd77\x05*\x93\xc4\x14-\xb0\x08\xa5\xbf\x22\xac\xa7\
=\x14\x83.\xe98\x10{u\xba|\xb8\xa1a\x90\x80\
\xa9\xc0%Q\x87\x90a~p,\x02\xdd\xf6\xcf-/\
\xcf\xbd=>~\xf5e\xd4\xf7\xd8\x03\xa9\xe14\xdc\x98\
\xc9lM\xc5G\x0f<\xb5\xb30y'\xb4\x9a\xafH\
\xaf\xdd\xb4!\x1aO\xe9\xdf\xe8C \x874S!\xc8\
\x05C\x10[\x19\x98\x22\x01\x14\x95\x84\x88\xa1 \xea\xd5\
\xa01\xf9 L\xff\xe8\xab\xb0\xff\xbb\xff\x0c{\xef\xf9\
'J\xff\x05\x16\x1e\xfc&\xb8\xcb{ \x86]\xb0\x0d\
\x09\x08d\xfa\x14\xa4\xef\x03\x22\x82>\x05\xea\xf8\xae\xea\
\xb6\x9b\x92\xd4-\xd9i5\x95\xe38\x84J\x05k\xb8\
\xae\x17\x9c\x14\xec\xb8]\xf4\xa4\x14\xc9T6\x94\x19[\
;\x01\xe8\xff\xd2\xf2\xde\x9d\x1fiu\x17\xde\x97\x5c;\
\xf9\xdc\xc8\xe8\xd5#\x00\xe7N\xbc\xf2\xbaP\x0e\x85\xc3\
S\x92b\x01\x12\x87\xc9y@z\x0f\xa4B\x12\xc3\x09\
c\xbb5b(1\x00\xa7\xf1\xaa\xcf|\xbf\xa8|\xff\
\x8b\xb4\xd67:\xad\x9a\x172\x0d\x15\xb1-\x12\xfa\xe4\
\xc1U\x04\xf9\xa0\xad_!\xc97r\x09\xf4\x09\x5cm\
\x00\x92\xfe\xa5\x02\x18h\x82\xf2)5L\x8ce\xf3\xc9\
\xf2\xc2\x81_\xc9\xeeu/\xa1qH\xc67\x13`\x02\
L\x80\x090\x01&\xc0\x04\x1e\x97\x80x\xdcVnd\
\x02L\xe0\x18\x04\xb8\x8a\x090\x01&p\xe1\x13H\x8d\
?%e\x82\xf9k\x22\x1a\xbe*\x12K\x1a\x88\xbd\x8f\
\x04\x88\x08\x88\x18\x04\x88\xd8Ku\x81\xd4\x1e\x9d\x04\x86\
H\xa2\x90RA^\xd7k\x93\x92d\x0b\xaa\xd3y\xc4\
\xde8\x9d\x0f:\x1d\xe3\x81\xd8\xeb\xa3\x9bt?m\xa8\
}\x10\x16\x0c\xac\xbfd\xa4\xbd4\xf3\x06\xa5\xfc_\x19\
\x1e\xdezZNgU\xf6\xdf[\x09{\xce\xff\x17\x1f\
\xda\xf4\xc9\xf9\xbd\x0f\xce\xb5\x9a5i\xa0\x04\x9fD.\
m\xda\x0f\xc4#}\xd2uG\x9b\xf6S\xd7\xe9T\x88\
\x1e3!\xf4YC\x01\x03\xa3\xeb\xe2\xe09\xbf\xd0\xaa\
\xb5_\x97\x9e\xb8i-\xf5;4!\x15N\xd3\x8d\xb1\
\x81\x1b\x07Z\xa6\xf7\xeb\x8d\xe9\x9d\x1f1\xd3\xe9\x17g\
G\xd7\xe5\x0d\x11B\xa1\xfd1\xc4\x8a\x18\xabHs\x92\
A|\xfdu\x11\xc9\x1dR\x90\x10<\xb0\xc1\x81\xb8\xe9\
\x90\xe8\xd7\x84\x88_%q\xb0\x0a\x11U\x85\xb8hC\
\x14\x1d\x12\x9b\x5c\xd0\xfdtd\x88\x87\xf6\xbb\xdb\xed(\
\xdfu\xe8\xff:\xfb\xcb\x07\xf6\xee\xa9,\xce5\xa4\xdf\
Un\xb7\xad\xf4;\x80\x8a\xde\x03\x12!\x0d\x12K\x11\
i\xbd\xdeIAHe\x06\xc3\xb9\xb5\x9b7+\xd7\xfb\
\xb5\xda\xe4#\x9f\xec\xd6\x1b\xefL\x8d7\xb6\xa5\xc6\xaf\
\xcc\x90\x7f\xd4\x91\x9eg\xf1\x96!\xafa\xd8\x91\xed\x8d\
F\xb3K{\xa9\xf4\xd2\x94\xea\x04,+D\xfe\xf8y\
\xc7\x15\xeb\xa8\xa2\xb7\xc9\x949\x1dw\xbbt\xff\xf4\xc0\
\xdau\x9fmTk=!\x92\x14H\xcdM\xdb\x89\xcc\
\xdf\xf7\x15\xd1\x80h4N\xfe\xaa\xab\x9b\xad\xfaoA\
\xea\xca\xf4\x89\xcc\xc3}\x99\x00\x13`\x02L\x80\x090\
\x81'\x22\xb0:\xdbO\xeb\x07\x9c\xd5\x89\x88\xa3b\x02\
L\x80\x090\x01&\xb0\xda\x08\xdcj\xc4b\xa1\xeb\xaa\
\x8b\xb3?\x9bLe\xa3\xa4\xe1\xa1\x16#\x84\x16\x93@\
\x8bI\x08\x88x0\xe8\xbe\xf0\xd0\xaf\xd0e4\xa8\x1f\
uA\x12\xf0\xb4\xe96\x11\x8c\x87\x151\x0a\x00\x91:\
\xc0\x91\x97\x22\xf1C[\xbfV\x8bFz\x9c\x10&\x8d\
C\x12\xaf\x14It\x86\xc8\x8d\xae\x1fj\xcc\x1exm\
\xd7\x0a\xbf\x8c\x84K-\x18\xf5\x87\x9ct\xba\xb0p\x7f\
\xd3h;\xff'R\x18\xfbHuv\xf7~$\xb9\xcc\
\xb4\x0c%,3\x98S\xc7\xa5-(\xd0C\xe7\x95\xd2\
1\x88 \x16D\x0cR]\x8fJ\x00H\x04S\x18\xc1\
\x892\xdf\x97\x14\x99\xc0\x81\xe1u1\xd9j\xfeB\xbb\
\xd5xs~\xfdS6\xd14Hv\x9a\xeemfl\
\xe4\x86\xab\x9a\xf5\xc5wt\x97\xa6\xde\x98\x1e\xddtM\
*\x93\x8f\x90[\xe4\x0c\xa2\xebz\xe0\xba$\xe2\x99\x86\
^OQ^)\xcfW\xbe\xefk\xa1.\x10\xbc\x00\xa8\
+\xf9\xadH\x14\xa4\x00@o\x19\x06\x9e+jA=\
\x8eL\xd0^\xa8\xc0\x5c\xe9\x83G\x02\x9fa\xe8:\xa9\
\x04*\xb7:\xf3\xc8}\xc9T\xe1\x8e\xd4\xf8\xe6W\x81\
T\x9f\xad\xcc<\xf8\xc3z\xa5X5\xd0\xf7M\xd3T\
\xe4\x0f\x19\xd2\xdc\x02\xa4T\xfa\xa4 \xbd_z_\x85\
\xc8\xe6\x0a\x91\xec\xda\x8d\xeb\x11\x8c_\xafN\xed\xf9p\
\xbb\xed\xbf9\xb1\xf6\x86\x9b\x92\xa3[\xb2\x00\xe4\x02=\
\xce\xc6]\xda\xed\xb5\xd1\x87\x1f\x00)h\xa8T\xb0\xaf\
\x88\x08\xd8_\xdc\x8a\xa6\xa4\xe7^3:zs\xa8_\
u\xbaR)\xbc\xef\x16\x86\xc6?\xbe\xb80\xb3@\xfb\
\xa00\xd8/\xda\x17\x0a\x9f\xb6F\xbfV\x07\x97\xa2\xad\
\x09\xde\xaf\x83\x15+\x19\xd2\x00\x01\x84\x22\xbe\x92R\x03\
\xd3\x85\xc1h\xb7^\xfc\xa5d2r\x03uA2\xbe\
\x99\x00\x138U\x02<\x9e\x090\x01&\xb0\x8a\x09\xe8\
O\x1e\xab8<\x0e\x8d\x090\x01&\xc0\x04\x98\x00\x13\
8\x9a@~lv\xb0\xbc\xbc\xfc;\xd1tf\xc22\
m\x12j\x00L\xd3\x04D<h\x87\x8fA\xc4\xc3\x8b\
A\x1f\x12\x98\x0e\xd6\x05\xe2\x18\xf5A\xd4\xf2\x1a\x89\x13\
+-\x88G\x8e[\xa9~T\x22H\x91\xd2v\xa8A\
\x00\x08\x133c\x13\xeb\x8a\x07\x1ey\x1b\xa8\xee/\xc3\
\xe8\xcd\x91C\xed'\x9f\xabV\x1f(GR\xb1?K\
\x8c^\xf6\xa5\x99\xbd\xbb\x97\x95r\x15\xc0\x8a\xa8\xb22\
-\x22\x069D\x0c\x041]\xd01j\xd3ym:\
\x8f\x88\x81\xe0\xa5}\xd7\x06\xa0\xfb\x0b\xc8\xac\x19Ow\
\x9b\xb5_[.\xcd\xbf&2z\xf50\x005\xc0)\
^\x13\xdb\xc2\x89\xe1\xc6\x8d\xcd\x99\xfd\xef\x05\xe9\xffV\
~\xe2\xb2q\xd3\x0e\x1b\x86a\xa2^[\xfb\xa3\xff0\
\x8a6\xe5{\xcaw\x1dY/.\x96+s\xd33\xed\
f\xbd\xa3\xa4\xaf\xf4\x9ey\x9e\x07\xfdK\xe7\xa5\xec\xed\
\x17b/f\xddG\xcf\x85\xd8+#b\x10#\xd5+\
\xa7\xdb\xf4\xcbS\xbb\xf6\x88\xd4\x9a//V\xe6\xff\xbe\
:u\xcf\x7fA6\xf9\x01+\xb7\xf9\xf7\xa1\xdd\xfe\xab\
\xd2\xd4\x83\xfbJ\xc5y\x87DA-R\x11W\x00\xf2\
\x0e\x0c;\x04\x88HuT%,\x04\xb41WX\x13\
\x1d\xd9r\xedUN\xbb\xf5{\xf5\xc9\x87>\xd9i\xc3\
+\xe2k\x9et\xc9\xca>#\x9c\xf1k\xbb\x0b\x02v\
\x01\xc8\x92\xe79\xc1j\x9a\x05\x01\x05\x09\x08V<\x16\
q\xfd\xee\xf5n(\x91\x08\x1aO\xe3cy\xd7\xb7\xeb\
\xae\x12\x7f)\xec\xf0\xbf\x94\x8aK\x1e\xf1&\xf1\x94\xd8\
\x80\x0c\xde7*\x1f\xd7j\xfd~\xdag\x83\xfe\x1d\x9b\
\xd1\xe8p\xa7Q\xff\x95\xfc%\xb7\xc4\x8fk\x02\xee\xc4\
\x04\x98\x00\x13`\x02L\x80\x09\x5c\xb4\x04\xc4E\x1b9\
\x07\xce\x04\x98\x00\x13`\x02L\xe0\x10\x81\x8b'7\xbc\
5\xdaq;/j\xd7\x8a\xdb\xe2\xf1T\xc8\xf1|\x94\
\xd2\x0b\x04\x1f-*\xe9Sb$\x90\x00\x22\x06\xa6\x10\
 0z\x08\xd1\x13\x0c\x03XRAp*N*\xe5\
u\x1d\xfd\xdbqR\x7f\x85\x94\xe6P\x86e\x82\xa4\xfe\
}Sp\xe8\xe3\x06R\xbd6=\x07\x22MNm\x88\
\x06\xd0\xad\xf5?\xe8\x8b\x92$t`(\x12\x15\x85\xb5\
\x1b\x86\xaa\x07&\xdf\x981\xe172\xeb\xb7\xa6\xf4\xb8\
S\xb5\xd2\xee\xef\xd5BF\xe8/\xa2\xf9\xa1\xcf/\xec\
\xd91\xe3\xbb]\x89\x08\x8a|'1\x862\xe4\xa3 \
m\x06\xa5\x82>\x8f\xfe\x9a\xe4\x17\xd5i\xbf%\xa5\x8a\
\x8fU\x0e\xa0\x00\x00\x10\x00IDAT\xfa\xeb>\x18\
\xb0\xd0\xbf\xb7(\x95B!\x0c\x1cX3\x11\x87f\xfb\
\x97\xbd\xb6\xfb\xe6\xd4\xf8S\xf4\xd7M\xf5\xa0\xfe4'\
\x92\x0a\x18\xba\xb6`\xd5\x8a/\xa9\xcf\xee\xfc\xa8\x99J\
?k`d<\x0e\xb4\x06\xd2\xa5\x05,\xcf\xf3i>\
\xed\x8bT\xfa\xb7\x10[\xcdZ\xa7>w\xdfv@\xf3\
Cv<\xf6\xa6nq\xc7\xff\xad\x1cx\xf8\x00\xf8\xbe\
k\x9aB\xf9Z\x00$\xe0\xc2\xb0@\x81\x00\x0a\x17<\
\xe9\x07\xa9a\x184WO\x94\xa2Lp+Ee\xe9\
)\xd7\xed.\xa5\xc77\x7f!\x91\xb2\xee\x82\xe5]u\
j\x94:u\x8b?\xd9\x1e\xcd\x8f\xbf/\x94\xbf\xe4\xf5\
~\xad\xf6\x7f\x8a\x93\x0f>\xdcn4\xda\xa8\x07\xd2\xeb\
c\x18\x08z^r\x17<\x12#\x95\xe7c\xb7\xdb\xc5\
V\xb3-2\xf9B<\xbef\xe2IN\xa5\xf8\xba\xc6\
\xdc\x81?\x8a8\xadW\xc7F\xae\xbd\x0a\x0a[\xb4\xa0\
u\xb2\xcc\xe0\xf8.\xb1\x08f\xe8@\xa7\xd3\x96\xda7\
\xcdA\xf3\x14B`(\x1a3:\xad\xc6\x16\xcfp\xf4\
\x89\xc5\xe3\x9b\xee\x04zU\xf6\xdf]\x8d'\x12\x7f\xdc\
^^\xbe\xdf\xed\xb6|a\xd0\xbf\x11\xa1\xdf=E\xb3\
P\x9e\x9e\xbd[\x97\xb5\xad\x94\x88\x88\xf6S\x97\x84\xe8\
\xf5\xd3\xdb\xe9\xd3{\x17\x8e&\x84S+?M\xb9\xc6\
O\xc3\x96-\xb6\xee\xc3\xc6\x04\x98\x00\x13`\x02L\x80\
\x090\x81c\x11\xe8}\x8a8V\x0b\xd71\x81\x8b\x82\
\x00\x07\xc9\x04\x98\x00\x13\xb8\xa8\x08`\x0c\xfd\xcd\x8d\xf9\
\xc9\x97e\x07\x87sh\x98\x81H\xa3E\x05-\x82(\
\xa5H\xe0\x22\xb5a\x05\x89.\xeb,\x22R\xbd\x16\x9b\
\xb4\xe8\x04\x94\xc7`\x9c\xfe\xc3\x11]\xa7#\x1b\xcdF\
\xb9\xd9l\xeem\xd6+m\xc7\xe9\x06'\xd0\xf4|\xae\
\xeb\x06b\x19\xd0\xa5\xe7\xea\x1b\x15\x1f\xf3\xd6}\x10i\
=C\x8bT\x08 ,\xcc\x8c\xad]_\x9e?\xf0\x0e\
\x13c/:]\x22\xc7\xf2\xe47\xe7Z-\xe7S\x10\
/|yy\xff\x9e\xa2\xf4\x9c\x83~\xfb\xfaw\x04A\
\x05>\x22b\x90\x1e\xfd@\xec\x0b7\x87Z\x84\x10\x01\
\x17\x14$\x86\x92\x9088>\x91u\xdb\xf5\xdfr\x9c\
\xe6\xab\x077<\xb9p\xa8\xe7\xf1\xe7\xd2C7\x8d\xdb\
N\xf7\xcdni\xf6\x8e\xd4\x9aK\xaeOg\xf2Q\xa9\
w\x00Ia\xd3B\x1e\xedY(\x14\x02AkK\xcf\
U\x0b\xf3\xa4m\x15\xe7\xbf\x1e\xcb]\xfev\xc8\x0d|\
\xda\xa9\x0d\xff\xdfh~\xd3[A$>V\x9e~\xe0\
\xde\xe5\x85\x99\x0e\xca\xae\xef\xb9\x1d\xdaP\x8f\xcc\x0f\xbe\
\x86\x8a\x14\xae\xfeP\xd8\xe7\xaf\xf7\x0f\x11{\xf3\x92\xda\
\xd4\xedtT8\x12YL\xa5\x13\xdf\xaaN=P\x81\
#/\xd9Z\xde>\xd7]\xbe\xef_!\x9ez\x13$\
'\xde\xe8\x94\xe7\xff\xad8\xf9p\xb1\xd1(\xf9 ]\
%Il4M\x13\xb4)a\x04\xa3\x11\x05\x9aF\x18\
\xedP\xc2\xc8Ol(\xa4FF\x9f\xd9^\x9e}g\
sf\xdfG\xc1\xf1^\x12\xcel\x19\x03\xd8j\x05\x9d\
\xcf\xc0\xa3\x11\xaf\xd7D<\xfe\x93N\xbbIZ\x1a\xa1\
P\x0a\x10{\xfbj\xd0{\x07\x9d\xf6\x00\x09\xdd\xfad\
\xe7\x19X\x1dT-\xd9\xba72\xbc\xf6#\xe5\xb9\xd9\
y\xc7i+Ri\x8f{\x1d\xc4\xde{i\x18\xfaW\
\x1d!\x10Y\xedP\x04\x07'\xd6\x8fv;\xb5\xd7\xe6\
\xfdA-@\x1f\xf7|\xdc\x91\x090\x01&\xc0\x04\x98\
\xc0\xc5A\x80\xa3\xec\x13\xd0\x9f\xfb\xfayN\x99\x00\x13\
`\x02L\x80\x090\x81UL 9\xba%\xe3t\xdd\
\xdf\x80X|\xb3a\x85P_6\x09\x82\x960\x02\x11\
D\x87\xae\xc5 \x9dB \x86)\x92\x9b\xb0'\x16!\
\x06\xd5\xbd\xf6\xde\xc7\x07\xcb\x10P\x99\x9b)\x99\xa6\xfd\
\xb9T6\xf9j\xa7T\xbc\xab\xb28_\xd6'\xc2\x04\
=l\xcb\x02=*\xb0\x83\xe3u\xa97>\x98p\xe5\
\xa1\xc5(m\xba(H\xd82\xd0\x04\xb7\xeb\x81\xe7+\
Thbfpldij\xef\xdb\x0an\xe1W\x0b\
[\xb6\xe9Sc\xba\xeb\xa9YmG\x09\x22\xf6\x97 \
\x9a\xfetij\xe7\x0cH_\x22i+\x06\x89VH\
\x19\x92\xc9\x8e\x103\x0f_L\x9f\x1c\xd4\xa6y\xf4M\
\xb7\xeb\xbcN%(\x04a\xe2\xe8\xf8\xa6D\xbbR\xfe\
\xf5V\xd7\x7f}v\xc3\xd3H\xdc\x82\xe3\xbb&\xb6\x85\
\xb3k\x9f|s\xa52\xff~\xa7V}Yvt\xfd\
\xa8\x1d\x0e\xf7\x14R_\x82\xe3t\xc0\xf3z_o\xf5\
H\x04$!\xd0/N\xedY\x84v\xf7/Rk\xd6\
\xde\xd1,z\xdf\x84\xe9{\xda\x00w{\xad\xe5]\xb3\
\x90\x8b\xffi$\xb3\xee\xf5\xe0I\x8au\xc7\xdd\x95\xa9\
\x07w.\xef{d\xbe\xb4\xb8X\xabUJ\xedV\xa3\
\xd6\xadVJ\xddv\x93\x841\xdfS\x86!@\x0bx\
}Q0\x1c\x8b\x8a\xf2\xccL\xc1\xeb\xfa\x1b`\xdb6\
\xe31\x82\x90\xd0\xd8\xbd\x04\xb5\xe8\x7f@*\xff&\x88\
\xe5\xde\xd8)\xce\xfc\xdd\xd2\xbe\x9dS\xddV\xbd+\x88\
&\x22*+d\x82\x15\xb2A\x7f\xa5Y\x08\x03|_\
\x22i\x85\x84<$r\x13\x1bS\xb1\xc1\xf1\xa7B\xb5\
x{\xa7\xbc\xf8)\xab\xd0\xfd\xf5P\xfe\xea\xcd01\
\x11~\x8c5O\xbez\xf7n\xc7\xb6\xa3?R\xedv\
\x13\xa4\xa7\x04\xe0\xca\x5c\x82v\x8f\xf2\x86\x11\xf5=\xef\
4\xff\xee\xe3\xca\x12:\xd9\xb1\xc3\xb1\xcd\xce\x7f\x88X\
\xf2\x9f\x1a\xd5\xaaC\xef\x0eq\xd7h\xa5\xfe\xc20\xf9\
@\xff\x0a\x95\xee\x88\xbd<\xb9\x84T>\xdc$\xf8\x00\
(A\xb3\xb4\x0c\x0bB\x91\xb8A\x9by\x9d\x09\xeaE\
\xa7K8\x07\xbe\x98\xc0j \xc010\x01&\xc0\x04\
\x98\xc0\x11\x04\xc4\x11%.0\x01&\xc0\x04\x98\x00\x13\
`\x02\xab\x95\x80\xb0\x8c\xf45n\xa3\xfa\x0b\xc9l>\
&\x84@-\xf4\xf4\x83%!\x82\xa4\x1a\xd5/\x06)\
\x097A\xda{\x1cjS\xca\xd7\x7f\xa8B5\x9bU\
\x09~\xfbG>\xc0\xff*\xed\x1b\xffz$;p;\
t:\xff\xb483\xd5\x06Rw,\xcb\x00}\x12L\
\xaf#eo\x16=\xa7^\xabWz\xf4S\xb7\xe9\xfe\
:%\x1fA\xf7\x17\x86\x05v(*\x12\x03k6/\
\xcd\xec\x7f\xa7\xdf\x95/\x80\x8d\xcf\x0b=z\xf4I\xd4\
,\xed\x98'\x1e\x9f\xb5\xf3\x13\xffsyro\x11\xa4\
T\xb4\xa6\xf2}?\xe0!\xfb\x8e\x1f6\xb5\xf6M\x17\
uJ}\x03\x1fu\xf9\xa0\x918c\x18\x06\x08\x12\x15\
}%p`\xcdX\xa1>\xbb\xff\x95\x8dZ\xe5U\xf1\
\xa1k\x9f\xf8\x84\xe0\xe8\xcd\x11R\x10\x9fS\x9a\xd9\xfb\
\x19+l\xfdBal\x22#\x0c{E\xa1\xd2\x02\x91\
\x02=?\x19\xf9\xe9\xa9V\xa3\xe2\x97\xa6\x1e\x9c\x02+\
\xfc\xe9H&\xf1\xde\xea\xdc\x8f\xb7\x03\xec\xe8)\x85}\
\xa7\x96v4\xda\xe5\x9f|\x07\xba\xd1;!4\xf4\x0a\
\x08\x0f\xfe>\x98\xd1w)\xd7\xfdR\xb7X\xfa\xbb\xf6\
\xd2\xf2\xbfJ\x89\xff\xe6\xbb\xce\xaev\xbb\xe5\xd2\xc4\x9a\
C\x7f4-*\x00\xa2\xe1\xec\xcc\xcc\x81'g\xee\xab\
\xc7\x0e5\x1c+\xb7\xdd\x85\xea\xae}\xd0|\xf8\xaf\xa0\
0\xfa\x1a#=\xf4\xae\xe6\xe2\xfc7\x16\xf7=\x5c\xe9\
\xb6\xeb\x92tbRx\x95\xd2l5\xe7P(\x14\xb0\
\x02\x81h\x98!\x8c\xa7s\xa1\xc2\x86\xcbG\xa3k\xc6\
^\xe0\x16\x17?\xd8\xad\x15?\x10\xe9f^\x10\x1f\xbc\
j\x00\xe0V\xad\x96\x1dk\xd1c\xd6=A\xa5\x12\x86\
\xf8\x09\xa9\x91EO\x7f}Y\x1dz\xc7\x0d\x14(\xec\
p\xa8U\xadn\x01\xd8j>\xc1<'\xdd\x5c\x9dz\
\xa0\x9c+\x14\xfe\xd8\xedtwyNG\xfa\x8e\x0b\xfa\
\xbd\xd7\x13*\xf2\x07\x91\x84@Ju\x19\x11urL\
3\x05\xa9\xd8\xd4\xaf\xe38\x18Of\xc3\xf3\xb3\x93\xff\
#\xdf\xce\xf0\xe9\xc0c\xd2\xe2J&\xc0\x04\x98\x00\x13\
`\x02L\x80>\xd91\x04&\xc0\x04\x98\x00\x13`\x02\
\xab\x8a\x00\x07s\x0c\x02\x83\x1b\x9e\x9co\xb6k\xbf\x09\
\xa1\xf0\x1a\xc3\xb4I\x8f\x01\xd0'\xdb\xfa]\x11\x11\x10\
\xb1_\xa4T\xe7\xb5Q6\xb8{\xa2\x84\x16(\x84@\
E:\x9f\xaa\xcfM\xcf\x19\x99\xa1?\xef.&&\x01\
\xee\xf2\xdb\xa5\x07g\xe2\x83\xa3\x1f\x83v\xe3\xef\xcb\xa5\
\xc5\x06\x09K$\xf8x\x81p\xa5e\x16\x05\xfac\x87\
\xa4u\x14(\xcak\x0b\xa6>\xec\x81\xd8[S\xf7G\
!\xc04\x0c\x10T\xa7\xbfr\x1c\x8d\xc60\x93\x1b\x5c\
[:\xb0\xef]\x19\xbfz+\x0co\x8d\xc2i\xb8j\
\xd3\xf7\x94\x92\x91\xc4\x97\xc2\xf9\xc1/\x16\xf7\xed\x9e7\
\x14Ix\x81\xf4F\x1e\x92\x0f:fr\x02T\xe0\x9a\
\xa0\x15\x05\x90T\x08\xa4\xf3Q\xbew#\x22 \x92\x81\
\x04\x03\x05\xa0\x02\xf0\x1c\x1f\xb4\xc8\xe4\x92\xbe\x98\x1b\xdb\
\x90t\x8a\x8b/u\x1c\xe7\xf7c\x85\xeb\x87z\xa3\x1e\
\xf5\x14\xd9\x91\x1bG\xe3^\xf7e\xf5\x85\xa9\xf7\xc4\xf3\
\x03W%Sy[\xa1@\xbd\x9eK\x02\xab+=\x00\
\x83\x9c#\xe1G\x0b\xae\xb5\xf2R\xb3\xb58\xfb\xdfv\
v\xdd[!\x9c\xf8B\xbb\xf8\xf0,\xcdJ\xab\xd3\xf3\
\xd17\xd5\xefh@w\xf7^\xe8\xec\xf9oRt\xff\
\x12\x22\xf1\x0f\xc0`\xfe\xf50\x90}\x95\x85\xf0\x1a\xb4\
\xac;\x9b\x0b\x93\xb3\x8a\x04_\xbd\x84>\xfd\xa9c \
\xe1\x0e\xd3\xa9\xb4\x0d\x8d\xe5\x9b\x9a\xd8\x1e}\xf4\xd4\xc7\
\xac\xf1ai\xc7\xbc\x9fn\xffMbx\xfc5\xa1\xec\
\xc0\xbb\xebsS_[\xdc\xbds\xc1\xe9\xb6=)}\
\xf2G)\xd7\xf7H\x8f\xf3I8\xb6\x80\x96\x05\xdf\xa5\
\x18\x05b(\x1c1r\x13\x1b\xf2f,\xfe\xfc\xf6\xdc\
\xbe\x0f4\xca\xb5\x0fE\xc7\xf6\xfeld\xf4\xea\x118\
M\xa2`X\x98\x8b\x10\x8a\xecu\xbb\x8eT$Q\xea\
\x7f\x13\x06` \x04\xdb\xb6%d\xa3<\x01\xd9j\xe4\
\x98\xd1\x9d\xa6\xcaP\xc7\xdd\x99)\x8c|\xb62?\xb3\
\x84\xb4\xb5\x88\x18\xcc\x8c\x88\xa4M\xcb\xc0\x17]\x11\xbc\
\x87\xa0(\xab\x8d\xf4Y\xa5\x82\xf7L\xbfk\xc1\xbb)\
\x10<W\x82e\xda\x08\x88\x97:N\xe7\xd72\x99\xd3\
\xf3;\x9b\xb4(\xdfL\x80\x090\x01&\xc0\x04\x98\xc0\
*\x22 VQ,\x1c\xcaEO\x80\x010\x01&\xc0\
\x04\x98\xc0\xb1\x09\xdcj\xf8\xca\xbe\xa1\xb3\xb4\xf4\xf4D\
\x22e\x0aa\xa0\xee\xd7\x13\x17t\x0e\x0e\x0a\x0e\xbd\xd2\
\xa3\x9f\xba/\x22\x82 q\xcc\xf3\x1dX^^\xe8\x90\
\xf8\xf4\xcf\x11\xdb\xfc\xaa\xfe**\xf4.\xd9X\xf8\xe1\
O\xe2Cc\x1f\xf0k\xa5\xaf..Nw=\xa7\xab\
\xa4\x16\xb0\xa8\xdd\xf7}z\x1e\xba\xf5\x9c\x87J\xbd\x9c\
R\xfe\xa3|\xd1k\x22\x92\xcbh\x90n\x930R\x85\
\x81\xcb\xca3\x93\xb7\x0f\xc4\x92\xcf=]_\x85\x5c>\
\xf0\xedY\xd3\x10\x9f2S\xb9?\x9d\xdb\xfd\x93\xa2\xdb\
m))}E\x22X \xc8\x00]:OIp#\
\x92?A\xee\xd0C\xc7\xd37\x00Az\x0c\x06\xb1h\
\xff\x0d+$\x86\xd6o\x1etJ\xc5W\xba\xd2\xfd\xed\
\xd4\xf8S2\x87F\xea\xdc\xadFj\xfc\xba\x89z\xbb\
\xfa\xa6\xc6\xd2\xec\xbbrk7]\x19\x89\xa5\x0d4L\
\xd4s\xea\x1e\x86a\xe8\x84\x843\x8f09ryj\
oI6\xbb\x7f\x13\x1bX\xfbF\xa7\x14\xfa;\xa8\xed\
(Q\x07E\xf6D\xb7\xeeC\x9b1\xdd\x86\xea\x03e\
X\xb8\x7f\x11\x16\x1f\x5c 1\xf7\x00\xbd\x19_\x03\xb0\
\x7f\xe2{\x0e\x85+\x95\x16\x02M\xd3\xec\xc5aj\x91\
\xc9Z\xe7)\xf7)\x00'\xf0[~\xfb\xf7w\xea\xb3\
\xdbwv\x8b\xa1/\x84\x0a\x13\xbf'\xd2\xf9\x0fT\xa7\
\xf7\x7f{yrO\xc9\xed6}C\x90\xaa%\xa5\xa2\
\x8b\x98\x91k\xb4\xcf:\x00!\x0c\x14\x86\x8d\xa9l!\
\x9c\x9d\xd8\xb2\xc9H\x84_\xd2:\xb0\xff\x13\xedJ\xfd\
\xf6\xf0\xe8\xbe\xa7&G\xb7\xe8?\xee!t\xdf\x935\
iE\x1av<\xf5\xa3f\xa3\xd61Q\x04{-\xe8\
\x1dGD\xb0\xed0M[\x1b\x84\x96\x91\xa3\xcc\x19\xbb\
\xa7\xa7\xefi[\x86\xfb\x0f\x22\x1a\xf9F\xb3Q\xf5=\
\xcf%\x14*\x10\x92\x11\x11\xb4?T\x11\xec\x81Na\
\xe5B\xc4\x95\x5c/\xd1m\xba\xaf n\xd9\xdc@\xac\
\xd9\xaa\xfd*f\xed\xcb{\xad\xfcd\x02L\x80\x090\
\x01&\xb0\xda\x08p<\xa7B@\x9c\xca`\x1e\xcb\x04\
\x98\x00\x13`\x02L\x80\x09\x9c\xff\x04r\xa3\xd3C\xb5\
j\xe9\xa5v6;(\xd0D\xe5\xcb\xc0i}\xb2M\
\x92\x9e\xa0\x0d\xb1'\x5c\x05\x0d\x87=\xb4\xc0\xd0/\x0a\
!\x00\x0d\x12L\x94\x92~\xb5z_zp\xfcK\x8d\
\x85\xfb\x97\xfb\xed+\xa9j\xcc\xa7\x1e\x8e\xaeY\xf7>\
Y+}\xa5Q\xaf\xb6\x90\xa6F\xa1\xc0\xb2\x0dP \
\x00\xd0\x00\x04\x09\x02\x15\x1c\xba\xa8\x9e\x0a\x88\x08H\xf5\
\xba]\x1bP?\xaa\x06C\x08 \x95\x04\x1c\xd7\x05a\
\x860\x96)lX\x9c\xde\xfb\xee5\xee\xe0\xcf\x9c\xae\
\xaf\x0c7\xe6\x7f\xbcd'3\x9f3S\x03_\xaa\xce\
\xec[\xb0\x0cT\x96e)\xc3\xb4\xc9\x0d\xf2Ki\x1f\
%\xb9\xa3\x0d@\x91\x86E\x85#nD\x0c\xca:\x06\
X\xf1=\xa8\xa0\xf8=\xa9\xb0\xb0nC\xde)\xce\xbe\
\xb2^-\xbe<\x9d\xbe&\x1d\xb4Ml\x0b\xa7G\xa7\
\x9fR]X\xfc\x90[o\xfc\xea\xe0\xdaMyC\x90\
\xf0\x06\x84Bo\x8e\x0ft\x89`=ZS\xb5\x9bU\
\xaf2\xbdc\x07\xc4\x12\x1f\x0c\x0f\x16\xde\xdb\x5c\xfc\xf1\
\x03\x00\xdb]\xeat\xcawcDTB\x85\xc1\xff\xa8\
\x14K-S \x90\xcf$F\x19\xc1\xdaR\x02\xc6\x07\
\xd7dd\xbd\xf5\xfc\xc8\x88;x\xe2\x8bmw\xbbK\
?\xda#C\xe6\xff\x8c\x0fN\xfc\x81H\xa5\xdf_\x9d\
\xd9\xf3\xdf\xcb\xfb\xf7,\x0b\xf0|R\xe2\x14\xc9\xaf\xa0\
\xdf\x15 \xd6\x08\x06H\x8f\xde\x11\x89\x88\x86\x81\x89D\
\xc6\xce\xac\xdd<\x0e\x80\xbf\xd2\x99\xde\xfd\xe9ZM\xbe\
#1|\xdd\xcd\xe9\x89\x80#\xc2I\x5c\x95\xe8b+\
\x14\x8a|\x0f\xda\xcd\xb2\xde\xb3\xbeI\x1d\xaci\xd0\x8c\
\x98\x05\xafIk\x82\xde|*\x9f\x99{q\xdf\xf7\x96\
\xedp\xf4\x8f[K\x0b\xfb\x95\xef*\xa4\xb0\x0da\x1d\
\x5cL\x97\xb5\x01\xe80\xb5Ap\x11\x99 \xd5\x0f!\
\x04\xb5\xca`\xafL\xc3\xa6T\x0e\x0b\x10/\x1e\x1d\xbd\
\xf9\x8c\x9el\xd4k\xb31\x81\xb3J\x80\x17c\x02L\
\x80\x090\x81S& Ny\x06\x9e\x80\x090\x01&\
\xc0\x04\x98\x00\x138\x8f\x09\xdcjt\xbd\xce\xcdN\xa3\
\xfc\xb4D2\x1b\xea\xebW\x87\x8b\x08}\xe7\x8f\xae#\
\xe1\x09\xb4\xc0\xa0SmZ !S\xd5r\xb1\x11\x1b\
Y\xfb7\x95|\xf3A\x1a+\xc9\x8e\xba\xef\xf6Zs\
\xdb\xefMOly\x8fS.\xffW\xb5\xbc\xd4U\xbe\
\xfeJ(\x90\xde#A\x9f6\x03\xd2V\x10\x8d\xa3\xc6\
\xf5\x8b\x0a\xb4/zM]\xa3\x05\x1a\x9dj_\x902\
\x86aA(\x123\xe2\xc9\xe4\x15sS\x8f\xbc+\xd3\
)?\x13\xb6l\xb1\xa9\xe9\x94\xef\xd6\x81o\xcf\xe6\xf2\
\xe9OE\x07'\xfetajrY\xf9\xa4F)\xad\
S\xc9\x83>\x1d\xee\xdbc-H\x9cH\x8cQ\x01?\
\xed\xb7\x8e\xc50\x0c@\xc3\x14\xf9\x89\xf5#\xb2:\xf3\
\x07\x15\xb7\xf9\x9b\xe9\xa1\x9b&b\xad\xea\xad\x95\xe9=\
\x1f\x8a\xa4b?7\xb4v}\x16\xd1\x14`\x08\xd4'\
)\xf5<\x86A\xb2\xa8\xeb(\xf2\x85\xf4\xd5\xa5v\xb7\
8\xf7\xadP~\xe3; \x1a\xf9|g\xee\xc7\x93\xe4\
\x83$;=\xf7\xf6\xedn$\x9e\xfco\xe8\xb4f}\
\x12\xa5\x80\xe4[\xed\x07\x22\x02J\x84X,e\x81\xf4\
o\x08\x9b\x91\xabh\xc1\x93\xf9\x1c\xa9`\xe1\xfefc\
\xe1\x87\x0f\xca\xac\xfb\xb9\xf8\xd0\xba\xd7\x8ad\xee\x13\xc5\
\xc9\x87\x7fP\x9c;P\xf3\xbd\xb6\xaf\x94T\xae\xd7U\
\x82\xc4-\xcdL\xd1K\x8b`\x80iZhZa\x91\
\x1b\x1c\x8e\xe7\xd6]~9\xf8\xedW\xd6g\xf7}\xb2\
Q\xf7^\x1d_\xf3\xa4Ka\xf0*\xfd[\x86\x08'\
r\xed\xd8\xe1\x86B\xd6C\x00\xee\x82\xeb\x11cZK\
\x09\x9a\x82\x0c\x81\xc0C,\x0d\x86}\x0d\xa4\xaeL\x01\
\xd0KK\x8f3t\xfb\x1d\xe5\x7fW\xa4\x07\xff\xb2\xb8\
\xb4P\xeft\xdaA\xfc:vm\xfd5\x11\xb1\x9f\x0d\
\xd2\xc3\xdbt^\x1b\x22j\x19\x1a\xe3\x89\xb4\xb5<;\
\xf5\xecn8v)u>r U\xf0\xcd\x04\x98\x00\
\x13`\x02L\x80\x09\x5c\xbc\x04N\xe6C\xdc\xc5K\x8b\
#g\x02L\x80\x090\x81\xb3M\x80\xd7;E\x02\xf1\
\xc1]\xb9V\xab\xfa\x8b\x91d*-\xa5\x0a\xc48=\
\xa5\x16\x0d\x82\x94\xf4\x0dE\xa6\xf3G\x1b\x22\x06\x82\x96\
\xae\xf7\xa4>\x9e\xa6\x94t\xda\x9et\xbc\xefFB\xe1\
\x7f\x05\x12\x8et\xdbc\x98\xac\xec\xb7\x1fL\x0e\x8d\xbd\
\xb7[\x5c\xf8\xafV\xadF\x82 (-\xf8\xaa\xb6\xdf\
\x00\x00\x10\x00IDAT\xee\x98\xa6\x09\x92D\x17R\
\xd7\x0e\x1b*\xa9\x88\x81\x01 \xe8\x0b\xb1\x97*\xea\xab\
P\xea*\xd0\x02\x91\x942H#\xf1\xb4\x88%\xb3[\
\xcaKs\xef\x1bt\xb3\xcf>]\x82\xe0\xc2\x9e\xef,\
\x81\xaf>\x0b\xe1\xc8\x9f/\xec\xd9U&\xf1\x8b\x84\x19\
Z\x9e\xfcA4\x88\x09\xf9E\xa9T\x9aO\xcf\xa8\xf5\
\x88\x1b\x11\x01\x11\xa9NR\xaa\x00\x95\xe8\x8d\xd3\xac\x85\
\x85\x85u\x97\x0f\x03\xf8o\xa4\xb8>\xdb,-\xdd\x9e\
X\xb3\xe6\xdaD*g\x81\xd2\x83$t\xbb\xdd F\
0\x00<\x12\xe5\x84\xa1T\xf9\xc0\x9e\x12\xb4*\xff\x9f\
\x95\x1e~Cw\xb9\xf5\xefZT\xa3\x05N\xfb-]\
\xff\x00\xc42\xdfj4\xea\x8eM\xba\xa4\x16\x04\x89\x07\
h\xeeJ!\x842\xa9\x5c\xb7\xd3zn\xfe\x92[b\
\xa7\xb4\xf8\xee\xdd\xdd\xc6\xfc};\xa4\xb2?o\xe5\xd6\
\xbd\x16\xa4\xfa\x5ce\xf2\xfe\x1f-\xcfM\xd5\x05\x92 \
\xe8\x90<\xa6<0\xe8}\xd1\xef\x00\x10C\xe9\xfb\xa0\
$\x06oC*\xbf&\x92\x1e\xddp\xadW)\xbf\xb6\
17\xfdi\xcbW\xbf\x1b\x1f\xbc\xee\xf2\x95\xdf\x92\xd4\
\xf0\x8f\xc7=\xe5\xfa\xb8\x08\x10\x9ash=D\x04\x1d\
c\x7f\xa0\x9d[\x93\x04\xdb\xfa\x85x$\xf4+\xd1\xc1\
k~6:t\xcd\xf5\x91\x91\xabF\x0b\x85-q\xea\
#\xc8N\xdf\xbd\xb4\xa3\x91I\xe7\xff\x0ft\xdd\x1d\xa6\
@\x22-\xc1 \xe1\x9b^w\x12\xf7\x14\xbd\x1ap0\
=zQTT#U\xf0\xce\xf4\xf6I\x82I\xe2)\
\xda\xf6FO\xb6o\xcd\xac\xff\xa9$\xf5\xe0\x9b\x090\
\x01&\xc0\x04\x98\x00\x13`\x02\x01\x81\xd3\xfb!&\x98\
\x92\x1fL\xe0t\x10\xe09\x98\x00\x13`\x02L\xe0\x94\
\x09l\xddjE\xe3\xa9'\xcbv\xeb\xc6T*m\xd0\
\x85t\x81\xb6\xe3\x99[\x0b0\xfaT\x98\x16\x17h,\
8n\x07\x8a\x93{g\xc1\xb2\xbf\xbc\xbc\xb7\xb4\xff\x89\
\xe7\xb8\xdb\xab\xcd\xff`\xbb\x95\x1czO\xbbx\xe0;\
\x8dJ\xd1Q\xd2#a\xad\xf7\xf1C\x0b^z\xfe\xfe\
<z=m\xfdr?=T'\x03\xb1C\xfb\xd2k\
C\x08\xc7\x93f8\x16\xbffaf\xfa\xf6\x01w\xe0\
i\xa7I\x10T\xad\xe5\x1f\xcfF\x92\xd9?2\xd3\x83\
\x7f\xbe\xb4\xef\x91\x92\xf2\xbd@\x9c\xd1\xbe\xf4\xad\xcf\xb1\
\x9f\xf6|\x82\xc7\xe4\xab\xc7i\x11T\x08\x13\x84\x192\
\x0a\x03kF}\xf0\x9f30>\xb1!\x14IX\x02\
\xcd\xe0\x0f\x85HR\x7fL\x12\xc0t\xea\xbb\x8e\xea\xb4\
\x1b~\xf9\xc0\xae\x87!\x95\xfdX4?\xf1\x1e\xb7\xb2\
\xe3^\x80\xdd]8CWmz\xb4\x9aH%\xff\xd1\
)-/\xf9\xbeOn+\xd0\xbe \x08\x90\x00\xa8\x7f\
w\xb2UZ~\x0a8@\x82&\x9c\xea\xa5\xa0ro\
\xc5-\xde\xfbC\x88\x0d|(2x\xc5k\xc0\x81/\
\x97\xf6=\xf0\x93\xf2\xd2t\xcd\xeb\xb4|%]%I\
\x10%G@s\xd1\x0b\x12s\xb4\xcc0\x86\x22q#\
\xbfvc!\xb2f\xf8\xe9nq\xe1m\x8d\xc5\xe9\x8f\
F\xa5\xff[\xc9\xd1k6\xc2\xc4DX\xf7}\x22\xa3\
\xc9\x91D\xbfJ\xbb\xd3Q>(\xa0\xb9W\xde3\x13\
\xe3\x89\x84\x1d\x89\x84nl,\xcf\xbf\xa7\xb5p\xe0\xb3\
\xad\xf9\xc9\xff\xd9.\xd7>\xe5\x84\x22\xbf\x9f\x19\xbb\xe1\
\x96\xf8\xd0\xb5\x85\xd3\xf5\xc7L\xb4\x9f\x193\xb2/7\
\xbe\xfe\xaf*\xe5\xe5\xba\xe7y\xca\xf7]\x12'{>\
i\xbft\x9f\xe31\xdd\xd74lL\xa5s\x91jy\
\xfe\xe7\x0d\xecl<\x9eq\xdc\x87\x090\x01&\xc0\x04\
\x98\xc0\xb9!\xc0\xab\x9em\x02\xbdO\xe3g{U^\
\x8f\x090\x01&\xc0\x04\x98\x00\x138\xe3\x04F\xaa\x89\
\xc1V\xab\xf5[\x91t~PBp\xd4\x88D\x0e$\
\xb1\xe3\xd0\xd2H\xf2\x8e\xb6C5\xfd\x9c:\xd8O\x9f\
\xc6#SN\xbb%A\xd8\xff\x05`\x7f\x0d`\x87\xd3\
\xef\xf9\x04\xa9t7E~\x94\x18\xbe\xec\xf6vq\xf6\
\x9bn\xbb\xe5\xd0z\xca4\x90<\xd2\xbeP*\xfa\x1f\
G\x14\x90\xe2\x16\x18\x1cv!R?\xd5\xab\xd0\x82\x10\
\x22R\x1c&\x90NE>\x1a\x18\x8b\xa70\x1a\x8f_\
\xb383\xf9\xfeL-\xfa,\x80m&\x9c\x86\xab=\
\xf3\xbd\x99T<\xfe1+?\xf8\x17\xc5\xd9\xa9\x0a\xb9\
\xac\x10\x11\x00\x0d\xa0\xe7\x8a\xff\xda1Ib\x19\x90h\
C\x91\x91\x90\xa7}\x84G]\x92|\x06\x1aC1\x92\
\xe4\x144\x0b\x03#\xd1\x98\x81\x86)L4\xd0\xf3H\
\x1a\xf4}\x90\x084\x1f\xc9n\xd2W\x95\xf2b\xbb\xb5\
4\xf9\xad\xc8\xc0\xd8;\xc1\x90\x9f\xd3\x22e0\xf6\x8c\
>\xee\xf2=\xe1n\x07\x14;}\xcfQB\x91C\xb4\
\x9e\xa0}\xeat\xba`\x18\x16\x00\xe2x\xc7q\x9fq\
\xbaX\x03\x80\x82\xf2\xf6j{\xe1G\xdf\x87\x90\xf5A\
3=\xf6\x07\xd0j|\xb9:\xf3\xe0\x03\xcb\x0b\xb3u\
}R\x0e\x94\xaf<\xe2cY\x16q4AR\xdeq\
\x1cz\x0f|\x0c\xdbQ#5\xba.\x17-\x0c>\xa3\
5?\xfb\xf6\xda\xfc\xd2G\xadf\xf2\x97\xc2C\xd7L\
\x00<\xf6W\xc8\x93\xa37g\x15\xe2S\x9df}C\
8\x14\x11\xe4\x07\xed\xa3\x0f \xf5>)\xda3\x03\xc3\
\x91\xb8\x95\x19\x19\xcbf\xd6n\x1eN\x8fn\xd8b\x87\
#/\xa8NO\xdfV>\xb0\xf7\x13\x9dn\xe7\x8d\x91\
\x81Gn\x82\xfc%\x09\x1a\xdb\x03E\x99\x93\xbdw\xef\
\xfe\xb7\xaea\xf8\xff\x86\xc2\xba\xcfw;>\x22M)\
\xd4\xc1\xe9\xf4\x09@m\x07+@\xbb\xac\xadW\xa3\xa8\
;\x08\x04\x0c2\x08$\x08\x82t\xbc1\xd7\xe9<\xf7\
\x84\xfe\xe8Ko:~2\x813O\x80W`\x02L\
\x80\x090\x81sB\xe0\xd0\xa7\x87s\xb2</\xca\x04\
\x98\x00\x13`\x02L\x80\x09\x9c!\x02BY\xc6u\x8d\
\xea\xd2-\x91x\xdcF$\x81\x80L\x9f\xacB\xc4\xe3\
Z\x12\xb1\xd7\xcf\xf3<\xd0\xa2P\xabR\x9e\x0d\xe5r\
\x7f\x03\xd5\x07*\xc75A\xbf\xd3\xf6\xedn}v\xf4\
{\x89\xf1MwT\xe7\xa6\xbeS+\x15\x1d\xe5{\x0a\
Q\x91\xa6\x84\xe0\x93\xa8\xd3\xef\xfaD\xa9\xa2\x0e\xfat\
\x9d6\xc30\xa8\x04 ,\x1b\xa3\xf1\x8c\x15\x8eD\xb6\
\x96\xe7f\xdf\x95\x1an<\x036n\x0c\x05\x8d\xa7\xf6\
P\xc5\xe9{f\x12\xa9\xcc\xc7\xadd\xfe\xaf\xe6'\xf7\
U@\xbaJI\x8f\x04\xa3\x9eX\xa4\x94\x0ab@\xc4\
`%!\x1e\xfb\xa3\x95\xee\xab;!\xf6DC\xc4\xde\
\x18]\xaf\xcdD\x01\x06 \x099\x14\x9d\xef\xfa\xa5\xa9\
\xbdEh6\xff\xca\x1eX\xfb\xda\xf6\xa2\xfa'(\xed\
\xae\xe9\xf1g\xc3\xdaf\xa6\x18\xcb\xe6\xbfV\xafV\x1d\
rH\xe95}P\x80\x88\xa0\xd0\xc0Dn \xd5\xa8\
\x95\x7f6\xba\xb6^\xd0m'j\x8f\xd3_Bc\xf7\
\x92W\xd9\xf9MH\x0e}\xc0\x8c\xaf{=4\xeb\x7f\
\xba\xb4\xef\x07?).\xcf7<\xaf\xeb{nWI\
\xdf\x05-\x0a\xeaw@\xb3C\xba\xacPHD\xe3i\
+\xbf\xfe\x92\xe1H&\xf3<wi\xfa\xceNi\xe9\
\x83\x91\xe1\xd0/\x84\x87\xb7\x8e\x03\x1c.\x12\xdfj\xa4\
\xd6>m\x1d\xbd\x8b\xaf\xad\x1f\xb8\xef\xbd\xe1X\xe4\x1a\
;\x1c\xc6\xbe_z^\xbd\x97znJ\x11\x85\x15\x98\
0C\x22\x91\xca\xd9\x83\x9b.\xcb\xe6\xd6n\xbe\xc6k\
\xd4_\xd5^\x9c\xfa@*\x94xId\xf8\x8aQ\x1a\
/\xc8N\xe9^Lu\xa7\x06\x06\x87\xff\xbc\xb20W\
r]\x87\xfe\x9d\xf4\xdc\xd2\xbe\x1c\xef\xc4\xba/\x22\x82\
\x04\xc0h2\x15\xae\x16\x17\x9f\x17\x1et\xb5\x7f\xc0\x17\
\x13`\x02L\x80\x090\x01&\xc0\x04N\xf9\x03\x0b#\
d\x02L\x80\x090\x01&p\x9c\x04\xb8\xdbY$\x90\
Y\xffS\x89Z\xa5\xfc?B\xe1X\x06Ib\x92R\
\x81>\xed\x04+\x97\xea\xe9\x0bAI\x1f<\x12\xa0@\
[PA\x0fR>\xf4\x93L\x80e\x99P\xaf,\xb5\
E4\xf1w\xb6\x1d\xf9>\x00u\xa6\xc7\x89\xddw\xf9\
\xf5\x82\xfb\xfd\xc4\xc8\xbaw4\x97\xa6\xee\xe9v\xda^\
\xd8\xb2\x95\x16'\xb5\xf0\xd2\x13/\x04\xe9N={\xcc\
\xb9I|\xd3mHNK\xf0\x01\x11\x03a\x8e\xea0\
\x1aK\x8aX:\xb3\xb5Z\x5c\xfa`\xc1\x1d|\xe6\xe9\
\xfa\xfafi\xcf7\xa6\xcd\x90\xfd!\x11\x0a\xfd\xed\xd2\
\xf4\xfe\xa6)\x94\x12\x02\xc0\xb0\x04\x08a\x82\x94@~\
\xa8\xc04\xd7\xc3\x0d\x1e\xe3B\xec\xf9\xad\xe3\x964A\
_h\x13\x06*\xa7\xd3\x91\x95\xe9\x87\x1e\x81D\xf6C\
\xd1\xfc\xe8\xbb\x9d\xc5\x07\x1f8\x81\x93\x98\x8f\xb1\xe2\x09\
V\xef\xbf\xbb\xab\x10\xbf\xe67\x9b\xb3J\x11gS\x10\
g\x22N\xc2\xad\xeb\xba\x10\x8b%\x0d\xe84o\x80\x96\
s\x0d\xcd\x8cd\xa7\xfb\x96P\xdbQ\xf2\x1a$\x0a\xc6\
G\xdfo\xe6.%Q\xb0\xf9\xbf\xabS\x0f\xecn\xd5\
K\x1d\xdb4T\xa7\xd3\x0a\xde\x86P8L\xec\x11<\
\xc7\xa5\xbd\x90\xa8\xafh<ef\xd7]2\x12I\xe5\
^\xd4\x9e\x9d\xfd\xc3N\xa5tgl\xb8\xfeL\xc8\xde\
\x98\x04\xd8b[\x03\xbb\xaf\xa8N\xfe\xe4\xbd\xd0\xaa\xbc\
2;z\xc5\xe5\xe1X<\xac\xf7B\x9b\xde\x0f\x9dj\
\xd3y\x00\xdalb\xa0H\x04\xa6\xad\xa25@\xaf\x87\
\x86e\x89\xdc\xe8\xdaD\xa4\xb0\xe6\xe6\xea\xcc\xbe\xb7\xd9\
f\xec\xd5\xa9\xb57\xac\x05\x00\x84S\xb9H<\xaf\xb5\
\x9a\xffA/\xd7v\xe5\xbb\xca@\x93<\xa0)\xa5:\
\xc6\xac\x92\xea\xb4QB7\xe9\xeb\xbd\xbeh\x80\xbfR\
\x1d\x0aE\x90\xfeam\xb1,\xebY\xa7I$\xa7\x95\
\xf8f\x02L\x80\x090\x01&\xc0\x04.d\x02\xf4\xe9\
\xe6Bv\x9f}\xbf0\x08\xb0\x97L\x80\x090\x01&\
p\x96\x09\xd0\xff\xbe\xb7\xafl\xccM\xdf\x10\x8b'\x04\
\xa2\xc0\xfe\xfa\x88\x08\x88\xd8/>f*I\xf5\xf0I\
\xf81M\x13\xdcnG\xba\xe5\xd2\x8eTv\xe0\xcb\xf5\
\x99\xef\x97\x1es\xd0\x135\x90\xc8A\xe3\xbf\x17\x1fZ\
\xff\xde\xca\xcc\xfe\xef7\x1b5\xc7\xebvHs\xea\x89\
\x1cz=\xc4\xc7\xf7\x0d\x91\xda\x03\x09\x08@\x90\x22\x87\
\x88A\xea+R>HIK$sf\x22\x95\xbcz\
iq\xfa\xf6\x81M\x8b\xcf\x84\x8d\xcf;-'\x04\xdb\
\xb3?8\x10O\xe7>,\xc2\xb1\xff\xb70\xb5\xafn\
\xa0TZx\xd1B\xd9!\xd1\x08\x0e^\xba\xee`\xe1\
q2\x9a3\x22\x06{\xe2Q\x0c\x9dN\x07\x94\x94\xe5\
\x81u\xd7|\x00R\x99\xcf\xae|-\xb8\x07\xe8q\xe6\
9\x03M\xaa\xe5\x99\xbb\xc1\x0a}\xb3Q\xaf8\x86\x89\
\xe0\xfa^\xb0\x8c\x10\x06\x90\xb0\x84\xe1T2\xdd\xe9\xb6\
\x9f\x0d\xc3[#A\xc3\x99y\xf8\xd0\xf8\xf1\x92W\xbc\
\xe4\xeehv\xe8=F~\xe3m\xed\xe5\x85\xbf\x9e\xdf\
\xfd\xc3\xbd\xddv\xad#}G\xf9\x9eC\xe2\xac\x00\xfd\
\xae\x92_\xa0\x14\x82i\xdbhZ!\x11Kd\xec\xdc\
\xbaM\xe3\x86e\xffbsv\xe7G\xa0\xbe\xf0\x9e\xd4\
h\xfa7\xdd\xc5\x99; \x14\xfb\xb9\xec\xf8\xfa<\x92\
\xa8g\x18&\xa2a =h\x1e\x1b(\x13\x98aX\
\xc1\xfbe\xa2\x00\xdb0\xa9\xcd\x0c\xea=\xcf\x032z\
\x05\x0c\xb4\xc3\x0933\xb6~\xbc:\xb5\xf3\xa5^\xbb\
\xfd\xfb\xe1\xa1kNY\x10l\xcf\xca\xf9da\xe8/\
\xab\xa5\xe5\x22\x80\xa4\xd7I\x81~W\x80.*\xd0\xf3\
\x89o\xddO\x08\x01\xa6ac8\x9eNJ\xcf}q\
F\xa6\x06\x81/&\xc0\x04\x98\x00\x13`\x02g\x94\x00\
O~!\x10\xa0\xffX\xb8\x10\xdcd\x1f\x99\x00\x13`\
\x02L\x80\x090\x81\xe3%\x90\x1a\xbf2\xd5m\xb5\x7f\
\x09b\xb1aD\x03\xb5 \xa0\xc7j\x81\x03\x00IT\
P@*\x06\xf4/\x89$7\xe8z\xb2\x83u\xa0@\
\x98\x06H\xf0U\xbd^u\xc3\x03\xa3\xffR\x1e\x17\x0f\
Q\xbb\x22;\x95[6F\xe0[\x99\xb1K\xdeV\x99\
\x9d\xdc.eW\x0a\x9a\xd1\xa0\xb5\xb5\xe0\xd2\x17<\x00\
D \xeahaG\xe7\xf5\x82=\xff%\x08\xfd\xe9\x85\
\x9cF\x15d\xa8\x9fO\xf1\x88\xe0\xeb\xc6\x9e\xf4\xd1\x0a\
\xc7D(\x1a\xbfnq\xee\xc0\x87\xb3~\xe9\xe94\x16\
\xc9N\xf9\xaeM\x7fow2\x9f\x7f\x97\x11\x8b\xfdc\
\xb1\xb8\xd8\xb5\x0c\x08D(M\xaf?y\xe0\x13\xf9&\
(\x1eT\xfd\xdaC\xa9\x22\xc1\xefPIP,\xe2P\
\x91r&\x89O\xae\xf4\x0c\x0a\x1fa\xd0\xe9\xa9oT\
\x7fN\xee\xca\xbd\xb5H6\xf7\xcfN\xadZ\x11\xe47\
\xbdI`P\x5cz\xbf<\xa9 \x1eK\x18\xb2Y\xbd\
%\x0b\x22w\xe6\xfd\xbb\xcb\xd7\xc2\xa8\xbf\x9c\xf9J4\
?\xfe\x0eH\xaf}Sgy\xee\x9f\xca\xd3\x93\x0b\xe0\
\xbb>*rH;A\xce\x19\x96\x00\xe9)\xaa\xa6\xb7\
\xd7\xf7\xd1u]\x8c%R\xa1\xc4\xe8\xa5W@\xc8x\
yu~\xea}\xa1\xfc\xe0ss##q\x85\x82^\
+D\xfd\xde\x1d\xbe_T\xa9g\x0bL\xb7Iz\x83\
|P\xf4\xae)0\x0c\x03\x0c\xcb\x04\xfd\xef\xc3s]\
\xaaCThbfls\xa1\xb98\xff\xeb\x11;\xfa\
K\xd9\x8d7\xea\xdf\x10\x0c\xc6\x9f\xdcc\xbbk\x1b\xe1\
\xaf\x83\x19\xfa\x9e\xd3iyH\xeb\xa3!h-\x05\x88\
Tx\xa2IQ\x820\xe8\xcd\xf4\xfc\xa0g4\x92\x10\
\xcdZ\xf5I!#y%U\x1c\xc7\x04\xd4\x8bo&\
p\xa2\x04\xb8?\x13`\x02L\x80\x09\x5c0\x04\xc4\x05\
\xe3);\xca\x04\x98\x00\x13`\x02L\x80\x09\x1c\x1f\x01\
7\xba\xbeUZz^*\x9d\x8d\x08\xd1\x13\x10\x94R\
\x07\xc7\xea\xba\x83\x85\xc7\xc8\xf8\xbe\x0f$\xa2\x80\xd3\xed\
J\xaf\xdd\xde\x1d\x0aG\xfe\x19\xee\xbe\xfb\xf4\x88S\xdb\
\xb7\xbb\xe5\x03\xc3\xdf\xc9Nl\xbc\xb38\xb5\xef\xc7\xf5\
z\xd1\x91\xca'\x91R\x06b\x87:\xcc\xd7~^\xa7\
\xda\xe0\xb0\xab_FD\xd01\x09aB \xda(@\
;\x1c3\xedP\xf8\xca\xd2\xf4\xf4\xed\xe9\xb5\xb7l;\
]\x7fe\xb8\xb2\xef;S\xe9T\xe6\x03N\xdb\xf9\x97\
\x99\xfd\xfb\x9a\xbe\xdbQ@\x97^\x9f\x92\xe0F\xc4 \
\x8e\xa0\xf0\xa8GO\x87Q\xaa\x97\x22\x92b\xb3\xd2\x07\
\x91\xea\x0c\x01\xb6m'\x17\xf7<\xf2\xfaL1\xf2?\
\xb2\x1b\xf5\xd7ZW:\x9c\xfdD\x86\xc2\xa1\x1f\x02\xe2\
>\xd7q\x828\x0d\x12\xc2\xb4\x1bZ 3\xad\x10\x92\
\xe2\xb6V\x99\x82\x04\xd7[\x0f\x05\xa2;\x9c1\xbb\xdb\
\xd3\xa2 T\xa2\xff\x1c\x1e\xdc\xf4V\x11\xcf\xdd\xb1<\
\xf9\xc0\xdd\x8b{w\x15=\xa7\xeduZ-\xe5\xbb\x9e\
B\xc4\xc0\x03}ZP\xfb,L\x13\x0da\x8bT\xa6\
\x10K\x0c\x0e\x17\xe2\x89dH\xa0),\xcb\x0a:R\
\x0a\x82\x84X\xa0\xfd\xf0\x95\x01\x8e\xb2\xc0\x810\xb4U\
\x08:@)\x84\x82\xb2\x87\x16\xf8\x80\xe0\xb9\x12\x80\xc4\
h=\xb7^\x08\x85I\xb7\x8d\x895\xa3\xb9\xf2\xd4\xce\
_\xb5E\xf4)\xb0\xed\xf0\xdf(\xd4\xbdN\xcc\x96'\
\xbf\xb9\x90\x1d\x18\xfa\xff*\x8bs\xcb\x0e\xf1\xef\xbf\xef\
z\x96\xc3\xf3\xba\xfcX&\xe8\xdf\xbf\x10\x06\x18\x14\xa7\
0\xedL\xbbS\xff\x99\xc1\xab\x9e\x1d}\xac\xfe\x5c\xcf\
\x04\x98\x00\x13`\x02L\x80\x09\x5c\x1c\x04\xc4\xc5\x11&\
G\xc9\x04\x98\x00\x13`\x02\xa7\x99\x00Ow\xde\x12\xb8\
\xd5\x90\xe0<\x1d\x04\x8e \x1a\x08\x0aA\x042\x8e~\
h#\x0dC\xf5R8\xc6Ec\xc0\xf7\x15\xf8\x9e\x02\
\xcb0\xa1Z\x9aoA(\xfa\xb7\xd5v}\xd71\xba\
\x9fB\xd5]~i\xbf\xf353=\xf8\xe6\xda\xdc\xe4\
\xbdN\xa7-\x85a\x80\x16e$\xf9\xa7\xc5&=9\
\x22\x85@e\x00-j\xa2\xae\x0a\x0cQ\x816\xa95\
\x19\x1d#}\xa2\xb1,\x03\xb4\xf8\xa3\xcd\xb2\xc38\xb4\
fTd\x86\x86n\xec4K\x1f\x19r\x06o\xa6\x81\
Hv\xaa\xb7*N~wg(\x11{\x8b\xefy_\
mV+\xbe%\x0c\x15L\x8a\x06h\x11\xb5'\xd4\x08\
\x12\x04\xb5\xefzIr.\xe8\xd0{(\xf2\xb7\x97\xeb\
={eAb(\x80\x10\x02M;,\x0a\xeb\xd6_\
Y\x9e\x9b\xfc\xa0\xdb\xf2\xff\xc7\xb9\xfc\x9d\xb7P\xbb\xb5\
\x14I\x0f~\xa3\xd5jy\x960)&\x05\x06\xedS\
\xa7\xd3\x06\x12\xa8\xc0J\x172\xcdV\xed\xe7\x866\xce\
g{\xd1\x9c\xad\xe7v\xb7\xb3\xf0\xfd}\xb2\xd0\xfe3\
;w\xc9k\xc0\x8e}\xa62\xbd\xeb\xdejq\xa9)\
=W\xb9n\x97\xb6\x81\xdec\xe5\x81i[\xf4.\xdb\
\xe4\x98\xd0\xbe#\xbdc\x88\xa8O\x04j\xe6\x12\xa8\xa0\
\xff\x99\x80\xfe\xaa\xb9\x8f\x06\x89~6\xb8&\x85\x93\x18\
\x83\xf0\xe0%\x10Zs)\x18\x99\x0d\xd0\x0de\xa1\xe9\
\x87\xa0+-\x90$\x18\xd2\x84\x80B\x80\x1d\x0a\xe9\x7f\
T4\x8f\xc0P$\x8e\x10Mm\xaaT\x16\x7f5{\
\xa0\xb9F\xf79\x05#\xe7\xc4\xb7\xc1\x0a\xfd\xc4s:\
\x8a\xbc\x0f\xf8S`\x8f9\xa1\x95\xcf\x91\x00\x00\x10\x00\
IDATe\xef\xdfz\xaf\x19\x11\xc9'\x83\xc6`\
 ^F\xe2q\xbb^\xae\xdc\x82\x1eNP\x0f$\xe3\
\x9b\x090\x01&\xc0\x04\x98\x00\x13\xb8H\x09\x88\x8b4\
n\x0e\xfb\xa4\x09\xf0@&\xc0\x04\x98\x00\x138\x9f\x09\
\x14&\xf6\x17\xea\xd5\xf2s\xd3\xb9\x9c\xad\x85%-\x1c\
h\xeb\xfb\x8cxl\x0d\x00\xf1P\xbd\xeeO\x82\x09\xb8\
\xae\xa3\xa0Q\xdbc\x9b\xa1\xbf\x81\xa5\x1d\xcd\xfe\x1c\xa7\
/\xdd\xeez\x95\xc273k\xb7\xbc\xb72;u_\
\xbbUw\x00$H\xdf\x0fD\xb5\xbe x\xf8z\xda\
\xb7\xc3\xcb\x14#\x09\x1e\x87|\xd7m\xbaN\x9b\xefK\
\x8c\xc6\xd3\xa6\x92\xf2\x9a\xf9\xf9}\xef\xcan\xb8\xf9f\
\xd8\xba\xd5\xd2}N\xd1Tw\xf1\xc1\xbd\x85\xe1\xb1\xf7\
\xb4\x1c\xef_\xe7\xe6\xa6Z\x9e\x16\xa0\x9c\x0e\x09/\x0a\
\x0e\xf7[\xfb\xdb\xb7\xde\x9a+\x1f\xbdH\xda\x01mT\
\xa9}\xa5\x04t\xaa@\x80iZ\x08\xc2\x12\xc9\x5ca\
\xb4>\xbb\xeb6\xab\x1a\xf9\x15\xc8\xacO\xc19\xb8\x16\
\x16\xeeo\xc5\xe2\x91\x7f\xf3j\xf5%@\x1d\x89\x04\xcf\
w\x03O\xda]\x17\xa2\xb1\xb8\xe94kO\xeeJy\
IPy\xb6\x1f\xbbww\x9d\xe2\x8fvB,\xf7I\
k\xcd\xc6W\x81\x07\x1f-M\xfd\xf8[\xe5\xa9}E\
\x90\x0e\xb9\xea*\xcfq\xe9\x15\x90\xa0EL\xed\x9e\xe6\
l\xa2\x08\xf6J\x97Q\x98\xe0\x91\xb8\xe7\x80\x0d]#\
\x0e\x85\x89+\xe0\xd2\x1b\x9e\x01\x97\xdc\xf0,X\x7f\xcd\
Sa\xfd\x95\xb7\xc0\xa5\xd7=\x13\xae\xbe\xe5yp\xc9\
\xd6\xa7C$\xb7\x16Z\xca\x06G\x91\xd0F\xaf\x9e$\
\xc1Q\xcf-h\x1e\x05\x02\xb3\x83Cv\xa7\xb8\xbc\xcd\
\xe9\xc8\x9b\x00N\xed\xc4d\x16\x22K\xd9\x81\xe1\xbfn\
\x14KeE\xef\x98\x942\xf0\x1b\x91\x16\xd6\xce?\x86\
\x09\xe8\xb5\x0b\xd1\x8bS\x8f\x8bF\xe2 =g\xc2\xeb\
\xb6\x9f;|f\x7f\xe7\xf11\xbc\xe2j&\xc0\x04\x98\
\x00\x13\xb8\xf0\x08\xb0\xc7\xab\x95\x80X\xad\x81q\x5cL\
\x80\x090\x01&\xc0\x04.:\x02$t\xf9\xca\xba\x05\
\x1cw\x8ba\xda\xe8\x91p\xa0\x19 \x22 \xa2\xce\x1e\
4}\x82\xe8pC%\x81d\x03\xea\xa7H\xcc\xf2\xc0\
4\x10\x9a\xf5\x8a\x0c\xe5\x86\xbf\xe9\x0c\xb9\x8f\xd0@E\
v\x06\xee\xbb\xbdr\xbe\xfb\x1f\xa9\xb5\x9bn\xab\xceN\
=\xe8\xb4k\xd2\xb6MZG\xc2\xca\x91F\xf2\x09{\
e\x12\x0a\x95\xea\xb9\xd1O\xb5x\xa8M)$\x91D\
\xf7\xd3\x1fm\x04\xe8\x5c\x97\xc4\xaaN\xa7\x8b\xd1XZ\
\x84\xec\xc8\xd3\xda\xb5\xea\x87\x92\x0bx-Mv:n\
\xb5\xb4\xff;\xf7\xa5\xb2\x83\xaf\x07W~\xadQ-\xf9\
\x96e*\xcb2\x00P\xaf\xae\x13\x04-\xc6\xc0\xcau\
\xc8g\x00\xd4\xf0\x91b\x04\xf2>\xd8\xa7\x9e\xc8#\x10\
I\x08\x0dbD\xd3\x0e\xe3\xc0\xfa+/qk\xe5\xf7\
\xa4\x13\x85\x9f;M_u\xa6\x15O\xe8V\x9dvk\
\x07\xc6\x13\xf7v\xdaui\x18\xe4\x9f\xd2\xef\x88\x84p\
8\x0c\x96\x15\x01C\x98\x83~\xa7\xf3\xcc\xd3$\xb4\x9e\
\x90s+\x9d\x15\x94\xb7W\xdd\xb9\x1fo\x87\xe1\xf1\x0f\
\xd9\xd9-\xaf\x82P\xe43\xa5\xa9\x87\xee\xad\x96\x96\x1b\
\xf4^\x93\x18\xe8)}\x92\x14Q\xbf'\x0a|z\x97\
\xf4X\xbd?>\xe1\x96\xc2\x06\x88\xe5a\xdd\xd6g@\
\xf6\xd2\x1b\xc0O\x0eCK\xc4\xa0\xad\x22\xd0\x92ah\
A\x14:f\x16\xac\xc1K`\xc3\x0d\xcf\x86u\xd7>\
\x03\xdcp\x16$\xda\xa0\xe7P\xca\xa7\xf7\xcf\x07\x04I\
&0\x92-\x0c\xb4\x9a\xcd\xe7e\xd6\xef\x8d\xebuN\
\xd6v\xef\xfe\xb7\xael\xbb_\xa5\xc9\x1f\xeav\x9a\xd2\
\xa0\xd9\x11{\xef\xd7\xb1\xe6\x94\x875!\xc5\xa5\xfd\x0a\
\xe2\xa6\xf7M\xff\x01\x98da V.-\xbc\xb0i\
\xe2\xd0\xb1\xc6s\x1d\x138H\x803L\x80\x090\x01\
&\xb0\xaa\x09\x88U\x1d\x1d\x07\xc7\x04\x98\x00\x13`\x02\
L\xe0\x22\x220ZO\x0d\xb8N\xe7\xd7\x22\xd9t\x81\
\x84\x1a\xd4\xa7\x95\xfa\xe1k!J[\xbf|\xac\x14\x11\
\xc1\xf3<\x08\xc6I_9\x9d\xd6\x5c:\x9d\xfd{\xd8\
\xb1\xa3w\x14\xecX\x83NG\xdd\xf6\xednu\xb2\xfb\
\xcd\xe8\xe0\x9a;\x8aS;\xefk\xd4\x8a\x0e\xb9\x02\x06\
\x0a\x12&%\xe9 \xa4j\xac\xac\x83\x88A\x19\xf1\x90\
\xea\xa1H\x9cZi>\xa2M\x88\xde\xc7\x1caZ\x18\
O\xe5\x8cv\xabs\xa3\xdb\xed\xdc\xbe\xe6\xb2g>\x09\
N\xf1\xf7\xdcV\xd6S\xd5\xa9o\xed\x8b\xa5\xd2\xefv\
\xca\x95\xaf,/\xce\xb5\x80<8\xfcd\xa3\xf6\x0d\xf1\
\x90\xaf+\xe3\xa8\xd7\x911\xe9z\xc4C\xb1)\x10`\
\xda6\xa2ac*?8R\x99\xda\xfd\xe6|\xa7\xf0\
\x0b\xf9Kn9\xc5?L\x01\x8f{\x1d\xab\xb1\xb1\x90\
-\x85B\xd6?\xb4\xcb\xa5\xaa\x94^\xd0EJ\xf2P\
\x18@\x8c1\x9aH\x18\xb5\xa5\xd9\x9f\x8a.\xcaB\xd0\
x\xee\x1e\x0a\xf6\xdf\xddqJ?~\x08\x22\x99OZ\
\xf9\x8d\xaf\x84\xb6\xff\x89\xe2\xe4\xfd?l6\x1am)\
\xa5\x92$\xbc\x1a\x86\x11x\x88H\xbc\x89\xb3K\x0aZ\
\x17c\xb0\xf1\xca\x1b!\x92\x1b\x87\xba\x8c\x90\x08\x18\x82\
.\xd8\xd0U\x06\xb8h\x05i[\x9a$\x0c\x86\xa0A\
\x02arx#Ll\xb9\x0e\x1c\x08\x81\xa4>D\x03\
\xf4\xdczb!\x0c\x0cG\x13\x86\xac\x14\xaf\x02L\x8c\
\xe9\xbaS\xb1\xca|mVDb\x7f\xdfXZ\xaay\
\xbe{\xe8\xc5y\x82I\x95R\xc1{\x86\x88\xbd\x7f\xd3\
\x80\x18\x8e\xc4\xd0\xaf\xd7.i\xb7\xba7\x01P\xf0\xf4\
\xe0\x9b\x090\x01&\xc0\x04\x98\x00\x13\xb8\xf8\x08\x88\x8b\
/d\x8e\x98\x090\x01&\xc0\x04\x8e\x22\xc0\xc5UB\
@!\x5cR\xaf\x15\x9f\x1a\x8d\xc4-O\x02\xfd\xa7\xbf\
\x00%\x10H\xeb\x00A\x8d\xda`\xe5\xf2A\x05\xf5+\
E\x90\x80\x10\x9c\x90\x92\x00!\xcb\x84V\xab\xe2F\xe3\
\xa9\xaf\xb5,\xeb>\xeas\xdc\x02\x04\xf5=\xc9{\xbb\
\xdbZ\xb0\xbeb\xa6\xc6\xdf\xd4\x5c\xd8\xf7\x13\x94\xaeo\
\x18B\x99&\xc5\xa0|\xf2\x9f\x94\x8b\xc0\x8b\xc3?\xba\
P\x05\xc5\x07d\x88\x08\x88\x18\xac\xadE\x10\x94>h\
\x13\xc2\xec\x0b\x22\x98\x1bXc\xfa\xca}N\xab^\xbb\
s`\x16/\xa7\xce\xbd\x01\x949\x85[5\x97\xee\xbd\
/T\x18z\x83\xac\xd5\xee\xae\x14\x17=[\xfbmY\
`\x98\xe6\xa3\xa6U$\xd0\xf4+\x0f\xcf\x03\xe88)\
\x1ej\x14$b\x22\xa5\x146\xf8\x12\x10\x84\x85\x99\xb1\
\xf5\x97\x15\xe7\x0f\xdc\x89\x9e\xf1\xfc\xb3\x7fB\xf0nO\
\xb9\xe2k\xe0\xfb\xfb|\xcfS\x06q\xb6m\x1b\xf4\xd5\
u=0\xad\x08\x82\xdb\xd9$<C\xff.\xe3\xe1\x1b\
\xa4\xbb\x9c\x0bS\xc1I\xc1\xe5\x1fm\x87B\xf2\xc3\xa1\
\xa1\xcb\xdf\xeby\xfeT\xbb\xd5\x94\xda\x19\xdf\xa7\xb7\x9f\
b\x00zo\xf4\x1e\xf8h\xc3\xc0\xc4\x160R#\xd0\
\xf6\x04 \x1a I\xec\xd4m\x88\xa8\x05O\x00\x01\x80\
dzo|)\xa0)-H\x0eL@\xa20BB\
\xa1\x0d*h\xa4\x7fk\xc1\x0a\x02,K\xf3\x11C\xbe\
\xef\x5cq\xea\xc2\xf3\x0e\xc7T\xe2+\xa0\xba{|\xd7\
#A\x93\x96C\x0c\xdekX\xb9\x94\xd2\x0b\xf7\xde\x9f\
\x95\xaa \xd1\xfe\x06\x19\x8a\x07\x83f\xc4P:\x93\xf6\
\xbc\xee\xb3!\xbb1\x1e\xb4\xf1\x83\x090\x01&\xc0\x04\
\x98\x00\x13\xb8\xe8\x08\x88\x8b.b\x0e\xf80\x02\x9ce\
\x02L\x80\x090\x81UC`\xebV\xab\xd3\xed<\x87\
D\x88$\x1a\x16\x09\x05\xa4_\x08\x01\x88G\x8a\x06\x8f\
\x15\xaf\x22\x91JJ\x09Z<\x90\xd2S\x8dbq.\
\x9e\xca\xfce}\xe7\xd7\xca\x8f5\xe6\xf4\xd7ow\xbd\
\x82\xf3\xad\xc4\x9a-w\x16\xa7\x1ez\xa8Y+\xfb\x9e\
\xd3\x05\x03z1h\x1f\xf5\x9a\x8a\x84M\x9d\xef\x9b\xae\
\xd3\xa6\xcb:\xd5\x86\x88:\x09\xcc\xd0<\xa8\x88\x86\x81\
\xc9d\xc1\xac\x96\x97\x9eU-\xcd\xdfQ\xd8\xb4\xedj\
\xea \xc8N\xf5V\xdd\xa5{w'\xc76\xbc\xa7[\
\xae~\xbdXZ\xe8\x08T*`\xa9Ht%\xae\xfd\
\x05\x10\xc9\x91\x95\x02\xe2\xa1\xfcJ\x15%\x92\x84(\x8f\
R\x08\xf6B\xc7dY!\xb4\xc31\x91L\xa5'\x96\
\xf6<\xf4\xf6L+\xfd\xf3\x83\x83W\xc5\x82Ng\xe9\
\xd1\xb5\xe5\x02D\xe3_i7\x1a\x0e\xbd'J/\x8b\
\x88\xe4\xab\x04\x83\xf8\x9a\xe9\x5c\xb6Q+\xbd8\x91\xb8\
4\xa3\xdb\xce\x1b[\xb8\xbf\x99\x8c\xa6\x1e\xb6-Q\x97\
\xa4\xac\x92\xef\xf4oC\x01\x22\xf9\xee\x03\xe5\x11\x84\x15\
\x85\xc2\xf8&hK\x1b\xa4\xb2\xc0\xf7\xb4\xb0v\x88\xbf\
\xde\x03m@\x97\x16\x12}\x05\xe0\x81\x05]\x12\x11\x87\
\xd7^\x0a.\x98\xe0\xaf\xbc\x93z\xcf\xa9\x1b\x00\x1a\x08\
\xf1d\xaa\xdb\xe9n-,B\x18N\xf1rl\xe7\x00\
\x84S\xffT/\x15\x9b\xda\x17\xcf\xf3\x82\x18\xf4\xb4\xba\
\x8c\x88:\x1b\x98.\x07\x19z\xe8\xbc6\xed\xb7a\x18\
`\xa0\x09\xf1X\xda\x94\xcd\xc6\xf5\xe9\xe4\xc0z\xear\
h \x15\xf8f\x02L\x80\x090\x81\xd5L\x80cc\
\x02\x87\x08\x88CY\xce1\x01&\xc0\x04\x98\x00\x13`\
\x02\x17*\x01\xfd\x15\xcd\xe2\xc2\x81\xa7\x85\xc2\x11\x13Q\
KQ\x8a\x84\x0e\x05\x88$\xa5\x91I\xfaO~\x1f\xd4\
\x11\xe1\x05\x22\x01\xd5\xe96D\x0c\xfak\xc1\xc0q\xbb\
\xca\x8c%\xeeu\x5c\xfc\x01\x0d\x90dg\xef\xde\xbd\xbb\
\x9b2\x8c\xaf\xa4F.\xbb\xb36\xb7\xe7a\x81\xbe4\
-C!\x22h\xff\xb5\xcf\x88\x08\x88H>!\xa0\x12\
\x81\xe9z\xaa8xK\x14\xa0\x0d@\xbb/{}H\
\x0c\x02\x1a\x99\xcd\x0d\xda\xddv\xfb\x05\x8d\xca\xf2\xbb\xe2\
k\x9ft\xba\xfe\xf0\x85\xaa\x1d\xf8\xce\xf6\x81\x89\xf5o\
\xf1\xaa\xf5\xef\xb4[u\xcf\xb4\x84\xd2<5u\xa5\xc8\
W\xda\x07 \x7f\x03\x83\xc7\xba\x045\x08\xf2R\x01\x89\
\xb2 \x828)\x0a)\xd1\x0a\x85Ezd\xf4\xf2\xf2\
\xf4\xbe\xf7vL\xfby\xb0e\x8b>~F\xfd\xcf\xc2\
\xbd\xb4\xa3\x19I$\xfe\xc9o6\xa6\xfb\xac\xb5\xb0\xa6\
\xc5/_)H$2\x16t\x9a\xcf\xf4\x22\xd6\xe6\xb3\
\xe0\xcd\x09-\xa1,Ot\x8a\xc5\x900D\xf05x\
D\xda\x0b\xbd)4\x8bO/\x7f2[\x004\x22\xe0\
K\xfd\xceP\xa5\xa0v\xec\xfd{\xa0R\xf0\xef\x02)\
\xa3\xe3F\xd49*\xd0\xed\xfb\x8a\xf4\xb9\x1cX\xb1\x14\
(@z\xc7 \xe8KMA\x1a\x89FC\xddf\x93\
\xde\xaf\xe8\xa9\x9f\xc0+\xed\xaeG\xb3\xd9\x7f\x02\xb7\xb1\
\x1f|O\x09E\xab\xf8\x92\x1e\x00B\x88 \xed?\x10\
\xb1\x9f\x05\xa4w.0\xa3\xd7\xa7\xb7g\xd4\xc1\xb2\xc6\
\x0d\x10O\x9b\x98\xd8\x16\x02\xbeV?\x01\x8e\x90\x090\
\x01&\xc0\x04\x98\xc0Q\x04\xc4Qe.2\x01&\xc0\
\x04\x98\x00\x13`\x02\x17\x1c\x81\xadV\xb7\xde\xb8\x09\xda\
\x8d\xb5\xe1p\x14\xc5\x8a8\x80\x88\x80xH\xd4@<\
\x94\xef\x87\x88\x88AV\x0b\x1dZ(\x00\x90\xaa^\xab\
u\xd2\xe9\xcc\xbfV\xf6\x17\xeaA\xe3Y~LO\xdf\
\xd3\x0e{\xdd\x7fI\x0em\xfc\xd0\xd2\xfe]{=\xb7\
-\xb5\xd2\xa2\xfd\xd3~\x22\xf6|F\xec\xc5\xa3\xeb\x8e\
\xc7E!L\x12i\x10\xd0\xb01[\x186\xdb\xe5\xe2\
sd\xdb}\xf3\xc0\xc6'o\xa0\xf1Hv\xaa\xb7\x5c\
\xdc\xb7\xe6\xc1\xc4\x9a\xe1wW\xa7'\xefY\x98\x9dv\
|\xcf\x01Z\xf4\x88}\x80\x95?\x1c\xf2X\x8b\xe9x\
\xb4\xf5\xdb\xf5~\x22\x22\x18\x96\x8d\x96\x15\x13\xa1dj\
]uf\xef;\x06\xba\x85\x17\x8c\x8e\xde\x1c\x81\xc7\xb8\
Ns\xb5\x0a;\xd6N\xb0\xe3\xdfj\xb6j\x8e\x94>\
\xb8\xaeK\xa1)\x12\xa3\x0c\x10&\xe9\x92v(\xdf\xed\
v\xb7\x01\xdcj\x9c\xe6\xb5Oi\xbaN\x1bh\xe3%\
i\x81\x82|\x15\xc1^\xf4\xde%\x04G\x92\xa0\x17\x89\
\x83$\xbe\x12\x05\x09\x82*h\xef\xf3\xef\xa7}\x07$\
\xc9~\x8a\xde\x94`<\x18@\x0a-\x84\xa3\xa9\xa0\x19\
\x91\x1a\x82\x5c\xefaZ!\x01\xdd\xf6\x1a\x14\xeat\x9c\
\xe2T\xe1\xa8\xb1\x07\xa2\x85o\xd4j\xe5\xae0\x10\x0c\
\x83\xd6\xa75{>\x1e\xb96\xac\x5c\xbaM\x1b\x22\xb5\
\x0b\x04\xed\xb7@\x03\xa3\xf1D\xb4\xd9(?\xb7n\x8b\
\xdcJWN\x98\x00\x13`\x02L\x80\x090\x81\x8b\x88\
\x80\xb8\x88b\xe5P\x99\x00\x13`\x02\x17\x03\x01\x8e\xf1\
b$\x90\xa8\xa7\x94\x8f/2S\x85\xac\x92\x18\x084\
JI\x22\xa1\xc0\xf7]Ju\x9e\x92c\xdcHb\x88\
>e\xa4E\x02\xc3\x10`P\x05\xc9\x06{\xbb\x8e\xff\
\xdf\x00w\xf9\xc7\x18rV\xaa\x16\x16\xeeo\xd6\xfc\xee\
\xff\x8b\xe6'>\xb2\xb0\xf7\xe1\xbd\x9e\xd3\x95\x960\x14\
\xa2\xa2\xf5u<\xfa#\x8c \xe1\xa6WVJ\xa7\xd4\
\xb4r\xeb\x98\xb4!\x1aT#@\xff\xe8\xa0\xa4>\x88\
\x9a\x0f\x82\x10\x06f\xc7\xd6FZ\x8d\xda\xad\x8dF\xf3\
\xb6\xcc\xfa[N\xf9\x0f=@p\xdd\xe5\xd7g\xd7}\
72\xb0\xee\xadNq\xe6\xfbn\xb7\xe5\x19\x06\x92{\
\xe4\x9f^\x1b\x0eG\xaa\xe3\x08\x06\x1d\xf1@\xc4\x83e\
A\xae+\xa5\xc7\x90P\xe5+\x12\xad\x04F\xa2I#\
V\x18\xbbr\xf1\xc0\xde;:\x96\xf1S\xb0u\xabu\
p\xc0\x19\xcc\x94\xcb\xdbk\xf1B\xfe_\x9d\xd2rE\
\x80T\xa6ij\xac\xc1\xfb\x86(0\x96L\x99\xb2Z\
zjj|g\xf2\x0c\xbaq\xa2S\xa3i\x80\x09\xe0\
\xa1\xfe\xaa,\xbd\xde\x00\xbe\x04D\x04\xd0\xe2\x18\x08\x10\
\xd4A\x9fn\x94\xf4~P\x15 \x09~\xfdE\x101\
\xc8\x0aA\x1bA9A\xad\xc1+\xa8z\xf5R\x19`\
\x90\x10\xea\xd1\xf6\xd2&S\x8f\xde\xad\xf34\x14A`\
\xdc\xf0\x0d\xad\x16\xf6\x06\xc0\xc9_\xa5\xdd\xcfk\xe4\x87\
\x07\xff\xdd\xab\x96K\x96e)3D\x02,\xbd\x1a\x06\
\xf9\xd4\x9b\xf5\xd1K\x88\xe0\xff\x0f\xac\xc4K\x9d\xa4\xf4\
\xe8\x0dT`\x87\xe3\xd8\xa9W\xb7XRm\xa4\xeaG\
\x0f\xa4J\xbe\x99\x00\x13`\x02L\x80\x090\x81\xd5K\
@\xac\xde\xd0.\xb6\xc88^&\xc0\x04\x98\x00\x13\xb8\
X\x09dR\x895J\xb9\xb7\xc4\x13I[i5c\
\x05\x04\x22\x02\x22\xae\x94\x1e\x9d \x22h\x11P\x0b\x17\
Z\xec \x81\x07\x96\x96\xe6[\xe1H\xe2o\x13\xa0\x0e\
<z\xc4Y\xaeY\xda\xd1\xb0\xe3\x99\xbf\xc9\x8dn\xfe\
t\xf1\xc0\xce\x19 \x15\xc7\xa4\xf8\xb4\xa8\xa3}\xee\x1b\
\x22>f\x9c\xba\xcfA\xafQ\x06\xc2\x95\x8e\x15H$\
4\x84\x8d\xf9\x81\x91hk~\xe6\x97\xeb\xe5\xe2\x1fD\
\xf3\x97\xad9\xd8\xf7\x942w\xf9\xed1\xff\x87\xa9\xf1\
\xcb\xef\xac\xcdN\xfd\xa8]\xaf\x91\x22KkK\x19\xcc\
\xaa\x99\x03\xc8\x83>\x1f\xee\xe3\xe1y\xdd\xb9\xd7\x97z\
\xd3X\xc4^\x9c\xa6\x1d\xc1X<)\xc2\x89\xc4\x96\xe5\
}\xbbn\xcf,\xe0O\x9d\xa5\xaf\x0c+\xc3\x08\xfd\x10\
\x84\xf9\x88\xebv\x15]\xa0\x05A\xed\xa7O\xa2S(\
\xaa\x0f\xc0u6\xfb~\xf4\x1a\xaa;O>c\xde*\
B\xa6\x15\x06\x11\x11\x86a\x04\xfbO\xbe\x057\x22\x82\
~\xe75c\xc4\x1e[\x1d\x936\xc4^\x19\xb1\x97\xf6\
\xfb\xf4\xdb\x80.\x9d\x07\x12j\xa5\xf2\xa8t\xe8VJ\
\x05{Kl0\x94\x88\xe6\x0c\x1b\x9e\x9d\xbf\xf4\xf9\x9b\
\x06\xafz\xb6\x06\x84\x87z\x9eh\xee\x0ei\xdb\xd6}\
`Z\x0f\xd6\xeb5\x8f.\xa5\xfd\xa2W\xe3\x09'\x12\
\x80\xa0\xdf\xfb\xbe\x19\x96\x89\x04#\xeb\xba\xce-\x1b7\
>\x8fTE\xe0\x8b\x090\x01&\xc0\x04.(\x02\xec\
,\x1385\x02\xe2\xd4\x86\xf3h&\xc0\x04\x98\x00\x13\
`\x02L\xe0\x1c\x13@a\x86\x9fD\xfa\xc3\xa0a\xe9\
\x9f\xff\xc2@\xe0;\xd2\xa7C\xffsO\xda\x065i\
\xb1\x02H\x0b\x90 I\x9a\xf0A\x81\x16J\x10\x95r\
[\xcd\x03!\xdb\xfe\xfb\xd9\xd9\xed-\xeax\xce\xef\xca\
\xfe\xbb+.\xe0_&\x86\xd6\x7fjq\xdf\xc3S \
\xfd\xe0\x84\xe0!\xc7\x04\xc5AA\x80\xa4*m\x94\xd0\
\xad\xe3\xd2F\xd9\xde\xadO@\xae\x08\x22\xba\x22\x18A\
\xdd\x15\x0aL\x8f\xaeKz\x8d\xeao+a\xbd>;\
|\xfd\xe99!\xb8}\xbb[\x9d\xea\xdc\x1d+\x8c\xbf\
\xbb\xbe\xb0\xef^\xb7\xdd$\xc5\x88\x9c\xa0\xc5\x85a\xe8\
g`\x88\x08\x88H\xf9\xde\x8dx(\xdf\xab\xe9\xc5'\
\x82-\x94A_-6\x81!H\x10L\x19\xe1\x5c\xe1\
I\xe5\xe5\xe5\xf7\x0c\xb8\x85\xa7\x9f\x8d\x13\x82v\xdb\x5c\
\xb4\xb3\x85\x7fmTkM\x03AyJ\x82A\xf1h\
Q\x0a\x81jb\x85\xa1F\xad\xf2\xbc\xfc%\xb7h\xe1\
\x0b\xce\xe1\x85\xc3\xc3[\xa3\xc9\xf5\x0b\xeb=\xe5n\x05\
\xcb\x8c\xfbJ\xe3#\xa7\xe9\x1f\x8bf\xa8|\x0f\x0c\xe2\
\xdaj\xd6\x02QP\xa0\x02\xd1\x03\x1d\xb8\x1d\xf4\xa1\xbe\
\xba\xa0\xe8\xa1\x0dH\x8c\xd6\x87\x02\xb5\xe9\xbe\xe8;\xd0\
nT\x81dr^1W\x00\x00\x10\x00IDAT\
F=9\xbd\x8bA/\x92\xad\xe9\xad%.\xa1P\x22\
;\xbd\xf3\x81\xd7-\xef\xfc\xf1\x17\x8b\xb3\x0bo\x89\x8f\
=\xf9\xa9\xe9uO^\x0b\x85m\xf1\x93\xfa:u\xa5\
\xbc\x1c\xca\xe4\xfe\xa5Z\x5c\xaa\xea\xf5\xf5\x8f\x07J\x12\
\xb9\xc9\xbd\x837\xe2\xa1wH\xaed\x11\x11(\xbc\xc0\
G\xdd1\x08+\x12\x8d\xb4\x1a\xd5\x9bj~)\xad\xeb\
\xd8.\x10\x02\xec&\x13`\x02L\x80\x090\x81\xd3@\
\x80>\x02\x9d\x86Yx\x0a&\xc0\x04\x98\x00\x13`\x02\
L\xe0\x9c\x10\x98\x98\xd8\x16j\xd6kO\x8f\xc5\xe3a\
\x12eP\x0b\x18\x88\xf4\x1f\xfed\xc1\x7f\xf0\xc3\xa3/\
\xddG\xd7\x22\x22\xf4O\xd9\xe9\xb4\xd5\xac\xabX:\xfb\
#\x15\xc2=\xba\xfd|\xb1\xda\xf4=%hv\xfe4\
\x92\x1f\xfa\xdc\xfc\xde\x07\xe6}\xafK\x1a\x88\x0c\xdc\xd3\
\xb1hQ\x04@\x04\xe5\xc7z \x1e\x12\x81\x101\x10\
L\x89\x17\xc9\xa0\x02\xd0\xb00\xbbf<\xd5^\x9c\xf9\
\xed\xae\xf4_\x93\x1f\xbbe\xf8\xb1\xe69\xb1\xfa\xedn\
s\xa9\xf6_\xa1\xcc\xe8{\xabs\xbb\x1fp:MO\
)\x1fH1\x0aD\x19\xed\xbb|\x82c]\x88\x18\xf4\
\xd5}\xfbk\xebxuY\x98\x16\xc6\x92Y!l\xf3\
\x9a\xc5\x03\xfb\xdf=X\x89=\x15`\x9b\xd9\xefw&\
\xd2\xa5\xa5\xbb\x9b\xc9h\xf4\xdf\xa1]\xdbK\xb1\x90\xf2\
\xa5\x82?\xcaa\x9a& \x22$\x93\x990tZ\xcf\
\x16\x18\xba29zs6=\xb1-\x9d\x18\xb9!\x97\
\x1a\xbf2S(l!\x01\xec\xcc\xfa\x17\xc4\x9f\xba2\
c\x0f^w\xf9|\xdb\xf9\xb5\xda\xde=\x1f,\xee\xbe\
\xef\xb5\x91db\xc04\x0d\xd4\xec4s\xc4\x1eWS\
(\xa8\x95\x96@v\xeb \x94\x03(i\x7f\x08\x9c\xe6\
\x8b\x88\x94\x03\xd0\xfduF\xd7i\xd3e\xddd\xd0X\
\xa7Y\x06\xbfY'Q\xb1\xd7W\xcf\xaf\xfbj\xa3\xf7\
\x0b\xe9\x12\x89\xfc\xc0@8\x9f\x7f\x8aWY\xfa\x83\xc6\
\x81\x9d\x7f\x5c\x99\x9b\xf9\x9c-\x8a\xaf\x8b\x8d\x1fxF\
D\x8b\xcf$ZR\xff\xde\x04\x94y\xbc\x9bD\xfa\xb6\
\x92\xe6\x7fB\xa7\xb2\xbb\xddn\x05'\x03u\x7f\xed\x17\
\xad\xa5\xb3\xa0\xf3A\xe6\xa8\x87\xae\xd7\xa6\xab\xb5\x9f\x91\
H\xd4hW*[:\x9e1Nu\xc7\xb5>\xf5\xe3\
\x9b\x090\x01&\xc0\x04\x98\x00\x13X\x05\x04\xc4*\x88\
\x81C`\x02L\x80\x09\xacV\x02\x1c\x17\x13xB\x02\
\x15\x80\xa1Ny\xe9j\xd3\xb4\x85\xe7\xf9\x81 \xa3\x07\
\x1d)\x04\xf6\x843]\x0f\xa0\xff\x9b\x1f\x01Q\x9f8\
\x83@8\xd0\x22\x82.\xb5\x9b\xcdf<\x99\xfd\x97\xe5\
]\xdfn\xc2yv\xd5\xeb;\x8b\xa6\x1d\xfa\xb3\xd4\x9a\
\xcd\x9f[\x9a\xdc9\x13\x8b\x86d4d+\x93\xe2\xc0\
\xde\x81;\x10\xa2'HAp\xe9\x98%\xe8\xd8\x82\x22\
=\x8e\xc8\x0b\x01\x92 \x09Dj\x11\x08\xc2\x14\xa9\xd1\
u\xe9\xe6\xe2\xf4\xcbj\xad\xca\x1fD\xf3[O\xd3W\
\x86ww\xbbk\xe4\x7fF\x077\xbf\xa76\xbb\xe7~\
\xe9t=}\x02\xd3\xf3\xbc\xc07D\x0cR8\xead\
#\xac\x5cJ\x8b\x87\xd4\x86\xd8?M(i\xcf|j\
\x15\x94\xa2\x8e\x19S\x99\x82\x19\x89\xc7n\x5c\x98\xdew\
Gz\xb4\xf1\x94@\x10\x833v\xa9\xe5V\xeda\x88\
\xa4\xfe\xa3RYn\x1b\x14\x8caX \xe9\xdd\x03@\
\xb0Ca\x11Ig.\xa9-/}\xb0Q\xab|\xa1\
\xb20\xfd\xe5z\xa5\xf2\xf9VC~\xa2cF\xde\x11\
\x1bn\xdc\x1a\x1f\xbc\xee\x0a-\x10\x9eF?\x11\x06\xaf\
\x8a\x85\x87\xae\x99\x08\x0d4\x9e\x01\xed\xd6\x1b\x9d\x85\x87\
?!\xcb\xb3\xef\xb0\xb3\xe9\xe7g\xc77o\x0cEb\
\xb6I\xe2\xa9\xfe\x1a\xbd>-\xa7E1\x92\x84\x81(\
\x82\xd7\xaeCyv\x1fD\x85\x0b\xfat (\xa4H\
T`T\x01h\x08@D\xd0\x97>]g\xd0\xebb\
\x08\x00\x0b=X\x9e\xd9\x03\xa6\xdf\x04C\xe9\xfd\xd4=\
$=$\x08@p\xbb\x0e\xe5\x05\xeau#\xb1\xb8\x99\
\x19Y\x9b\xcaLl\xda\x14I$\x9f\xe3\x14Koi\
N=\xf2\xa9N\xb3\xf9\xf1\xb4\x19\xf9\x9d\xdc\xba\xa7^\
\x1f\x88\xd0\x13\xdb\xc24\xa8\xb7\x18e\x8eq+'Q\
\xdc\x0f\x22\xfe\xedF\xad\xdc\xb5,Si\xfft<\xc7\
\xe8\xfb\xa8*\xc4CS\x1b\xc2\x020qPz\xce\x93\
\x00\xb6P\xe1Q\xdd\xb9\x82\x090\x01&\xc0\x04\x98\x00\
\x13X\xa5\x04\xc4*\x8d\xeb\x02\x0f\x8b\xddg\x02L\x80\
\x090\x01&p\x1c\x04\xb6n\xb5@\xb9\xf4\x1f\xf20\
\x16\x0a\x85@\x9fX\xea\x8fB<\xf4\x1f\xfd\x88\x87\xf2\
\xbaO_8@D@D\xf0<\x17\x1c\xa7\xa3\xc0\xb0\
\x1fQ\xca\xf8>\xcd!\xc9\xce\xbb\xbb>\xbb}9\x1c\
\xb5\xff83\xb2\xf9\x0b{\x1f\xde9\xa7\xa4\xab\x5c\xb7\
\x1b\xfcU[}\xb2Q\xc7\x85\xd8\x8b\xa9\xef\xbc\xae\xeb\
\xe7\xfbiP\x87$\xaa\x81\x16\xd5\x00\x84\xd0\x92\x90\x00\
\xc3\x0ca\x96\x04A\xa78\xf72\x0f:\xaf\x8c\x0f]\
[\xe8\x8f9\xa5t\xc7\x0e\xa7\x15\x89\xff{bx\xe3\
\xfb\xca3\x8f<\xd4i\xd4|\x94>q\xf7\x82i\xb5\
\xefA\xe6\x18\x8f\xc0W\xaa\xef\xa7\x94\x0d\xf6\xac\x9f*\
\xca\x18\x96\xa5O\x08\x1af8|cey\xf1\xbd\xe9\
\xb1\xe6\x93O\xea+\xa84\xd7q\xddK;\x1a\xe1x\
\xf2\x1fe\xad8\xe5y~p:M3\xd4c\xd10\
1\x14\x89\x86h\x1bn\xb6C\xe6\x8b\x22\xd1\xf0\x0b\xc3\
a\xfbE\xa4\x16\xbe\xa4^Z\xfc\x83\xe6\xec\xfeO4\
\x96\xf7\xffI\xbbU{k\x9c\x84\xcbLfk\x0aN\
\xfa\xba\xd5\x80\xec\x8d\xc9\xc4\xf0-\x9b-O\xdc\xdaY\
\x5c\xba\xb3\xbb\xf8\xc8\xc7Av_\x15]\xb3\xe1i\xd9\
\x89KG\x13\xa9\x5c\x08\x84\x85\xe4_pj\x96\xd2`\
5\xdf\xef\xed=\x90\xd8j\x0b\x1f\xe6\xf7?\x04\xb2\xb1\
\x041\xd3\x03\x93D>\xd28\xa1\xffoE\xd2^\xe9\
A\x82\x822\xe8\xbd\xd1\xfd#\xd0\x86v\xf1\x00,N\
\xef\xed\xf5\x17z' \x18\xa3\xfbj3\x0c\x03L\xd3\
\x0cD[\xa5\xc7\xd2>\x09\x11\xc6p,-\xb2\xa3\x13\
\xb1\xd4\xd8\xc6K,\x13\x7f\xae2\xbd\xfb\x9d\xc5\x03\xfb\
?\xdfp;\xb7\x17\x0cxar\xc3\xcd\x1b\x06I\xdc\
\xa49\x8e\xfd9}\xff\xfe\x8e\x91\xca~\xcd)--\
\xfa\xd2\xa5n\x00\x88\x08'r!b\xf0\xde\x1b\xa1p\
\x84\xfe\xed?%\x952\xce\xf5\xd7\xba\x81/&\xc0\x04\
\x98\xc0\xc5K\x80#g\x02g\x9f\xc0\xb1?d\x9c}\
?xE&\xc0\x04\x98\x00\x13`\x02L\xe0\x04\x09$\
\x17\xec\x84\xd3n?\xcbJ\xa5\x12\xfa\xdb\xa6Z0B\
\xc4@\x18PJ\xd2l*\xc8S\x86\x04\x09\xa5\x93\xa0\
\x8c\x88A^?\xb4(b\x0a\x01\xf5z\xa5\x1b\x0a\xc7\
\xbejw\xda\xb3\xba\xfe|\xb5\x85=\xdfY\x0cEB\
\x7f\x9c\x1b\x1a\xf9\xf4\xd4#;\xa7\x05JiY\x86\xd2\
\xc2\x0b\xa2\x8eK\xc7\xad\xed\xd8\x11h\x91'0\xc2!\
\x00!\xc8\xebqJQ\x1eQ\x98\xb6\xc8\x8cm\xc8;\
\xcb\xcb\xaf$\xa1\xeb\xf7b\x85\xeb\x87\x8e=\xd3\x09\xd6\
\xee\xbf\xbbS\xb7\x13_\x89\x146\xdcY\x9b\xdf\xf3\xa0\
\xebt\xbc\x88m\x05\x7f\x91\x17\x11\x1fs2\xc4~\x9b\
\x8eI\x9b\xa0\xbe\x02z~\xab`_\x03\xadJ\x08L\
e\x07\xacP4vse\xb9\xf8\xae\xcc\x86\x037\x9d\
\xc6\x93w\xb4\xe6\x91wGu\xf6\x1a\xd9\x91\xefuZ\
M\xd7 /\x10{~*\xe2h\x90 \x18\x8d'\xcd\
X<i\xc5\x93)3\x12OX\xf1T\xd6N\x0f\x8e\
Dsk7\x0d$\x07\xc7\xaf#\xa1\xed\x95\x8d\xe9}\
\x1f\xab\x8b\xee\xef\x87F\xae\xde|\x02\xbe\x8a,\x09\x80\
\xe1\xa1\x9b&\xe2#3O\x07\xaf\xf5\xda\xfa\xec\xc3\x9f\
p\x8bSw`<\xf6\xe2\xf4\xd8\xa5\x97\xe5\xc6\xd6f\
\xa2\x91\xb8\xad\x10\x04\xf9\x83+\x16\x88_\x88T)\x04\
\x00\x88\x83\xc2\x9d\x16\xffL\xa7\x0a{\x1f\xb8\x07dk\
\x09B\xc2\xd1\xad\x80\xd4O\x08\x04\xfdnQ\x88 \xc0\
\xa39<\x08C\x1b\xfc\xd2\x1e\xd8\xf7\xc07\xc1\xf4[\
`\x19\x08\xa8\xb4\x10\xa8@\x9f\xd2\xd3\xa6\xa87\x15\x80\
<\x08\x12\x9a\x05\x82}\x22>JJ$\xdf\xd0\xb4m\
\x91\xce\xe4\xac\xdc\xda\x0d\xb9\xd4\xe0\xc05\x9dj\xf9\xd7\
\x97\xf6\xecx\x7fmv\xe9c-+\xf6\xea\xcc\xfam\
O\xce\x8d\xde<\x02\x1b\x9f\xd7\xfb1P8t\xd9\x91\
\xf0\x83\x00j\xa7\xe7\xb8\x9e\xf2\xa5BDrQ\x1d\xea\
\xf0\x049\x1a\x03$T\xa2\x1d\xb2\x85S\xaf\x5c\xd9\xb1\
\x8d\xfc\x13\x0c\xe1\xe63A\x80\xe7d\x02L\x80\x090\
\x01&p\x8e\x08\xe8OC\xe7hi^\x96\x090\x01\
&\xc0\x04\x98\x00\x138\x15\x02hX)\xcfo\xdf\x1c\
\x8f'm4H\x91\xa0\xc9\x10{\xa2\x00\xe2\xa3Sj\
&\x11\x09ur0\xd5B\x87\x94\x1ex\xd5j\xd1\xb2\
\x8c\x7f\x99\x9e\xbe\xa7\x13t8\x8f\x1f\xf3\xbb\xbf\xb9\xe4\
x\xee\x9f$\xb2\x83_X\x9a|d\x11\xc1W&\x85\
E\xa2Op\xdaN\xa7\x87\xbb\x7fx\x19\x91:\xae4\
\xf6\xeb\xb5\xb0\xa69\x08\xd1\xfb\x9a1\x1a6f\xc7'\
\xf2\x9d\xe5\xa9W\xf9\xe0\xfc^bxk~e\xc8\xa9\
%$\x08\xb6C\xf6?\xdb\xd9\xb1\xf7\xd5\xe6w?\xec\
t[R\x90h\xab\xd7'q\xec\xa08\xd5[\xe4\xf1\
?\xa2i\xdf\xb5\xe9\xbe\x88+{M\xef@\x22\x9d7\
\xc0\xc0\xa7V\x8a\xcb\xef\xcem\xf6\xf5\xa9\xd1C\x01\xeb\
\xce\xa7\xc9\xf2\xc9B|\xa00\xd8EDIvP\x88\
\xd2>\xe9r\x7f\x19O*z\xd7\x04\xa0ahC\xd7\
\xa7\xc4\x8abah$\x96_\x7f\xd9\xd5^e\xe9u\
\xdd\xb9\xc5\xdb\xa3c\xcdk\x1f_\x10\xbc\xd5H\x8d?\
%\x13]{\xf3\xd5m\xcb{igy\xf6\xa3\x8d\x99\
\x07?\x05\xcd\xe5\xd7\x86r\x83\xcf\xca\x8cm\x1aKg\
\xf2Q\x14\x96\x00\xd0\xe7\xf7T\xdf\x05\x12\xf0\x00\x10\x11\
\xf4\xa5\xfd\x13\xa2'\x04j!\x5c\x97mC\x90\xc0\xe7\
\x82S\x99\x83\x9d?\xfcopJS\x900\xda\x10\xc3\
\x0eD\xb0\x0d!\xd5\x84\x98\xd0\xe56\x98\xed%X\xd8\
}/\xec\xb9\xf7;`\xb4\xcb\x10B\x1f@\xf9A\xfc\
\x86\x8e\x91\x96%\xa1M\xf9^W)\xe9*\xe9yJ\
\x00\x02\x0a\x15\xf4\xd1>\x84B!\xb0,+(\xa3a\
\xa0aYh\x85\xe2\x98\x1b\x1a\x8df\xd6n\x5cg\xc5\
\xa2\xcf\xad\xcf\xee{Ky\xef\x8e?*\xd7K\xb7G\
\xda\xcb/L\xaf{\xf28l\xdc\x18\xd2\xe3\xb5\xc5\xdd\
f\x19\x92\x85{*\xe5rS\x97\x95\xa2\x85u\xe6\x04\
L\xfb`\x85#\x00Ns\x00\xc0\xdfDC\x91\x8co\
&\xc0\x04\x98\x00\x13`\x02L\xe0\x22  .\x82\x18\
9D&\xc0\x04\x98\xc0\xf9@\x80}`\x02\xa7\x9d\x80\
!p\xa3\xd3n\x8e\x9bv\x18\x850\xc04{b\x96\
^H(\x04\x13\x0d\x9d\x0d\x0c\x11\x01\x11\xf5\xcf\xa1\x81\
\xfe\x82lPI\x0f4\x04\xb8$Z\x80\x1d\xda\xe3v\
\xc5.\xaa:qU\x81\x06\x9d\xed[\x7fe8\x9a\x8c\
\xfeIrx\xfd\xe7\xe7\xf6<<+}G*\xe5+\
\xd3\xb4AR\xec\x8a\x0c@\xf4\x04\x17\x1d\xf7JYJ\
\xb9\xe2\xaa \x1e\x06\xb5#\x95u^\x87Md\xa8\x1f\
\x09+\xe8+\x14\xe9\xd1\x8d$\x08\xce\xfdN\xd7u\x7f\
79\xba%K\x1dO\xfd\x9e\xbe\xa7\xedD\x93\xff\x1a\
\x1b\xdc\xf4\xfe\xa5\xc9]?i5k\x1e\x22*2\x00\
\xbd_$\x1d\xc1\xca\xa5c\x10\xe4\x966\x08b\xc1\x95\
\x16\x9d\x08z\x08\x8a\x01\x03S\x12\x83\x93g\x0a\x04f\
\xf3\x83V\xc8\x0cm+\xce\xcc\xdd\x9e\x1c{\xf2u\xa7\
\xf7+\xc3\xdb\xcc\xc2\xc6\xa7]\xbb<7\xff\xae\xb9\xa9\
\xc9\x17\xc5\x93\xc9\x10-M\x82[\x8f5\xb1\x03\xcd\xb8\
oJi\xa6\x92\xeaH4#\x8f\xf5;\xaa(0\xfd\
\xd3\x89\x12@\x0c\xac\xbb$\x07\xd1\xd8\x0b[\x07\xf6\xbc\
\xd5\x1c\xa8\xdcx\x94 \x88\xfa\xb7\x00S\xe3\xd7\xad\xcf\
\xac\x9d}v\xbd^z{kr\xdf\xa7\xda\x0b3o\
\x16\xd1\xd0\x0b\xe2#\x9b.M\x0e\x8fd#\xb1\xb8\xa5\
\x90\x14>\x00\x04\x00\xf4}\xff0QX\xd2\x1e+E\
\xfe(\xdf\xf7\xa4\xd3\xe9\xf8\x8e\xd3%\xde*8M\xaa\
\x94\x0a\xfa\x02J\x08\xa3\x0b\xd8\x9c\x87}?\xfa:L\
m\xff*\xb4\xa7~\x0c\xfe\xd2# *\xfb\xc1\x9d\xdb\
\x09\xcb;\xbf\x03\x07~\xf45(\xee\xf91\x98N\x0d\
\xe8M\x03#\xd8\x1f\x01\xfd\x8b\xe6S\xedV\xd3\xadL\
OM\x16\xf7=x\x7fy\xf2\xe1\x99z\xb5\xd2R\xbe\
\xf4I\x10T\x92:\xf8\xf4\x0e\x0ar\x17\x11\xc1\xedz\
\xe09>(\xcf\x0f|\x07\x22\x19\x8b\xc7\xad\xec\xf8\xfa\
lbt\xfcj\x00\xf5k\xed\x99\xbd\xef\xab\xec\xdb\xf7\
G\xb0\x1czUt\xcd\xd6'\xe9?\xc6\x12\x0a\xa5\xfc\
D\x22\xb3\x1d\x9a\xed\x92\x04\x05\x88\xd8w\xe1\x09RE\
\xed\xda(\x01\x04aX\x08f(\x81\x0a\xb6\x92\xd8h\
\x03_L\x80\x090\x01&\xc0\x04\x98\xc0EA\xe0\xd0\
\xa7\x97\x8b\x22\xdcs\x11$\xaf\xc9\x04\x98\x00\x13`\x02\
L\xe0L\x10\xb8\xd5\x90^\xeb&\xcb\x0e\xc5I`\x09\
\x94\x00-0\x1c\xbd\x12i\x0f\x80\x88Z\x109\xd8d\
\x18F \x80\xd08\xd0c:\xcd\x96\x0c\xa5R?l\
\xda\xa2v\xb0\xd3\x05\x90Y\xd8\xf3\x9dE\x19\x0d\x7f>\
7\xb6\xfe\x8b\x0b\xfb\x1eY\x06\x125\x95\xf2I\x14#\
#\xc1\xa5\x1f{?\x94\xa3\xcb\xba^\xc7\x8f\x18\xe0\x0b\
8\xf5\xca\x06\xa0!\xc0\x0e\xc7p\xf4\x92+\x0b\xce\xd2\
\xe4\xab]\xd7\xfe\x8dl\xf6\xc6\xa4\x1es\xcaF\x82`\
\xd3\xb2\xff.>\xb4^\xff\x86\xe0\xeeN\xa3&}\x12\
\xb0\x04b0\xb5\xef\x1d:E\xa6}\x0e*\xe9\x81\xd8\
k\xa7\xec\x117\x22\x06\xfb\x88\xd8K-+\x8c\xe9\xec\
\x80)\x04\xfct\xbd\xb2\xf0\xee\x81u\xf3\x97\xc3\xe9\xb9\
Dz\xc2\xb9bi\xf7C\xef\x11\x96z\xf1\xc0\x9a\xe1\
\x01\x10\x06\xc9p\x02\xfb~\x22\x22\x08Z\xd80LJ\
\x0d0(E\x14\xd0\xbf\x90T'D\x8a\x83D8\x81\
&\xa2\xb0\xb00\xb8&\x1e\xce\x0f=\xcf[\x9cyM\
b\xa4\xb5\x1e`\x9b\x09\xa37GB\xa37n\x0c\x83\
xIuv\xe9\xc3\xe5\xc9G>+\x9d\xce\xabR#\
\xe37\xe7\xd6m^C\xf1\x85\xc2\x91\x98\xb0C\x11\xbd\
6J\xdao\xd7uIt\x94`Y\x06\xd8\xb6\x0d\x86\
!\xc0'\x98\x9e\xd3\x91\x95\xe5\xf9V\xf5\xc0\x9e\xc9f\
\xa5\xf8H\xb3Vi*\x12)i\x8c\xf2<\x19\x8c\x01\
\xa9\x80\xba\x07\x82`T\xb5\xa0\xb3\xb4\x0f\xa6w~\x1f\
v\xff\xf8\x9b\xf0\xf0\xf6\xff\x86}\x0f~\x1b\x96'\x7f\
\x02\xd8X\x82(\xb4\xc1&\xf1\x90\xa2\x80\xfee\xd0\xbf\
)Z_I\xc7Q\xcd\xf9]\xfb\xad\xfc\xe0\x87\xc2C\
\x9b_\x0b\xa1\xf4\x87\x9d\xd2\xbe\x7f*O\xfe\xe8\xe1\xd2\
\xe4\xbe\xaa\xdbi\xf8By\xaa\xd3j)\xe9y\xe08\
\x1d2\x07\xba^\xcfw\xed\xb7i\xd8(L\x13-;\
,\xb2\xb9\xc1hv\xe2\x92\x0d\xd1\xe1\xa1\xe7C\xabr\
{kn\xefg\xab\xe5\xeem\xcd\x90\xf9$\xcb\x0a-\
\x83eU|\xdf\xef\xab{}w\x1e'EjC@\
D\x90\xc4\x0c\x11\xc9\xc5t\xd8\xf3:7$Z\xa9\x04\
5\xf2\xcd\x04\x98\x00\x13`\x02\xa7D\x80\x073\x81\x0b\
\x83\x80\xb80\xdcd/\x99\x00\x13`\x02L\x80\x090\
\x81\xc3\x09d\xb3S\xb1j\xb5|\x1d\x09\x06\xa6$!\
C(\x01\xda\x00\xf4\xff\xb4\x0b\x90\x08\x81\xf5\xc7 R\
\x05\x15H\x8b\x81\xc0\xa8,H\xb4!E@\xb9\x8eS\
7\x84\xf9_0}O\x97\xba\x5cPwc\xf77\x97\
;\x9d\xda\x97\xc3\xf9\x81/,\xed\xdb\xbd\x80JJ\x8a\
K\x91\x01\xa0\x01\xfaR$<\x11\x0d\xcaJ\x12E5\
\x07\xcdH\x06eIm\xda\x80\xb8)\x85\xd4\xee\x93P\
\xa2\x88\x91\xa0<b\xd7uEfl\xf3\x9a\xf6\xd2\xc2\
\xeb\xdd\x88zyzb[\x9a\x06\x9e\xfaM\x82`C\
\xc0\xbf\xd8\x99\xb1\xf7\xd7\xe6w?\x04\x9e\xeb\x91P\xa6\
LK\x800\xc8[E\x82 \xad\xa2\xa8 Q\xfbK\
\x85\xc3n\xa5\xf3\x88@N\x82\xa0\x14\x11\xc1 A\x0a\
\x95\xa0-\x95$\x82\xf9\x98\xca\x16l\xd3\x14?\xb5\x5c\
Zzkn\xd3\xd3.\x03\x80GOD\x95\xc7yc\
~\xfdS6Vff\xde\x04\xd1\xe83r\xb9\x81\x08\
\x1a\x06\xeaK\x92\xa8D\x8e\x80\x10H\xef \xe5\xb4\xef\
\xdah9_cF\x83\xda\xb4\x09b\x8b@>\x05\x86\
 \xc1%1\x0c\xa86\x95\xca\x85\xc1\xb0\x9f\xd1n\xb7\
_5\xb0\x09\x7f\x0e*\x95\xb7u\xa7\xf7|\xa1\xb3\xb0\
pG8\x9d|Av|bmah$j\x87\xc3\
\x828\xd1\xd2\xb4\xb6\x02=\x05\xd8v\x08B!\x9b\xc4\
[[\xcfKo\x80T\xbe\xeb\xc9N\xb3\xe1T\x0f\xec\
\x0f\xf8\xba \x00\x00\x10\x00IDAT_\xa8\xcd\xfe\
\xe4\xbb\xd0*\x7f\xd1H\xe7oKfs\xaf\x97\xf5\x85\
\xffW=0]2Q\x80i\x1b\x80\x86\x00!\x88\x9b\
\xe7\x03\xe8\x7fK\xa0\xc0\x12~ \x0cF\xa0\x03a\xd5\
&\xeb@\xc4\xf0A\xa0O\x8bBp)\x8aQ\xff;\
\x03\xe3\xffg\xef=\x00$;\xea;\xff\xdf\xaf\xea\xbd\
\xd7\xb9{\xa6'\xcf\xce\xee\xcc\x06\xad\xa4\x95\x10\x88%\
\x09\x81Yc\x8c\x0d\xc6\xf1\x8c1\x8e\xf7\xbfs:\xfb\
\x1c\xb0I\x92\xc8\xc1\xc68'\xce\xe7x\xf69\x9e\xb0\
9\x1b|\x18\x0cf\x8d\x00!\xa4Ey\x156\xcd\xce\
N\x8e\x9d\xbb_\xaa\xfa\xff~\xefM\xcf\xcc\xe6\xd9\x9d\
\x91V;[\x8f\xfa\xbd\xcaU\xbf\xfaT\xf5\xaa\xfb\xcb\
\xeb\x1e\xeaF\xeb\x94\x08zibt\x1a\xb2C\x7f\x99\
\xb4\xc4\xc7[\xd3#_\x82\x9e\xde?I\x15w\xbe\xcd\
\xea\xd8\xfd34\xd1\xaf\xd6\xa6\x9f\xfa\xe4\xec\xf1\xfb\x1e\
+\x8d\x9f\x5cP\xf4\xc2\xb3mK9I['R\x8e\
f.\x1e\xf1\xd0*\x00E\x82\xb0\x00\x894\x07\x19\x88\
D\x22eu\x0c\x0euf\xb7\xedz\x11\x84\xfe\x7f[\
:~\xf4\xf7\x96\xaa\x8bwd\xba{\x07\xe8\xf5\x8ct\
E>\xf1M#\xdf/l\xdc^\xd1\xbeq\x9cL\xa4\
d\xe0\xb6\xf6Z\x89\xf4\xe0\x85{\x99ZC\xc0\x100\
\x04\x0c\x01C\xc0\x10\xd8*\x04\xc4VY\x88Y\x87!\
`\x08\x18\x02\x86\x80!\xf0\xac\x12\xb8\xc2\x93\xd5E\xab\
_W\xab{3\x99\xac\xa0\x8b\xc5\x1f\xe0\x0f\xf6\x17s\
\xab\xdd\x86\xfb\x04\x81\x0fa\xe0i\x14\xe2\xa8\x96\xeaa\
\xeaK\x92\x06\xdd\xaf\xae\xa0\xebs\x87\xa7-Y\xf8\x83\
l\xff\xf6?\x9a9\xf6\xc4\x82%@\xf3\xfa4?%\
H\x82\x07\x09*\xeb^\x11\xb7\xe5\xbe\xed\xa7&\x15)\
+\x1a-,\x0em\xdf^\x9dx\xe2-n}\xe9\x87\
\xba\xbbo\xdf\x9c'\xa8&\x0f5\xbaS\x89\x7f\xcc\xf6\
\xdd\xf0\xa1\xa5\x89\xa3\xa3A\xab\xa1I\x94\x810\x0c#\
c_\xd8\xf1\xf6\x9e\xadM\xb7\xcb8fQ\x87\xdb\xb2\
\xb5\xdbh\x10,\x92a\xb1{\xd0Qn\xfd\xbb\x17\xa6\
\xc7\xef,\xecx\xd1\x08\xd7_\x8e\xe5\x87n\xeb,-\
,\xfe(@\xf0\xfa\xae\x9e\xc1\x8cF\x16\xaa\x80\xb4H\
\x9a\x89\x844DA:\x9a\x00O8\xe0\xea\x04\xd4u\
\x1a|\xbb\x03t\xaa\x07\x5c\x99\x87\x06d\xa0E\xe5>\
\xd8\xa0\xd0\x02\xda\x16`\xdf\x99s\xe4?\xf5\xef\x1d\xde\
Yt\xa4\xfe/\xb3c\xc7\x7f\x0f\x94\xff\x96\xc2\xd0\xae\
Wu\xed\xda3\x90+t&H\xb5CM\x1dh\x8d\
\xb8\xd6\x7f[HHX6\x8f\xa5\x11\x94V\x81\xabk\
\x95Ew\xe9\xe4\xd3\xb3\xf5\xe9\xc9/A\xa6\xf0\xebv\
\xf7u?\x0f\xc5\xee\xf7\x87\xa5'\xff\xa92\x95\xff\x5c\
~\xe8\xc6\x0f\x01x\x9f\x9a\x9b\x9b\xac\xe90\xd4\x12\x05\
\x04A@B\xa2\x03\x82\xd6\x02tnh,@\xa02\
\xed\x81T.HJ#\x89t\x5c\x0e\xc0\xa2\xb2\x8e\xda\
\x920\xc9}\xa3y\xe7G\x8f/\x80\x95\xfc\xabtg\
\xfa\xcf\xf9k\xec\x00w\x87$\xb07\x9b\x8b\x8f\x9d\x0a\
J\x8f\x1f\x84\xde\x9e\xdf\x85\xae\xeb~\xd6*\x5c\xf7\x16\
\x10\xf6\xef\x97'O\xdc\xb3t\xf2\xc9\xe9jy\xae\x15\
\x06M\x926C\x1d\x89\x9a\x8eC{g\x01_\xcc\xc7\
rl\x9e\x0b\x01-\xb4\xed\xb4,\xf6o\xeb\xe8\xd8>\
\xfc|G\xe0\xb7\xd9\x96\xec\xe36\xa847\x8f\x0cW\
\x93Q\xfe\xf4\xdb\xea[\x7fb\x09\x88\x02\xa2\xdf\x0dT\
\xba\x9fv\xf4\xa6\xcd\xfdJ9\x98\xcb\x100\x04\x0c\x01\
C\xc0\x100\x04\x9e\xa3\x04V\xdf\x11<G\x1d4n\
\x19\x02\xcf5\x02\xc6\x1fC\xc0\x100\x04\xae<\x81\xfd\
\xb6@\xb8\x154\xf4 JP\xa4\xach\xa1A\xa1\x22\
\xd7\xdaF\xc9s\x04\xad\x15\xb5\x0f\x81\x94\x13 m\x05\
\x1a\xb5\xb2\x97\xcc\x14\x0e6\xed\xe2\xfc9\x9a_5E\
\xb5\x99\xaf\xcc\xa5S\xf6\xff\xc8\xf6\x0d\xff\xcf\x99\xb1\xa3\
\x0b\xa8\x03%H\xa9\x89\xc4\x1dZ\x05\xaf\x95\xa25\x81\
\xdf\x02\x09@*a\xa3(\x0aH<\xd9X\xf0Q$\
\xfe0[\x94\x02I\xbc\xc1\xe2\x8e\x1b\x07\x9b\xf3\xd3o\
\xadC\xe5\xc7\xa0s\x7f\x016\xe1\x9a$A0\x03\xee\
\xa7rC\xd7\xfd\xea\xe2\xf8\xd1\xe3\x81\xef\x86\x92T\x19\
\xc7q@J\x09Z\xeb\xc8\xdaSq\x9e\xd3\x9a7\x90\
\x04?@\xf2\x9e\x0ci\xff\x81\xf6_\x01\xedm\xdc\x80\
\xfaQ\x1dH\xec\x1a\xd8\x91\x10\x88\xdfS.W\xee(\
l\xdf\xbf\x9b\xaa\xb9\x82\xa2u\x07\xd9\xa8\x96o\x0d\xca\
\xa3\xdf\x99\xea(\xe6\x03\x12\x9e\x90D\xa4 P \x84\
\x15\xcd\xa3A\x80\xa7%xV\x1e\xb2\xdbo\x81\x1d\xfb\
_\x0b\xc3/}=\x8c\xbc\xec\xf5\xb0\xf3\xb6o\x83\xa1\
\xe7\x7f#\xa4\x07n a0\x07-%\x00P\x02_\
B\x08@D\x1aC\xa1F\x14\xe9L>\xd7=\xb0m\
\xa0\xa7\xaf/\xe3$\x12BR\x03\x12Gi'iu\
A\x08\x81\xa2\xf5\x91\xf7<\x1f\xa2$-/\xd4\xae\xd7\
R\xb5J\xd9[\x18;9\xb3t\xea\xc9\xfb\xdd\xa5\xa5\
\xff\x95\xec\xdd\xf1\xb6l\xdf\x8e\x9f\x07'\xf7'\xfe\xfc\
\xa3\x0f\xc2\xe2Q\xfe\x0a|\x08p0\xa8\x8c\xdfw,\
\xdb?\xf2kP\xaf\xffMi\xec\xc4\x8c\x0a\x83\x90\xb8\
\xd2X> bd*\xd0\xac\x09\xb2\x8bQ^kN\
\x22\xf9I\xe5\x94a\x87\x00\x149\xa5u\xe8\xfb\xc1\xe2\
\xd8C\xc7\x00\x82\xff\x01\x96\xfcX\xe3\xd4\x83S\xdc\xfa\
\x0c\xd3@{\x0d\x0b\x0fO\x04\xe5\xde\xff\x80l\xf1w\
\x9c\xfe\xe1\x9fs\x8a\xdb~\xd1_X\xfc\xe3\xd2\xc9G\
\xef\x9d;vd\xaa\x5c\x9ao\xb5\xdc\xba\xe2\xaf\x1c\x07\
\xca\xd7\xae\xefE\xc3\x08A\xbch^r\x80\xa6\x16h\
Y\xb6\xc8\xe5\xf2\xd2rl\x02(Qa\xd4\x8cn\xec\
(\x1b%\xcf\x19TT\xaa\x80\xda\x08\x04\xa4\x08A\x82\
\x93\xcd\xa4T\x10\xbe\xa4\xef\x96r\x12\xcce\x08\x18\x02\
\x86\x80!`\x08\x18\x02+\x04\xb6jBl\xd5\x85\x99\
u\x19\x02\x86\x80!`\x08\x18\x02[\x95@\xa1\xe0e\
\xb5\xc6W9\x1d]Y)e\xf4\x14\xd9\xda\xb5\x92\xb0\
\xb16{Z\x9a\xebHh\x88\xca<\xbf\xa5\xbdZ\xbd\
l'\xac\x830z\xd0\x8d\x0a\xaf\xde\x9b\x9e=q\xdf\
L*\x95\xfb\x83L\xb1\xf7\xaff\x8e=Y\x06\xed\xb1\
\xc0CK\x8e\x05\x1cJ\x90\x96\xb2\x9an/\x95\xcb\xdb\
i\x8e9\x8f\x88\x9c\x04\xe6K\xd2\x0b\xa0\x14`9I\
\xd1=\xbcsGs\xfe\xd4[\x13\xd8\xfc\xafP\xdc\xb3\
)\xbf!83\xf3H=\xe9\xa6\xff.7\xb0\xe7\xa3\
K\x13G\xc6U\xe0j\xdfkiE\x22/\xd0\xc5\xfe\
PtZ@\x8c\xfdk\x17\x22b\xb4\xb6v^\x08\x01\
\x88\x08!i?B\xd8X\xec\x1eHA\xad\xf2\xe6F\
\xa3\xf1\xd6\x8e\x91\x97\x0d\xb7\xdb\xad+\xce\xef+\x04\xad\
\xc6\x1b!\xd1=\xe2\x10\x03\x1a\x9b&\x17\x11\x1b\xf6-\
 q\xaf\x1eX`\x15\x06\xe1\x86\x17\x7f#\xec\xb8\xe9\
%\x90\xee\xdd\x05\x90\xe9\x870\xd9\x03:\xdd\x0b\x99\xbe\
\xdd\xb0\xf3y\xb7\xc1\xf5\xfb_\x05\xe9\xe2\x0eh*\x0b\
\x02-\xc0'A\x91\x19#\x22\x8f\x87\x8e\x9d \xd4\x16\
\xa2\x94\xc8\xf30\x03\xcb\xb2\xb8\x8e\x84G\x01\xb6\xb4X\
\xc0\xd2a\xe0\xaa\xc0k\xeaRy\xbe5w\xe2\xf8\xa9\
\xc6\xec\xd8\x17 \x91\xfa\x8dt\xf7u?\x03\x83\x9dw\
\xb5f\xf3\x7fW\x9by\xe01X:T\x06 \xd5\x8e\
nk\x82\xaaM\xdf\x7f85\xd4\xffAHf\xfeb\
a\xf4\xa1\x89V\xab\xe2K\x0b\x95\xe7\xb9\x11w\x9a\x1b\
\x10i\x99 \xd6t\x8b\x93\x5c\xc7\xa90\x0c\xb5\xeb\xb5\
\x82\xd2\xf8\xf8a\x80\xee\x8f\x02\xa4\x7f\x1bZ'NR\
\x1dIlt?o8\x18@\xe9\xa1\x927\xfd\xe0a\
o\xf1\xb1\x8fCg\xee=v\xf7\xf5?\x07\xd9\xc2o\
5g'?\xbf4\xfa\xe4\xd8\xc2\xecxC\xab@!\
*\xe5\xbb\xaev\x9b-\xcdkgV\xcc\x1c\x11#\x1e\
@\x0ca\xcd\xc5\xde\xb2\xad):Or\xd5E!$\
\xa6\x92Y\xab^\xab\xbe0t\xeb\x85\xf3t0\xc5\x86\
\xc0\xb5F\xc0\xac\xd7\x100\x04\x0c\x81-M`}\xef\
\x17\xb64\x02\xb38C\xc0\x100\x04\x0c\x01C\xe0\xea\
\x22\x90\xc8\xe7\x8a$\x18\xbd$\x93\xcf\xdbH\x0aF\xec\
=\x7f\xb8g\x83e\x11\x03\xa2\x0b\x91\x05\x8d(\xb9|\
CPJ\x93\xc4!\x01)\x06\xdb\x9eFH\x92\x98\xc1\
\x8f\x0a-7\xb9\x8a\xa3\xb9\xd1\x833\xcaW\xbf\x09\xa9\
\xf4_\xcf\x8d\x8fV\x1d\xcb\xd2R\x22\xe9'Hb\x19\
\xb3P\xc4GG\x16kDq\x9e\xd3\xd4(\x82\xa0i\
\xfdJq9\x02\x92\x8e$\xf9\xdd\x92\xa2\x14\xf3\x12\x16\
v\x0c\xed\xe9w\x97\x16~\xb1#\xdb\xf3_zz\x0e\
d\xa9\xf9\x86\xc3\xdc\xdc\xc1Z\xb5\xa5\xfe\x8f\xdd1\xf0\
\xdb\x8bcO\x8e#IR\x8emk\xdbJDc\xb3\
o\xecc\x94\xa1\x9b\xd6!\xdd\x15Y\x1c4\xf9\x87@\
{\xda\xdeo\x8a\x95\xa6\x95P;\xee+H\xf0\xe9\x1e\
\xd9\x95VA\xf0C\xcdF\xeb\x8e\xee]\xaf\xd8\x0b@\
\xc7\x80n\x17\x09\x98I8;\xc0\xad\xbd\x22\xdb\xd9\x9d\
\x0a\x88\x01i`\xd4\x93DU\xeaH3\x80\x07$\x04\
\x16\xb7\xc3\xce\x17\xbc\x0a0\xbf\x0d\xea:\x09\xadP\x82\
O.\x92\x9c\x05\x81\x92Q\x9e\xbf:,:\xa8\xdd\xad\
\xaf\x82\xae\xe1\x1b\xc0\xc3\x14\xa0$q\x0f\x114\x02\xb5\
\x0b\xa3\xe7\x1a\x15\xa5Ih\x83 \x08\x00\x11i\xdft\
[\xf0\xd6a\x18\xa8Z\xb5\xe4.\x8d\x9d\x9cY\x1c{\
\xea>\xaf\x5c\xfb\xd3TO\xff[\x13=\x03?\x0b\x09\
\xfc\xa3\xc6\xfc\xd7\x1f\x84\xf1\xc3\x8b\x00$\xb8\x91\x7f\x17\
\x08\xba9\xfe\xf0$d\x13\xbf#\x0b\xbb\xde\xde\x9a=\
\xf1\xcfsG\x1f\x1fm\xd5\xeb\x0dRP\x09]\xa8\x11\
y\x17\x94F\x85\xbcL\xc2\xc8\x91 \x7f\xc8A\x1eX\
\x85P\xa9\x94J\xfd{\xaf\xff\x93\xce\xce\xbe\xff\x030\
\xb6\xc4\xc5\x97h!,\x1d/\xfb\xf3\x8f<\x04\xb6\xfe\
#\xc8\xf7\xbd\x05r}\xbf\x08\xf5\xda\xff,\x8f=\xfa\
\xc5\xa5\x13O\x8e7k\xe5\xa6-\x85R~@\xeb\x0f\
#&\xe4\x15h\xda>A\xae!\x9dQ\x9e\x93\x1c\xa4\
\x14\x82F>\xb0\x5cr!\xc3h\x1cn\xc1\xfdP\xda\
\xe0\xd6+\x036\xd8\xe6w\x03\x19\x8a1C\xc0\x100\
\x04\x0c\x01C`\x8b\x13X\xcf\xbb\x85-\x8e\xc0,\xcf\
\x100\x04\x0c\x01C\xe0\x9a'p\x95\x01@\xc7\x1a\xf6\
\x9a\x8dm$\x16!\x7f\x90?\xd3}\x121V\x8aX\
\xd4\xe2\x0c\xb7\x13\xcbO\x8bq}\x10x\xa47Tt\
&\xd7qX\xda\xee\x02\xb7\xd9\x22\xa6\x9b\x8b\x8f\x8cw\
\x14:\x7fC\xa6r\x1f\x9f\x1e=R\x93\x08$\xe0\x84\
+\xcbc\x16l\xcc\x81c6\xae$\xed\x87\xa3\xc8\x10\
\xe3\xaf\xe8F\x19\xba\xc5\xec\xb8\x0c@X\x09\xd19\xb4\
c\xb04\xf6\xc4/4\xad\xda\x0f\x14\x8b/\xcdS\x93\
\x8d\x87\xa5C\xe5t\xde\xfa\x8bT\xcfu\xbf\xb1t\xea\
\xd8D\xe8\xbb\x9a\x8d\xfd\xe3}\xe4x\xed$g\xe6\xcf\
U\x17\xfb\x8d\x00\x02\xc1\x92\x09\xec\xee\x1d\xcc\xb8\xa5\xb9\
\x1fZ\x5c\x9c}w~\xf7m\xbb\xd6\xf69gz\xdf\
>\x1b\xd0\xba\x05\xac\xe46K\xda\x84L\x82e\x91\x80\
G\xba\x18\xcf\xef)\x04\x91\xca\xc3\xee\xe7\xbd\x0c\xfcd\
'4\xb4\x03\x1e8\xd0\x16\xabVba\x83O\xa2`\
S9\xe0\xca,\x0c^\xf7\x02H\x15\x07\xa8\x0c!\xd4\
\x0a\x04\xfd\xcf\x12\x12x\x9dRJ\xa0\x89\x80|\xd7:\
\x0c\xc8B\x15x\xadp~j\xa2\xb68z\xe4Xk\
~\xe9S\x90\xca\xbc\xdf\xee\x18\xfei\xc8\xf7\xbe\xab9\
\xb7\xe7\x13\xee\xdc\xe1\xa3\xcb_\x05V\xb0\xfeK\xc3\xfc\
\x13Sa\xb9\xfb\x1fR\x837\xfd\xa2,\xee\xb8\xa3\xb5\
\xb0\xf4\xb7\xf3'\x1f\x7f`\xfe\xf8\xa3\xa3s\xa3Gf\
\x17&N-\xcd\xceNWC\xdf\x0bi\xbd\x14B:\
K:\xf2\x93\x0a@\xd7\xabX\xaf7jKK\xb9\xfa\
\xfa\xa7=gK\x15\xf9_y\xe2\x08T\x9f\xfeg\xe8\
\xcc\x7f\x00:G~\x0e\x92\x9d\x1fp\x17'\xff\xef\xc2\
\xc9G\x9e^\x98\x19\xaf\x84n#\xd0\xa1\xa7T\xe8k\
\xdfk\x91?:\x1a\x8c\x12\x113\xcep\x9a\xe3\x0b\x19\
\xf3m\xd7s:\x91H \x80\xee\xf4\xbc`\xa3\x7fh\
\xa6=\xac\x89\x0d\x01C\xc0\x100\x04\x0c\x01C\xe09\
L\xc0\x88\x81\xcf\xe1\xcd1\xae=\xf3\x04\xcc\x0c\x86\x80\
!`\x08\x5c\x85\x040P\xc1M\x00a\x96T\x0fd\
\xf1\x84?\xcc#\xf2\x7f\xd2\xe9\xf3\xfc\x19\x0b\xe2:.\
\xe2\x98E\x02n\xbf\x9c\xd7\xae\xef\xbaN2\xfd\xa5\xc5\
\xa1T\x83\xcb\xb6\x92\x95\xa6\x1f\x1a\xcbv\xf4}\x18,\
\xe7\xe333\xe3\x0dK\xa0\xb6\x08\x8f\x10\x16\x899H\
\xa6#\xe353\x1b\x8e#\xd3\x1a\xa8Y\x94\x04`\xa6\
\xcbI \xda\x91\xc5e\xd2Nba\xdb\x9e\xa1\xda\xd4\
\x89;\xea\xd8\xfcA\xe8\xbb%\xd3n\xb9\x91\xb8<\xf6\
\xe8R\x22\x93\xfb\xcbL\xcf\xf0\xff\x98=\xfe\xd4\x9c\x0a\
=M\xa2\x18\xb0\xc1\xb2@\x89\x88\x80\x88\xe7\x9c\x86\xf7\
\x98\x0d\x90\xfc%\xe34\x22\xb5%\xd1Nk^7`\
\xd7\xb6\x91\x94r\xdd\xef\xa9/\x96~!\xdd\xbd\x7f\xe0\
\x9c\x03-\x17v\xcfv&\x9a^m?$Ri_\
i\x10$\xdc\xb5ES\x94\x16\x84\x22\x09\xbd\xc3{\xc1\
\xca\x15\xc1%\x110\x8c\xe6 \xb6\x82\xe6\x22C\xc4\xc8\
W\xc1\xec\xc8\x1f \xa6\x81\x96\xe0\xdb9\xe8\x1d\xb9\x01\
\x94\x95\x5c\x9e\x89\xa4(\x1d'\xf9\x8c\x22\x22\x80\x0aI\
k\xabz\xf3\xa3\xc7&\xcb\x13\xc7\x0f\x82\x86_O\xf6\
\x0e\xfdtr\xa0\xef\x97\xa0#\xff\xbf\xfd\xd2C\x8f\xc4\
_\x03\xbe{U\xe9\x8d\x87\xb8\xc4\xfb\xc1\xa09y\xff\
\xa9p\xd1\xff\xbf\xd0\xdfs\xa7\xd3\xb5\xfbG\xa1\xb0\xfd\
'@:o\x85 |\x1f\xb8\xee\xc7H\x11\x1cW\x81\
\x1f\x8d\xcb\xebG)\x80EKHg\xd2\xf5zmx\
h\xc8\xb5\xa3\xca\xcd\xb9\x85\xfc\xb4 ,=\xf18t\
\xfb\x7f\x03]#o\xb7\x0a\xc3?\x0bn\xf8\x1b\x95\xe9\
\xc7\xffuq\xec\xb1cK\x0bs\x15\xda\xdb\x90Xi\
6 \xd6\x84\x9ef\x17\xcbF\xd1\x85\x82\x16\x80 \xa3\
sE\xe3\x80&\xdeh'\xd2\xa8\x82[\x87\x86nK\
\x80\xb9\x0c\x01C\xc0\x100\x04\x0c\x81-H\xc0,i\
\x95\x80XM\x9a\x94!`\x08\x18\x02\x86\x80!`\x08\
<\xd7\x09\xec\xd9\xf3:\xa7^\xaf\xdfl\xa53\x09!\
\xc4\x8a\xa0\xd5\xf6\x1b\x91D\x14\xca \x22 \x22\xa5V\
\x03\x7f\xe8GD\x12\x00\x10<\xcf\x05\xe5\x07KB\xc8\
\x07\xe0\xe0E\xbfR\x09W\xe1\xa5\xca'\xbfx\x22\xdf\
\xdd\xf7\x11\xad\xf4\xa7fO\x9d\xa8\x0b\x89$7\xa9\x88\
\x99\xef\xfb\x10,\x7f\x0dU\x10\xc7\xf6\xfa\x10Og\xc6\
\xe5mn\x9cFD\xe2*I<\x01\xd6\xc7d\xc7\xd0\
\xceawa\xec\x17\x8b\xc9\xcc\x9b\x8a{6\xe7\x09\xc1\
\xd2\xe8\xc1\x92\xb0\xe1O\xac\x8e\x9e?\x98\x1f;<\xab\
\x82\xa6\x0aC_\xb3\xbf$\xfcD\xfe\xb3/k\x0d\x11\
\xa3,\x22\x92\x7f\x18\xa5\xf9\x86\x88\xa7\xb7GI\xfb/\
\xb1opG*\x5c\x9a\xfd\x01-\xd4\xcf\xf7\x8c\x1c\xe8\
\xe7\xb6\xe72/\xa9l\xe5\xb6\x86\x13I\xc7\xa2z\xa4\
\x0b,\x14\xc0~\xf0\xd7\x80\xb5\x93\x85\x8e\xbe\xed\xd0\x0c\
I\xbb\x03\x9eW\x00\xe3df\xd4>\x9a\xbb\x9d\xe6\xbe\
\x9c\x0e5\x82\xablHu\xf4\x82\x93\xca\x82\x22qP\
S\x19\x84\x0a\xb8\x0d\xf7\xa3\xb5\xeaJ\xa5\xdcl..\
\x1d\xb4\x8b\x03\xef\xcb\x0f\x8d\xfc\x14t\xf7\xfdZk\xf6\
\xc1\xcf\xb7&\x0f\x8dE\x7f\x8c\x83\xa7\xe4\xc6\x9bf\x87\
=\x98~p\xce[8\xf4$\x94\x1f\xfd<x'\xfe\
\x06\xd4\xae\xff\x91\xee\xe8\xfa]p\x9b\x8fz\xbe\xab\x11\
\x01\xc20\x04^\xbf\xa0\x03\x95\xc9\xe4\x12J\x857V\
\x00R\x9b\xe6\xc6\xea@\x1a\xc6\xc7\x9b\xf1\x1f\x1d9\xfc\
\xef0\xd8\xff\x1b\x89\xc2u\xbf\x00\xb9\xed\xef\x80Z\xf9\
\x8f\xca\xa7\x0e\xff\xfb\xc2\x89G\x8f\xd6*\xa5\x96\x0eI\
\xa9\x05\xa0\xf3\xbd\xda\xf9RS\xe9L*\xd1lT_\
\xe0ZA\xe1R\xfb\x9a\xf6\x86\xc0s\x9c\x80q\xcf\x10\
0\x04\x0c\x01C\xe0\x0c\x02\xe2\x8c\xbc\xc9\x1a\x02\x86\x80\
!`\x08\x18\x02\x86\xc0s\x98@\x0dj\xf9V\xa3\xb6\
\xd7\xb1\x13\x22\x5c\x16O\xc4E$\x00DR0\x96\xd7\
$\x04F\x82\x8b\x0e=\x8d\xd29.tkl\xb9j\
KF\xfc\x97c\x13\xe9\xc2\xbb\xc1\x0f\xffe~n\xb2\
eK\xa1\xa5D\x90\xd2\x06\xcbr@\x02\xf1\x88t\x14\
\x88.\x16\xab\xa2\xc4\xca\x8d\xdf*\x89H\xd4B\xa4\xb6\
\xa4'\xf2\x93a\xa0\x90\x04!\x0d\xd2N`~pd\
\xe7\xe2\xe4\xc9;E\xe8\xbcipp\x7fz\xa5\xeb\x06\
\x12\xd5\xc9C\xf3\xa9L\xe6c\xc9\xe2\x8eG`\xe4\xf3\
\x00\x00\x10\x00IDAT?^\x98\x18[`\x0fl\
K\x80\x90\x12\x80\xfc`?\x11\x11\x00V\xfd\xe32*\
\x88\x83\xa6r6P\xd4\x5c\x83F\x05Jk@\xaaE\
d1S`\xd7\xc8u\x85\xe6\xc2\xcc\x8fU\x1b\x95\x9f\
\xcc\x0f\xddV\xa4\xaa\xb3\x82\xf2\xd1\x02/\xc8#]\x9a\
j\x15\x0a\x08\x01#nJ#$s\x9d \x12\x19`\
\x81\x0f\xa2\x8b\xe6S\xdc\x92\x94)M\xa2\x19\xcfK\xc6\
\xbe\xb1\x01\x22\x00\x9dAM\xe3\x00\xda\x90\xca\x14 P\
\x08Q\x0fI>Gc\xd0M)p\xeb\xad\xb1\xbe\xbd\
\xfb>Z\xb4{\xfe\xae2\xfe\xf5\xa30~o\x93j\
\xa2\xa6\x14\xaf#l\xa8\x09\xcf\xa3\x00\x0e\x06\x8d\x8e\xf2\
\x228\xe9'<\xb7\x19\x221\x14B\x00\x12[\x16\x04\
\x13\x89\xa4\x80f}w2%;64\xdb\xc5;k\
\x16@\xdd\xf2c\xc7\xa1\x9a\xfeTaG\xdf\xaf$z\
\xaf\xfb\xe9T\xdfu\xefM&\x93\x0f\xb6\x1a\x8d\x80}\
\x02\xda\xef\xd8.< R;Ag\x99\xb6\x10\xd8\xb8\
\xb5M\xff\xa6\xa8\xd0\x1b\x09\x82\xb0\x97\xf3\xc6\x0c\x01C\
\xc0\x100\x04\x0c\x01C`\xeb\x12\x10[wife\
\x86\x80!`\x08\x18\x02\xd7$\x81\xad\xbdhT\xd2\x19\
\x00\xb7\xb5\xddJ8BX\x12X\x08D\xc4\xf3\xae\x1a\
q\xb5\x0e\x11cQ\x8bD\x9az\xad\xe2[\x8e\xfd\xe0\
\x9c\xb5t9\x7f\xf4\xe0\xbc\xf3=\x07+\x94;\xf7\xd0\
\x91\xde\x9d{~%\x08\xe0s\x93\xa7\x8e7H\x0b\x8c\
\x04A\xf65\xa0B\x8e\xdb\x86\xb8\xca+\x12\xaf\xda\x15\
\x14s\x1e\x11I\xcfB\xcaA\x14#\x89sv\x22#\
\x0b}\xfd;\xe7O<\xfe\xb6*\xe87\xc1&\xfd\x86\
`u\xe2k\x0b\xd9\x5c\xc7\xff\xc8\xf6\x0e\xfe\xe1\xc2\xc9\
#\xb3\xa8Y6S\x9aE\xa8\xb6\xc5\xc2\x0fiV\x00\
\x91?p\xa1kY\x94\xe3&\x1a\x04H+!zv\
\x0c\x17[\xb3G~\xa2V/\xff\x04\xf4\xdf\xda\xc3u\
kM\xa7|AsX\x88\x12\x10\xe3u3\x076\xf6\
\xc1\xe6'\xfb\x84\x0d<\x1e\x22\xae\xb4\xa1>\xc0m\xd6\
\x8e\x85\x18\xd7k\x12\xffB\x92\xda\xd0\xb2!\x99\xceP\
_\x00!\xac\x95\xf6Z+\xca\xd3\xb4\xad\x86\x17\xa8\xd6\
\xd4\xcc\xccg\xaf\xec\xd7\xd8\x8f\x1e\xf5\xc1\x96\x0f\xf9\x95\
R\x93\xd6\xac\xc9\xa2u\x22\x22H\xf2\x1b|\xb7\xd7u\
\xfd\xdd\xf0\xec\x5c\x1a\xe0\x90\xcf_'wg\x0f\x1ds\
\x92\xe2\xab\x89\xa4\xbd\x18*O\xd3uI\x1ep{6\
D\x8c\xfa\xd1\xbf)\xe0\xba^1\x0c\xd4v*\x88\x0b\
)a\x82!`\x08\x18\x02\x86\x80!`\x08l=\x02\
\xf4Nk\xeb-\xca\xac\xe8\xda$`Vm\x08\x18\x02\
\x86\xc0\x96'\xb0o\x9f\xad\xc3p/\x84a\x87&A\
\xa5\xbd^\xc4\xf8s;\x7f\xb0o\x97q\x8c\x18\x97s\
\xbam\x9a\xa4\x04\x163B\xaf\xd5\x90 \xbe\x06G\x8f\
z\xed\xba\xad\x1c\xcf\x9e\x18x\xac\xb3\xbf\xf7N\xf0\xf5\
g\x96\x96f\x5c\xc7\x92\x91 h\xdb60\x0f\x00A\
\xcbg\xa3\x88\x82 N$\x7fQ\xaa\x1d\xb8\x8e\x9f\xcf\
C*\x10 (\x1b\xf1\x8e\x9e\x82C\x12\xd6\x92\x98\x1d\
\xd8\xbe\xab:=ygW^~\x0f\x0c\xdd\xb6)_\
\x1b\x9d?y\xcf\x14\xcd\xf8\xbbNg\xef\x9f\xcd\x9e\x1a\
-\xd1\xfek~\xa2K\x90\x03lT\x07l\xb0|q\
\x9am9\xbb\x12!\xad\x87\x8dE\xba\xa8\x90\x0f\x02'\
H\xc8+\xee\xb8\xb1_-\xcd\xfelJ\xe3\x0fuw\
\xdf\x9e\xe3\xe2\xb6\xa1\xb4\x15\x84Jq^\xd0y\xb2h\
p\xfe\xdd@\xce#\x22 \xb2I %\x8f\x82\x8eX\
\x86\x91\xbc\x07Q\x1d,_<\x00[\xc4\x8c\xca\x14\xf1\
V\xa4\x08\x92\xf0\x04\xc8\xf9x\x0aJ\x01\xb1%\xb8\xb4\
>\x80\x00]7znMG\x15W\xee\xa6hqO\
B\xe8/)\x15D^h\x12\xd49A\x9b\x81\x90p\
\x0a\xcdfk?\xec\xdfos\xd9\xb3i\xb6Lw\xcd\
\x8c\x9f\xda\x9dL\xe5\xac\xd3!q\x8e\xed\xfc\xde \x22\
 \xe2j\x03-\x00-+E\xdbr\x1d\xc0~k\xb5\
\xc2\xa4\x0c\x01C\xc0\x100\x04\x0c\x81\xe7\x1e\x01\xe3\xd1\
\xc6\x08\x88\x8du7\xbd\x0d\x01C\xc0\x100\x04\x0c\x01\
C\xe0\xd9\x22P\xf4rI\xdfs\x9f\x07\x89d\x8a\x85\
  !\x8a5\xc1\xb6\xc0\x82\xb8\xe6\x83=9\xd5.\
\xa7\xe4i\x1f\xfa\xc3\x90>\xee\xfb~)\x14\xeaq\xaa\
\xbb\xb0b@\x0d\xb6F\xb8;\x5c:\xf6\x95\xc3\x99\xce\
\xae\x0f\xba\x8b\xd5\xcfM\x8e\x9fh\xf0\x13\x82,\x04\xb2\
1+\xc4\xd3\xf9]h\xdd\x88\x181\xd5\xa4U!J\
@)1\x95\xce\xcb\x8e\xfem\xbb\x16F\x8f\xbd} \
\xed|o\xf7\xf5\xa7\x0bk\x17\x1a\xefBu\xfc\x95a\
K&\xfe\xc0J\x17\xfet~\xf4\xf0B\xe8\xbb\x8a\x04\
AM\x02\x15(\x12\xa7X\x98B\xc4\xd3\x86@<=\
\x7fZ%\xb0,\x07\x80\xe47\x08D\xcbI\x8a\xae\x91\
=\xfd\xcd\x99\xe3?\xd3Jx?\xd41r`\xe5+\
\xaf\xc2\xd5\x01\xa0\xac\x83\x22\x89Ok\x9aO\x01\x22F\
\x06t\xf9n\x13\xb4\xef\xaf\xe4\xa9\xe8\xbc\x81\x19\xb3!\
\x22D?\xdfH\xead\xb8\xfcG9`\xd9'\xae\x07\
@Z\x1a\x1fKK'\xa5\x15\xc2s\xe1\xd2\xadY\xf2\
q\xccu]\x85\x88\x11\x87\xb6[\xc9l.\xed\x95\x97\
^\x04\xc7\xc2L\xbb\xecY\x89I|\xf4\x83\xd67\x81\
\xe3\x0cY\x96DA\xc7\xf0r\xe7e\xee\x92\xce\xb0@\
K\x06Ap=\x0c\xc2\xb3.l^\xae\xef\xa6\xdf5\
G\xc0,\xd8\x100\x04\x0c\x01C`\x13\x08\x181p\
\x13 \x9a!\x0c\x01C\xc0\x100\x04\x0c\x81g\x83\x80\
\xade\xd2ky\xfb\xacD*A\xf3!Y\x14\xd4J\
*\xca\x9euCD\x12W\x10\x90\xc4\x9fP+\x08\x02\
\x0f0\x95\x9a\xb6u8sV\xe3\xad]\xa0\xeas\xd7\
=\x9a\xe9)\xde\x05M\xef\xdf\x96\x16g<\xdb\xb14\
H~\xe2O\x13\xa3Uc\xa6lp\x9eK\x93\x08\x08\
\x10\xbf\x8db!\x05\xa8\xb1&\xfd\xcavR\x98\xeb\x1b\
\xd8;51\xf6.\x1b\x92\xdf92r`\xf5\xcf\xe5\
\xc2\xe5_\x8d\xf9\x07'\x13\x0e\xfe\xa6\xd5\xd1\xfb\xd7\x8b\
\xb3\x935\xc7\x92`Y<\x7fl\x1aB@~\x9c\x11\
\x14M\xa2\x00)&\xc10\xfa\x1ayTL\xa5\xa7\x05\
*T\xd4\x87\x1fpC\x14 l\x07\xf3\xdbw\xed\xac\
M\x1c{{\xe07\xbf\xaf\xaf/\xfe\xeb\xc8V\x92\xd4\
F\xcb\x9e\x0eC\xa5\x84\xa6qQ\xd20\xf1\xef\x06\x22\
\x22\xb8\xf5\x0a`\xd0\xa2yT\xc4O\x08\xf6\x07(/\
\x22\xa3\xc6Q\xe0R6\xc2\x04\x9a\xe6E\x1aK\xfb\x1e\
4j\x15\x90Q\x8b\xf6\x8d[Q\x9a\x9f\x14D\xe1\xf9\
N\xe8Q\x0e\x00\xae\xf0\xbd\x99\xac\x02\xd8\x8f6\x1a\xf5\
\xe8YE^'\x22FkN\xa53\x16\x04\xee\x8dN\
J\x0c<\x8b^b\xcfRf\xa4|\xea\xd4\xb7tt\
\xf4\xa65\x22\xf2\xdc\xd1Y$\xc2\x00\x9ce\x83\xd3.\
\xda\xf6\x95\xbc^\xaeFD ]6*\x17R\xa0\x17\
\x06\xdb;\x9bF\x0c\x8c\x80\x98\x9b!`\x08\x18\x02\x86\
\x80!\xb0E\x09\x88-\xba.\xb3,C\xc0\x100\x04\
\x0c\x81\xad@\xc0\xac\xe14\x02\xad \xc84\x9b\xe5\x91\
d2\x11\xfd\xf7\x9b\x9fh;\xad\xc1y2,\x10 \
\xc6\xc2\x057\xf1}_e2\xf9Q'H]\xd9\xdf\
bcg\x9eu\xbb;\xac\xcf>\xf6X\xf7\x8e=\x1f\
l4\xbd\x7f\x1d\x1f?Q\xb7%\xc9\x5c\xa4y\x85a\
\xfc\xf4\x1b\x22\xae\xdb+\xb1,~q\x07$\xa1L\x0b\
\x89v*#\xb3\x99\xfc\x9e\xa9\xa7\x1e\x7fgS\x86\xdf\
\xd5\x16\xd6\xb8\xcdF\xac>wx:S\xe8\xfb\xddt\
\xbe\xeb\x7f\x8f\x1f{\xba\x1cx\xaeV\xe47\x8f\xc9{\
\xccq\xdb\xf8l\x9cY\xd6\xaek\xc7\x88\x08\x88HY\
>N\x88N\x22#\x0a\xdb\x86w\xd4&\x1e\xfd\xf9\xb2\
\xb0\xbe\x9b\xbf\xea\xbc\x08\x0b.$SOy\xd5r\x8b\
\xc6\xe3\x00\x01\x09y\xd4\x09Xl\xf4\xaa%h\xd5\x16\
\xc1&\x95\x89\x05>\x9e\x17\x91\xc7\xe4\x16\xa7\x9bZ\xce\
\x22)O\x09\xa1 h\x96#1Q\xd2\xf4\xed\x1e\x88\
\x18=uG\xeb\xd2`9\x95\x84g7\x96\xbb]\xe1\
h\xa8\x01\xe9\xc2\x83P\xab\xf0\x1f1Y\xf1EJ\x09\
\xfcUsR4\x07A\xf9{\xa9\x82VC\xf7g8\
t\x8c\x1c(\xd4\xdd\xfa\x9b \xe5\xdcb9\xb6@\x8c\
\xb9\x01\x90\x22}\x09s#\xb6\xfb\xc5\x9d\xecd\x0au\
\xab\xd6\xe3J\xd8\x94?\x84\x13\x8fj\xee\x86\x80!`\
\x08\x18\x02\x86\x80!\xf0\x5c#\xf0\xac\xbcay\xae-\
\xda\xf8\xf3\xdc'`<4\x04\x0c\x01C\xc0\x108\x9b\
\x80_o\x16u\xab\xd9\x93JeH\xc4\x11dxv\
\xa3\xf3\x96\xb0\x14\xa3\xc0\xb1l\x12t\x80\xbf\xfa\xf9t\
)\x9br\xcf\xdb|kW\xa8\xf9\x93\xfd\x0f\xf7\xf5\x0d\
\xbdK\x80\xfd\xe9\x85\xd9\xc9\x96cI\xcd\xba\x1e\x1b\xf0\
Su\xa4\xa9\x082X\xb9b~\x881sA\x82\x98\
$\xe1\x05\x11\x81\x05!A\x1dY\x08\x03\xba\x10\x11\x92\
\xd9<\xe6\x07\xfbo\x98\x9b\x9bz\x97J\x17^\x07{\
\xf6\xf0\xd3\x9cT\xbb\xb1P>\xf9\xc5Q'\x9d\xfcu\
\xb0\x12\x9f\x5cX\x9c\x8e\xfc\xb6m\x09\x12-\xe0\xa7\xfc\
xs\xd9\x10c?\xf9I<\xb63g%=\x0e\x22\
\xa3v,\x82\x025\x12  \x95\xe9\xc0\x8e\xa1}\xd7\
\xb7f&\xdf\x96Q\xfe\xed\xdc/\x91\xb0\x9f\x840(\
;\x8e\x03 \x81\xce\x1d\x83Q iBG7aa\
\xfc\x18\x15\xfb\xc0_\xfd\x8d9\x10A\x8cMkJ\xd0\
\xb8\x8a\x0cQ\x02\xd7\x0b\xa5\xc0V\x0d\x98?u\x14D\
\xe8\x02\xc9Q@\xad\xc9 z\xd2\x8e\xfc\xd7\xcdfC\
\xa5{zN\x04\xd29M|\x8b\x1a]\x91\xdb\xc1 \
\x95\xcd>\x01\x10VP\xeb\xc8\x03\xdb\xb6I\x08\xb4\x80\
\xf7_\xa6\xd2\x99\xa0\xe9>\x1f\x86\x86\x12Q\xe53|\
C\x0177ff\xde\x5c\xe8\xee\xeeD$\xc6JG\
\xfb\xa9)\xcdv\xae\xe9\x11\x91\xb79\xaaBD\xde\x91\
\xa8\x8f\xa0\x1d\x80\xe5\x8b\xd7\x02\xa1\xce\x8b\x8c\xbd\xf2U\
\xf1\xe5*\x13\x19\x02\x86\x80!`\x08\x18\x02\xcf\x18\x01\
3\xf0\xb3O@<\xfbS\x9a\x19\x0d\x01C\xc0\x100\
\x04\x0c\x01C\xe02\x08`\x10\x04\xdb\xc1\x0f\xb2$\xca\
\x90\x1eA\x1f\xfe\xe9\x03\xfdz\xc6A\xc4Hda!\
\x86\x05\xab0\xf4\x1bh9\x0f\xc3\xf8\x90\xb7\x9e\xfe[\
\xb3\xcd\xdd\xe1\xcc\xb1\x83\x87\x0b\x1d\xb9\x0fzA\xf8O\
3'\x8f\xd7\xf8\x09A^+3\xf2U\x08\xed'\xe0\
\xb8\xacm$TEIEj\x8c\x16\xa4\x8cE\xb9\xf8\
\xc6|9%\xa5\x0d(\x05&\xd3y\x99\xc9do\x98\
;\xf9\xf4\xbb\xfa\xe5\xf6\xef\xec\xeb{m\x86\xeb7h\
\xba4\xfa\xd5\x93\xd9B\xf1WU\xd3\xff\xd4\xf4\xf8\xc9\
\x1a?!H{\x0at>\x80\x85\xbd\xb6\x8f\xed\xf8|\
\xf3q=\x9b !\x93cD\x09J#\xa6\xb3\x05\xd9\
1\xb8\xed\xc6\xfa\xe4\xd8\x07\xf2\xad\xbeoJ\xe7\x0a\xa3\
\x00\xfe\xa2\xa6SDg/\x1a\x8e\x19Iz\x17\xc9O\
\xf8-M\x9f\x84\xc5SOCFx`k\x17$\x86\
\xd0\x16R\x11I\xa8\xa2\x1e\x91PH\x1a\xb4\xa5Z\x90\
\xb1}(M\x1e\x85\xc5\xc9c\xe0PC\x09q\x1bj\
F\x81EW\xcdkQ\x03\x03\x83u[\x87\x9b\xf25\
k\x1ax\xc3!\x99\xcd\x9c\x02L\xcc{\x9e\xa7%-\
~yi`Y\x16&R)\xa9\xdc\xc6\xadP\xc9\xa7\
6<\xd1E\x06\xc8\x0d\xee\xef^\x9a\x9d\xfc\x11+\x93\
\xd9e[\x09\x5c\xbe\xa2^\x91\xc0\xabcQ5*X\
s\xe3=ng\xd7\xa6\xdbeHg\xda\x92\x0em\x86\
\xce$A\xf6S9\xa5\xe9n\x82!\xf0\xcc\x110#\
\x1b\x02\x86\x80!`\x08\x5c!\x02\xf46\xee\x0a\xcdl\
\xa65\x04\x0c\x01C\xc0\x100\x04\x0c\x81K! 0\
\x0cw\x01B\x22\x0cX0\x01`A\xe6\xcc\x01\xf8C\
>\x89\x03+\xc5\xed4\xc7l\x02H)@k\xde\x16\
\x89\xa7\x00\xee\x0eW\x1a^\x9b\x09\xb54~\xe8\xf1\xee\
\xde\x81\xf7\x81\x93\xfa\xec\xc2\xfc\x8cg\x09$9,\xd6\
@\x04\x89d\xcc\x8c\x0d\x80\xc8\xe9XTeTD\x11\
B\xa5H\x1ec\x89\x8cs\x00q\xbbx_t\xa8H\
\x98S`'\xd2\x22\xdd\xdd{\xf3\xcc\xe4\xe8\xbbu\xbe\
\xf5-\xb0o\x9f\x03\x1b\xbftm\xfa\xfe'\xba\x06\x06\
\xdf\x0bh\x7f\xbe\xb28\x1f\xf9-%\x82\x94$D\xa2\
\x8c\xfcj\xfb\xc3g\x82\x0d\xceq\xb5\xdb \xad\x95\xd7\
\xa3\xc2\x90\x858\x10V\xc2\xca\x0fn{qe|\xf4\
}\x9e\x17>\x1f\xb2\x03\x13\xadV\x83\x16\xa5h\x9d2\
\x1aI\xf1W\x94u\x08\x09ta\xf2\xc9\xfb\xa1t\xe2\
!H\xe8*$D\x00\xa0}@\x15s\x91\xa8\x01\xb5\
\x82\x04\xf8\x90\xc5\x06,\x1d\x7f\x0c\xc6\x9f:\x04i\x12\
\x0f\xb5\xf2W\x9eV\xe3A\xd9\x1f\xf65\x9b\xcbZ'\
O<\xf1:@\xef\x07\xfav\xbf\xb6\x97\xeb\xae\xb4i\
eWd\xa1s,\xf4\x9b\x80$bF\xfe\xd0\x19\xf0\
\xfd\x10\x1c;\x8d\xe0\xb6F\x92I\xf9\xcc>QG\xe7\
'P\xea\x00\xd4\x96\xbe\xb5P\xecv\x10\x05\x02q\xe6\
\xdf\x02en\x88\x18\xb9\x85\x18\xc7Q\x86ntt\x81\
\x8d\x92\xe7\x0e4L@\x02\xb8\x94\x16\x80\xedd\x14\xc0\
.\x807\x8as76\xa5\x86\x80!`\x08\x18\x02\x86\
\x80!p\xb5\x130\xff\x91\xbf\xdaw\xd0\xf8o\x08\x18\
\x02\x86\xc0\xd5B\xc0\xf8\xb9A\x02C\x8e\x12\xb0[d\
\xb3\x91\x98\x84\x88\xfcDR$\xfa\xf0\xc0\x88\xf1\x87\x7f\
D<\xad\x8c\x05\x82v=?5\xd6l6\x95e9\
'B\xd0S\x5cn\x0c\xd4\xfc\x89/\x1f\xe9\xe9\x19\xfc\
\xb0\xd7r\xffujb\xac)\x88 \x80\x02Mp\x98\
\x193d\xa3, bdBX\x14K.Z1n\
\xd3\x16\x10\xb9\xd0\xb2,\x90V\x22z\xd2.\x95\xce\xde\
0{\xec\x89ww\xb9\x85\xd7\xc3\xe6\xfcQ\x11\xb5p\
\xf2\xabOu\x0f\xf6\x7f\xa8\x15\x84\x9f\x99\x1e?\xd9\xb4\
\x04jA\xef\xec\xd8g\x9e\x9f\x8d}B\x8c}\xe6<\
\xe2\xea\xf9\xe0<\xd7s\xcc\x86\x88\x1c\x01\xe9[ m\
\x1b\x13\xa9\xac\xcc\x0d\xf6=\xbf^\x9e\x7f\xe7\xd0\xf6m\
C\x8e\x93\xd4\x88H\xeb\x8e-^\xab\x06\x0bBH\xe9\
&L\x90\xc07\xf6\xd8}\x00\xb5I\xc8\x89\x16\xe4d\
\x0b\x0a\x14g\xd9\xa0\x06ay\x02F\x1f\xfe\x0a\x8c=\
}\x88D\xc3&\xd8\x10\x80$\x7fY\xd4n\xfb\xc1\xb1\
\x10\x12m\xcb\xc1t*\xb9{\xe6\xe8\x83\xef\x9c\x999\
\xf6\xa1\xc2\xf6\x97\xbch\x93\xb8Ek\xbc\x9c\x1b\xa9|\
\xadL!\xf7p\xb3Q\xf7I\x09\xd6\xec7\x0b\xf3\x01\
\x89\x81\xd2\xe6o\x07\xab.\x82\xb3\xf3r\xc6^o\x9f\
|\xa5\xb0\xa3\xb94\xf7c\xa9\x9e\xde~$!P\xd0\
\x86\xc7\xcc\x04 \x22\x90_\xd1S\x99\x5cv\xe6\x98k\
\xcb\x10\xa9\xed\x9a\x06\x88H\xe2u\x18\x95\xd8\x89d*\
\x0c\x82\x1b\x87\x86\xc6\xa3\x7fk\xa2Bs3\x04\x0c\x01\
C\xc0\x100\x04\x0c\x81-E@l\xa9\xd5\x98\xc5<\
'\x09\x18\xa7\x0c\x01C\xc0\x100\x046N\xa0P\xe8\
$%&\x1cv\x1cG\xf0\xd7W\x11\x91D\x1b\x15\x0b\
\x00k\x86G\xc4\xa8\x0c\x11WJ\x11\xe9\x83\xbeV \
\xa5\x00\xdf\xf7\x82D2\xfdD\xb9\xa7Y[i`\x12\
j\xee\xe4\x17\x1f\xca\xe4\x8b\xef\x86f\xeb\x8b\x95\xca\xbc\
\x9f\xb0-M\xb8\x88\x99\x8cE\x12~\x12\x8c\x8dX\xb1\
\xa8\xa2\x97\x9f\x8a\xa3\xeci\x81\xeb\x10\x114\x08\xd6e\
\x00IT\x0cC\x05N*'\x13\xdd\xbd\xb7\xd4+\xa5\
\xbb\xfa\xa5\xbe\x0d\xe0\x80uZ\xc7\xcb\xcb\xa8\xf9c_\
\xfazG\xa1\xe3\xbd\xa4_\xdeS\xa9,\xfa\xa8\x95\xe6\
\xdf\x10\x04\x9a?2\x81\xa0\x11V\xae\xb5\xfe\xb1\x8f\x82\
\xc4$\xae\xe4&\x91\x91\xef\x88\xb8\xbcf\x81\xa9t\xce\
\xee\xec\xea\xb9\xa1\xd9\xac\xdd`'\x12R\x0b\x19\x9d;\
E\x8aa4\x96\xd2\xd1\x1a-\x12\x04\xd3\xe8A}\xf2\
)8v\xdf\xbf\xc2\x89\xfb>\x05sO|\x11\xe6\x0e\
\xdf\x03S\x0f\xfd;\x1c\xfb\xca\xa7`\xf4\xfe\xcfBs\
\xe6i\xc8`\x0b,\xe2\xa7\xc9\x14\x19\x10#D\x04D\
$WD4\xbeF\x0bQ$E\xd7\xf0\x0d\xbd\x08\xea\
\x87\xcb\xa7\x8e\xffV\xaaU\xfdv\xe8\xd9\x97\xa5FW\
$\x8c\x8e\x1e\xf4\x12V\xf2\x01\xedyU^;;\x81\
H\xde\x11\x0b\x00J\xa43\x05\x1d\xaa[7io\xe1\
\xec\xeb\x8d\x12\x85z5\xf8\xc1\x8b\x92\xe9\xbc\x05\x82\xe6\
\x5cn$ \xf2C{\xbeK.\x04\x1a\x11\x01\x11\x97\
k\x01P\x03p\x1bX\xb9\xa8\x00\xd8\xe2\x02^\x0f\x1b\
\xb7J\xa72\x96D\xb5\x13\xf2\xf9T\x5ck\xee\x86\x80\
!`\x08\x18\x02\x86\xc0\xfa\x09\x98\x96W\x07\x01qu\
\xb8i\xbc4\x04\x0c\x01C\xc3\xcdI\x0e\x00\x00\x10\x00\
IDAT\xc0\x100\x04\xaem\x02V.\x9b\x0e}\
\xbf'\x9d\xc9HE\xe2\x83e\xc5Z\x12\x7f\x80G\xc4\
\x08\x0eb\x1cs\x19\x1b\x17\x22\x22\xe9D$\xfb\x90\xe8\
\xc3O\x8c5\x1bU\xd7I8O\xc2\xa1C\x01\xd7\x1b\
[!\xa0\xeb3\xbb\x0e\xe7\x87v\xbe\xa75_\xfa\xf7\
\xe9\xe9\x09RU\x02\xed\xfbn\xd4\x80\x99s\xa2\xcd\x95\
\xd3m!\x8d\xd3k\x8d\xdb\xb4\xeb\x989\xa7m+\x81\
\xf9B7\x0a\xb4\x9e?=u\xf2C\xfd{\xd5ka\
\xcf\xeb\xf8q\xb2\xb5]/'\xadK\x13\x99\xc7\x8a\x03\
\xdb\xdf\xd7(\x95\xff}zj\xbc\xa5\x02?\xf2;\x08\
\x82HXk\x0f\x8a\x18\x9f\x0f\xce\xb7S\xec+\xe79\
f\xe34\x1b\xf9\x09Zq+JY\xb6\x00$\x15\x10\
\xa2\x87\xce\x00\x10\xc1\xa2\xf3\xc7\xedym\x824%$\
AO\x92 \x98\x11>$\xfc*\x04K\x93\xb08\xfa\
\x18\xcc\x93U\xa7\x9e\x06]\x9d\x82\x84\xaaCJ\x86`\
\xe9\x00\x04\xa9S\xdc\x1f\x11\x81\xc7\x00\xba8\xcf\xc6y\
\x8e\x11\xa9\x15\x89\x82\x1d]\xfd\x89TO\xff\xcb\x9a\xd3\
\x8f\x7f\xd0\xd1\xf8vg\xe0\x857RsA\xf6l\x07\
eK<\x01(\xe7\xda\xe7\x82\x1d`q\x9e}Nf\
\xf2)\xdf\xf3^\xdc\xb9\xab\xba\x19\xbf\x0d\xc9C\x9ff\
\x85\xe1\x99\x1d\xe5\xb1S\xdf\x97,\xf6\x14\x84\x90(\x84\
\x88\xf6\x97\xe3\x80\xf6\xbc\xd5hx\x1a\xe4S:\x0c[\
\xca\x0f\x08\xa1>\xad?g\x10\x91\xa3\xb3\x8c\x1aGe\
\x88\x08\xa9tJ\xb6\xdc\xc6v\xe5\xeagd\x1d\xd1D\
\xe6\xb6\x15\x09\x985\x19\x02\x86\x80!`\x08\x5cE\x04\
\xae\xc4\x1b\xa9\xab\x08\x8fq\xd5\x100\x04\x0c\x01C\xc0\
\x10xn\x10@[du\x10vJiG\x0e!\x22\
 b\x94n\x7f\x90\x8f2tCD\xaa\x93\x94\x12\xa0\
5F1\x82\xa4\xb4&u@7m+q\x1c`\xcd\
cA\x941\x81\x09\xdc\x1dVN}\xe5P\xf7\xae\xdd\
\xef\xd6\xd5\xda\x03\x8dz%LX\xb6\xb6H\xf8\x12\xcc\
/\xe46\xab\xd6\x16\x08\xb9\x84\x7f\x1f\x8fE1\xde\x0b\
D\x04M\x82-\x93\x07\x10\xd1^\xa80\x04\xd4\x02\xd3\
\xd9\x0e+\x95\xc9\xbclz|\xec}\x05o\xfe\x15\x9b\
\xf3\x14\xd9\xc1`q\xf4\xcb_\xeb\x1e\xda\xfdn\x08\xd4\
\xd7j\xb5R@>k\xcb\xb6\xc1\x12t^H\xd4\xe3\
c\x10\x7f\xf1\x19\xc8\x1f\x04 \xf1\x0e\xc9\xe8@\x00\x1b\
\x15D\x81\xfd\xe7\x04\xb7`Std4*\xea\xc3\xe7\
\x87J(Own\x12Y\x08\x1ahxh\xf7\x93\x80\
 \x05\x80MZu\xcaFHQ\xec\x08\x05\x8e-\xa3\
r \x1e@\x17\xff>]\xe4\x13\xdd\x82P\xeb0\x0c\
\x97\xcd't\xe4)\x02H)#\xb1\x8b\xa7Ldr\
Vn\xe8\xc6\xbd^y\xe1\xad^\xb5\xf4\xee\xcc\xb6\x17\
\xdf\x02\xb0\xdf\xa6\xa1\x9e\xd5\x10\xf8r)\x91I\x8f\x91\
\xd0\xaa\x10E47\xb1\x8e\xfc\xb4\x13IKy\xcd\x1b\
m\x91\xe8\x8e*6\xf36\xb8?\xdd(\xcf\xbf\x81\xf0\
\xbd0\x99\xceJD\x04\x1d*\x00A\xb1V\x10*?\
\xac\x97\x17\x9fN\xa5R\x1fm6+\xd3\x1a\xa8\x0eb\
\xffb7x\x975\xed\x13\xb1\xa5\xf6q\xd9\xda\xbb^\
\xe1\x8dt\x85\xbe\xd7EG\xde\x88\x81k\x11\x99\xb4!\
`\x08\x18\x02\x86\x80!\xb0\x85\x08\xac}\x97\xb0\x85\x96\
e\x96b\x08\x18\x02\x86\x80!\xf0\x8c\x120\x83?\xdb\
\x04\x90\x84\xa7.\xfa$\x9fa\xe1\xa1-\xbc\xb4\x9d\xa0\
\xcf\xee\xed$5\xe1\x0f\xfd\xb0\x12s\x05\xb7GJh\
\x16\xa4\x00\x1bh\x09\xf3{\x81\xc4\xe3<A\xcdw\xb6\
\x1e\xee\xd9\xb9\xf7\xae\xda\xcc\xdc\xbd\xb5j\xd9G$\x82\
\xa4H\xd1=\xfe\xfa\xec9:\xb6\xf7\x80cn'D\
\xfc\x16\x8bc.c\x8b\xba\xa1\xc4d\xba\x80\xd2\xb6\x9f\
_\x9e\x9a\xfcP\xcf\xb0\xff\xcd\x9b\xf4GE\xd4\xfcq\
x\xa8wd\xe7]\xcdj\xe3\x8bK\x0bs\x9e$-\
\x98\xceMt\x16\xb4\xe2\x13\x10\x9f\x0b\xf6\x8f-\xf2\x87\
n\xed4\xfb\xc8FEg\x05.gkWp\x1f\xb1\
\xbcF.k\xd7q9\x0b\x82\x02\xe9\x1c\xea\x10\x10\x02\
\xe04\xc9}\x91\x1f$\xfaQs\x01\xdc\x97\xdaj\x15\
\xfa:\xf4[\xe1\xc2\xfc\xcc\xe2\xc2\xd8\xe8\x8c\xdb\xaa{\
\xa0\xb8\x8c,\xa4\xbe4\x07\xa2\xa4>\x08\xd2Ja\xc7\
\xe0\x8e$\xf8\xeew\xd6\xa7G\x7f\xa7\xb0S~W\xb1\
\xf8\xd2<<\x8b\x17\xe6d-\x9d\xc9=R\xaf\xd6]\
\xf2\x1f\x10Y\x8c\xd3\x91\x18\xe88\x0e\x80\x0a\x07C%\
\xf8w\x03c\xe0\x9b\xe4[&\x84\xdd~i\xe6\x072\
=\xbdy!\xac\x88e{\xfe \xf4tib|\x09\
\x92\xa9?\xaf\xb9\xf5\xfbZ\xad`\xca\xf7=\xc5\xf5\xed\
\xe9\x11W\xddA\x5cM\xaf\xadG\xc4h\x1d\xb6\x9d\x00\
\x10\x98\x0d\x95\xeah\xd7\x9b\xd8\x100\x04\x0c\x01C\xc0\
\x100\x04\xb6\x16\x81\xf8\x9d\xea\xd6Z\x93Y\xcd3H\
\xc0\x0cm\x08\x18\x02\x86\x80!p%\x08\xbcQ\xd0\x87\
\xf3A\x902\x15\x86\x9a\x84\x00$#\xb1\x85\x5cAD\
\xba\xaf\x06\xc4v\x9d\xa2B\x05B\xc71\x22\xb7S\xa4\
\x17$\xab\x02U\x85*M8\x1f\x81C\x87\xfc\xb9\x13\
_\xfcR\xb6\x7f\xf0\xbd\xb5\xd9\xd1\xc7Z\x8dj\xc8\x82\
 )?\x91\x88\xc5\xdd(OYM\xc6\x5cI\x03\xa2\
hYo\xe3\xea\x95\xfd\xe1\xa7\x05-\x14\xd4NSY\
\x08t\x03\x12\xc2\xb0\xd0\xd5k'\xf2\x85\x17/.\xcd\
\xbc\xab\xdb+\xbe|\xb3\x9e\x10\x9c}\xea\x0b\xf7\xe6\x8a\
\xdd\xef\x09\xeb\xd5\xfb+\xa5\xf9\xc0\x16\xa8i\xbe\xd8'\
rP\x90\x90\x84(\x01\x91\xce\x09\xf9\xcc\xfep\xc4\x0d\
\xd6\x8aG\x9cg\xe3:\x1a\x81\x93\x91\xad]\xf7\xda\xf6\
J\xf19\x03\xa0) \x04^\xab\x8e\xdak\x8d$\xa0\
j\x08\xf9\x1c\x0a\x1a\x8d\xe6%\x91I\x93N\xa8I/\
\xd4\xcdj\xa5U:\xf5\xf4\x13\x99l\xf6\x8fR]]\
\xbf\xd6\x989r\xcf\xc2\xd4xI\x22(\x1a_\x07A\
\xa0\xc9]\xe0\x81y\x0e\x04\x0b\xf3=\xdbR\xc9\xce\x9e\
W\x94O\x1c}_3\x11\xfc\x7f\xa9\xa1\xdb\xb6\xd1d\
\x82\xec\x19\x0f3\x8f\x14ZR&\xbe\xae\x02\xafFK\
\x898\x22\x92\xb3\xb4~\x04\x09\x98Lf=?\xb8\x05\
\xf6\xef\xb7`\xd3\xae=\x89\xfa\xd2\xfcw\x80\x95\xb8Q\
\xda\x8e\x08u\x80\xccSX\x12B\xfa\x07A\xf9\x9e\x86\
`\xee!\x82\xfc\x97\xb5\xa5\xf2L\xa8\xfc\xe3-\xdf\xf3\
5\xc6{\xc2n(\xc5\xfbA\xfc9s\x0e\xa3\xbd\x00\
\x01H;\x07\xe0\x87\x0ah\x8f\x92\xa1\x0a\xbb\xce\xd1\xd4\
\x14\x19\x02\x86\x80!`\x08\x5cC\x04\xccR\xb7.\x01\
\xb1u\x97fVf\x08\x18\x02\x86\x80!`\x08l\x0d\
\x02##s\xb6\x0a\xc2a\x12\x02\x12,\xec \x22 \
b\xb48\x12L\xa2\xf8\x5c7\xae#\xb1\x80\xe4\x93\xf8\
?\xf7\xa1\x1f\xe8\x84\x93\x9aW\x9e\xd5<W{Sv\
\x1a\x01U\x9b.\x7f%\xd1;|Gy\xe2\xc9C\xb5\
J)\x90\x82\xa43\xad\xf9\x16\x19\xb7V$\x02q\xcc\
\xac9>\xd3\xb8\x9c\xf7\xa0]\x8e\x88$\x06Z \xa5\
\x85\x99\x5c\x07i\x85j\xff\xfc\xe4\xc4\x07\xfb\xaeW\xdf\
\xb09\x82 \xa8\xea\xa4\xba?7\xb8\xfd\x9d\xf5\xd9\xf9\
/MOO\xf8J\x05\x9a}`_\xd9\xd8'\xd2\xe8\
V\xd6\x80\x88+\xe7\x09V.\x16\x92\xd8V\x0aNK\
\xf0\x18\x88\x18\x95\xd1\xd8\x1a\x14\xa9\xd4H\xc61IJ\
J\x91\xf0\x19\xd5*\xb0,\x01\x12\xe9\x0c*R\xa4t\
\xa0\x05Y\xa3V\xf2\xe6\x8f?5\xde\x5c\x18\xff\xb8\xec\
\xdcvG\xbd\x1a\xfev\xd3\xaf\xfe\xa9\xd3\xb9\xfb\x17!\
\x80\xdf_:\xf5\xf5\xa7\x02\xb7\xe1K\x82N\xe7\x96\xfc\
\xd3 \x04m\x00IV\xc2\xb20\x95\xe9\xc0\xfc\xe0\xc8\
\xf5\xcd\xa9#oo\xceO\xdd\x95\xde\xfe\xe2\xfd0t\
[*\x9a\xf2\x19\xbd\xdd\x1d\x86R=\x0a\x1agU\x10\
h \x15M)\x05\x0a()\x05f\xd2y\xbb\xd5\xac\
\xbd\xacX\xb66\xcb\x17\xb4;\x9c}\xe0\x95\xbe'\xd7\
\xd3\x97C$u\x97\xce \x22B4/q.\xcd\xcd\
\xd6 \xbd\xfd\x13P}r\x09\xaaA\x8d\x5cy\xd2\xab\
\x96\xe3\x1f\xbb\x5cf\x81\x18\xef\xd5r\xf6\xbc\x11\xef+\
\x9b%mG\x09\xddO\x0d\xd7\xd7\x91\x1a\x9a\xb0\xa5\x08\
\x98\xc5\x18\x02\x86\x80!`\x08lq\x02\xf4\xcel\x8b\
\xaf\xd0,\xcf\x100\x04\x0c\x01C\xc0\x10\xb8\xca\x09\xd4\
\x12\xbe-\x10\x86l;\xe1\xd0R\xe8\xc3\xb9\xa2(\x0e\
\x88\x94\xa5$\x7f\x80\xa7(\x0a\x88TF\xff\x85W,\
QPGEY\x00\xa5\xfd\xd0\xd3B\xcaS\x9eV\xa7\
\x09\x05Q's;\x07\x81\xa3\xae;\xbb\xf7\xf3\xf9\x81\
\x9b\xde\xdb\x9a\x1f{\xccm\xd5\x03I\x12\x1a\x22\x03%\
a\x8a\x155bLl\x01\x91\xcb\xce\x1eB\x13\x7f6\
R\xfd@\x02\x02\x22\xc6\x8dX\x17#\xfd\xa8\xd0\xd9\xe7\
X\x09\xf9\xb2\xd9\x89\x89w\xe5\xb6\x95_\xbc9\x82\xe0\
!\xbf:\xf6\xd5{;w\xee|\x8f\xaa\xd5\x1ep\x9b\
u_\xa0\xa2\xbd\x87h~\x16\x91H\xc3\x22Y\x0di\
5z\xc5\x00`\xcdE\x07\x88Z\xac\x16\xf0\x99c\x8b\
K\x04\x09s\x9c\xa2a\xb5\x14\x186[\xb5\x99\xf9\xe3\
G\xa6\xca\xe5\x85\xa6\xd7\xaa\xfb\xa1\x0a\xc2P\x91L\x18\
\xf8a\xe0\xb9\xa1\xdbl\xf8\xf5j\xc5]\x98\x1a+\xcd\
\x8f>v\xbc9w\xea_\xedb\xf7\xfb\x93\x9d\xbb\xde\
\x15.u\x7f\x06j\x8f\xcc\xc2\xd2\xf1\xb2\xb7\xf4\xe8\xa3\
\x90+\xfe\x96,\xde\xf0\xfe\xfa\xec\x93_./\xcd6\
\xa5\xd0$1\x86:\x9a\x0f\x91\xbc\x92\x10*\xa0\x84-\
;\xb7\xdf8\x00\xa8\xfescv\xfa\xa3E\x1b\xde\xd0\
1\xf2\x02\xfej\xeb2dxF\xae\xa0\xe9N[\xa9\
\xcc\xf1\xd0\xa7\xd7\x13q\x10\xb4\xc7<\x91&\x0f\x1d'\
\x89~\xa5\xbaG+\x8b\xfd\xe0\xe2\x0d\x19\xad\xa7\xa0Q\
\xfd\x00d\xbboD\xe9`\x10(\x08}\x05RJ\x1a\
WC\xe0\xbb\x01\xb8\xde\xd7\x92\xb9\xec\xbfR\x81\x028\
\xea\x83\x16\xc7\xc0\x0d\x1a\x82\x10Q\xd9r\xd0\x14\xb3Q\
t\xce\x10#\xe3\x7fG\x90.\xcbq,\x08\xd4v8\
p\x80':g\x0fSh\x08\x18\x02\x86\x80!`\x08\
\x18\x02W/\x01q\xf5\xban<7\x04\x0c\x01C\xc0\
\x10\xd8\x14\x02f\x90\xe7<\x81\x04&\x1d\x92U\x06\x9c\
\x84#\x02E\x9f\xf7\xc9c\xfa\xbc~\x9a\x88\xc3y*\
>+\xf0\x87{\xea\x0b\x8a\xfa5\x9bM_K\xeb\xc9\
.a\xb7\xcejh\x0a\xceC\xe0\xee\xb0\x92H\xffG\
f`\xef\x9d\x95\x89\xa3\x0f\xfb^3$A\x90\xd8\x87\
\x11Sf\xcb\x8c\xcf\xc7\x7fuP\x01\xe1i\xe2\x0c\x80\
\x10\x02\xa4mc\xa1\xa3O\xa2\xd0\xb7UK\x95_\xe9\
\xdf\x13\xde\x0e\xf0F\xb9\xda\xef\xb2Sj\xa9\xb3u_\
\xc7\xd0\xc8\x1d\xd5\xa9\xf1\xaf\xd5\xab\xa5\x90\xdf\xf4\xf19\
`[\xbf\xdf\xe7\x9e\x9f\xd7\xcc5<\x96&\x85jp\
\xc7\xae\x7f\xee\x18\xbe\xee.?PwW&G?W\
\x1e{\xec\xbe\xa5\xd1G\x1e*\x9dz\xf4\xe1\xc5\xb1'\
\xee\xafL\x1e=\xd8\x9c\x9b\xfe{\xc0\xc4\xaf&:\x87\
\x7f.\xd9;\xf4\x8b\xbem\xfd}k\xe9\xd0)\x80\x83\
\x01\x8f\xb5b\xe5G\x97\xc2t\xee\x93\xa9\xde\x9b\xefR\
\x95\xd2'\x16O>\xbd\x08: %K\xeb0\x08\x80\
Y\xdb\xb6\x0d\x9adA$\x81\xac\xb3w[\xd2\xc9\xa5\
o_<\xf1\xc8\x07\x1aM\xf53\x85\xbe[Fh,\
^.E\x9b\x1fr\x00\x8dd\x22\xf5\x08\x89\x9b\xf4r\
\x0c\xa2s\xc0>!y(\xc9/\xf0\x9a\xc5\xc0\xf7\x87\
7af\x84 \xf5\xfc`i\xf6\xf5\xc5bw\x82\xd6\
\x8c|fx.\xde?\x15\x84\xba:~jAv\xf5\
\xff\xefVW0\xb1<\x9f\x02\xc0Q\xd0^\xa3\xbdG\
\xe7\x8b\xe1\x8c\x8b\xc7e\xe39\xa4\x90\xc2\x0fZC0\
\x9e\xda\x8c\xb3x\xc6L&k\x08\x18\x02\x86\x80!`\
\x08\x18\x02W\x9a\xc03\xf6F\xe9J/\xcc\xcc\x7fq\
\x02\xa6\x85!`\x08\x18\x02\x86\xc0\xd5A\xc0wk\x96\
\x1f\xb8\xfc\xfb]\x88\x82\x14\x07\x92A\xf8C{\xdb\xda\
\x1f\xf6\xdb\xab\x89\xf3H\x82U\x5c\x22\xa5\x04)I\x8c\
\x0a\x82&\xa2u\xf4\xe8\xd1O\xfbq\x8d\xb9\xaf\x8b\xc0\
\xe8\xc1V}*\xf3\xb9D\xf7\xf0\x07K\x93O?\xe1\
\xba\xd5\x00\x88\xaeFE\x82\x9e\x15\x19\xc9T\xc0\xbf\xa7\
\xc7\xe3\xf1\xbep\xdc6\xde\x8f\xf8\xe9\xcc\xa8\x17PC\
h_:\x04\x12\x934vv\xf6%,\x0bn\x9f\x9b\
\x9d\xb9\xab\xef\xba\xa9\x17\x01\x1c\xb0\xdam.;>t\
\xc8/\x9d\xfa\xca\x97\x0a\x83;>\xd0\x9a\x9f~\xb0Q\
\xab\xfaBD\x87\x07\xc2P\xd3\x0a\x10\x00I\xeba\x83\
\xf5^\x82\x1a\xb2QD\xc1J$\x91\x00\xd8'\x9ez\
\xfa\x15\xc9dJ\xf7\xf4n\xfbPr`\xe4\xbf9\xfd\
\xd7\xff\xb8\xdd\xbd\xeb'\xec\xee=?\xee\x14G~,\
\xd9?\xf2\x130\xb8\xfd\xad\xd0\xd5\xf3\xbb\xee\xd2\xa3\x9f\
i\xcd>z\x1cf\x1e\xa9\x03\x90?t;+\x8c\xdf\
\xdbl\xce\xee\xf9Zr`\xc7]\x90\xef\xfd\x9f\x95S\
O\x8d\x86^\xd3\xa7\xa3\xacC\x12\xb6\x03\x12\x05\x93\xc9\
\xe4r7\xc4t\xba\xd3\xca\x0c\xee\xd9\xeb\xcdL\xffb\
\xb9\x5c{On\xdbK^\x0a\x83\xfb\xd3\xcb\x0d65\
\x9a\x9c\xdc\xe5*\x1d\x1ej\xb6\xea\x91\xff\x82\xa0\xd2&\
\xd2\x1c\x9a\xb6V \xd8\x89\xbc\xd7\xf0n\x01\xd8\xd8\x1e\
\xd2\x1a\x8a\xa5\xa5\xc5\x1f\x11\x85\xde\x11)-\x9aF\xd0\
\x1c\x8a\xf6-\x12\xa2\xb5\xeb55\x80x )\xd5g\
\xe0\xf0a\x8f*\xe3\xe0\xc8\x19\x00\xac#\xffN#\xc4\
W\xf4\x10+\xb9\xc69D\xe4h\xc5\x10W\xf3\xfc\xef\
\x8bRt(i%Z\xa9\xee\xc1\xc6\xac\x5cih\x12\
\x86\x80!`\x08\x18\x02W5\x01\xe3\xbc!\xb0\x96\x00\
\xbf\xabX\x9b7iC\xc0\x100\x04\x0c\x01C\xc0\x10\
x\x8e\x11\x08d\xca\x0e\x02?k\x91Z\x14}N'\
\xff4\x7f'qML\xc9\xb3\x02?\xa9\xc4\x85Q?\
\x12P(]\xb3\xa5\x1a\xa7X\x91\x99pI\x04\x0e\x06\
n2\xf3o\xb9m7\xde\xb94\xfe\xf4\xa3\x9e[W\
\x09\xdb>\xe7\x08\xfc\xb4\xdc\xda\x0aD\x12[4\xbd\xe5\
\x22#\xf5&\xaaBD\xd2\xd0\x04iH\x8ad\x17\xd2\
[\x84\xc4\xceb\xbfT\xca\x7f\xe5\xec\xf4\xf4G:w\
\xb4^\x0a\x00\xd4\x116z\xa9r\xba\xe7\x8b\x85\xe1\xeb\
\xdfY\x9b\x1e\x7f\xa0\xbc\xb4\x10\x22(-IU\xe3\x81\
c_\x15'\x01q\xfd\xd3\xf1\xf9C\xa4\x91\xe8\x5c\xd9\
\x96\x83\xd9\x5c\xf2\xba\xe9\xa7\x1f\xfb\x05\x15\xb8\xcfk%\
\x0a3\xde\xf4\x83O\xf8\xf3\x8f<\xc8\xe6->|\xb8\
5\xfd\xd0(L\x1e\x9a\x07\x12\xf9h\xb2xBJ\x5c\
8\xdc\x1d\xb6\xa6\x1e<\x09*\xfd;\xb2\xb0\xfd\xce\xea\
\xe4\x13_]Z\x9cm!\x7fI\x98TT\xf6\xc1q\
\xf8\x9b\xf3\x02,\xc7\xc1d\x22\x87];\xaf\xeb\x04\x09\
\xdfW\x9d<\xf9\x1b9\x89\xdf\x9f\xed\xbb\xa5\x17\x00\xd6\
\xbf0X\xcfuw(\xa4xJ\x07j\xceu]@\
\x5c\x1d\x9e}J\xe6si\xb7\xba\xf4R\xe8\xacf\xd6\
3\xda\xb9\xdb\x1c\xb0\xc2 x9\xd4\xe7\xbf\xb9\x90/\
\xa4\x14\xc4sX\xf4o\x80m\xb3N\xac\xa1\xbe8W\
K\xf6\xf4}\xa2>{\xe3\xfcic(]\x05PM\
\xdf\xf7\xdb\xc7\xed\xb4\xea33\xec\xf3\xda\xb2\x80\xfe\x91\
\x114\x87\xdbjt6\x9c\x1c\x03^[m\xd2W\x1f\
\x01\xe3\xb1!`\x08\x18\x02\x86\x80!p\x16\x01zg\
zV\x99)0\x04\x0c\x01C\xc0\x100\x04\x0c\x81\xe7\
\x10\x01\x15\xb4,\xcf\xf5\xa2?H\x10\x8b7\xb10\xd0\
v\x111\xces\x9d\x8e\x1f\x01\x02\x16\x02\x11\x11\x04\x0b\
PAHy\xd2\x05\x94j\x04\x81]\x02s]\x1e\x81\
\xf1{\x9b\xd5\xfe\xf03\xdd;^\xf0\xde\xca\xc4\xc4\xc3\
\xa1\xeb\xf2\x8f9\x92\x96Bl\x81\x85=\x00~:\x90\
\x0d\xce\xbcP\x01\x90\xf1N\xb1\x01\xb5g\xe3\x87\xcaH\
\xb8\x81h\xefP`W\xf7@B\x0a\xfd\x8azu\xf1\
\xce\xee\x1d/}\xe1\xe5?]\x06\xab\xd7\xd1O\xbb\xe5\
\x93\xdb\xfe\xa3\xb8c\xd7{\xdd\x85\xe9\xaf\xbb\xf5\x9a\x97\
rl\xcd\xc2\x92\xe0\x83\xa2\xd9\x7f\x88\x9e8\xa3\xc5,\
\xf7#\x7f\xa3\xdfC\x8c\xb3|\xac\xd8\xe2\x1c\xd0:I\
\xc0\xa45\x84a\x08!hH\xa6\xf3V\xc7\xe0\xd0\xf3\
\x16f&\xde\xd6#\xd4\xab\x87\x86n\xe3\xc7\xf6x\xe0\
\xb6\xc1e_\xb5\x07\xe7\xc2m\xf8\x89\xdc\xc0\xf3\xdf\x05\
\xd5\xd2'\x96\xc6\x8e\xcd&l\xa1\xb4\x0a\xb4\xa2\xd9-\
GB\xe0\xd1\x19GD\xcb\xb2\xb1\xabw \x95\x1f\xd8\
\xf6\x92\xea\xa9S\xef\x0e\x00\xdf\x92\x1b|\xd1\xdeM\xe1\
\xb8f\x014\xd5\x1cX\xf6\xb1\xc0\x0bBD\x01\x12\x11\
\x908*\x12G\x93\xa9\x8c\x0dA\xeb\xf9\x89\xb0\xc1B\
\xe4\x9a^\xeb\xd7{\xa3\xc5\x00\x00\x10\x00IDAT\
O\xa6\xbb\xa7z\x1b3\xe3?b\x15\xba\x064\x8d\xcf\
\xfag\x10\x04 \xa5\x00~z/p\x1b\x01\x04\xea^\
\x9a\xf8\xdf\x01\xee\x0eO\x1b9\x81.@\xa2\x11\x92?\
\xedr\xdef\xb6v\x1e\x00\x01\x22\x83\xe8\xe2\xbdeC\
D@D\x9aG\x82\xef\xba\x19\x1f\x9b\x090\x97!`\
\x08\x18\x02\x86\x80!`\x08l9\x02b\xcb\xad\xc8,\
\xc8\x100\x04\x0c\x81k\x99\x80Y\xfb\x96$`\xa1L\
\x80\xef%\xa4\xb4I\xb0am\x85\x85\x1b}Z\x9a\x17\
\x8e\x18\x7f\x90\xe74\x9b \xa5\x89\x05\x046\xcf\xf3\x80\
\xb4\x9d\x86\xf6\x9b5\xae3v\x99\x04\x0e\x1d\xf2\xe7\xc7\
\xa6?ku\xf4\xbcuv\xf4\x91G\x9a\x8d\xaaf\xf1\
\x8fE1\x1e\x91\xc54D\x8c\xf6\x06\x11\xb9h\xc5\x10\
W\xf3\xdc\x8e+x\x8f\x101\x12`8M\xc2\x0f\x16\
:z\xa5\xe7{\xaf\xae5\xab\xbf2p=\xbc\x006\
\xe5\xba;\x5c\x1c\xab\xfe\x87\xd51\xf0\xb6\xda\xec\xf1\xaf\
W*KJ\xebP\xb3x\x15\xfb\xce\xe2\x1fD~\xc0\
:/^\x83eY\xd4Z\x00A@\xcbI\x89LG\
~\xff\xdc\xc4\xf1\x0f\x05\xb9\xe47n\xd2o\x1f\xd2\xf8\
\x14\x0e\x1f\xf6\xaaS\xe9{;\x07G\xee\x80\x5c\xe7\xc7\
f\x8f?>\xae\x82\xa6\x0a\xe8\x5c\xfb\xae\x07\xb6-A\
J\x09\xb4\x22\x90V\x02\xedDVt\x0e\xef\xda\xd1\x9a\
\x9f\xfd\xc9\xea\xe2\xdc{s\x83\xad\x97\xc2\x9e=\x9b&\
lU\xd3\xe5j:\x93;T\xa9\x95]\x8b\xc4:D\
$'!\xdaw\xc7\xb1\x11,\xdc\x0e\x16\x8c\x00@\x5c\
\x01\x97r\x1d\xb0|-\xbe\x09\xa0\xf1\xf2L6'\x89\
1\xf2>Q\x1c\x8dO\xdcu}zj>\xd95\xf0\
\x97\xadi\xd9\xfe\xad\xc0\xd5\x09\x92\xc5\x00\x92\xa9\x06\xef\
+b<=\xf5\x89\xea\xdbq\x94Ys[[\x8e\xb4\
\x1e\x9b\x18B\xe0\xa7\xc2z\xb8\x81\xa7\x1b\xd7L`\x92\
\x86\x80!`\x08\x18\x02\x86\x80!\xf0\x9c\x22 \x9eS\
\xde\x18g.\x9b\x80\xe9h\x08\x18\x02\x86\x80!\xb0u\
\x09\x04\x80I\xf0\x03G\xd1\xe7zD\x04D<k\xb1\
\xed\x0f\xf3$\xf0P],\xecp\x99\xe2\xa7\xd1\xa2\xff\
\xda+@\xc7\xaa\xf9:hQ\x03\x136D\xe0\xa8\x1b\
\x94z\xee\x91\x85\x1d\x1f)O=\xfd\x84\xdb\xac\xfb\x96\
%\x00I|\x05\x94\x10\x84\x1a\x04Z\xa0y\xc3V\xe6\
Q\x94b\x8b\x05#\xca\x00\x22\xef\xa3\x00)m\x90d\
\x8a\xaa\x85\xb0H\xb3E\xec\xea\x1aH\x04\xbe\xf7\x8d\xd5\
\xf2\xd2\xdb\xfbv\x1f\xb8ys\x84\xb5\xc3^Pz\xf4\
\xcb\x89\xe2\xc8\x07*S\xc7\xbf^\xab\x94<rY\xdb\
\xb6\x0d!\xcd\xad4\x92O,6S\x06\x04\xb9\xc8F\
\x11\x07Z\x0bj\x01\xfc\x93\x95l\x5c\x84H\xed\x95\xa6\
>\x08a\xa0\xc9o\xc0D2o\xa7\x0b\x1d\xb7L\x9f\
\x1a{{\xd7\xee\x99W\xc1\xbe}\x9b\xf85\xd3\x83\xc1\
\xd2\xe4\xa1\xb1\x5c6\xfb?\xec\xe2\xe0\x07\x97N=\xfe\
@\xbdZjY\x02u\x18\x064\xbf\x02\xf6\xd1s]\
PZ#J)\xbav\xec\xea\xb0\x12\xc9\xef\xaeN\x1e\
\xfbp\xa6U\xfcO\xd9\xbe\x97\xf3\xd3z\xc8\xfeo\xc8\
\x8e\x1e\xf5\xecD\xf2!\xd5h\xd4hR\x9a\x0ci~\
\x00\x16\xedhb\x90\xc9L\xc6\x0d|\xda\xb7K\xffk\
\xbc\xc9\x8e\xd2\x90\xbf\xb0\xf0C\xe9\x9e\x91\x1e\x1a\x0b\x91\
\x18\x13z \xdc4\xbe\xd6^\xb3\xa1@\xda_\xb5\xc0\
\xff\x1c\xc0!\xff\xacu\xe4\xcb!X\xb2NT\xa8J\
\x03\xff;@\x89(n\xa79\xbf\xd6\x04 -\x03h\
\xd71\x8a\xa3vA\xe8H[\xe4\xd6\xb63iC\xc0\
\x100\x04\x0c\x81\xe7\x06\x01\xe3\x85!\xb0Q\x02b\xa3\
\x03\x98\xfe\x86\x80!`\x08\x18\x02\x86\x80!\xf0\xcc\x12\
\x10Z\xa7@+\xfe\x0b\x02\x88\xb8\xfe\xfftS\xe3\xc8\
\xb1\x80T&\xdf\x0f\x94\xed8\xe5D.\xe9F\x85\xe6\
\xb6A\x02\x07\x830W\xf8\x97t\xff\x0do/O\x1c\
=\xec6k\x8a4)\x08\xc3\xf8\x1b\x9b,\x0a\xf1\x04\
,\xaa\xb0q\x9a\xcb\xdai\xce\xafMs^\x902\xc7\
{\xc6\xc2\xa0\xb0l\xec\xe8\xea\x95\xb5j\xf9\x0d\x0b\x8b\
S\x1f\xea\x1c\x1a\xdf\xc7m6\xc1B\xb7?\xf8\xf7\xec\
\xf6}o\xad\xcfL\xb1 \xa8\xc2\xd0\xd7<.\xcfM\
\x1a\x1a%\xcf>c\x5cG\x15Q ]0\x8a\xf9\xd6\
.\xb7\xf8\x09AR\xacl;\x89\x85\xce^Q(\x14\
n[\x988\xf9\x81\x8ej\xe6e\xd4\xee\xec\x01\xa9\xf0\
rCu\xf2\xd0\xbc\xbf\xd8\xfc+\xab{\xf7\x1d\xee\xc2\
\xf8g\xe6O\x9d(\x81\xf2\xb4\x0a}\x08\x82\x00\x22\xae\
:\x04\xf6MH\x879&r\x83\xdb^^\x1f\x7f\xea\
\xc3-w\xe9\xbf'{_\xb4\x13`\xc3\x7f\xb1Y\xcb\
\xa4\xf5$\xa9\xa8\xf3\x81\xe7\x83\xe4\xa7\x12i\xefyN\
\x12!1\x93-\x90V\xa7o\x85\xbe\xc5K{\x1aq\
\xcf\x9e\x84\x95\x96\xaf\x07\xc7~I*\x9d\xb3\xa4\xb0\xa2\
5Y\xc4\x97\x9f\xee%\xe1\x13\x1a\x95\xcaRqh\xe4\
\xafk3\x8f\x9c\xfe[\x81m\xa0\x87{\x95t\x9c\xaa\
R\xf4\x7f# \xc6<\x96\xeb\x10q9u\xee\x081\
\xaeG\xa4-\x0b\xe9\xff\x80\xf0U\x96Z\xc6\x85\x940\
\xe1\x8a\x130\x0e\x18\x02\x86\x80!`\x08\x18\x02\x9bB\
\x80\xfeK\xbf)\xe3\x98A\x0c\x01C\xc0\x100\x04\x0c\
\x01C\xe0\x19\x22\xa04\xa4hhIv\x81\xc0z\x0e\
\xdbj\x93H\x14Y\xce*\xe5k\xad\xc4\xe2\xbck\xfb\
\xcbE&\xda(\x81\xf1{\x9b\x8db\xe3s\x85m\xd7\
\x7f\xa8<q\xe4\xc9V\xb3\xe6\xdb\x96\x80H\xd4\x13\x1a\
4\x84+3h}\xfa\xde\xacTP\x82\xeb\xd8(\x09\
\x8a\xdaqKE\xbd5\x08\xec\xee\x1bJ\xaa0\xf8\xd6\
f\xab\xf2\xce\xe2\x8e\x17\xdf\xb4\x09\x22\x16\xc0\xe1\xc3^\
\xed\xd4\xb6/w\x0e\xef\xf9`sn\xfcA\xb7Y\xf7\
\x12\x8e\x15\x09Z\xec\x87R<;\x80\xe6\xa7J\x97\xc5\
!\xf6-\xaa[\x96\x85\x10Id\xa2B\x16\x06\x11)\
M~\xf3\xba\xb9\x0d\xa2\xc4\x5c\xa1\xcb\xce\x16;^R\
\x9a\x9b\xbb\xb3{\xcf\x81o\x80=\xaf\xbb4Q\x8c\xc6\
\xbep\x18m\x05\xf3=\xf7$zv\xbd\x0dP\xfc\xc1\
\xe2\xd8\x13G\x02\xd7\xf5$I_R\x22 \x22H\x14\
\x10\xc6\xe2 :\x89\x8cU\x18\xbe~GP+\xffL\
\xab<\xffk\xc5\x9d\x13\xdf\xd4\xd3\xb3\x8f\x85.\xb8\xdc\
\xcb\xd6z\x0e\xd2\xb9Q\x12\xe9x\xcb@J\x8bf\xd7\
\xa0\xe8\x05kY\x0eB\xab\xb9\xbb;i\xe7/e\xfc\
n\xd5?\x5c\x9b\x9axS\xb6\xb3\x98'\x81\x11\x99'\
sED\xb0\xe8]{\xbd\xb6\xe4\x0a;\xf5I\xcf\x96\
_\xa4q\x15\xd99B\x8fvl\xa7\xca\xceP\x97\xa8\
\x9e\xc7\x89\x12t\xe3\xb4F\xde_\xca,\x87\xd5\xbc\xe0\
n\xb4\xf7T!\xd0\xf2\x03\x7fC\x8ch\x14\x13\x0c\x01\
C\xc0\x100\x04\x0c\x01C\xe09H\xa0\xfd\x1e\xe19\
\xe8\x9aq\xc9\x100\x04\x0c\x81k\x9c\x80Y\xbe!\xb0\
L\x80>\xb7\xa7(i!R\x8a\x12\x88qL\xc9\xf3\
\x06\xfe\xc0\x8f\x18\xb7CD\x08\x82P\x01\xe2\x1c\x8cV\
W\x15\xaa\xf3\xf66\x15\xeb&@\xc2Z\xd9\x9e\xf9\x94\
\xec\xdc\xf1\x8e\xf2\xf8SO\x07^S[$F1\x7f\
E\xa2\x1a\xdb\x99cq]\xbb\x8c\xd3b\xf9\x89@N\
#\xc6{\xc6e,.\x09!\xb1\xb3\xb3\xd7i\xd5*\
\xdf\xed\xba\xfe{\x06\xf7\xce]\xd7\xee\xbb\xb1\xf8\xeep\
\xe9d\xebs\xc9\xee\xedo\xafN\x8d=\xda\xa8\x95I\
\x01\x0c!\x5c~\xba\x8d\xc7F\x8cE>\xc4\xd8'D\
\xa4#\x84\x5c\x05\x91\xfaE)\xf6\x99\x8d\x92Q\x1d\xaf\
\x97\xc7\xf0\xfd\x10m;m\xd9\xa9\xe47\xce\x9f<\xf2\
\xe1~\xab\xb5\xe9O\x08\x02\x1c\x0c\xdc\xb9\x87\x8e@\xa6\
\xf8\x9b\x90\x1a|_y\xe2\xd1\x07+\x95\xf9\xc0\x96\xa0\
I\x8b\x8dD-)%\xb9&\x00\xa5DK8\xa28\
4\xd2i\xa5\x12\xdf\xbex\xe2\xf1_\xadj\xeb\xfbs\
\x83\xfb\xbb\xa9A\xbc(J\x5cJP\x09\xa7\x91\xcef\
\x1f\xaaV+\x1e\xad;B\x82\xb8<\x94\xa0y\xb5\xd7\
\x17j{\x17\x8d\xb9\x5cH\xa9\x0b\x84\xa1\xa1\xdbR\xb5\
j\xfd{@\x88\x9b\x13N\x0a\x05\x9d\x0bn\xce_\xe3\
\x0e\x82\x80^\xc3\x9en\xcc\xcd\x8ev\xe4\x0b\x7f\x5c;\
z\xcf\xb9\x9f\x0a\xe4\x0ep\xb7\x96\x88\x950\x0c\x22\x9f\
\xa2\xa2\xe5\x1b\xef\x15\xe2\xf9\xdd\xe1\x0eJ\xb7\xeb\x85E\
\xd2&\x89\x99o\x14\xcb\xddMd\x08\x18\x02\x86\x80!\
`\x08\x18\x02[\x84\x80\xf9\x8f\xfbsp#\x8dK\x86\
\x80!`\x08\x18\x02\x86\xc0\x1a\x02\xa8t\x90&\xa5\x85\
\xd4\x855\xa5g%\xf9\x03<[\x5c\x81\x88\x91\x18\x02\
 \xa2'\x95H\xac\x08\xb5\x86%\x80C\xcf\x94\x18H\
\xfe\x1d\xb0hv$\xbb\xb6\xc2\xe8h+,t\x7f.\
3p\xc3G\x16N>qTy\xad0\xd2qH\x91\
\x92\x92\xb0\x10\x0d\xc4\x18\x0b\x8b-\xb4\x97T\x02\xd1\xfe\
 \x92\xdc\xa2\x82(\x8fHmh\x93\xa4\xa0\xb7g\x8a\
\xf6\x8fvJS^\xa3\xc0\x9e\x81\x1d\xc9V\xb3\xfa\x86\
j\xad\xf2\xb6\xae\x91\xdbn\xd8\x94'\x04\xe1\x90\xdf\x9a\
\xef\xbc\xa70\xb4\xf7#\xe5\x89c\x8f\xd7\x9bU\x9f\x7f\
\xfbPH\x09\xe4\x09\x80\x8a\xee\x91\x9f\x91\x83tc\x7f\
(Z\x09H\xbe\xc6kR\x00\xfc$!\xe5\x15\xf9\xec\
\x87\x1eH\xdb\xc6\xce\xae>;Y\xe8x\xd1\xf4\xe8\xb1\
;:Fn{\xe5\xe6\xfe\x86 \xc4W\xf9\xd1%\xe8\
\xf3?\x91\xec\xbf\xf9\x1d\xde\xd2\xf4'fN\x1e\x9f\xd5\
\xa0C\xdf\xf7\xc9\xdd\x10\x84\x85\xa0H\x17\xa3\xd7\x00 \
\xb1\xccwtY\xf9\xed\xd7\xdd\xdc\x9a\x1f{W\xb3\xd5\
\xb8\xb3c\xf8\xb6\x17\xc0\xc8\x81d<\xd8\xfa\xefs\xbd\
\xd0J;\xa9\xafi\xb7\xb1\x84\x88\x80\x88\xc0\x0f\x83\xc6\
\xf3P\xc6Nt\xb6\xbc\xe0V\xd8\xbf\x9f_\x17\x17\x1b\
\x18\x17[\xb5}\xad\xb9\x93o\xea\xec\x1f,\x90\x10\x88\
* \xdf\x05\xbf~\x15\xd8R\xeaJ\xa5\xe4A\x22\xf3\
\xff\x16\xbd\xda\xa34X\x84\x9d\xe2s\x06\x94V\x85{\
JI>\xc1jSD\xceS\x17\xa5\x81\x8e\x1e%\xce\
\x08\xd1\x1ej\xa0\xf9\x01\xa4\x94\x02!\x030\x87g\xb4\
2YC\xc0\x100\x04\x0c\x81M$`\x862\x04\xae\
\x04\x01z\xb7y%\xa65s\x1a\x02\x86\x80!`\x08\
\x18\x02\x86\xc0:\x09\xa0\x0e5\x89\x81\x82\x9fwZg\
\x17\x88\x85\x09 =G) E\x04<\xcf\x0bU\xa8\
\xcaT\xa4\xc967\x14\xf7\xe4!9\xf2JH\x1c{\
=\xa4\xf6l\xa3\xc1\xaf=\xf1`\xf4`+\xab\xdcO\
d\x06\xf6~pv\xf4\xb11\xafU\xd7\x12E\xc4\x9e\
\xc5!\xbd\xfc\xb4\x15\xefE\xdb\x04\x09=\x88\xb8\xb2W\
\x5cN\xec\xa2\x80\x88Q_\xce \x22\x08\xcb\xc6bW\
o\xaa\xba4\xff\xe6F\xa3\xfa\xae\xeem'w\xc3\xa6\
\x5c\x07\x83N\xcb\xf9\x97\xdc\xf6\x1b\xdfS\x1b?\xf1\xb4\
\xef6\x14\x82\x02\xf6\xb9m\x88\x18\xcd\x84\xb8\x1a\xb7}\
m\xc7\xa0\xe9-%[\xd4\x12XG\x8a\xd6\x85\xa4\xc4\
\x91\xf8f'\xb2\xe9W\x97\xa6N}\xb0X/\xbc\x88\
\x9a \xd9\xe6\x86\xd1\xd1Vk\xfa\xc1{\xa0k\xe4\x17\
A\x89?X8y\xff\xc9\xc0k\x06A\xe0k\x16\xd5\
Xt\x05\xc1+\xd3\xc0O\x09\xdaNJv\xef\xbay\
{\xd0\xaa\xffTiv\xf2\xd7:1\xf8f\x18\xba\x8d\
\x9f\xc0]\xbf_\x07\x0f\x06Z\xc8#\xa0\xc2\xb9 \xf0\
\xa2\xfdBD\x10\xcb\x1c\x9c|>\xdb\xac\x97^\x5c\x98\
Ke\xe1bW\xcf\xbeL\xa3\xb4\xf4F;\xdfu\x83\
m%\x85\x946\xf8a\x101T:\xa4\xfd\x08\xb4\xaa\
\x94\x9f\xb6\x93\xe9\xbf\x86\xb9\xc3\xb5\x8b\x0cGnA5\
\x0cBE\xd79\x9b\x22\x9e{\x0b4\xb5f\x0bCR\
\xa2-)\x85\x10\xe4{\xf5\xdc\x8d\xa9\xad\x09\x1b\x22`\
:\x1b\x02\x86\x80!`\x08\x18\x02W\x8c\x00\xbds\xbb\
bs\x9b\x89\x0d\x01C\xc0\x100\x04\x0c\x01C\xe0\xa2\
\x04\xde\x88\xa42\xd0\x07r\x90\x17m\xba\xa6\x81\xd6:\
\x12\x128\x16$\x82H\x89!\x0au1\x11a\xcd\x08\
\xebM^\x9f\x83\xc5\x85\x9f\x82\xd6\xe8o\x82;\xf3[\
\xd0<\xf1!H\x0e\x8fP\xefkN@\x98\x99y\xa4\
^wK\xff$\xf2\x83\xbf]\x1a\x7fb\x5c@\x18:\
\xd2\x02\x8bDA\x16e4\x09\x82\x025iR\xab{\
\xc3e\x9110!V\xf6\x8c\xf7MJI[\x8f \
\x84\x05\x81\x0aA\xa3\xc4\xde\x81\x1d\xc9f\xbd\xf6]\xcd\
\xb0uW\xff\x9e\xdb7\xe57\x04GG\x0f\xb6\xaa\xa1\
\xf7Y\xbbk\xe8\xd7J\xe3O=\xed\xb6\x9a\x01\xc9\xc8\
\xa0\x01\x22\x7f\x10\xe9\x08\xa2\x22\x89\x90\x04\x22\x00\xf2\x89\
k(qF`\x9f\xa3M'\xf1\x8a\xc5A\xa4#\xab\
HTRJc6\xd7eY\xe9\xd4K\x16\x17\xe7\xef\
\xe8\xdbs\xe0\xa5\xb0\x7f\xbf\x0d\x9b\x7f)Xxx\x12\
\x06r\x1f\x93\xc5\xeb\xdeQ\x9b>\xfco\xa5\xc59R\
\xb24y\xa0\x81y\xf2\x94\xec\x1e\xc5\xa8\x11E\x17\xf1\
t\xb2\xd9W-\x9dx\xea\x97s\x18\xfcLa\xf8%\
;\xb9\x8el]\xc1u\xab\xf3`\xd9']\xcf#f\
@{%h\xd7\x89S\xa8 \x9dH[\xd0\xa8\xef\xb3\
-\xe8\xb9\xf0`o\x94\x1dV\xe6\x85\x10T_\x97\xc9\
\xe6\x1d\x10\x88\x8a\x10\x87\x81\x8a\xba!\x22\x10\xb7*\xe4\
{\xff\x8f\x9fI?\x19\x15^\xf8\xa6\xb5\x125?\x88\
\x06\xd0t\x9d\xa3\xb5\x06\x1a\xf6\xacr\xa4\x126A1\
\x08\x90(t\x1eF\x16$g\x8d\x19\x02\x86\x80!`\
\x08\x18\x02\x86\xc0\xd6!\x10\xfd\xb7~\xeb,\xc7\xac\xc4\
\x100\x04\x0c\x81\xe7(\x01\xe3\x96!p\xb9\x04\x0e\xcc\
\xa1\x06\x9d\x01).\xf9\xbf\xd9J)\xfa\xc0OB\x8e\
\xd6\x10\xfa$'i\xd5$74\xd9\xa6\x05\xa7?\xb9\
\x03@\xfeH\xb6\xff\xf9\xb7d\xb7\xdd4\x02V\xf1;\
 \xe9\xbc\x0a`\xdf3!\xf6l\x9a\xdf\xcf\xd8@\x8b\
G+\x05\x99\xfd\x8bDq\xf7o\xce\x1c{r*\x0c\
\x5cM\xfb@\xbaS\xbc\x0fma\x86cD\x5cq\x03\
\xf1\xf4z\xae\xa0~\x91\xb8\x84\x18\xb7C\x16\x07Q`\
Ww_\xba\xbe4\xff}\xf5z\xf5\xed\xbd{&X\
x\xe5\xe6\x1b\xb3\xc9C\x0d?a\xdf\xedt\xef\xfd`\
\xe9\xd4\x13\xc7\xddfS\xd9\x96\x88\xfc\xe6\xa7\xc4\xb4\x22\
\x1ft\xfc\xa4#\xfb~\xe6d\x88\x12\x04\x1dQD\x04\
D\x8c\xaa\xb9\x1d\x22\xa7\x05H\xfe\xcap\xb1\xdfq\x1c\
\xf1\xda\x99\xe9\xb1\xf7\x17\xe6\xac[\xa8\x11WR\xb4\xa9\
A\xc3\xc4\x93\x0b\xe1\xe2M\x9fp\x8a7\xbd\x0dj\x95\
O\xcc\x9f8R\x0a\x83\x16\xe1\x0c5\xb0\xcaF\xd3I\
bI\x11\xf9,I\xa8\xec\xb0\xf2\xdb\x87\xf7U\xa7N\
\xbd\xbbV\xa9\xbe=;\xfc\xb2\x1b\xd6\xfbu\xe6\x9a\x95\
\xac\x81\xe3<\xda(-y\xbc^\x9a\x04,+\xfeC\
\x22\xd2\xe6\xef'\xab\x1d~\xcb\x1f\xe6\xb9\xceg\xbd;\
\xc7\xba+\xf5\xea\x7f\x95\xf9\xde=\x96\x93 X\x02\xda\
\xe3xa\xa0}\x9f\xceP\xa5t4\x97\xed\xf88\xd0\
>\x9do\x9c\xb5\xe5\xc2\xc2:\x02\x86\xec\x13\x22\xae\xad\
\xbah\x1a\xb1\xdd\x1e\x85P*\x03^\x97\xb8h'\xd3\
\xc0\x100\x04\x0c\x01C\xc0\x100\x04\xae*\x02\xe6?\
\xee\xcf\xf0v\x99\xe1\x0d\x01C\xc0\x100\x04\x0c\x81\x0d\
\x11\x98\x9d\x15\xa4\xdeeh\x0c\x81\xd8\xfe\x90N\xb9u\
\x04\xc4\xb8=\x09\x024\x84V\xa0\xc0]G\xb7Ki\
\x22,-wB:\xd3/\xa5%\x10,\xb4\xb3\xc5\x9c\
\x08\xe5\xcb;w\xa5.\xed+\x97\x972\xebs\xbc\xed\
\xd2\xd2\xa1\xb2\x93J\xfe\xefd\xdf\xf6?\x9c9\xf1\xc4\
\x94@E\xa2\x9a\x06\x16\xa0\x84\xb0\x00YX\xa35\xd0\
\xbe\xd0\x1d\x22\xf1,\xda)\x12m\xe1<\x97\x00\x09:\
\xa4-$\x817\xa4\xd1z\x06\x87\x13\xd5\xf9\x85\xef\xae\
,\x95~)\xd9\xfb\xbc]\xd4-\x1a\x82\xe2\xcb\x0f$\
4\x150\xf7\xcf\x85\xa1}\xbf^\x9b\x1e=\x1az~\
\x08th$\x89[\x82\xce\x12\xa9\x9a@\xce\x02F\xa2\
\x9f\x04\x80\xd5\xb7\x91Z\x87\xd1\x13\x83\x8a\xd6\xa0\xa9\x1c\
\x11\xa9\x1e\xa22\x16\x09\xa9:\x12\xde::\xfbl!\
\xc57\x94\xe7\xa6\xde]\xd8~\xeb~\x807\xf2@Q\
\xdb\xcd\xbd\xdd\x1dz\x8b\x0f>\x99\xec\xd8\xf6>Hf\
\x7f\xbd<\xf6\xc8cn\xbd\xea\x09\x81DOC\x10\x04\
\xc0\xa2]\xe0+\xf2\x11@Z\x8e(n\x1f\xc9\x85n\
\xf3\x07j'O\xfc~f)\xf9}\xf9\xa1}E\xf2\
\x09\xc9\xce\x1f\xc6\xef\xe5\xd7\xd4#\xe0V*\xbcZ \
^lD\x83R\xc4'\x93\xceW[\xf5\xe7\x03D\xbf\
\xa7y\x8eq\xde(\x03\x90\xafT\x95\xc5\xd7t\x16{\
\x93\x0a0\xf2\x8d\xfbk\x81\xe0X\x12J\xf33\x8dL\
\xdf\xd0?\x14\x04\x9c<\xc7\x00\xe7,\x92B\xd4Q\x88\
h0\xa8l\x00\x00\x10\x00IDAT\x10\x91\xddg\
;\xbd\x19\xe2\xd9ek[h\xaa\x16\x96@\x94\x22A\
\xffO\x02\xe5\xd6\xd6\x9a\xb4!`\x08\x18\x02\x86\xc0\xf9\
\x08\x98rC\xe0j! \xae\x16G\x8d\x9f\x86\x80!\
`\x08\x18\x02\x86\xc05I\xc0\x1bF\xadt\x12\x10\x91\
\xc5#6J\xae\x1b\x05?a\xc4\x06\x9a\xfe\x87\xe0\xad\
\xbb\xe3\xba\x1a\x1e\x10$\xec\x8c\x08\xcbI\xf17\x12m\
\xdbA\xdbI\x89D*\xb1\xcb\xabY\xc9u\x0d\xb1E\
\x1bU'\xbe\xb6`[\xce\x1f&\xfb\x86?6;\xfa\
\xd4\x8cb@@R\x19\x89e\xbe\x0a#\xc1\xa7\xbdt\
\xdeS\xb6s\xed+\x97\xb3q\x1d\x1b\xf7\x91R\x02J\
\x07{\xb7\x0fg[\xe5\xc5\x1f\x0e}\xff-\xa9\xc1\x9b\
\x87\xb8n\xa367w\xb0\xe6\xb8\xc9\xbf\xcd\x0d\xee\xfe\
\xe8\xfc\xc9\xa7F\x9b\xf5\x8a\x0a\x03~\xe8MC\x18\xd0\
!\x22\xffy\x0e\xf6\xa9m\x9cg\xe3<\xc7l\xed4\
\xe2Z\x1d\x89\xdev\x0a\x81\x9d\xc5\xbe\x04J\xf9\xba\xf2\
R\xe5\xae\xcc\xd0\xf1}\xd4~m#\xcanZP\xad\
\xd2C\xa3\x90K\xfe\x9e\xec\xdcsG}\xe6\xe8\x17\x17\
&NVA\xf9J\x05\x81\x0e\xfd\x00,b\xc9\xbe\xd2\
A\x06!m\xec\xee\x1f\xca\xe5\x06\x06\x0f\xd4\xa7\xc6>\
\xd0h\x89\x9fM\xf6\xbf\x80\x9f\xea#\xc7\xcf\xeb\x93\x02\
m\x1f\x06\x08x\x8f#\xc1\xd7\x0d\xfcHhD\xbaR\
\xa9\xac\xa3\xaa\xb5\xfd0Xu\xce5\x02?\x15\xb88\
=\xf5\xa6l_\x7f\x1f\xbfB-\x12^\xf9\xf5*\xc9\
/\xcfs\xa1\xd5\xa8+\xf0\xf5\xfd\xe9l\xea\xee\xf1\xf1\
{\x9b\xe7\x1a\xe3\x5ce\x0a\xac\x16\x90\xec\xccOu\x92\
\x1b\xc0c\xc2\x9a\x8b\xd7\xdc\xcer\xfd\xdat\x5c\xc7[\
B\xcai\xa8\x9d\x1e\x15p\xa6\xdd\xc4\xc4\xe7&`J\
\x0d\x01C\xc0\x100\x04\x0c\x81\xab\x8a\xc0\x85\xde\xdc\x5c\
U\x0b1\xce\x1a\x02\x86\x80!`\x08\x18\x02[\x91\xc0\
H\xd0D\x05\x81Ek\xbb\xac\x0f\xe4+\x1f\xf4\x91\x86\
A\x11\xd08\x9b\x17FHK\xb1\xe4\x0e)\x84\xc3b\
\xc3\xb2\xa1@\xe8\xb2\xd3x\x0d<\x19xa\x94,\x08\
Z\x10\xfc\xb1\xd5\xd1\xfd\x87\x8bcG\xe6P+-\xe8\
\x9d\x97\xa0\x1b\x1b\xef\x0d[{\x14\x16a4g\x10I\
\x17\xa2\x04\xc5t_\x0e*\x8a\x11\xf9\x18`$\xee\xf0\
\x13\x82\x9d\x03\xdb3~\xb5\xf4\x83\xb6t\xde\xd2\xb9\xeb\
\xf6\x1d\xd4\x88\x1bPt\xf9\x81\x05A\xd9\xf0\xfe!\xd1\
5\xf0\xdb\xb5\xe9\x13\xc7I\x0d\x0cy4i\x0b\x10 \
\x01\xb5 mZ\xc7F\x15\xed\x09\x11\x11x\x0dT\xb4\
\x12V\xf2TGR((\x12\x14\x81z\xf6\xf5o\xb7\
\x01\xd4k\xbdF\xe3]=\xd7\x1dx><cO\x08\
\x02\xf0\x1f\xdc\x08\xbb\xfc\xcfg\x86nx+\x04\xe1\x9f\
.\x9c|bL\x80\x0e\x95\x0a\xc9\xbd\x10\x1c\xc7\x89\xfc\
\x0eCE\x8d\x01\xedD\x0a;v\xec\x19\x0e\xca\xe5\x9f\
o\xd5\xea\x1f\xea\x18y\xe5+\xbb\xbbo\xcfq\xe5\xb9\
\xad5\x07\x90<\x12x\xaeB\x01\xc0{K\x03\xd3*\
\x05\xd8v\x02\xc1_\x1aI\xb9A'\x9cy\xed\xd9\x93\
h\xb5\xe0\xb5\xd0\xac\xbc(\xe1$\x85\x16\x88B\x03\x13\
\x8eZ:\x96\xd0\xd5\x99\xc9\xb9LW\xcf\x9f\xcf\x1dK\
\x8cF\x85\xeb\xbc\xd1\xcb]izA\xb2\x1f\xdc\x05\x11\
9\x8a\xd6\x19%\xce\xb8\xa1\xd6\xb4\xb7\xa7\xef\x9fV\x1a\
\xc8\x1d\xaa\x0a\xe3\xceg\xf41YC\xc0\x100\x04\x0c\
\x01C\xc0\x10\xb8z\x09\xd0[\x96\xab\xd7y\xe3\xb9!\
`\x08\x18\x02W\x84\x80\x99\xd4\x10x\x16\x09\x04\x81\x8b\
\x02\xc4\xca\x87q\xc4\xd3?\xb0\xaf\xc7\x15I}\xa8\x9d\
\xb6@o\xaa\x18\xd8\x9d\xf0m\x15\xaa\x01!-!m\
;\xf2QJ\x09\xf5f3\x8b\xa1\xe0?zB\xd3^\
\xdb\xa16\xf3\xc8l*\x9d\xf9\x98\xd5\xd1\xf7\xc7\xb3\xc7\
\x9f\x9c\xd7!\xffQ\x07\xa5\x99\x13i5\x91\xa8\x87\x18\
\xefi[\xb8\xe1\x181\xc2\xb9\x02\x8f\xcb8\xc3\xfd8\
f\x13B\x82\xb0\x12\xd8=4R\xa8\xccL\xfeW\xaf\
Y\xfb\xf9\xee\xed\xb7\x0fp\xddF\xadTz\xa8\xe4*\
\xe7\xaf\xec\xce\x91__<\xf9\xd4\x89\xc0k\x85\x92\x14\
4EG\x88\xfd\xd6\x9ad\x22\x9a\x041\xf6\x9d\x92Q\
@D@\xc4(}\xe6\x8d\xfb \x22\xd5K\xd0(\xb0\
\xbf\x7f{\xcao5\xbesq~\xea\x8e\xe2\x9e\xe9\xeb\
\xa9\xbd {f\xc2\xd1\xa3n}\xfc\xeb\x8fB\xa6\xf0\
a\xc8\x0d|pq\xec\xd0#\xb5\xf2\xa2\xeb\x07-\x15\
\xfa\xa4P\xaaX\x0cC\xa4W\x9be!\x9dg\xd17\
\xb2\xab\xc3\xb2\xc5\x1bK\xa3\x87\x7f\xad\xe14\xbe/\xdb\
\x7fk\x0f9w\xb6\x8f\xe9t\x0d\x9c\x8eC\xd5\xa5\xc5\
f\x18\x86$\xf8\x12(\xe2\x83\x88 \x85\x05tu\xfb\
\x81O\xeb\x1bIR\x9a\xfb#\xc5\x90(e\x86+S\
\xa7~8\xd7;0\x88\x92\xe6\x94\x12\x82  \x01\xd1\
\x06\xcfsu\xbd^\x0dA\xca/\x81v?\x0bp0\
\xe0>\xeb6\xe4\xafCG\xd3\x00b\x1cs_\xc4\xd3\
\xd3\x88q\x1e\x91c\x1d\xb7\xd5\x82\x9b\x02.\xff\xb33\
\x8fRG\x05\xe6f\x08\x18\x02\x86\x80!`\x08\x18\x02\
[\x86@\xfc_\xfb-\xb3\x9cgv!ftC\xc0\
\x100\x04\x0c\x01C\xe0\x8a\x10\x10\xa0\xe9S\xfa\xca\xd4\
\x88\xfc\xc1}%{\xde\x04\x8b/\x00\x8a\xea\x97\x0di\
\x1c\xcamV\xf0\xea\xcav[\x8d^!\x04\x92\x08\x12\
\x09[$\xa2\x00\xb8\xad\x94\x96\xbak\xb3\xe6\xb9\xda\xc7\
\xa9N\x1e\x9a\xef($?\x96\xec\x19\xfc\xd3\xb9\x13G\
\xe6e\xb4\x0f\x0a\x84\x94\xb4\xad\x94Y\x16\x8e\x10\x11\x90\
\x16\xcb\x06T\x16\x19\xe5\xe3\xc0o\xd9\xe8 h\x04A\
\x02\x13\xa2$\xe1H\x01\x22B@Q\xd7\xe0H\xb6>\
=\xf9#\x95\xc6\xd2Ogzo\xee\x83\xcd\xb8\x96\x0e\
\x95\xd3\xb9\xdc\xff\xc9\xf6\xef\xfa\x9d\xd2\xf8\x91\xe3\xbe\xeb\
*\xd2\x98@Z\xe4!\xf9GwP\x14k\x9a+>\
k@.\xeb\xd8P\x80&#\x07\x81\xeb\xa9I\x1c\xc8\
_\xce\xfb\xe4t\xa8\x01\xfb\x06v8a\xbd\xf6\xfa\xd2\
\xcc\xd4;s\x83\xfb\xf7R#\x1e\x96\xa2g$h\xa8\
>\xb9\x00\xe9\xc4\xdfg\xb7=\xff\xad\xde\xd2\xe2?\x96\
g\xa6gQ\x07Z\xa9P#\x22\xb0\xd0\x09\xcb\xc2\xa0\
\xef\x07\x98\xcb\x17\xed\xdc\xe0\xf6[\x1b\x93\xc7\xef\xf2\xfc\
\xe0\xad\xb9\x91\xdb\xd8G\xde\x8cU\x07\xe7nj&\xb2\
\x99\x07\xc1\xab.1\x07\xa5V9D\xb0\xb2\xfd\xfdA\
\xa0~\x5cv\xe4\xde\x0c\xd9\x1b\xbe\xcb*\xde|[\xb6\
\xff\xf97\x85A\xf0} \xe1\xc5\xc9L\xceF!\x80\
|\x00\xa0\xc3\x11\xd2k\x96\x18koqn4\xd3;\
\xf0'\xf5\xb9\x9b\xe6V'[\x7f\x8a\x86<\xbd1*\
\x9a\x83\x9c\xa3RD\x04\xf6\x95\x92Qh\xa7Q\x03 \
\xcd\x0fti\xe2\x00@\x9d\xc0\x5c\x86\x80!`\x08\x5c\
\x9b\x04\xcc\xaa\x0d\x81\xadL\xe0\xf473[y\xa5f\
m\x86\x80!`\x08\x18\x02\x86\xc0UH\xc0\xb2\x12\x1a\
T\xf4\x81\x9c>\xaf\xd3'\xf5KX\x03\x22\xae\xb6&\
\xd1f5\xb39\xa9\xd0V\xb6\xd7l\xe5m;A\x03\
\x22\x90(\x08R\x92\x9a\xe1\xfb\x89 \xd4\xfd\x00\xa4+\
\x80\xb9\x98\xc0\xfc\xc9CS\x12S\xbf\xe3tv\xff\xc9\
\xec\xf1\xc3s\xa1\xef)\x15\xfa\xd1\x9e*V\x8f\xb8\xd1\
9\x0c1\xdeCj\x18\xd5r\x8c\x88m\xd6\x91\xb8#\
I9\x02\xb4Dq\xfb\xce\xa2\xb70\xffS\xa1\x16?\
\x96\x1f\xba\x8d\xff\xf8\x05l\xf4*\x8f}iI:\xee\
\xdf\xd8]\xdb\x7fo\xe9\xd4\xe3'\x02\xcf\x0bC\xf2\x9b\
n\xe0\xfb~$(!\x22 b4\x15\xe2rLG\
\x95\x85\xa5\xa8\x90n\xec7EQ@\xc4\xa8\x1f\xa0\x04\
\x106\xf6\x0e\xed\xcc\xa8\xa0\xf5\xbd\xadV\xe3\x97\x0a\xc3\
\xdf0B\x8d\x90\xec\x99\x0b3\x8f\xd4k\x13\xbb\xbe\x98\
\xec\xdc~\x07h\xf9\x87\xf3\xa3_?\x11\x06\xcd\x00\xc9\
-\xe5\x07\xc46z\x9a/\xf6Q\x08\xb4\xec\xb4\xec\x1c\
\xb9a\xc4\xab,\xfcT\xf5\xd4\xa9\xbb\xd2\xfd/\xde\x0f\
{\xf6\xf0\xa1_\xf6\xf1\xee0\x9bK\x9d\x02;\xbb\xa4\
\x820*C\x8c\x97\x80\x88P\xe8\xecL;\x09\xfc\xae\
\xb06\xffQ\xa8-\xfcn\xb08\xfe\xe7\xcdV\xeb\xcf\
\x95\xf2\x7f\xa6sp[\x1e\x91^3\xd4\x8e\x19!\x22\
\xf8\x81\xabKK\xf3-\x91\xef\xfb\xe7\x94\x9f\xfa\x0a\xc0\
\xdd\xf1\xa0\xd1\xc8\xeb\xbbYZ\xb3\x03H\x17u\xa0\xcd\
\xa0;\x07~\x8dr\x1c\x97s\x0a\xa2u\xae\xcd\xb7\xd3\
\xdcK!\x86 ,N\xc6\x8d\xaf\x8d\xbbY\xa5!`\
\x08\x18\x02\x86\x80!\xb0\xe5\x09\x181p\xcbo\xb1Y\
\xa0!`\x08\x18\x02\x86\xc0\xd5L`\xd4Ji@\x1d\
\x5c\xce\x1a\xe2\x0f\xf5\x02b]\x80\xc4\x01\x1a\xe9r\xc6\
9_\x9f\xd0\x0d\x12\xd0j\xa5x\x1e\x16\x19bQ\x8b\
4\x08\x89N\xe86\xb6\x03\xbc\xf1*z\x9fq\xbeU\
n^y}\xf6\xbe\x19K&\xfe\x002\xc5?[\x1c\
;\xbe`K\xa1\x1d\x87\x84'\xc4H\xd4\xe3\x99X\x10\
\xe2\xb8m+yj\x03d\x88\xc4\x97*\x95\xd6\xc0y\
!\xach\x7f\x99=\xa5\xb1{\xc7\xce\xce\xd6\xdc\xd4O\
\xfaa\xeb?\x17v\xbc\xa2\x136\xe1*\x8f=\xba\x94\
\xf4\xdc\xbf\x11\x1dC\xbf_\x1a\x7f\xfa\xa4\x0a\x02eY\
\x02,\xdb\x06A\xfe\xb0G\xb4\x02`\x83\xe5Kk\xd2\
\xaf\x22\xd3T\x0e+\x06\xcb\x97\x946\xad\x19\xc0\x0f\x02\
\xd0(\xb0\x7f\xdb\xae\xa4_\xad|\xaf\xd7(\xfd|\xe7\
\xae\xdb\xe9\xec,7|\xc6\xa2\xbb\xc3\xd6\xd2\xa1\xb1\x5c\
w\xd7\x1f8\xdd7\xbc\xbb:\xf9\xd4!\xbf\xd5\xf4m\
\xc7\xd2\xbe\xef\xd2\xb1n\x01J\x01\xbc\x04\x12>\x11\xb4\
\xc4\xe2\xd0\x8e\x9c\xccf\xbe\xa71\xfd\xf4\xaf:\xe5\xf4\
\xb7\x17\x8b/\xcd\x93{\xb4\xfc7J\xb4\xd3)\x91J\
\xa9 $)V\x03\x08!\x80\xfa\xd1\xde\x84\x9c\xc6t\
\xb6\x90\xe8\xdc6\xd2\xd55\xbcg\xb0k\xf8\xc6=\xb9\
l\xc7\x0b\x8b\xc5\xee>\x10\x16\xd2\xfa\xa9\xad\xa2v\x92\
\x98h\x10\x1a\xb5\xae\xd4\x8f\x15\xbb{\xffv~\xfe\xcb\
U\x9a\xe3\x92\x83V(C\xa5\x91\xcf\x05wF\xa4%\
DgF\x01\xd0\xff\xb7\xa0\x81\xf6\x07V\x85\xc0\x95s\
\xb6\x5cF\x11U\x82\xa6\x17\xb0\x0f\xd2\xd6Q\xde\xdc\x0c\
\x01C\xc0\x100\x04\x0c\x01C`\xcb\x10\xa0\xff\xc6o\
\x99\xb5\x98\x85\x18\x02\x86\x80!p\xe9\x04L\x0fC\xe0\
\xb9N\xc09\xa9Q\xa3G\xaa\xc2%\x7f o\x7f\xc0\
GD\x00!\x11\xa4\x90\xb0\x89\x97\xf6\xb5CJ\x8em\
Y\x16\xf2\xb0<\x9f\x944\x85\x9dp\xdcVk\x04F\
\xe6l.7\xb6J\xa01\xff\xe0d\xa6\xb7\xebw\x9c\
\xae\xbe?\x9b\x1a=\xba@\xb2\x8f\x02\x1dj\x16\x8e\xd8\
\x98!b\x84s\xb5\x13\xa5\x10\xe3\xb2Hd\x03\x12t\
\xa8\x8c\x03\x8bN\x88\x08\x88\x08\xc2\xb2Q8IQ\xdc\
\xb1s[sj\xf4-\x8dz\xe9\x87\xa1s\x7f\x016\
\xe1\xaaV\x9f\x5c\xc8\xe5\xbb\xfe23\xb0\xfb\xf7\x17\xc7\
\x9e\x1cW\x81\x1f\xd2\xc6G\xbf}\x18\xfb\x1d\xfb\xd0\x9e\
\x0a)\x81\x88\x91_\xbc&\xca\xae\x04\xf6\x19h\x0d\x82\
\xde\x85rZ\x83\xa0\x1cb\xd7\xb6\xed\xf9\xe6\xfc\xf4\x7f\
./\xcc\xff\xf7t\xf7\xad\x83+\x1d\x9e\xc1\x04\x7f\x85\
\xdb\x9b\x0f\xfe!\xd9}\xfd\x9d\xa5\x89\xc7>7{\xfc\
hI\x00\xff%\x11\xad\x03\xcf\x8ff\x96$\x5c\x82@\
\x0a6vu\xf5\xa4r\x83\xbb_\xe9\xcd\x1d{\xffb\
Pz{\xe7\x8e\x97\xbd<\xbb\xed\xe4\xab\xe6O\x9d\xf8\
I\x15\x86\xc3\xc9T\x12\xb5\xd0\xd1\xbaym\xcb\x86\xd2\
\xb6#\x03a\xa3\xb0\x12\xb4MI\xc9\xfbe\xdbN$\
\xd8\xf1\xeb&\xe6\xa4\xf5\xe2\xecL\xd3)\xf6|Z\x89\
\xe6\xd3p\x99\x17\xa9x\x16u\x15tQ\x14\x07D\x8c\
\x13\xeb\xb8#R[Mj\xa2\x06\x0f\x84\xa3\xd7\xd1\xc5\
41\x04\x0c\x01C\xc0\x100\x04\x0c\x81\xab\x88\x00\xbd\
\x0d\xbb\x8a\xbc\xddDW\xcdP\x86\x80!`\x08\x18\x02\
\x86\xc0UA\xe0p/}\x22G\x17\xa2\xbf3\x1a{\
\x8c\x88\x91\xd8\x10\xe7\xe2;b\xfc\xe4\x0f\x22\xc6\x05+\
w\x15\xa74i\x8a:\xdcTqN\xdbh\x81-I\
\xabD\xb0P\x00*M~IH$\x13T\xa8\xb6u\
@)\x09\xe6:\x8b@\xfd\xc4}3\xd9\xce\xf4\xef\xdb\
\xb9\xe2_O\x1c}b\xc9\x96RK[\x80\xb4,\x10\
BD\xba/\xa2\xa6~\xcb{G)\xdeU6\xa5i\
\x9fAP\x09\x10k.\x01\x90R\x92\xc5O\xda)\xea\
\xa2@b\xf7\xc8\xf5\x83\xfe\xc2\xd4\xcf\xa5m\xf5\xe6\x9e\
\x9e}Y\xd8\x84\xab<\xf6\xa5%\xcc\xa4\xfe*7\xb8\
\xeb\x0f\x17N\x1e\x9d\xf2[\xcdH\xc4\x14R\x82\xa6\xf1\
YB#a\x13\x22\xa3<\x8b[l\x94\xa4@\x8e\x91\
\xe4\xc7u*\xf4\x01)\x8dT\x8a\x88\xd1z\x03\x15\x02\
\xa0\xc4\xde\x9d\xd7\xe7Ty\xf1\x87\x03\xf0\x7f<\xdb\xff\
\xca\x1exV\xae\xc3^k\xbe\xf3\x1e\xc8\xef\xfc\x05\x00\
\xf5\xe7\x0b'\x9f<)P\x87R\x0a\x9a]\x01\xef\x8d\
%l\x08\xf8)Fz\x1d\xd9\x96#\xbbG\x9ew\x03\
\x82\xfa\xefKKK\x7fZ[\x9c\xff\x98L\xa5\xde\xd4\
\xd9\xdd[\x08\xb5\xa6e\x08\x085\xad\x97\x04D\xca\x10\
\x1bA\xc3\xea\xc8,\x14\x80\x88d2.\xa7\xbd\x94$\
6JbH\xc5\x10x\xae\x82V\xeb\xd1L:\xf7\xbf\
\x17\x8f\xdewYO\x05\x92\xd3\xa05J\x8c/\xce\xc6\
F\x0a!\x90i\x85\xc0q\x5cx\x9e\xbbb\x7fA\x05\
\xa0\x5c\xb0\xa6(s\x9ev\xa6\xd8\x100\x04\x0c\x81\xab\
\x84\x80q\xd3\x100\x04N' N\xcf\x9a\x9c!`\
\x08\x18\x02\x86\x80!`\x08<\xb7\x08\xf4\xd0\x07q\xd1\
\x00\xadB\xfal\xbf\xe2\xda\xaa\xc8\x12\x17q\x9e\xeb\xd9\
\xe2\x92\xd5\xbb\xe6B\x8d\x22\xd42\xb1Z\xba\xf1\x94\x1d\
\xf0\x93\x81@\x1a\x96\x05k\xe7O\xa5\xb3B\xe9\xb0\xcf\
\xf5\xec\xdc\xc6g\xd9\x9a#\x90\xd03A\xc2\xd0\xaf\x83\
\x93\xfe_\xd3G\x0f/\x82RJ\xb0>D\xcbe\xd1\
)\x0cI\x1c\xa3t;Pu\x94\xe4\xad\x8c\x12g\xdc\
\xb8\x5c\x90\x90\x88d\xd2rPK[t\x0c\xed\x1ci\
\xcc\x8e\xfeR+\x99\xfb\xbe\xbe\xbe[2gt\xb9\xac\
l\xed\xe8=s\xd5\x8a\xffg\x90\xed\xfe\xa3\xb9\xd1'\
&\xddfC\xf1\xe6k\xad#\xb1\xac\xed'\xe7\xd9\xa7\
3'i\x97\x0b:\xd5Z\x87@\xb2\x14\xb4una\
Y\x88\xe4w\xf7\xae\xeb{\xbd\xc5\xf9\x9fRX\xff\xf1\
\xfe=\xcf\x96 x0\x80\xca\x13G\xb2\xfd\xdb>\x22\
;\x87\xef,\x8f?\xf4\xe5z\xb5\xd4D\x04\xad\x82\x90\
\xb7\x07\x84\xa0sN\x1a\x9fM|\x85\x95\x10]\xdd\xfd\
\xf9\xae\xee\x9e\xbd\x9d\xbd\xfd{\x0b\x1d\x9dy\xdbv\xa8\
\x09\xe9\xe0Z\x01\x22F\xc6\xeb\x8f\xf6e9\xaf\x90t\
8bE\xcb?\xad\x9e\xdb\xb1\xd5\x1b\xf50\xbfm\xf8\
\xc9P\x97&)\xcf\xcd(\xba\xf4 @9\xd4\xeb\x9c\
\xef\xf3\x11\xc9\x09\xaal\x07\xde\x93v\x9ac\xc5\x8ar\
\x94\x08\x15\x86P\x87\xd1\xb4\xe2\xecUj\xc6mC\xc0\
\x100\x04\x0c\x01C\xc0\x108\x07\x81s\xbeI8G\
;Sd\x08\x18\x02\x86\x80!`\x08\x18\x02W\x84\xc0\
\xddZH\xac\x03\x88\xe8\x039\x22F^ \xc6\xf1\x99\
\x1f\xe4\xcf\xccs\xe3\xa8\x0c\x81\xf4\x01\x9d\x82M\xbc\x14\
b\x0a|\xcfB\x127\x10\x91\xc4\x12\x9a\x82\x84\x04\x12\
?\x84\xf6\xfd\xde\x04\xe8n\xb8\x22\xd7U1\xa9n.\
<<\x91Je~\x1b\x12\x99\xbfZ8y\xac\xacC\
E\xba\xad\x8e9jR\xa1h\xcb\xda+A\xa4<s\
\xa6\x82x\xe7)\xb1\x1cx\x7fY5RT\x0f*n\
\xc7\x82\x8eL$E\xef\xae\x1bwUO\x9d\xf8\xa5\x9a\
\x9d\xf8\xee\xc1\xc1\xfd\xe9\xe5.\x1b\x8bj\x8f\xcc\x82\xc6\
?\x86t\xf1\xcf+\x93\xa3\xb3\x02BmI\x04i\xb1\
g\xfc\xd6R\x90\xd0\xa5A\x93\xd8\x07\xa0\x80\x8d}\xa4\
\x04\x95s\x1b*AAY6\x05H\xce\x0b!\xa8\xbd\
\x86\x90\xceO\xa85\x16Gv\xf76f\xa6~\xbaR\
\xaf\xffxn\xef\x81g\xed\x1c\xd5\xa6\x1f\x9c\x0b\x97\x82\
\x7fL\xf5\xbf\xe0\xed\xde\xe2\xec\xbf,M\x9cZ\xb2\x04\
\x9dp^\x0b\xef\x81\x90\x10\x90\xd8G\xce\x03\xf9\x8c\x16\
-\xdcr,\x14\x14\x87T\xaeCM\xebA\xae\x83\xe8\
\xd2\x1aha\x14\x98\xc7\xb2Q\x05\xad\x14X\x04ED\
`\xe1\x97\xb6\x9b\xd8\x08(\x14:eev\xea6\xaf\
i\xbf\x1eN\xfb#%\xd4\xe9\x12\x82\x02Hj\x01\x22\
\xe6\x1e3\xe7\xee\x88\xabi\xce\x9f\xcb\x04\xed\x05\x1b9\
\x1d*\xd0\x15\x80^\x1a\xee\x5c-M\x99!`\x08\x18\
\x02\x86\x80!`\x08\x5c\xad\x04\xf8]\xd8\xd5\xea\xbb\xf1\
\xdb\x100\x04\x0c\x81\xd3\x09\x98\x9c!\xb05\x09h\xfa\
\xfc^\x07\x15\x86\xfc\xc1\x9em\xed2\x11\x1f\xfb\xc0\x19\
\x00\x00\x10\x00IDAT\xe3\x0f\xf7\x88\xa7\xc7\xed6\
\x88\x08RJ\x10\xa4Z\x00\xaa\x0c\x00\xc4\x0da\xe3\x97\
\x0eC\x12\x17\x95\xe4\x91\x10\xe3a\xd9?\xcbr\x80\x14\
\x8e\xce\x10`\x07\xd5\x092\x13\xceC\xa0\xb9\xf8\xc8D\
\xaa\xbb\xef7 \x9d\xff\xab\xd9\x13OWT\x10P\xf0\
4\x8by\xcc\x92\xbb!\xc6l\xcfLs\x9e\x0d1\xae\
GD@D\x90B\x80@\x0b,\xcbF\x10\xb6\xc8\x0d\
l\xbb\xbe>\xfe\xd4]\x8b\x0a\xde\x08\x9b%\x08\xd6\x0f\
Og2\x1d\x1f\xb3:{\xffl\xe6\xd8S\xf3\xbe\xdb\
P\xa1\x1f\x90\xf2E\xf2\x11\x09`m\xdfa\xf9B\xc4\
\xe5\xd4j\xc4m\xd8\xb8\x84\x05A\x8e\xd9\xc8w\x14h\
\x8b\xc2\xb6\x1d\x03\x8d\xa9\xd1\xff\xde\x5cX\xf8\xb1\xc2\x8e\
\xe7m\xca\x1fC\xe1\xf1/n\x87\xbd\xe6\xf4\x03\x0f@\
g\xdf/\x81\x12\xbf;{\xfc\xc1\xa3\xadF\xcdCP\
:\x0c}\xd2\xc84\xf0\xfe \x22i\xa2\xab\xa3!\x22\
\xf0kM\x83\x80 D\x12\x0dmh)\x0b\x9a\xa1\x84\
\xba\xb2\xa1\xa1\x1d2\x0b\x02\xb4!\x04\x0bH\xfa%\xa3\
\xd6B@{<\x14R\x14\x07\xfa\xf7\xb4\x16N\xbe\xa5\
Om\x7f\x05\x00\x5c\xce\xeb\x07\x01!\x87(\xa9\xaf\x88\
\xfc\xa5q\xa2\xa0io\xa2\xc4\x197D<\xad$j\
\xa7\xd1G\xb0H\x0c<\xa8N\xab4\x19C\xc0\x100\
\x04\x0c\x01C\xc0\x10\xb8\xea\x09\xd0\x9b\x84\xab~\x0d`\
V`\x08\x18\x02\x86\x80!`\x08la\x02Z\x006\
@\x03ik\xe7^%b\xfcA\x1e\x11O\xfb\xe0\xdf\
n-Hl\xb0\xa4-,im\xe6\xd7v1P^\
\x12@[@\xe3#\x22 \x22\x89\x1a\x01e\x05\xc8L\
:\x13\xf8\xfe\x0d02\xe2\xb4\xfd0\xf19\x09\xe8\xe6\
\xc4}\xe3\x1d=\xdd\xbf!\xb2\xf9O\xcc\x8f\x8f\xd6\xd3\
\xc9\x048\xb6\x04\xcb\x8e\x85\x1c\xa5H\x8b!\xb6\x9a\xba\
\xb3H\xd36\xca\xd2\xb1\xa0\x1d\x88\x12\x1a\x90cT\x11\
\x7fA\xed\x15isa\x18\x82\xb4\x93\xa2{\xe4\xe6\xbd\
\xad\xe9\x93\xef\xb0]\xff{7K\x10\xac\xcf\xdd?]\
\xc8\xe4>f\x17{\xffv\xf1\xd4\xd8\x92D\xd4\x96e\
\x01\x08M\xe7\x10\xc9\x1b\xf2\x9f\x22MF\x993\x82\x02\
jNM\x05\x95\xb3\x01\xa9^H\x8b\xd1t\x86\x14(\
\x1d\x80\xe58\xd8\xb3\xf3\xc6\xbe`a\xea\xbfU+\xc1\
\x8f\xc2&\xfd1\x14\x9ap=A\xc1\xd2\xe1\xb1b\xc7\
\xc0o\xa5z\xf7\xde\xd1\x98=~\xa8VY\xf0Q+\
\xedH>\xf2\xb46\x16\xd6\x14\x0dE\x86\x94\x96He\
\xbc\x04\x8a=\x12\xfb\x9a\x90\x04\xcc\x0d@j\xe0\x06\xe8\
\x18\xbe\x05rC7\x81\xd59\x0c-\x99\x07\x97D\xc2\
PK\xeaL\x81x\x81B\xd2\xcf51A\x14\x96#\
\xd2}\xdbn\x9e\x99\x9b\xfa\xa9\xce]\xaf\x19\xa2\x16\x97\
\x1a\xc8\x03\xcc\x03h\xda\x12\xe4\x0b\xe8v\xce1\x84@\
\xaa;\xbdJ\xd3\x86!\x92o!I\x9a\x12kT\xab\
\xc9L0\x04\x0c\x01C\xe09C\xc08b\x08\x18\x02\
\x1b'\x10\xbf\xfb\xda\xf88f\x04C\xc0\x100\x04\x0c\
\x01C\xc0\x10x\x86\x08h\x145P\xcao\x0f\xaf\xf5\
\xa5}6g!\x00\x85\x90\x02\xb0\x83\xc6@\xb2M\x09\
\x81F\x1bXM\xa0\xd1x\x0e\xb5<2J\x89\xc9d\
\xc6r\xbd\xd6-\x85\xa5\x5c\x8a\xaaM\xb8\x08\x81\xd2\x89\
\xaf\x8c9\x89\xdc\x87@X\x1f\x9f\x1a?\xc1O\x82j\
\xdf\xf5h\xab5\x09k\xb11\xe3\xf60k\xd3\xed2\
j|Z\xdbv\x1b\xdb\xb6Q\x92 \x98\x1f\x1c\xd9\xeb\
/L\xdc\xd9!\xed\xef\xdb\xac\xaf\x0c/\x8c\xdf;)\
\x93\x89\xdf\x84d\xe6o\x17\xa6NV\xf8\x0f`\xa8 \
\xd4,`\x86$D\xb2om?8}.c-\x8c\
\xcb\xd9\x7fn+\x05\x9dTD\x90\x92\xb4,\xe9\x88\xae\
\xe1\xeb\xb6\xa9\xd2\xdc[\xb2)\xfc\xe1\xee\xebo\xdfL\
A\x1b.v-.\xdeWiv\xbb\x9fL\xf5\xed}\
\x8b\xbb\xb0\xf8\x0fKsS%?\xf0\xa2\x17 \x22F\
\xbc\xc5\xb2\xbfA\xa8\xc1\x0b-h\xea\x14\xe4\xfbw\xc3\
M/}5\xdcz\xfbka\xef\x0b^\x01#7\xbf\
\x0cv>\xef6\xb8\xe9\xc5\xdf\x08/x\xc57\xc3\xc0\
\xee\xe7\x83+\xd2$\x0a\x0a\x08\x95\x00E\xafi\x1e\x87\
\xfd\x11Bb6\xdfiC\xab\xfcj\xad\x1b\xdf94\
t[\x8a\xcb\xd7oodm\xb2S\x0a\x81t]\xb0\
[H{\xc4\xdc\xd9\xb8\xa1&!\x90\xe3\xb8\x1f\xfa\x08\
\xa2\x0a\x10i\xce\x14]\xf1`\x1c0\x04\x0c\x01C\xc0\
\x100\x04\x0c\x81M\x22 6i\x1c3\x8c!`\x08\
\x18\x02\x86\x80!`\x08<C\x04,!k\x00\x18\xc0\
\xf2\x87\xf2\xf8\x83:\xe5\x96\xc3\xf9\xf2\x5c\xce\x1f\xf2Y\
\x98\x11R\x0a\x94\xa2\x13\xe0\xc0\xe6\xfd\xb7_\xf3C\x8b\
\x02-!@\x0b\x8c\xbcA\x94$\x90\x00\xd8\xc9\xa4P\
nc\x8f\x9bq6(\xdeD\xc3^\x0b7\xdd\x9a}\
\xe0x\xf7\xb6\xa1_\x05\xb4?;75\xde\xb4P@\
2\x99\x04\xda;`\xbal+ tHe\x8aN\x84\
\xa6\x98\x22\xae\xc05-HaS@m\xa8\x8c\xcf@\
\x18=i\x97\x10\xbd\xbbn\xb8\xaet\xea\xc8;\x17\x03\
\xf5\xbd\x9b\xf4\x84\xa0nM\x1e\x1a+\xf4t\xfe\x16$\
R\x9f\x5c\x98\x9e\xa8I\xd2\xc8\x105\x08\x8b\xfca\x85\
\x98\x8d\xfd;\x87)T\xc0\xb6Z\xa5@\x08\x00\x01\x12\
B\x9f\xeah\x0d\x1a\x05\xf9\xbdw\xa86y\xfc-\xe5\
R\xfdM\xd0\xb3/\xbb\xda\xfeYH\x1d>\xec5g\
\x0e}\xadk\xe4\xc6\x0f\x14{\xb7=\xd6l6\xa3I\
\x99+\x22\x02\xbf\xbeB\xad!D\x0b|;\x0f;I\
\xfc\xdb\xf9\xc2W\x93\xf4\xbe\x03j\x90\x85\xaaJ@#\
L@=p\xa0\xa6\xd3\xe09\xdd\xd0\xb5\xe7\xc5\xb0\xf7\
\xc5\xaf\x01H\x15\xc1\xe7o\xda\x0bIc*2\x11\x8d\
\x07ZB\xa1\xb7\xbf\xa347\xf1}U\xe1\x0fP\xc5\
\xfa\xc3\x819$\xfeE\xba-\xfff\xe0jW*[\
\xcdP\x0aQ\x80\xa0\xb9y-\x94\x8d\x82\x94\x92b\xf2\
\x05uH\x03\xc4\x8b\xa5\x12\x13\x0c\x01C\xc0\x100\x04\
\x0c\x01C`\xeb\x10\xa0\xb7[[g1f%\x86\x80\
!\xb0\x85\x08\x98\xa5\x18\x02\x86\xc0\x0a\x01%U\x9d\xe4\
\x1e~L\x8c>\xb8\x9f\xfe\x9fn\xfep\xbf\xf6\x83\xfc\
J'Jp\xb9`e\x85\xd2\xb6\xe5\x08j[\x84=\
\xe3\xfcI\x1f6\xe3\x8a\x06R\x1ay\x1e\x16Dx.\
~\xc2I#\x80c'\x01Z\xf5\x9e p/\xe7k\
\x8e\x9b\xe1\xdeU9\xc6\xfc\x89\xc1\xa3\x83\xdbw\xdc\x09\
`\xff\xdf\xc5\xc5\xd9&(_\x03\x09M\xcc\x97\x9f\xe2\
\xe2\x98\xf6\x11\xda\xc6\x8bd\xfe\x9c\xe7\xb8\x9do\xb7\xe3\
=\xe1:.\xb7,\x0bQ\xda\xa2cpdOk\xf6\
\xe9weX\x10\xdc\xc0\x1f\xa9\xe01\xdbV\x1e{`\
\xb4\xa7\xb7\xe7\x03 \x93w\xcf\x8d\x8f5\x04h\x95\xb0\
\x1d\x90\xac\x0c\x92\xff\xedv\x1c\xb7\xfd\xe14[\xdb\xef\
v\xba\x9dg\xdf\xb9\x0c\xa5@\x8d\x96\xc8o\xdf5\xec\
\xcf\x8c\xbf\xc3\xd6\xf6\x0fB\xdf-\xfc\xfb\x97\x5c\xfdl\
\x99N8\x0e,.\xcce\x88#\xb4}\xe4\xc9\xf9\xbc\
k !\x10\x1c\xd8}\xd3\x8b!\xd7\xb7\x0b\xea$\x00\
6\x95\x03\x9e\xb6A\x81M\xb1\x04\x9f\xdap\xda\x0d\x1d\
\xaa'6\xb9~\xd8\xf5\xbc\x97B`\xa5  \xedM\
\x01o\xb5\x06[\xd8<>&\x12)\x84Zm\x8f\xe7\
\xf9/\xa2y\x04\xd9\xfa\xc2\xec\xacP\x81\xd7%\xa5M\
\xa8\xe9\xc5\xb8\xa6\xd7Z\xbf\xdb\xc5\x5c&\x96\xff\x9d\xe0\
\xb4R\x01\xf8\xbe\x0f \xa4/\x9d\x04\xfd\xdb\xd3ni\
bC\xc0\x100\x04\x0c\x01C\xc0\x10\xd8*\x04\xd6\xff\
\xc6\xe2YZ\xb1\x99\xc6\x100\x04\x0c\x01C\xc0\x100\
\x04N'`#4\xc1\xb2\x221\x90?\xac\xb3\xb5[\
\xacM\x9fYFJ\x00\xb0\xf1\x07}\xe9\xd8(\xa4\xec\
\xecq\x86\xecv\xbb\x8d\xc6!)\x94\x00\xa8\x81.D\
\xbaQ\x88\x22Ew!\x10\xd0*\xa0\xd27Q\xb1y\
\xbfA\x10\xd6\x17\xee\x0e'\x9f\xfa\xc2S\xd9\xbe\xee\x0f\
\x05n\xeb\x0b\xd3\xd3\xe3-I\xd2\x10\x8b\xac\xb4\x99\xc0\
{\xd9\x1e\xa7\xbd\xf7\x1c\xb3\xb5\xcb\x11\x09=\xedJ\xbc\
3\x8c^\x80\x00\x1e\x05i$\x04'\x91\x96]\xdbo\
\xdaS\x9f=\xf5\xf6.\xbf\xe7\xf5##\x07\x92\xb0\xf1\
K\xcd\x1d\xbb\xf7h\xbe\x98\xfd\x08\x9d\xd5\x7f]X\x98\
m\xe80 \xb7\xc8\x11\x92\xc34)fl@\x9e\xc4\
\xf1\xea\x84\x88\xb8\x92A\x8c\xd3\x1aI\x1d\x13:>]\
JC\xa8\x15$\x92i9p\xc3M\xbb\xfd\xf9\xa9\xb7\
\xa7\x85|\x96\xbf2\xfcF\xd9\xf4\x9a/\x80z\xa5_\
Xv$\x80#\xca\xc8o$\xb6!\x09~\x85\xde!\
\x9d\xed\x1f\xd6\xfc\x87BBz\x0d\xf0:\x09\x00\xf0%\
\x01\xa9U\xbc6X\xbe<j\x93\xea\xdc\x06\xc5\xa1\xeb\
H,\x5c\xad\x0bh\xad\xdcD\x08\x0b\xed\xce\xeeN\xe5\
\x87\x07\x06\x07\xf7\xaf{\x8f\x06K)\xab\xd9j\x14\xf9\
\xac\xb4\xe7\xe7\xf1\xcee\x88|&b\x112\xaa\xa7<\
J\xc1O'jp\x1cOjlF\xe5\xe6f\x08\x18\
\x02\x86\xc03D\xc0\x0ck\x08\x18\x02W\x86\x80\xb82\
\xd3\x9aY\x0d\x01C\xc0\x100\x04\x0c\x01C`\xbd\x04\
\x02my`\xc9V\xa8|\x12\x83\xe2\x0f\xef\x17\xea\x8b\
\xb8*,p;!$u\xb7\x85\xefy\x05;\x80u\
\x8b\x0a\xdc\xf7\x82\x86:\x00\x1d\x92\xde\xa0\xa3f\x94 \
\xff\x00\xf8\x096.\x10\xf9B&t\xdd\x17\xf7\xf5\xdd\
\x92\xe2\xbc\xb1\xf5\x13\xa8\x9d\xdc\xfet\xb6\xa3\xf7\x1da\
\xa5\xf9/33\xe3.\x92\x1c\x86\x88\xc0\x8c\xf9\xa9?\
f\xcci6!\x04 bd\xed\x19\x101Jr=\
b\xdc\x0f1\x8eAZ`;)\xcc\xf5\x0f^\xbfp\
\xf2\xe9\x0f\xd61\xf8v\xd8\xb7\xcf\x89:l\xf0V\x19\
\xff\xfa\xf1D&\xf7.]o~jrb\xac\xe56\
\x1b\xd1\xe1`\x9f\xd9\x17\x1e\x1eq\xd9\x0f\xce\x5c\xc0\xd6\
\xb6\xe7f\x88\x024H\xec\xde}\xddpc\xea\xd8;\
\x1b\x95\xe6\x9b7\xe9\xab\xce<\xfc\x85\xad\xe7\xf1T\xb5\
\xb2\xf4BHer\x88\x08HB \xef\x01w\x0aB\
\x04\x9f\xc4\xc0\xde\xa1=\xe0)\x1bB\x90\xbc[\x80\xc8\
\xed\x90\x9b\x9ce\xbc6\xa5%\xb4\xb4\x05\xbd\xdbw\x83\
tR\xa0\xc2\xb8\x99\xe6\xaf\x80S_E\xd9t:k\
\xbb\x8d\xfa\xcd\xaep:)\xbb\xae\xd0pB\xc7m\xb4\
\x0a\xd2r@\xd38\xdc\x89\xe7\xe3\xf8Lk\x97#\xf2\
\x9e\xc4\xb5\x96tH\x0c\xa4U\xd8V+H\xc33%\
\x06\xc6\x93\x99\xbb!`\x08\x18\x02\x86\x80!`\x08\x5c\
\x11\x02\xe2\x8a\xccj&5\x04\x0c\x01C\xc0\x100\x04\
\x0c\x81u\x13\x90\xa1\xf0\xa5\x9d\xa8\xa1\xd2\x91\xc0\xb0\xee\
\x8e\xd4\x90\x85\x22\xfe\xca\x1f\x22B\xe0y\xd9f\xe0\xa7\
\xa9xS\x82%l\x17P\x84,Z\x00 \xf0\x5c@\
\x17iS\x91 \x98J\xa5,\xe5\xb6n\x0a\xec\x0c\xff\
\xe1\x12\x00\xa0J\x13\xd6I\xe0\xee\xb06}\xff\xe3=\
\xc3{>L\x8c\xff\xbd\xb48\xd7\xb4H\x0aDD@\
\x06\x0c\xfc\x16N\x10s\x1eN\x11}\x8a\xb5\xa6\xdb\xd9\
!\x12|\x84&aHE\x95,\xcc)\x04H\xa5\xf3\
V~`\xfb\x8ds'\x9e\xbc3=k\xbf\x16`O\
\x22j\xb0\xb1\x9br\xe7\x1fy\xaasd\xf7/\x83\xd2\
\x9f\xafVJu[\x0a\xa5Q\x81\xb0Xp\x22?\xc8\
\xcf\xf6Y\x81\xf3\x5c\xfcT#\x1bW#\x22\xadS\x00\
\xfb\x1d\xfa\x0a\xb4B\xd9\xb1\xfd\xfa\x1d\x8d\xa9#o\x81\
Z\xfd;app\xd3\xce4\x9c\xef\x12V:hV\
\xae\x97N\x82\xc4t\xf2\x85$?`\xa6\xb4\x16-\x04\
X\xe9\x0e\xedd:!T\x02\xb5&\xb8\x10_!h\
\xe0'\xfdBnO\x0c\xb8\xb4\xbd.n\x16\x92 h\
%\xb3\x90\xca\xe4A#\xed)\x8d\xc9l\x14h@\xca\
[\x96\x83\xa0\xc2~+\x91X\xb7\x18\xe8\xfa*\x1b\xd2\
k]J~\x82\x91g\x04@\x8c}\x8a\xce\x02\xc4\xd7\
\xdat\x5c\x02@:$\xdd4\x10l\xb0\xadd\xcd\x0a\
\x1d\xaf]gbC\xc0\x100\x04\x0c\x01C\xc0\x10\xd8\
:\x04\xe8]\xc7\xd6Y\x8cY\x89!`\x08<G\x09\
\x18\xb7\x0c\x01C`C\x04\x9c\xa4\xf4-;Q\x0a\x82\
\x80>\xbf\xd3\x07u\x1a\x0d\x11W>\xe0S\xf6\x82\x81\
:\x81e\x91\x94D\x02\x81\xad\xc5f\x09s\x1a\x04\xba\
\xa4\x1e\xf0\xa3\x81+\xbe\xf0\x5c\x88\xa4_(\x05N2\
%\xc0k\xedPB\xed$\x07\x91\xcc\x84K$07\
\x0a\x8f\xf5t\xf7\xdf\xa1\x1a\xc1\xa7\xe7\xe6&]\x01\xa1\
V\xa1\x0f\xccY\x11\xe30\x0c\xa3\x119\xcf\x09D\x8c\
\xea8\xcf\x86\x18c_\x9bF\x8c\xdb\x80\x90\x90J\xe5\
1\xd5\xddwsc~\xfc\x03\xb9\xbe\xec\xb7\x02\xec\xdf\
\x94\xaf\x91/\x1d\xef;\x5c\xec\x19z\x87\xf2\xc3\x7f\x9e\
\x9b\x9drI\x5c\x8a\x0f.9\xc9\xbe\xb0Q\xf2\xa2\x01\
\x11\xa3\xb3\xc5\xedY$\xe3\x0e\x88\x12l'\x05]#\
7^\x07\x95\x89\xf7\xc8F\xe1{ah\xe8\x99}\xfa\
\xd4W\x09\x02;\xe08\xb6d_`\xf9\xe2t\x10j\
H\xe7\x0a Ri\xd0BR3\x0d\x88\xb8\xdc\xe2\xf4\
\x88\xdb#\xb6\xeb\x10H%\x05\x14\x0edr\x9d\x10(\
j\xab\x05\xdf\xc8 \x1a\x07\x04\xe5C\x9d\xf2C\x7f\xdd\
\x7f4E\xf8V\x11\x82 \x13\xbd\xe6\xb5\x8e\xc6j\xdf\
\x101\x1a\xf7t?\x96\xe7Zn\xc4\xe7\xca\xf3<\xb0\
\x13\xc9\xa5\xb4W\xf5\x96\x8bMd\x08\x18\x02\x86\x80!\
`\x08\x18\x02[\x88\x00\xbd\xc3x\xe6VcF6\x04\
\x0c\x01C\xc0\x100\x04\x0c\x81\x8d\x13h\x065\xdf\x96\
\xd6\x8cR\x81B\x8c\x85\x04\xfe0\xbf\x9e\x91\x11\x91\xf4\
\x04\x01\x9ab\xb0E&D\xe8\x01\x80x\x10\xd8\xd8\xe5\
H\x12\x03I\x0d\x944v\xdb\x1fD\x04\x16\x13\xd8\xa2\
2'Q\x0c\x95\xbe\x15\xf6\xef\xb766\xdb\xb5\xda\xfb\
`0{\xe2\x9eG;\xfa\x06>\x14\xba\xde\xe7f\xa7\
&\x1a\x12A;R\x80\xe3X\xb4\xb7\x8cU\x00\xa2\x8e\
\x8c\x99#\x22\xc1\x12\x91!r\x1a\x80\xaai\xa7T\xd4\
\x86\xdbj\x10\xd1>i\x81\x98\xcduX\xd9\xbe\xc1\xe7\
W\xe7g\xee\xea\x19N\xbe\x066\xe5\x8f\x8a\xdc\x1d.\
\x8e\xdd\xf3Dgw\xdfG\x82z\xe3\xf3\xd5\xf2b\x83\
\x04*\x0d\xa0\x80\xb4<\x9a\x1b\xe8\x8a}\xd4:\xf6\x91\
\x0a\xce\x0a\xbc\x1e6\x01\xd4FQ\xf7\xe5\x16\x8aN\xb4\
\xb4\x92\xb2g\xf8\xa6\xbdai\xfa\x9d\x9db\xdb\x7f\xea\
\xeb{\xe6\xfe\xa8H2D\x1b4$\xd9\x03D\x8cx\
2S\xc9~\x91O\x96\x93D\xa5\x11\xc9/\xcaA$\
\xb8E\x09\xba!\x22H\xfa_\xf45`j\xa10\x8c\
\xfa\x83\xd2@]\x80/a\xf1\xf0\xc8I\xeaK\xfdC\
\xb5\x92\x06[\x0a)l\xde\xe8\xb8ATs\xde\x9b\x08\
 \xec\x87\xd0OG\xc2\xe4y\x9a\xf1\xbc\xf1\x0cq\x83\
8\xafiwB\x10\x82\xe6\xd7\xbe\xb6\xa45\x9fN\xf7\
\x86q\x0bs7\x04\x0c\x01C\xe0\xe2\x04L\x0bC\xc0\
\x10\xb8z\x08\xd0\x7f\xee\xaf\x1eg\x8d\xa7\x86\x80!`\
\x08\x18\x02\x86\xc0\xb5H \xdd\x12\xbe\xb4\xac\x93\xcdV\
\xcb\xd7aH\xda\x08K\x121\x09\xc4\xb3\xf5\x01\xc4\xd5\
2)%\xb00\xc7\xad\xa5\xe5dHP\xdc\x0d\x07\x0e\
H\xceo\xd4P\xcb\x16\x8d\x11\xd2\x98\xd0\x9e\x92\x9c\xa3\
\x22\x16\x13\xc8G-\xc0\xc9\xe4\x12\xb5j\xf9\xf6\xc2\x5c\
j\xddO6E\x03\x98\xdbZ\x02\xba4\xe1<\xd6\xd9\
\xd3\x7f\x97n\xba\x9fY\x9c\x9dt\x01\xe3s\xc0{\xcb\
\xd6\xe6\x8eHJ\xa1&\xf6\xd4\x1b\x11W\xf6\x1e\x11\xa9\
dy_\xa2\x14\xddH\x95\x8b\xfa\xa2\x80T\xaa\x80\xc9\
\xce\xce[\xe7\xa6O}h\x10v\xbc\x96\xc4[\x9bZ\
l4\xe8\xa5\xf1\xa1\xc3\x99b\xcf\xbb\x82\xd2\xc2\x17J\
\xa5\x05/\x0c\x03\xad\x82\x10\x10\x91D\xaf\xd8O\xc1\xea\
\xd3:fj\xaf\xb1\xdd\x9e\x05,\xb4\x13\xd8\xb9m\xcf\
\xde\xa5\xb1\xe3wy\xc9\xdcw\xc1\xe6\xfc1\x94sx\
\x83ZX2$\xc5o\xa5n\xad?\x88\x08\xec\x17\x0b\
\x84p\x9e\x8b\xeb\xdbU\x9a\xb7C\xf0\x0d@-\xefW\
\xbb\x8ec\xc4\xb8\x8e\xd3\xa0\x94FT\xac\xdd\xc5\xc0\xa2\
\xc2\xf3\xdd\xf6Y\xd4r\x17\xd8NR\x0az\x9bOc\
#\xc6c!\xc6\xf1\xda\x9e\xed5\xb4\xcb\xd8GE\x03\
\x84\x81\xa7\xa4#\xa7\x8f\x0e5\xc3v\xdd\x05bSe\
\x08\x18\x02\x86\x80!`\x08\x18\x02W\x19\x01z\x97p\
\x95yl\xdc5\x04\x0c\x01C\xc0\x100\x04\xae1\x02\
\xe3{\x12\xbeF\x18U\xae\xd7Dd\x11\x85\xed\xc2\xba\
\x00b\xfc\xc1\x1f1\x8e\x19\x99t,'\xd4\xe1\xf5}\
\x8bN\x82\xf3\x1b3\x00\xcb\x81\x06\x00\xfa,\x1e \xb2\
O\xacW@,\xf2\xa8\xc8?L\xa6\xd2BUJ\xfb\
,\x11\xf6\x81\xb96@\xe0\xdb|\xc3\x83\x00\x00\x10\x00\
IDAT`\xb04~\xdf\xa3\xdd\xbbw}8P\
\xf0o\xa5\x859\xfe->\x8d\xa4>!\xf2\x1e\x0b\x1a\
[\x00Sg\x03P\xb4\x0f!Y\x9c\xd3z\xb5\x0d\x80\
\x00\x14:2NC\xa8@!`6\xdba\xa5\xf3\x1d\
\xcf\x9f\x1c=rW\xe7\xbc\xbdiO\x08\xd6g\x1f|\
\xa48\xbc\xf7\x97\xfdZ\xf5\x9eji\x91\xcf\xb0\xb6m\
\xd2\x1a\x91\xcf\x8c&\xbf\xcf\x15\x04\x15\xb2QD\xa1-\
Z\xf1zym\x88H\x1a\x19\xf9\xad\x14:\xc9\xa4\xec\
\x19\xd9\xb9w\xe9\xe4\x13o\xcf\xfa\xd5o\x7f&\xfe\xa8\
\x08\xe9\xa6\xbe-d\x99\xce:\xb9\x12\xf2\xcf\x05\x02\xd2\
\x19W\xfc#{d\xadF\x050\x0cVx\x93\xcb\x14\
T$zR\x22*\xd7\x9a\x9f\xbc\x13\xa0\x88\xbf\xa2B\
\x92s\x81\xf4\xf2\xa8\xae\xd5\xac\x02F\xbbG\x15\x14\x10\
\x91\xee\x14\xa2\xc7\x09\x85K\xdb\xb7\xbe?\xe4Q\xf4\x92\
\x16\x867\x80m\xa5`Yl\xe4yi\xa4h\x1e\x1a\
\x07\xd88\xcf\x86\xb8<\x0fg\xc88G\xeb\xd2\xcaW\
\x81\x14r\x1c\x0e\x1e`W\xa9\xc6\x04C\xc0\x100\x04\
\x0c\x01C\xc0\x10\xd8J\x04V\xdfem\xa5U\x99\xb5\
\x18\x02\x86\xc03G\xc0\x8cl\x08\x18\x02\xcf>\x81\x83\
\x07C)p\x0cZ\xcd\x06\x89\x11\xd1\xfc\x88\xfc\xb1=\
J\x9eu\xe3\x0f\xffl\x88$/\x90\x00aY\xfc\x0d\
C\xc0d\x22a\x85~\xf3z\xd9\xf26\xe5\xf7\xd5<\
\xed\xb4@Xn\x18\x928\x22\xe2\xb7\x14\x88\xf1\x9c,\
\xf6(\x12K\xa4\xb4\x01\xb4\xdf\xe7\x07\xc1\x8b\xc8\xd1\xb8\
\x11%L\xb8,\x02z\xfeh\xff\xc3=\xbd\xfd\xefi\
U\x9b\x9f\x99\x9b\x9cpA\x85z\xedH\xed}\xe72\
D\x04D\xe4\xe4J\x1ce\xe8\xc6\xed(\x8a\xca\x11%\
\x08\xda?\x94\x16d2y\xe1d\xb3/\x5c\x9a8\xf9\
\xbe\x9e\xa0\xff\x1b\x01\x0eD\x87\x87\xdbn\xc0\xf4b\xb7\
\xfb@\xd7\xd0\x8e\xbb\x82r\xf9\x0b\xe5\xa59\x8f\xa6\xd3\
\x82|SJ\x01\x9f\x9f\x8b\x8d\x8d\x88Q\x93\xb6\xdf\x9c\
AD@D\x12\xd7\x10@&1?\xb0\xfd\xa6\xda\xc4\
\x89wu\xd9\xf6\xb7\xc2\xbe}\x0e\xb7\xd9,\xb3\x92v\
\x0b-\xe7\x94\xeb6\x02\xf6\x99\x0d\x11\xa3\xf9\xe9\x80C\
\xa3\xbc\x00\xdak\x00\x7f};\x9e3\xd6\xd0\xda\xfe\x22\
\xb6\xdb\xc6\xb5\x88\x94\x17\x00\x16h\x10\x10@\xbdZ\x01\
[bT\x89\x18\xc7\xcc%\x08\x02jdUi\x91\xb5\
\xa8\xf2\x22\xb7\xb4(d,\xc4\xbd\x89T\xcan\xcf}\
\xbe.\x88\xf1<\xedzn\x8f \x81\xff\xbdP:\xf4\
P\xca\x09\x80\xf7)0\x97!`\x08\x18\x02\x86\x80!\
`\x08l9\x02b\xbd+2\xed\x0c\x01C\xc0\x100\
\x04\x0c\x01C\xe0\x8a\x11`\xe1d\x81\x94\x87\x15A@\
\x93\xc8\xc7\xde \x09n\xe249\x88Kc\xe36B\
X$\xb6\xe8\xe8)*)%z\xcd\xe6\x90\x96\x22\x13\
\xb7\xd8\xd8]&-\x0f\x126\x89\x81\xfe\xb2\x07\x18\x0d\
\x88\x88\xe4*FO\x22\x09\xcbF\xc8v\x14\xea\x95\xd2\
k:;\xf7\xe7\xa2\x06\xe6\xb6\x01\x02w\x87s\xa3_\
y$\xdd\xd1\xf5\x91Vy\xe9\xf3\xa5\xb9\xb9\x86E\xa8\
\x11\x11\x08:\x10\xf4\xd8\x80#M\xd9xk\xf8, \
\xaeIk\x01\xc8FeH\x03\x00\x08:#\xd4I\x0a\
,t\x16\xedl\xb1\xf7\xd6\xb9\x99\xc9;zw\xc1\x01\
\xd8\xf3\xba\x04l\xf4:t\xc8_81t(\xd5;\
\xf0a\x7fi\xf1\xe0\xd4\xd8X\x83\xfc\xd1$\x0a\x02i\
\x914\xbaX6\x8a\xa2\xc0\x1a\x14[\x94Ys\xe35\
\xc5\xe5\x88H\xe5\xec\xb7\x82@\x85\xe8\xa4r\xb2k\xfb\
\x9e}\x0b'G\xdf\xd9\xedu\x7f\xeb\xd0\xd0m\x9b\x22\
z\xd3$\x90&\x15\x1dd\xf2ihy\xae\x85\xb1>\
\x8a\x88\xa4\xd1\x01\x91#\xc1\xce\xafCe\xee\x14\xd8B\
\x81$\xa6\x92\xea\x90^\xa3\x82\x17H\x03\x84\x10\x82B\
JP\xe0\xbd`\x93\xa0\xc1\x81\x00\xdc\xea\x02\xf8\xad:\
\x8d\xa3\x81\x9b\x90>\xca\xeb!\x81\x16\xc1w\xdd\xd0\xb1\
\xedS\xa8\xdd\x0au\xbdh\xb032I;\xbfM\x08\
K\xf0\x1cgv \xd7h\xdf\x81\x8c\xe6\x22\xff`\xf9\
B\xe4\x99\xa9'\x95\x05\xa1\x0f\xd2\x92-\x08\xc5\xfcr\
\xb5\x89\x0c\x01C\xe0\x1a$`\x96l\x08\x18\x02[\x9b\
\x00\xbf\xf3\xda\xda+4\xab3\x04\x0c\x01C\xc0\x100\
\x04\xb6\x00\x81\xa6r\xcb E\xd5\xf3Z\x80H\x22\x04\
)\x06\xfca\x1f1\xfe\x10\x7f\xa1%r;6\xc7I\
\xb2\xb8\xd0\x09>t]\xa8\xfdz\xeb\xa4\xa7\x03\xe9\xa4\
\xea\x81\xef\x03\xbf\xa1h\x0b\x1f\x1c\xf3SM\xfct \
\x8f\xd5\xd9\xd9e\x87\xd5\xa5\x97\xd5tu\x84\xf3\xc66\
L@5\xe6\x0b\x0fu\xef\xb8\xee\xbdA\xa3\xf9\xc5\xc5\
\xc5\x19?\x0c=\xad\xc20\x12\xff\x14\x9d\x8dx\x06A\
\x82\x12\xef\x0c\xe7TT\xc7\xa9\xb6\xf1\x99@\x5c=?\
\xbco\x5c\xa7Q@&[\xb0\x9cD\xf2\xb6\xd9SG\
\xde[\xf0\x17n\x07\xd8\x8c'\x04\xef\x0e\x9b\xb3\x85\xfb\
\xbbw\xec\xbdK\xf9\xee\x17f\xa7Ny:\x0c\xb4%\
$\xf0\xdc\xab~\xb3\x17\x176\x16\xb5@\xe9\xa8\x11\x22\
F\xaf\x09\x94\x12R\xb9\x82\xec\xdc\xbe\xfd\xd6\xf9\xd1\xa7\
\xdf[\x17\xe17m\xd6\x13\x8233\xd7\xb7\x92\xa9\xf4\
\xc3\xa0\xbc\x8a\xd6a\xe4/\x9fqv@\x0a\x00\xa9<\
\x988\xf1\x04\x04\xcdEHJ\xaaG\x15\xf9\x04*\x88\
cn\x08*\xba#\x22H\x04\xb0\xe9\x85\x98\xd0\x0d\x18\
?\xf2\x18H\x12\x0b\x05\x09\x87\x88\x18\xed\x13\xa7}z\
]5\xab%\xd7I&\xbf>\xeb\x8b\x0a\xac\xe3\x92\xda\
N\xa3\x86\xced2AZd\xcc\x87\xf7\x99\xed|\xdd\
\x11\xe39\xb9^Z\x08\xcdf\x93\xd6'\xeb\xe8XU\
.3f\x08\x18\x02\x86\x80!`\x08\x18\x02[\x8f\x80\
\xd8zK2+2\x04\x0c\x01C\xc0\x100\x04\xb6\x1e\
\x01\xa7J\xaa\x81\xe3,\x04a\xa8\x10\xe3\x0f\xef\x17\xfa\
\x80\x0f\xc0B\x00\x9b\xa2\x0f\xf6\x10\x09\x12H\x17\xe9\x11\
i\x92\x8dv\x00\x00\xc9\x11\xb0|]^d\xa7t\x90\
H9\x15E\x82\x07\x8f\xc0\xfeH\x1a\x16I\xa4\xe1\xa9\
X,\x09\xb5\x02\xb4H\xfaH&\xb7\x03\x8aW\x02\xec\
\xb7\xb9\xad\xb1\x8d\x128\x18\xcc\x8fY\x0fw\xee\x1c\xfe\
ew\xa9\xfc\xa5\xca\xe2\xbc\x1b?iGo\xed\x90\xcf\
\x07\x02\x22\xc7\x9a&Rd\xab\x01\x11\x81*#\x8bu\
C\xea#\xa8\x1d\x1b\xc9\xba\x5c\x16R\x83\x5c\xbe\xc3J\
\x15:^R\x9e\x9cyWaG\xfdU\x9b#\xac\xb1\
\xdf\x03\x0f\xf5\x0d\x0e}X{\xc1\xe7+\x0b\xf3M\xd4\
j\xe5\x09A\x9e\x1b\xc8\x078\xe3b\xd7\xd8\x00\x10 \
2\x88.Z3\x9doA=x\xad\x0a\x82 @i\
'\xaclw\xdf-K\xd3Sw\xf5\xb4:_\x03{\
\xf6$\xa2\xc6\x1b\xba\xdd\x1d:\x89\xc4\xe3\x00\xf6\x98\xeb\
\xb9\x8a\xcf:\x9dk\x80P\x83\x0e\x15X$\xe6\x85\xf5\
\x12\x9c|\xe4\xcb\x80\xf5)H\x88\x00\x90\x04A\x16\xf5\
\x90\xc4CD\xf6\x1b\xa8\x0c\xc9\xd7\x10X\x08L\xa3\x0f\
\x93O=\x08\xad\xc5I\xb0\xa8\x0d\xd0\xc5\xed)\x02\x16\
:\x05\xdf\xbc\xfa\x0c\xbd\x84\xee\x81\xf1{[Q\xf9E\
nRB1\x08\xbd,7\x13\xb0:'b\x9c\xe6\xf2\
\xd88\xcf\x06\x10\xad\x85\xea\xf9\xf5\xea\x07\x01\xe5\x95\xb6\
\x1c{\x09\xc2f#nk\xee\x86\x80!`\x08\x18\x02\
\x86\x80!\xb0\xd5\x08\x88\xad\xb6 \xb3\x1eC\xc0\x10\xb8\
\x04\x02\xa6\xa9!`\x08\x5c5\x04J\xd9\x94k;\xc9\
\xc9V\xbdy\x96\x18\xc8\x1f\xe6/\xb4\x10D\x04\xfe\xa0\
/\xd0\x02\xe1\xd8\xa9\xc0k\xed\x03x\xe3\x86\xdf\x03$\
\xeb*H8\xa99\xdfo\x7fM8\xf6\x82\xfd!Q\
&\x16i\x04M\xa3\x05\xa4\xb2\x85\xa4\xdf\xa8}\x0bd\
\xcb\x1dq+s\xdf8\x81\x83\xc1\xd2q\xfb\xab\x9d;\
w\xbe\xd7//}\xadV\x9e\x0f\x94\x0a\xb4@\x04D\
$QG\xd3\x14\xb1\x10\x88\x88\x94>\x7f@j\x1a\x19\
\xb5C\xc4\xa8\xbft\x12\x98\xcfw\xd92\xe5\xdc^\x9e\
\x9dzWg+\xf7\x12:7\xf2\xfc\xa3\xac\xb7\xe6\xee\
pft\xf0\xfe\xee\xa1\xa1\xf7\xfa-\xef\x8bs\xb3S\
^\xe0\xb9:\xf4Y\x88\x8a\x9fn<\xd7H\x0aWK\
Y\x18\x94\x10\xaf\x91\xcf\x1b\xb0\xf8M\x22\xb4\x1f\x06\xd4\
\x08!\x91\xcaI'\x93y\xd1\xdc\xd4\xf8\xbb\xbb\xd4\xc0\
+6\xe3\xc9F\xabQ\x9e\xca\x0e\xee\xf8\x5c\xa3\xbc\xe0\
\x86\xc4\x99_S\x88\x18\xfd1\x11)\x00,\x0c\xa06\
?\x06O~\xfd\x8b\xd0\x98\x1b\x85\xacp!\x8d.$\
\xd1\x83\x14\xb8\x90\x11>\x99\x0b9\xe9\x81\xaa\xcd\xc2\xd3\
\x0f}\x19\xe6N=\x0d)\x0c\xc0^^[<\xa6\x06\
\xa5B]\xad,\x85\x22[8\x04\xda}\x0c\xa2\x05\xd2\
\xfd\x22\x81\xba\x8d\xf8\x81JHi\xaf\xb4\x8c\xf9\xacd\
\xa3\x04\x97\xb1\xb5\x9f\xc6\xe44\x1bW\xd6\x1bue;\
\xe9q\xed\xfbF\x0cd \xc6\x0c\x01C\xc0\x100\x04\
\x0c\x81\xadB`\xcd:\xc4\x9a\xb4I\x1a\x02\x86\x80!\
`\x08\x18\x02\x86\xc0s\x95\xc0\xf8\xbd\x1e\x828\xa1B\
/@Rm\xda\x1f\xe2Y !\xf5\x07\xce\xbeX(\
\x01@\xc4\xc8\x80\xae0\x0c!\x99L;\x9e\xdb\xbai\
p\xf0\xf8\x86\x9f\x96\x1a\xcf\x97Ci\xd9S\xac4\x22\
\x22\xcd \x80\xa4\x9c\xc88\x8bH>\x84@\xf3\x0bL\
f\xb2\x08n}_\xb6\x90\xb9\x19\x00\xb81\x98k3\
\x08\xb0 \xd8\xba/\xd9\xd7\xff\xfe\xe6\xfc\xe4W\xddz\
\xcd\xb3m\xa9\x11\x091\x99\xd6\x14\xd34\x1c\xb1Q2\
\x0a,\xfcDyj\x13\x15,\xdf\xb4\x0eAJ\xda7\
\xad#1\x91\xce\x16\xe6;\xbb\xedd>\xff\xb2\xd2\xfc\
\xe2\xbb\x06\xf6.\xbe\x1c\xf6o\xc6\xd3\x9dw\x87\xf3\xc7\
\xed\x87r\xc5\xce\x0f\x06\xe5\xd2\x7f,,N\xb7,\x81\
\xdaq\x9c\x95\xf9\x11\xc9\x0fr\x9f\xfd\xe4s\xbe\xec\x22\
\xb4\xf3|\xd6\xdae\xa4<\x03J\x09\x02$\x09i\x0a\
,\xcbb\xbfe6_\xd8\xbf05\xfe\xde\xde\x1b\xe5\
\x81\x8d>\xd989y\xa8\x99L\xa5\xff\x19\xdc\xd6a\
\xdfm\x85B\x93B'\x10\xd0\x92\xfcD\x22\xa0V\x90\
@\xf2\xaa:\x07'\x1f\xfe\x0f8\xf5\xf5\x7f\x83\xfa\xf8\
\xa3\x80\x95\x93\xa0K'\xc0\x9d}\x0a\x96\x8e~\x0dN\
<\xf0op\xec\xbe\xcfBs\xe6\x04\xd8\xe0\xd1\x8bA\
\xd12\xc8\x889\xbf\xb6iT\x90\xb4t\xbf\xb48\xde\
\xd9\xd5\xf7w\xf5\xb9\xd4\x025XO@?\x08\xaf\x0b\
\x03e#]gv\xe0=o\x971C\xce\xb7\x9b\xb5\
\xd3R\x08j\x82>\x80\xf5\xa4ht\xd4)c\x82!\
`\x08l\x01\x02f\x09\x86\x80!`\x08\x9cI@\x9c\
Y`\xf2\x86\x80!`\x08\x18\x02\x86\x80!\xf0\x9c$\
\xa0Hm8\x0e\xcdF+\xf0\x03\xd6\x0b\x22\xb1\xe6B\
\x9e\xf2\x07}\xfe\x90\xbf\xb6M:\x93\x93\xcdz\xe5\xba\
V:W\x5c[~Y\xe9\xc37\x85(\xad\x93\x81\xe7\
{$4\x924Bn\x91\xa0\xc1cI)\x81\xe7g\
\x13\xc2\x02\x81\x16B2\xdb\x0f\x80\xdf\xd1}\xfd\xed\xd1\
\xd7\x18\xc1\x5c\x9bD\xe0\x90\xdf\x9a)~\xb1c\xe8\x86\
\xf7\xd4fO=\xd2\xa8\x94\x94\xef\xbbZ\x91\xf8\xab\x94\
\xa2s\x82\xd1<\xbc\x17\x9c\xe03\xc1i\xd2\x949\x0b\
\xd1\xc6Q\x8a\xcb)\x8aBT\x8f\x08\xfc5o)-\
\xccf\x8b\x09\xd4\xe17NM\x8e\xde\xd5=o?\x8f\
\x1am\xc2{\xc8\x83Au\xf6\xba\xfb\x8a#\xd7\xbdW\
\xd5\x1a\x87\x1a\x8dJ\xa8\xc3@\xc7>k\xd6\x98a\xad\
O@\x17\x8bX\x14E\x011^W\x94\xa1[\xbb\xad\
\xa0\xf3\xc6\xed,\xcb\xc6T\xb6\xc3\xb2\x13\xf6m\xb3'\
O\xbc\xaf\xa7\xd9\xf3\xd2\x0d>\xd9\xa8\x93$\x04v\xee\
\xd8\xfdG\xd5\x99\x89Y\x14\xe4^\x10F~F\xe7\x1d\
\x148\x12 IZZ\xc2\xafB\x95\xc4\xbe\x13\x8f~\
\x15\x9e<\xf4\x1f\x91\x1d{\xe4+0u\xe4\x11h\xcd\
\x9d\x84\x84\xaaCZz`\xa3\x22\xcf\xc9\xe8u\xc3c\
DkP\x81\x9e\x9f\x9dl\xa4\xfav|\xca\xb6\xed{\
\x00\x0e\x918G\xcd.\x16\xf6\xed\xb3[\xcd\xe6\x88\x95\
HJ\x1a\x91[\x9ff\x88\xa40\xd2<\x5c\xc8\xf30\
\xa3v\x9acD\x8c\x84\xd40\xf0\x9b \xc5\xe1\xc9\xc9\
\xa4\xcb\xe5\xc6\x0c\x01C\xc0\x100\x04\x0c\x01C`\xeb\
\x11\xd8\x847r[\x0f\x8aY\x91!`\x08\x18\x02\x86\
\x80!\xf0\x1c$\xa0U\xe0\x9f\x04PU~f\x0b\x11\
I\x898]\x0c\x89}>\xf7\xbd-\xfcH!\x10|\
o\xc0\xd2j\x13~7\xf0n\x85!\x8c\x03BCE\
\xbf\x1bH\x12\x04\x0d\xdf\x16\x19\x80d&~\xd2)\x0c\
}\xd0\xe4o\xb6\xa33\xd9(\x97_# \xb9\xf3\xdc\
^\x9a\xd2\xcb'p0(%\xe7\xef\xed\x1c\xbe\xfe\xfd\
\xa5\xc9\xa3_w\x1b\xb5\xc0\xb2D\xf4\xa4\x1d\x10{P\
$\xf9\xb1\xb5'X\x16\x85V\xb2t\x94\x10\xe9\x06\xfc\
\xd6\x90L\xd0)#\xa1\x0a\xb5\x88\xc4.j\x8e\x9d=\
}\xa4MY\xdf0?;\xf5\xfe\xe2\xb6\x97\x90\xb0\xb6\
9\x7fTd\xb1\xabu\xa8wx\xf7\xfb\xeb\xb3\xb3\xf7\
\xd5\xaa\x15\x1fQ\x92\xb3\xe4\x03J\xf2F\x92\x06.\x00\
\x91}\x03J\xc7\x06t\xb1\xa0\x85xf\xb9\xa2\xb6\xe4\
{\x08\xcb~k\xcc\xe6:e2\x95|\xd1\xdc\xe4\xf1\
\x0f\x15\xb7\x8f}\xd3F\x9e\x10\x1c\x1f\xbf\xb7\xe95\x83\
\x7f\x86L\xf1o\xe6&'\xca\x92\x18\xb3\x1f@\x9e\x0a\
a\x81\x0e\xc8u\xf2\x0d\x88\x9d$Q0I\x82_\x22\
l@R5!\xa5<H\xc9\x10l\x11\x82\xa0\x17\x0e\
\xb7\xd1J\xd1\xcbD\x039\x0dt\x07\xbat\xb9Z\xf2\
 \xc4\xafttt\xff\xc5\xf4\xd1{\xe6\xa9l]!\
_)d\xbdFu\xa7 \xf1V\xd1^\xb3\x90K\x83\
\xf3\xd0\xe4\x1e\x82F\xa04\xdd\xe0\xf4+\xf6\x9fZ\xf2\
&\xa3\xd6a\xcb\xab\x0b\x05'\x00\xee&\x8a\xa7\xb75\
9C\xc0\x100\x04\x0c\x01C\xc0\x10\xd8\x1a\x04\xc4\xd6\
X\x86Y\x85!`\x08\x80A`\x08\x18\x02[\x9e@\
 p\x1a\xd0\x9e\xf3<\x17`\xf93=\xe2r\x02.\
|!\x22 \x0a@\x12XH\x84\xe8\xa01\xae\x078\
 /\xdc\xeb\xa2\xb5\x1a,\x9c\x03\x14\xd5 \x08\x00\x91\
\x04\x07\x12\x14\xb8\x17\x22\xae\xe4\x85\x10\x5c\x04V\x22\x89\
*\xf4\xf7\xf8\xbew\xfb\x06\x9f\xd0\x8a\xc63\xb73\x08\
\x1c=\xea.\x9dt>\x93\xee\xde\xf9\xfe\xc6\xdc\xe8\xd3\
\x10xJJRwHpZ+\xf8\xb4{a;\xb1\
\x1c\xb3X\xb4\x9c$\xa19\x96\xa6\x10\x11\x04\x89\x5c \
\x10\x906\xbb\xa3\xd8\x9b\x94\xb6\xf5-\x8b\x95\xf9ww\
\xeero\x04\xa0b\xd8\xe0u\xe8\x90?{|\xe0\x0b\
\x99\xde\x1d\xef\xad\xcfN=V//\xa9 \xf0\xb4\x14\
\xfc\xe8\x1d\x09{\xcbg\xaa=K{-\x9c_\x9b\xe6\
<\x1bb\xfb\x1c\x0a\xf2]\x80\xb4\x1d\xcc\x16\x8a\x8e\x95\
J\xdc^.-\xbc\xbf\xdb+\xbe\x9c\xce\xbe\xc5m/\
\xc7\xeas\xf7O\xa7\x0a\xf9\xdf\x05\xa5\xfeev\xfcd\
\x83\xbf\xd2\xab|/b\xa6\x89\x13\xfb$Q02\x00\
\x12\xc2\x91D@\x09!\xa0vA\x92\x08\x88@\x02 \
\x89\x85\xdc\x8e\xe7\x97R\x02R\xc2\xf7Z\xbaZ^\x0a\
\xfc\xc5\xca\x83]\xdb\xb6\x7ft*\xbb\xf80\x15\xc7\x1b\
A\x89\x8b\x04\x14\x16\xee\x80\xc0\xef\xb7\x13\x89H\x08E\
\xe4Q\xe3^\xed\xb9\xe2\xdc\xe9w\xc4\xb8\x9d /4\
\xff\xe6\xa2\xd6%\xb4\xd4\xf8\xe9\xadL\xce\x100\x04\x0c\
\x01C\xc0\x100\x04\x9eS\x046\xe8\x8c\xd8`\x7f\xd3\
\xdd\x100\x04\x0c\x01C\xc0\x100\x04\x9e%\x02\x99D\
\xb2\x06\x99\xecX\xe8{\x0a\x11\x011\xb6\xf5N\xcf\x82\
@\xa04\x80\xb4\x12\xae\xdb\xb8\xb9\xa7g6\xb9\xde\xbe\
\xe7m\xa7\xfd\xaa\x9dL,*\x15jD$\xc1\x03@\
\x00R\xf3\xd8\x109\x86X\x9c )$\x93/:\xa5\
\x85\x99o\xcf\xee\x9e\xe8\xa2F&l:\x81\x83A#\
\x99\xfa\xf7\xec\xc0\xde\xf7\xce\x9cx\xe2\xe1V\xbd\x1a\xd8\
\x02\xb5\xa0m\xe7\xa9\xf8\x0c\x00\xed\x09\x22F\xe2\x15\xdd\
 \xda!-\x00\xc8\x10\xa3\x1c\xed\xa3\x88L\xa3\x02\x12\
\x99hOI\xce\x0a\xf9+\xb1\x0as\x9d]\x16m\xe8\
7T\x16\x16\xde\xd7\xbd\xfb\x15/\xa4q\x05\xd9\x06\xc3\
\xdda=\x95\xf9r~\xe8\xbaw\xd7\xe7\xc6\xee\x0f\xbd\
\x96/\x04h\xc9B\x19\xf9\x14\xd2\xdc\xed\x09\x10c\x1f\
\xdb\xf9\xb51b\xbc.DM\xc5\x8a\x96\xb7\x22&b\
\xb1\xa7_\xa43\xe9\x17\xce\x8f\x8f\xffr\xf7\xae\xf0[\
6\xf2\x84`s\xf2\xfe\xf1\x5co\xff\x07 P\xffg\
~|lQ\x0a\xa1B\x12\xfe\x14\x8b~R\x90NH\
\x82\x1f\x05$Q\x90\x8d\x9c\x89BH\xc2\xac\x22qS\
Q\x8cH\xeb \x8b\xd7\xa6\xf4\xe2\xfc\x5c\xbd5\x7f\xea\
?\x12\xdd\xbd\x1f\x5c8>\xf5%8\xb4\xce\xaf\x07\xf3\
\xc8{^\xe7\x98a\xff\xe2\x00\x00\x10\x00IDAT\
\x90\xa4\xf8|\xd0A\x87\x10$E\x0a\xa4\xfdc\x06\x5c\
\x09\x94\x8e\x0dh?\x81.\xc6\xc3\xa6\x91\xb6\x9d\x8c\x8a\
(p{\x052\x9d\x9ck6\xbc2\x15\x98`\x08\x18\
\x02\xcfA\x02\xc6%C\xc0\x100\x046\x83\xc0&\xbc\
y\xdb\x0c7\xcc\x18\x86\x80!`\x08\x18\x02\x86\x80!\
p1\x02)Uh\xa4s\xb9'\xdcF\xc5\xa7\x0f\xfe\
\xa4\xeb\xe8Xt\xb8X\xc7\xe5zD\x04!\x04\xdaN\
R6+\x95}Ma\xa5a\xa3W\x90\xa8\xa7\xd2\xd9\
\x09\xcfsI\xfa\x00\x1e\xff\xb4\x11\x11\xdb\xe2\x0c\x02\x22\
B*\x9b\x15\xba\xbct\x8b\x08\x82\x17SC$3a\
\xb3\x09\x8c\xdf\xdb\xacMe\xff\xa9c\xfb\xde\x0f,\x8c\
=q\xc2s\x1b$\x01+\xcd\xa2\x93&!\xaam\x88\
\xa7\xe3o\x97s\xcc.\xb5cN#\x22\xed\xad\x05\xc0\
\x22\x13X\xd83\xb0#\x1d\x06\xde\x1b\x16f&\xef\xcc\
\x0d\xder\x1d\x00 l\xf4\x1a=\xd8\xaa\x8c\x0f~\xa6\
\xb8\xe3\xc6\xf7\xd4f\xa6\x9ehV\xcbJ\xf9\x1e\xb9\xa1\
\xd7\x8az\x17\x9c\x85\x1a\x9fUOg\x1e4\xf9oI\
\x07\xb3\x85.;\x91N\xbet\xfe\xe4\xd1\xf7\xe4J\xa9\
\x8d\xfcud]\x9d\xf8\xda\x91Tg\xf7\xbbE*\xfd\
\xbf\xe6N>6\x1bx\xf5\x90\xc48\x1d\x04\xbef\xb1\
o\xad/\x9co;\xc6\xfe\xb0q\xbd\x0a}\xddjT\
\xc3\x99\xe3G\x16t\xbd\xf9\xf1\xcc\xb6\xbdou\xe7:\
>\x0bp\xd4m\xb7_\x8e/\x18\xe5D3'0|\
\x89]\xe8\xc8H\x12Py>\x1e\xff\xacN$\xf8\x9e\
U\xb6\x5c\x10\x92\xe0\xea\xb6\x9a*\xe18\xe3\xe9\xa0\xd5\
Z.6\x91!`\x08\x18\x02\x86\x80!`\x08lA\
\x02F\x0c\xdc\x82\x9bj\x96d\x08\x18\x02\x86\x80!\xb0\
U\x08\x9c\xbe\x8e\xf9\xe1V\xcb\x16\xce\xc3\xe0yu\xcb\
\x96\xeb\x16Hx\x14\xc4\xb6V\xa3AZ\x16B\xab\xbe\
\xdd\x0b\xd4\x86\x9f\xce\xd3\xa9\xb0.-\xe7i\xaf\xd5\xf4\
$M\xd1\x16 \x10)C\x13\xb7\xf3\x96\x90\x10\x86\x0a\
\xc2@\x83U(t\xfb\xf5\xda\x9br\x83\xfb7<?\
Ma\xc29\x09\x1c\x0c\x12^\xf3s\x99\xbe\xdd\xef[\
\x1c?\xf6\x98\xef\xb6\x94m\xdb`Y\x16 \x22\xf0\xd3\
i\x9a\xfa\xf1\x13t\x8a\x7f\xef\x91D\xc2x\xc7\xa8\x90\
\x83\xd0$\xa0)\x10 \x01\x14\xd7(*U\x80$&\
!J@\x14\xd8\xdb7dC\x08\xafm\xd4\xbd\x0f\xf7\
\xec\xf9\x86\x17P\x83Mx_yw\xb8(\xec{r\
\x83\xdb\xdf[\x9e\x1a}\xd0s\x1b!9\xa0#\xf1\x8c\
\xdc\xd0\x9an\xe4\x15,\x1b\xb9\x09l4\xf7i\x81\xcb\
\xd8\xda\x85\x02\x10|?\x80 \x081\x95\xed@\x99\xcd\
\xbe\xa0VY\xfap\xff\x9e\xb9Wn\xe0+\xeb\xba\xb9\
\xf0\xf0D2\x91\xfb\x8dL\xef\xaew\xd4\xa6'?\xbb\
4\xfa\xd4T\xb3Z\xf5\x95\x0a5\xd0+T\xf9\xd1\x1f\
D\xd1\x88\x08(\x05\x17E\xc6\x1cU\x10jZ\x9fW\
\x99\x1c\xff\x8a\xc8\x16\xeeJ\xf5\xf7\xbd\xa7>\xf1\xb5G\
\x01\x0e\x06m\xbf\xd7\x1b\xa7\xb4\xcc\x07\xbe\xff\xc2t:\
\xe3DB \xd24d\xe7\xee\x8f\xa0\xa9.2Mn\
R#D\x04\xa4\xc3\xa0t\x10\xd8\xd2zj\xa6+X\
\xdf\x1f-\xa1\xbe&\x18\x02\x86\x80!`\x08\x18\x02\x86\
\xc0\xd5G\x80\xde\x95\x5c}N\x1b\x8f\x0d\x81-O\xc0\
,\xd0\x100\x04\x0c\x81s\x118t(\x10\x8e\xfd$\
\x84z\xa9\xd5jD-\x848\xfb?\xe5z\xf9\x03~\
\xd4`\xf9\xc6el\xf4\x81\x1f\x1c\xc7\xa1\xd2\xa0\x18\xfa\
\xde\x86\xff\x90\xc7\xdcah\x09\x90\x8fA\xcbk\x86a\
\x08RJ`1\x82&X\x09<'\xcf\xcd\x05Ji\
(tt9\xcdZ\xe9\xb5R\x88\x9b\xb8\xcc\xd83C\
`f\xe6\x91z}\xc6\xfd\x87l\xdf\xc8\xaf\x94&\x8f\
\x9f\x08Z\xcdHXSj\xf5\xeb\xb3\xbc/g\x9e!\
.k{\xb46\xcd\xedx\x7f9\xd6\xa4$i\x12\x04\
\xbb\xfb\x072\xa1\xdf\xfc\x8e\xc5\xf9\xa9;\xbbw\xde\xce\
O\x08\x9e} \xdb\x83\xad7\x1e=\xd8\xaaN\xea\xff\
\x97\xee\xdd\xf1\xe1\xf2\xd4\x89\xa7\xbdF\x9d\x8eV\xa05\
\x89\xc9\xec;\x0f\xc3g\x8a\xe3\xf3\xd9\xd9\xf5\xec\x96\x00\
Z9\xd8\xb6\x83\xbd\xbd\x83\xb6e\xc9\xdbgf\xc6\xde\
\xd3\xbdk\xf2\xd6\x0d\x08\x82\xd0\x98?4U\x9f-\xfc\
M\xb2\xa3\xe7\xbf\xc9\x8emwx\xa5\xf2\xc7\xcb\xa7\x0e\
?\xba8\xfa\xe4\xf4\xd2\xc4X\xa5V.y\xb4\x00\xc5\
\xfe\xb3_l\xec\xb7\xdbl@\xb3\xd5\x9a\xeb\xb9\xfe\xa6\
_V\xe5\xde?kN\xde\x7f\x8a\xca\x15\xd9%\x07\xfa\
\xff\x06\xfa\x1a\xf5\xca\xeeT*#x|!\xe4y\xc6\
\xc0\x95r\xadc!\xb0]\xc0tH\xado\xa2%\x1e\
\x83\xc3\x87\x83v\xb9\x89\x0d\x01C\xc0\x100\x04\x0c\x01\
C\xe0\x19&p\x05\x86\x17W`N3\xa5!`\x08\
\x18\x02\x86\x80!`\x08\x5c\x1e\x01m\x833\x03\x96\x9c\
\x0c\xfd@[\x96\x00\x09\xb8\xfcd\x14\x7f\xb0g\x03`\
1\x00\xce\xb8\xdae,\xa6X\x96\x83`\xa7sa\x10\
\xbep#\x7fH!\x9e\xe2`\xa8\x11\x8f\x80\x0aJ4\
6\xe9\x0b\xfa\xb4\xf9\xdb\xf3\xa2\xa4\xb7\x1c\x02!\x0c5\
\x08a\x81\x9dLu\xf9^\xe3;6\xf2\xbbm\xf1\xfc\
\xe6~a\x02\x87\xbdZX\xff\x7f\xc9\xae\x1d\xef_8\
\xf5\xe4\x13A\xab\xa1\x04\xf2\x1e\x08\xda\x07\xda\x13\x88M\
\xf3 HBQ\xdb(\xcfI \xf9\x8c\x8d6vy\
_\x15\xc5Qk\xf0\xfd\x90ti\xc0bw\x9f\x15z\
\xde\xb7V+K\x1f\xea\xdd\xf9\x8a\xe7qW\xb2\x0d\x86\
C~\x03\xd5\xbf\xa5z\x86\xdfW\x99>\xf1\xa8\xf2\xbc\
\x10\x11\xb5 w)\xa2\xb1Ud\x8a\x5cf\xa3\xcci\
!\x04\x0d\xa7\x95\xf3c\x82d\x02$\x9d\xc1\xd8\xef\x8e\
\xcen:\x91p\xdb\xc2\xfc\xec\xaf\xf4\xed\x99\xe4\xaf\xad\
\xd3\xe8\xa7\x0ds\x09\x99\x83A\xab\xf4\xc4\xc9\xb0\xa4\xff\
\x0eR\xf6/Bv\xfb\x0f@\xba\xeb' \x99|\xbf\
\x1f\xb8\xff\xde\xac\xd6\x820$\x8a$\xc0\xd1:@\x01\
\xe9\xb2\x12 \xa8.*\xed\x87\xf3\x97\xf34\xe0\xaas\
\xef\x13\x1a\xc5\x0bU\xa8\xf24C$\xc6K\x14@\xdb\
\xbc\xda\xe4b)\xa5\xa3~\xbe\xef-\xa2V\xa3\xd4\x5c\
\x91\x99`\x08\x18\x02\xcf0\x013\xbc!`\x08\x18\x02\
W\x8a\x80\xb8R\x13\x9by\x0d\x01C\xc0\x100\x04\x0c\
\x01C\xe0\xd2\x09\xa4uX\x96\xd9\xc2\xd1Z\xbd\xca\xe2\
\x08\xf0\x87\xff\xb6\xadw4i' \xd5QLB\xe0\
\xbd$\x9f\x9f\xcd\xc3\xc6.\x0dAx\x0a\xa4=\x13\x04\
\xfc\x17UO\xd7\x10\xd87\x1e>\x0cC\x12\x910~\
*QH\xcc\x17\x8a\xb2>;\xf7\xea|%7\xcc\xf5\
\xc6\x9eA\x02\xf3OU[\x9d\x83w\xe7\xb7\xdd\xf0\xd1\
\xc5\xf1\xe3\xa3\x81\xd7\x0c\x11\x94\xe6=QJE\xe2\x18\
\xcf\xaeI\xa8bC\xa1\xa3su\xa6\x98\xc4ul,\
f\xb1\xf1\xd7\x8e\xb9\x1fJ\x07\xfb\x07\xb7g\xdcF\xe5\
;\x17\x96\xa6\xdfV\xe8\xbbe\x84\xcaI\xa6\xa3\xfbF\
\xc2\xcc#\xf5f\x8f\xf7O\x85m\xd7\x7f\xa4<u\xf4\
h\xe85B\x89\xa0}\xdf\x87V\xab\x05\xec\xfb\xf9\x86\
g\xff\xd6\xd6\xb1\xdfl\x5c&\xa5Mb\x9c\x06\xcbI\
aW\xf7@B\x87\xde\x81\xd9\x99\xe9w\xe6\x06\xf7\xef\
\xa5zA\xb6\x81p\xd8\x83\xfa\x89\x19\xa8\x1d~\x1c\x1a\
G\xfe\x05\x9a\xc9?H$\xb3\x7f\xefV\x16\x1a\x845\
\xe2\xaa\xb5\x06\xf6O\xb0\xb2\xe9\xb7R\xb5F3\xb7\x81\
\x09ap\xf0\x93I\xb7Q\xbf\xcdI\xa6lK\xda\x18\
\xaf3\x16l/e\x5c\xd7m\xf2\x918\xe1\xb9\xad\xd9\
K\xe9g\xda\x1a\x02\x86\x80!`\x08\x18\x02\x86\xc0\xd5\
G`\x83ox\xae\xbe\x05\x1b\x8f\x0d\x01C\xc0\x100\
\x04\x0c\x81+C`sf\x1d\x1d=\xe0\xa5\x93\xa9'\
\x95\xd7\x0a,KF\xa2\x02\x8f\x1c\x09\x0b\x9cX6\xad\
Y\x94[\x15\x044\x09=\x5c\x85(\x22\x11%\x95\xcd\
JP\xde\x0d\xb2+7\xc4\xe5\x1b\xb2&T \x99:\
\xe6{-m\x91\xc0\xc1s\xb1\xad\x1dS\x00\x02\x1b\x8b\
 \x5c'\xed\x14\x82m\xef\xb6,\xf1\xe6\x9e}\x07\xb2\
`\xaeg\x96\xc0\xd1O\xbbV\x13\xfe)\xd9\xbb\xe3\xfd\
K\xa7\x9ez\x12\x94\xafmK@\xa8\x03@\x09\x80\x88\
\xc0g\x88\x9f\x1a\x04\xa5\xa3\xbd\x8a\x8f\x8c\x00\xe0\x9c\xa4\
X`\x94\x06\xcakT\xc0\x86\xd4\x99\xf7S\x81\xc4\xee\
\xbe!+l\xb9op\x95zw\xf7\xae\x97\xf0W\x86\
\xa9\xfd\x06\xc3\xe1\xc3\x9e\xed\xcaOg\x06v~\xa84\
q\xfcp\xe0y\xca\x22\xb5R\x07\xe1\xf2\x13\xb1\xe4\x17\
\xf9s\xe6,\xecS\xbb\x8c\xd3,l\xb2\xb1\xcf\xdcQ\
\x87\x00\x9e\xe7\x81\xb0l\xec\xe9\x1d\x92:\xd4\xaf!\x11\
\xac\xfddc\xbb\xebFc\x0dp\xd8C\xb4\x8e\x82R\
M_\xf9+\xe3\xb1Ol \x9dd\xabU\xdf\xd0k\
\xb0\x1e\xca\xbe\x85\xa9\xf1}N\x22\x83\xbe\x0a\x81\x7f\x17\
R\x08\xe6\xb22\xdd\x9a\x84\xa6\xb4\x8e\x9e\x1ad\x1e\x02\
0J+\x92G]\xdf\xf5\xd0v\x1e\xa8\xdb\xa9\x0a5\
2\xc1\x100\x04\x0c\x01C\xc0\x100\x04\xb60\x01\xb1\
\x85\xd7f\x96f\x08<7\x08\x18/\x0c\x01C\xc0\x10\
\xd8T\x02\xefS\xa9l\xe1\x11\xf0\xbdj\x18\x86\xba=\
t$,,g8\x8d\x88\xd1SH\x5c\xc4y\x8e\xd9\
\xf8i*D\x01\x96t\x00\x10\x07\x04\xc8[6\xf2{\
i@\xd7\xe2\xe2\x82\x9bH%\x1eiT\xcb\xfc\xdbh\
+>Q\x15M\xb1\xea\x87\x942\xf2\x09\x11\xa9\x0a!\
\xdf\xd3\x97\xad\x97\xe6~\xd0\xd2\x82\x9f\xc8\xa22\x13\x9e\
I\x02\x8b\x8b\xf7UZ\xe9\xa5\xbb\xed\xe2\x8e\xdf\x9c;\
qx\xb4\xd5\xac\x05\x8ee\x01\x0bG|.4\xa9\x7f\
l\x88\x08\xc8\x82 \xed$\x22F.q}\x94\xa0\x1b\
\xb7\xa1(\xda[\xdeS!,\x92\x924\x89\x83\x16\xf6\
\x0c\x0c\xe5[\xa5\xf977j\xee\xcfu\x0d\xdd\xb6\x8d\
\xda\xc5\x03P\xe2r\xc3\xfc\xfc\x97\xabu\x99\xfa\xc7L\
\xcf\xc8o.\x9cz\xe2D\xabY\x0f\xd3\x99\x94\x96\x8e\
\x1d\x9d\xa7\xb6?<>\xe2\xe9\xd3q\x1d\xe2\xb9\xcb\x90\
\x84\xcc\x90Es!\xb1\x7f`{\xda\xadW\xbf\xa3T\
^xG\xef\x9e\x97\xef\xa6\xb16\xed=\xb2\x14r\x09\
\x10\xea\x8a\x84:\xdfw\xa3'1m\xdb\x06\x81\x16\x82\
\xa4\x84\xf2\xf9\xe9\xd8\xcb\x9dO\xd4\x9a\xa5\x1b\xc0k\xf4\
[\xd2\x06\xbe\x101\xdaS\xa0\x8b\xd7O\xd1y\x03\xd7\
\xd3\xbf#\xa0C\xa5\xc3J\xb5L\xff\xb6|\x15&\x0f\
\xb5\xce\xdb\xc1T\x18\x02\x86\x80!`\x08\x18\x02\x86\xc0\
\x85\x09\x5c%\xb5\x97\xfb\xc6\xe3*Y\x9eq\xd3\x100\
\x04\x0c\x01C\xc0\x10\xd8z\x04\x1cG\x1f\x83Dj\x1a\
T\xa0A\x22\x84@B\x0c\x099\x88\xab\xc2\x1bei\
\xe1\xaby\xcaD\xc2\x09\x22\xb5\x0fC \xb5\x00\xec\x5c\
.\x19\xa8\xf0\xb6\xee\xeb'\xd3\x5c\x7f\xf9v\xd4\x0b\x03\
\xf5\x00\xb8^\x09H\x16\x02\x9aC\xb1O\x08+s\x22\
\xc6\xbe\x08z\xe7\xa1\xc99\x16a\x9cT\x12\x82\xc0\x1f\
\x11\x0a^\xb7QA\xf2\xf2}\xbf\xc6z\x8e\x8e\xb62\
\xf9\xee\x7fL\x0f^\xf7\xcb\xa5S\xc7\x8f(\x1d(I\
\x22-\x1b\x0b~Z\xf3>!(\xda;6\xad\xe9\xac\
\x80Z\x85D\xfb\xc8\xfb\x0b$\x16\xf2\x93e@u\xbc\
\xa7@\x8d\xb9?\x08\x1b{\x86v&\x1a\xa5\xf9\xefo\
\xf9\xcd\xb7\x16\x86_\xc2_\x19^\xed\x7f\xb9\xa9\xf1{\
\x9bv\xa6\xe3\x9f:\x06o\xfc\x95\xea\xcc\xf1#a\xe8\
\x93T\x09:\xf2[k:g\xe40\x08\x8a\xb9x\xcd\
$\x02\x81\x96\xb4R\x80T\xcd\xc6O\x07\x92\x16\x08\xa8\
\x05\x9d\xc1\x00\xdc\xc0\xc7b\xef\xa0\xe55\xeao\xa8\x94\
+\xef\xc9\x0d\xbehs\x9el\xa4\x99eB7\xc1J\
T@)BG\xfe\x10S\x01\x08\x88\x08`',P\
\x9a\xc4\xc0}\x165\xbd\xf4\xd0\xb3/\x8dB\xee\x07;\
\x99\xa3-\x88\xfa#\xf2\x1c\x9cD\x9aCP\x02WL\
\x10\x0c6*\xa0\x7f\x02\x98\x17\x82\xe38 I\x97\x04\
'1\xeb\xc8\xf4\x93T\xa7\xc8L0\x04\x0c\x81K$\
`\x9a\x1b\x02\x86\x80!p5\x11\x10W\x93\xb3\xc6W\
C\xc0\x100\x04\x0c\x01C\xc0\x10\x00\xa8T\xdcE'\
\x9d{\xa4Z\xad\x04\x9e\xe7i\xba\x22,\xfc\x84O\x94\
\xb8\xc8\x8d\xdb\x0b!\xb0\x90\xef\x94\xb5\xd2\xc2~\xc7O\
u^\xa4\xcb\xc5\xaa\xb5\x85\xe28\x08\x1cm6jZ\
\x90\x18\x11\x09.\xd4\x0b\x91\x85\x08J\xac\x09\xcb\xf3\x83\
$\xe1(\x9d-\xd8\x13\x93'\xbe3?4\xb6kM\
\x13\x93|\x06\x09\x94F\x0f\x96r\xa1\xf7w\xb9\xa1]\
\xbf5\x7f\xec\x89\xb1f\xa3\x1a\x00\x09T|~\x82\x80\
\x92Z\x9f-\xaa\x9d\xe1\x0f\xe2\xd9\xfb*\xa5\x0d(\x05\
\x08\xcb\xc1\xc1\x91\xdd\xc5\xfa\xe2\xf4\x7fU\xae\xf7\xd3\xdd\
\xdbo\x1f\xa4\xeegw\xa0\xc2K\x09\xecw\x1a\x82\xbf\
\xeb\xd8\xbe\xef\xd7\xe7G\x9f8\xd1\xacW\xc2V\xab\xa1\
m+\xd6\xd1\x14\x89m|\xb6x\xccv\xcc\xe9\xf3Y\
\xbb\x8d\x10\x16\x89f\x08\xd2f\xbf\xf7d[\xb5\xca\xf7\
yA\xeb-\x1d;_N\x22\x1d\x5c\xec\xbd2\x5c\xec\
\xb2\x95\xedb25\xe7y-\x8dD\x819\xf3\xdc\xfc\
\x95z\xc7\xb1\x11|w\x10z\xc0\xb9\xd88\xe7\xaaO\
\xda\xa9b&\xe5\xbc\xb2\xd0\xdd\x9b$\xfe\xc8\x0c\x10i\
\x92s5>\xa3\x0c\x11\x81\xdb\x93\x0f\x1a\xc2@\xa7\x0b\
\xc5c\xa9t\xc2\xfc^\xe0\x19\x9cL\xd6\x100\x04\x0c\
\x01C\xc0\x10\xd8\x8a\x046\xfc\x06g+B1k2\
\x04\x0c\x01C\xc0\x100\x04.L\xe0\xca\xd6V\x92s\
u\xcb\xb2\xbe\xd8\xa8Wj\xb6D\x10\x82\xffs\x8e$\
\xe0\x00\x99\x86\xd3/\xce\xb3\xc5\xa5J#H\xcb\x89D\
\x00-$\x84\x8d\xfa\xa0\x8b\xde\x1e\x00X\x9f\x82\x00\xe7\
\xbeZ\xa9\xd4\xbc\xcc\xe5\x1e\xf0<\xdf\x95RF~\xb0\
 \xc8\xa2\x07\xf7@\x5c\x1d\x1e\x11IaA\x08\x82\x10\
\xf8w\xce\xa0\xe5\xde\xa8\x02\xef\xcd\xd0\xb3\xcf\xfcv \
<;\xd7\xcc\xcc#\xf5j\xcd\xbf[\x14\x06~\xb5t\
\xf2\xa9\x13:\x0c\x94cK\x90\xb6\x00\x94g\xfb\xc0{\
\x09j\xf5\x1ci\xdaA\xb6\x95\x96BG\xfdHS\xa4\
\xbd\x07\xf0C\x8d\xc5\x81\xe1Lua\xfeG|\x11\xfe\
L\xf7\xf5\xb7\x0f\xac\xb4\xdd@br\xf2P\xa3T\x9f\
\xfb\xb8\xdd5\xf4\x81\xf2\xc4\xd1#\xfc\xe72\x00\x14H\
z\x1dp\xcc\xe7\x8d\x0d1>o\xec7\xdb\x99Sr\
Ydt\x8b_>\x92F\xd1\x10(\x85\xdd\x83C\x09\
\xb7Z}\x93\xd7h\xdd\xd1{\xdd+6\xfcd\xa3\xa7\
U+\x91L\x9cT*\x08\xe5\xb2_\xc4\x1bX\x14\x94\
\x82\x80{^\x174\xe0\xb2\xce~\xc1I\x0eV+\xa5\
}\xd2\xb6h\xd7\x14 RD{s\xe6z\xdby~\
z\x90\x0d\x91\xff\xbd\xd0\x91\x0f\xf4\xff(\x80\xdb\xaa{\
N\x22\xf5\xa0\xd5p\x1b\xed\xb6&6\x04\x0c\x01C\xc0\
\x100\x04\x0c\x81\xadK@l\xdd\xa5\x99\x95\x19\x02\xcf\
\x00\x013\xa4!`\x08\x18\x02\xcf\x05\x02G\x8fz\xa8\
\x83\xfb\xa0Q\x9f\x0f\x82\x00\x10\xe3\x0f\xf6\xec\x1a\xe2j\
\x9a\xf3g\x1a\x0b\x87H\xc2M\xf4D\x90\x9dD\xb0\x9d\
b\xbd^\xfb\x06\xd8\xb7\xcf>\xb3\xed%\xe5'\x0f\xb5\
\xb2\xf9\x9e/zK\xa5*(\xfej)\xc0ZQ\x86\
\xd3k\xc7\xe3\x9f;$A\x13B\x0d\x90\xeb\xee\xc9\xb4\
\x1a\xa5\x1f\xca'R7\xadmc\xd2\xcf0\x81\xd2C\
\xa5.\xa7\xf7\xaf\xb2\x83\xd7\xfd\xee\xdc\x89\xc7\xc7u\xe8\
\x85\xd1\x1bC\x12\xfdx\xbf\xd8\xf8\x9c\xac\xc7\x0bD\x8c\
\xcea\xdcV\xd0\xde\x03\x09\x8b\x0e\xf6\x0c\x0dw\x97O\
>\xf5\x93\xadr\xeb\xc7\xb2}\xb7\xf4\xc6\xf5\x1b\xbc/\
\x1e\xad\xf4$\x92\x1f/l\xbb\xe1\xb7\xe7\xc7\x8e\x9d\xf4\
\x9b\xf50\xf4|`_\xd9\xe7K\x19\x9d\xdb\xb3E\xaf\
\x0b\x90\xe47\x1dH-\xb1\xab\x7f\xa8\xd0X\x98\xfa\xa1\
\xa5\xc5\x85_Z~B\x10/e\xdc\xb5m+\x00M\
\x09\xd6\xd3A\xbd\xd1\xa2yh\xbaX\x84\x8b\xc4@)\
\xe9\x85\xe2\xe6\x01\xfd\xcby:W(\xa5_\xacB\xdd\
)\xa5\x0d4v\xec\xff\xda\xc9/\x92\xf6}\x1f\x5c\xd7\
\x85V\xa3\xb5D\xa2\xe8\xd7FG\x0fz\x17\xe9b\xaa\
\x0d\x01C\xc0\x100\x04\x0c\x81k\x87\xc0\x16^i\xf4\
\x9eo\x0b\xaf\xcf,\xcd\x100\x04\x0c\x01C\xc0\x10\xd8\
\x8a\x04\xb4\x9d\xb6\xc6 \x9d\x1dU*\x88\xc4\x05\xba\xad\
\xac3N\x93\xa8\x01l\xedbN\x93\xe9\x10\x90#\x1d\
\x0b\x12\xb9B1\xd9Z\x98\xff\x86\xf4l\xa2\xbb\xdd\xf2\
2ceK\xf1\x08\xd8\xd6t\x10xZJAB\x9f\
\x22q\x82\x9fV\x22\x81\x12I\xf3X~b\x09\x11I\
8\xd2\xd1SI\x8a|\x94N\x02\x84\xb4w\x0a)\xdf\
42r \x09\xe6z\xd6\x08\xcc\xcd\x1d\xaca^\xfc\
\x12\x883\xc3\x00\x00\x10\x00IDATmn\xdb\xee\
\xdf\x99;qd\x5c\xa2\xa6\xbd\x93\xb4?\xb4gtF\
\xa4\x8c\xd3\x88\x18\xf9\x84@\xfb\xb9\xc6\xa2B\xba\xf1\x99\
\x02E\x07\x8b\x84f\xa0z*\xa2\x80\x88\xd2\xc2\xae\xe1\
\xbd\x9d\xb5\xd9\x89\x9f\x0c\x14\xfc\xd7l\xff\xad=T\xb1\
\xe109y\xa8\x01\xd2\xbe;?\xb8\xf3\xb7\x17\xc7\x8f\
\x9f\xd2\xa4\x88Y(\xc0\xb6/]\x14\x13\x82\xde\x0e#\
\xad\x8b}WHgV\x83\x10\x12\xbb\x87w\xa6\xfdz\
\xfd\x07\xeb\xe5\xca\x1d\x1b\xfa\xed\xc3\xf1!OX\xe2i\
\x08\xfc\xba\xa6\xd7\x9f\x942\x9a\x83\xe8\x00\x08\x04\x00\x9d\
\xb5\x10\xf9\xf5\xc7\x19\xca\xaf/t_\x7f{f\xa1\xb4\
\xf4J'\x99M*\x00\x0c\x22\x11\x9eR+\xfc\xe1\x1c\
\x17\xed\x11\xb0\x01(\xc5m\x81\xfe=P*Tx\x22\
T\xc1\x11\xa0b2\x13\x0c\x81k\x9e\x80\x01`\x08\x18\
\x02\x86\xc0V'@\xef~\xb6\xfa\x12\xcd\xfa\x0c\x01C\
\xc0\x100\x04\x0c\x81\xadG\xa04\xdaQ\xcb\xe4\xf3\x87\
\xca\xa5\xa5\x80W\xc7\xc2\x02?i\xc4\x1f\xf0\x05\x8b\x1b\
\x5cx\x1e\x8b\xeb5\xb0hh'R\x02B\xff\xe6\x10\
\xf1\x16j\xbe\xa1\xf7\x05\x81\xb6gR\x9d\xdd\x8f4\xea\
U\x1aZ\xaf\x88\x0d4n\x1c0\x16\x1f\xe2\x0c\x00\xfb\
\x1c\x19H\xec,\xf6\xc8\xd2\xc9\xd1\xd7\xd7\xa4\x7f\x9b\xf9\
c\x22\xf0\xac^\xd5'\xbf\xb6\x80\xe8\xfc\xaf\xdc\xc0\xce\
\xff9}\xf4\xf1\xe9\xd0o)\xd4*\x12k\xf9L\xd1\
fFg\x05\xe8\xe24E\xe7\x0ck\xeb\xf8\x8c\xb1\x01\
\xa9]\xc2J`\xd7\xf6\x9d\xfd\xad\xb9\xd1\x9f\xd5\xa0\xff\
\xbfeA\x10\xcf9\xc8%\x14\x96\xc7\xbe\xb4\x04\xc2\xfa\
\xab\xc2\xe0\xee?\x5c8\xf5\xd4\x94\xd2\xbe\xe2\xa7R\xd7\
\xfa\xcc\xe7\xeb|C\xb6\xeb\xd6\xf8\x1d5\x15\xc2\x02\x10\
H\xc1\xc6\x9em\xc3y\xbf\xb2\xf0\x83\x8dZ\xf5\xad\x1d\
#/\xe3\xaf\x0c#\x5c\xf2u7\x7f=x\x0ctX\
\x0d\x82\x80\x84Fz\xc9\x85a\xf4\xfa`a\x10\xa4\x93\
\x09\x94\xba\xd4\xdf'DT\xf6nU)\xdd\x94\xc9\xe6\
\xe9u\x1b\x8b\x98\xbc&\xb6\x8b\xb9\xc8m\xd8\x17\x9e\xbf\
Vox\xb6\xed\xdc\xef4\xd2s\x17\xebg\xea\x0d\x01\
C\xc0\x100\x04\x0c\x01C`k\x10\xa07\x0f[c\
!f\x15\x86\x80!`\x08\x18\x02\x86\xc0\xe5\x11\xb8Z\
{\x1d\x0cl+\xfdU\xdfs\xebH:\x00?\xd4$\
4\x7f=3~\xea\xe7|\xab\x12$rh\x12z\x04\
\xf0[\x00\xd65\x10d6\xd3\xe9\xb6\xca\xdf\x08\x83\xfb\
7\xf4T^i\x04j\xe9t\xee\xf3\xcdV\xbd\x81B\
k\x16\x83\x10y\x1e\x00~r\x8c\x0d\xa2\x8b}\x8cM\
\x00\x82\x10\x12\x14\xf9\xe3tu\xedj\xd6j?\xd1\xbd\
}\xb2\x0f\xcc\xf5\xac\x12\xa8\x8c\xdf\xbb\xa8\x95\xfb\xa7\x22\
\xdf\xfd's'\x8e\xceH\x89\xdaq\x1c\x90\x92\xbf=\
N\xbbD\x87l\xadC\x9a\x8e\x0e[\xbb,J\xd3\xd9\
\xa2\x96\xed\xa2H@\xd4Z\x93\xe8\x05\x88\xd2\xc2\xce\xed\
\xd7\xf7\xd5\x17\x16~\xc6I$\x7f\xb4\x7f\xcf+\xf9I\
\xb8\x95\xb6\x97\x9b`\xbf\x83\xa0\xf1\xbfD\xb6\xe7\x8f\x16\
N\x1e\x9b\x12\xf4\x12\x90\x92\xce\x139\xa4\xe9L\xb5\xc7\
e?8\xad\xa9\x1c\x96\xcb\xb9\x8c\x8d\xcb\xf9l\xb2i\
\x12\xac\xd9 zB\x10\xa9Jb\xd7\xf6]\x19\xbf\xd9\
\xf8\xa1\xc0\x0b\xde:\xb0\xf3\xd5;\xa8\xf0\x92\x83%\xec\
9@\xbb\xcc\x1d\x059\xc9\x86\x88\x80(\x01\x92\xa9\x94\
e\x8b=02\xc2\xb0\xb9\xc9Empp\x7f\xcaw\
\x9b\xaf\x02Kn\x03)\xe85D\x06x\xd1~\x10\xb5\
\xa1\x7f0\x88\x03\xa2\x04A\xff\x164k\x95*X\xc9\
\xaf\xce\xcd\xf54\xc1\x5c\x86\x80!`\x08\x18\x02\x86\x80\
!pM\x10\x10\xd7\xc4*\xcd\x22\x0d\x81s\x110e\
\x86\x80!`\x08\x5c\xe5\x04l\xed<\x81\xc2\x19\x0b}\
W\xf3RX\xd8@\xe4\x0f\xfaQ6\x12c\xb8|\xad\
\xf1\x93\x83\x9c_m\x8b\x98\xcbwH\xa8V_\x99j\
\xf9E\xae\xbbl;x0\xd0\x16|\x0d\x94\x1es\x1b\
M@\x5c\xf5eu\xcc\xd8\xb7v\x9e\x85\x1b!\x04(\
\x00\xcc\x15:\xaczy\xe1[ !^\x0f\x07\x0eX\
`\xaeg\x95@m\xe6\x91\xd9T\xb1\xe3c\xc9\xee\xfe\
?\x9e>zx\xc6\x22\xa5\x88\xb6&zB\xb0}n\
.\xe6\x10\x9f\xab\xb5m\x10\x11x\x7fQ\x0a\xb4\x13i\
\xec\xdb\xb1ch\xf1\xe4\x93o)U\xca?\xd33\xf2\
\xe2~\x00X\x8f\x82\x05\x17\xba\xea\xb3\x8f\xcd\xa6R\x85\
\xff\xe9\x14\xfb\xfet\xea\xc8\xe33\xbe\xdbRZ\x05\x80\
\x18\x9f?\xf6\x091N#+~|\xda\x96\x07D\x5c\
\x9d\x9e\xdbq1b\xbb-\xd5\xb1`&l\xec\xea\x1b\
\xca\xd5\xa6O\xfdP\xa91\xf7K\x85\xe1\x97\xec\xa4v\
TI\xf7u\x06\xcc\xd9\x15p\x9ci\xdf\xf3\xb5R\x0a\
\x90\x04I\x9e\x8f\x0cS\xa9\xa4Cn\xed-\xa8\x5c\x0a\
\xd6y\xb5\xd2\xb9b\xad\x5c~]\xbaX\xcc\xc8H\xb0\
\x05\xe0q\xb9;\x8d\xc9\xd1\x05\x0d\x11!\x08<P:\
\xd4\xd0r'%\x86\x8f\x00\xdc\x1d^\xb0\x93\xa94\x04\
\x0c\x01C\xc0\x100\x04\xaef\x02\xc6\xf7\xd3\x08\x181\
\xf04\x1c&c\x08\x18\x02\x86\x80!`\x08\x5c=\x04\
\x5c\xf0\x17\xd2\xb9\xdc\x03n\xab\xee\x0b\x89Z\xf1SM\
Z\x03\x22\xeb\x14m\x8b\xd7\xa3)\xcb\x86H\x09*B\
\x8cc~\x0a\x0a-\x09\x800\x8c\x8ex>\x00\xa5\xe0\
\xf2/\xad\x1a\x13$.\xde\xef\xba-\xdf\x122\x12\x82\
4\xf9\xa4@\x03\xcf\x0f\xd1\xf0<7\x02\xa2\x00D\x8e\
\x11X\xc8\x10ha\xb1\xb7\xbf0?>\xf6\xa3\xb9\xa7\
k\xbb\xc1\x5c\xcf:\x81\xfa\xe8\xfd\xd3\xf9\x5c\xfac\xa9\
\xde\xed\x7f1y\xe2\xd8\x82%P\xdb\xb6<KX&\
\xf1*z\xda\x13@\x93\x8f:Js\x19e\xce\x08\x0a\
XP\x14\x10\x8d\x81\x9a\xf6\xb8kxo\x7fkv\xf2\
g\x96\xca\xf5\xff\x92\xdbv\xc3\xc6\x04\xe8x6]\x9f\
c\xbf\x8b\x7f\xe8t\x0e\xfe\xef\xa5\xf1\x93\xf3\xe9dB\
;\xe47\x0be\x9a\x0e\x1e\x9fAD\x8c[\x9f\xe3\x8e\
\x18\xd7\xa1\x86x-\x92VF\xaf':\x99\xd1\xd9\xa4\
R\xec\xdb\xb9'\x1f4\xdd\xff\xd2\xaa5\xde\x96\x1c\xb8\
\xf5\x92\x9e\x10\x9c;\x0c-\x91H\x8e\xa9\x90\x84\xc0\xe5\
\xb9\xe8\xf4GB\xabe9\x02\x85\xde%\xc3t\x06\xd6\
y\xa9\xd0\xdb\x15\xd4\xab7\xdbvB*Z \x22\x02\
\x22\x02-5\xb2\xf60\xe7\xcb\xd32AJ\x09a\xd0\
T\x90J\x1d\xae5\xdc\xe9v\x1f\x13\x1b\x02[\x8d\x80\
Y\x8f!`\x08\x18\x02\x86\xc0\xd9\x04\xc4\xd9E\xa6\xc4\
\x100\x04\x0c\x01C\xc0\x100\x04\xae\x06\x02\x95>\xaf\
j\xd9\xc9\xcfT\x17\x16K\xbe\xefF\x82\x0d\x22\x09\x02\
\x9a\x847\xb2\xb5k`\x91\x83\xf3,\x8ap\xdc6\x16\
\x04\x10$&\xbb\x8a]\xae\xeb~gw\xf7\xedY\xd8\
\xc0\xb5t\xfcPU\xc8\xe4\xbfx\x8b\x8bKJ\x85\x9a\
E\xbe0<\xfd\x81#D\x5c\x99\x011N\x0bR\x8c\
\x90\xc4\x09'\x99E\x90x\xab\xe7\xd5\x7f27\xb8\x7f\
S\xbeJ\x0a\xe6\xba$\x02\xb3'\xee\x9b\x05\x07~\xcf\
Jg\xfed\xfc\xc9\x87\xe6t\xe8)\x92\xc6\x80\xf7\x91\
\xf7\xb3=\x18\x22\xef]\xdb\xda\xa5q\xbc\xf6\x9cq\x9a\
\xfb\x09a\xb1`\x85 ,\xec\xd9y]1X:\xf5\
\xd3R\xe4\xfesn\xdbK\xba`\x13\xae\xf9\x93\xf7L\
\xcbT\xea\xf7D\xbe\xe3\xcf&\x8f<\xb1\x10x\xae\xe2\
\xd7\x05\xff6\x1e\xdb\xea\x14,\x85\xad\xe6\x10\xe3\xd7\x0c\
\x97 \xae\xa6\xd9o6Dd\xbf\x01\xa5\x83=}\xdb\
\xd2n\xa5\xfc\x83a\xd3{W\xcf\xee\x03{\xa8\x0f\x92\
\xad#\x1c\x0c\x13\xc9\xf4q\xd7uCT\x9a\x04R\x01\
,\x90sGI\xe7^\x87A\x0f\xe9\xa49\xce_\xd4\
\xf6\xecIx5\xf7\x9b\x9dt\xbeS\xdaN\xe4\x1b\xf7\
A\xbc\xb0+\x88q=b\xbcF\xdf\xf7t\xa3Rk\
$\xd2\xd9/A\x05j<\x861C\xc0\x100\x04\x0c\
\x01C\xc0\x10\xb86\x08\x181\xf0\xda\xd8g\xb3JC\
\xc0\x100\x04\xae\x11\x02\xd7\xd82\x0f\x1d\xf2\x01\xed\x07\
@\xab\xf10T\x9a\x055&\x80\x18\x7f\xe8\x8f\xd2*\
\xba\xf3\x0d\x80D\x08\xc45u\xcbi\x16<\xf2\xf9\xa2\
\x136\xea\xaf\xc6\x8cb\x81#n\x7fywE\x12\xcc\
\xd7\xc0\xb6\x8f\x81\x0a(\x8a\x04 @\xe0G\xad\xe2\xb7\
\x1d<\x9f =\x86\x0d\x80\x85K\x05\x88\xb1@\x11(\
\xc5\x7fL$\xed\xd6\xaao\xb6\x92\xce\xcb\x00`\xd5a\
0\xd7\xb3D@7\xc7\x1f\x9eH$:\x7f\xc7\xea\xec\
\xfb\x8b\xd9\xb1\xd1y\x89Z[\x96\xa5Y\xb8j\xfb\xc0\
\xfb\xd8N\x9f\x19#\x9e\xbem\xed\xaf\xe7\x86!\xef7\
\xa0F)\xba\x86\xf7\x0d\x94N\x8d\xfe<\x09a\xdf_\
,\xbe4\x7f\xe6\x18\x97\x91\xd7\xcd\xc9\xfbO%\xa4\xf3\
\x07\x90\xca\x7f|vr\xac$@k\x8b\x8e\x96\x5c\xf3\
UZ\xc4\xf8\x1c\xb6\xc7\xe7u\xb0q>\x12\xe8\x04\xf9\
N\xaf\x15\x01\xd4\x11\x15@tP\x05\xb0\xa0\xe9\xab\x10\
\xbb\x06\x87r~\xab\xf2\x03\xf5j\xe5-\xc5m/\xdd\
\xc6\xfd\xd6a\xda\x92\xf6q\x1dz.\xb5\xd5\x88\x08m\
\x96(\x04\x84Zgi\xcau=%\xd9Q\xcf\xf57\
\x16\xe7\x0f\xe4;\x8b\x09\xcbrP+\xf2Z\xd3\x0b\x0a\
\x80\xc0\xc6\x06\xcb\x17R1\x9bFz\xa5\x91\x01\xff\xae\
\xa8B\x10\x96\x04D*\xf0\xbc)\x99p\xbe\x0ap\xd8\
\x07s\x19\x02\x86\x80!`\x08\x18\x02\x86\xc05C@\
\x5c3+5\x0b\xdd\xda\x04\xcc\xea\x0c\x01C\xc0\x10\xb8\
F\x09t\xa2\x98\x92\xd9\x8e\x07k\xf5\xca\x8a\x18x&\
\x8aH\xcb8\xa3\x10\x91\x84\x0e\x12\x10X@D\x12G\
4J\x90Ig[+\x0c\xbf\x19\xf6\xeds\xceh~\
I\xd9\x96\x0a\xe7\xd3]=\x9f)\x95\xe6\xdc\xd0\xf7I\
\x8e !\x82\xe6Z;\x08\x22\x09\x11T\xc0\x22\x0c\xfb\
@I@\x8c}\x92v\x023\x9d\x1d\xddK\x13S?\
\xd1\xb1\xf3\xe5\x97\xf4uL\x1e\xc7\xd8\xe6\x10\xa8\xcf\xde\
7\x9b\xef\xca\xffn\xb6\xab\xf7\x8fg\x8f?=#Q\
\xd1\x19\xc3H\x14\xe3}\x8bg\x11\x14\xb1Qt\x91\xc0\
}X\x00\x13\xc2\x02\x10\x02\xa4\x9d\xe4?\xce1X\x9b\
>\xfc\x0bU]\xfd~\xe8\xdcU\xb8\xc8\x10\xeb\xaan\
.>2\xd1\xdb\xdd\xf7k2\x99\xff\xeb\xb9\x13G\x97\
,\xdb\xd2\xa8B\x08C\xbdr\xc6\x10\xf1\xb4\xb1\x10\xe3\
<\x22\x92|\xa8\xa3:\xf67J\xd0\x0d\x91\xeb\x05I\
\xd7\x02PZ\xd8\xbbm$\xd5\x98\x1d\x7fs\xa5Y\xfa\
\xa5\xe4\xe0\xfeu\x9dQZ\xf6)\xf0\x82:?a\xc9\
\xaa\x1d\xc7$\x02\x92`\x9e \xad\x14\x1d\xa54\xff\x86\
\x22\xcdv\x810r \x19\xa2\xfc&\xe2w\x9d\x95H\
\x0aD\xf6+n\x8f\x88\xd1\xfa\x10\xe38.=\xf7=\
\xf4\x03\xa8\xd5\xab>$\xb3\x0fH\xd0\xa7\xa8\x95&3\
\xc1\x100\x04\x0c\x01C\xc0\x10\xb8:\x08\x18/7L\
@lx\x043\x80!`\x08\x18\x02\x86\x80!`\x08\
\x5c1\x02\xa3\xa3\x07[\x1d\x1d\xc5/\x05\xbe\xd7\x22\x0d\
 zrk\xad\x88\xa1\x10 $\x09CG\x1f\xf5\x91\
\x84\x0ev\x95\x0a\xa32\x05\xfcF\x80\xfaA\x10\x04X\
\xe8\xc8'\x1a\xd5\xf9o\xeb\xaewm\xeck\x9b3\x8f\
4l\xc7\xf9\x97\xb0R\x9e\xd0:\x8c\x05\x0a\x9a\x96g\
U4od\x94a\xdf\x10I`\xd1@~\x90o\xa1\
\x02P\x1a\x10\x11R\xe9\xbc\x04\xf0\x0fx\xf5\xe6\x8f\x14\
\xf7l\xcaSc\xe4\x81\x09\x97H@/\x1e\xbdo\x5c\
+\xfb\xf7\xadB\xf7\xff\x9a:~d.\x08}\x85R\
h\x8d\x00l\x00\x8a\xf6K\x9fwXDj\xb8\x5c\x8b\
H{\x8c\xb4\xfbd4\x0c\x97\xa2\x93H\xc9\xcem7\
\xef\xf2\x97f\xde\x96Kt}w_\xdf-\x19\xae\xd8\
\xa0\xe9\xd9\xb1/\x9d\xc8\xe6\x93\xbf\x0d\xd9\xc2?\xceL\
\x9c,k:X$ziD:Vt\xda\xf85\x82\
\xb8\xea\x9b\xe6\xa4@\xd6\xe8@\xd2\x99\x04\xc1\xbeB\x94\
\x17\xc0iE#hJ\x01]\x02\x00\x05v\x8f\xec.\
\x04\xf5\xe6\x7f\xd5A\xf03}\xbb_\xde\x0b\x17\xbbP\
-\x82\x90\xa5P\xc5\x7f\xdc\x04H\x10E\xad\xe95\xa9\
\xc1\xb2\x1c'\xf0\x83!\x1a\x02\xc9\xce\x1b\x8a\x16tW\
KK\xdf\x9b)\x16\xba\xe85\xcb\xaf[\x1aF,\xef\
\xc5\x19\xddh\x0d\x00\xe4+\x19\x22F\x95\xfc\x14a\x94\
\xd2$C6\x9a\xd5tG\xc7\x7fT's\xa5\xa8\xd2\
\xdc\x0c\x81\xab\x80\x80q\xd1\x100\x04\x0c\x01C`s\
\x08\x88\xcd\x19\xc6\x8cb\x08\x18\x02\x86\x80!`\x08\x18\
\x02W\x8a\x80\xc4\xe0A\x12$\xa6\xc3\xc0\xd3\x00\xb1\xb8\
\xb0\x1e_\xf8\x89<\x16E\x22#\x85 \x9d\xcdC\xd8\
h]\xef\xa9\xe0\x00\xf5\xdf\xc8{\x04-\x1d8\x22;\
z\xfe}ii\xdeE\xa4\xc1I4RJ\xd1\xb0\x00\
\x88$\xae\x90\x08\x02k.\xf6\xa1\x9dE\x14 \xa4\x8d\
\x1d\xfd\x83\x99\xc6\xec\xd8\x8f\xd6\xcb\x8dWP\x1d\x0fB\
\x91\x09\xcf6\x81\xfa\xdc\xfd3\xb6\x95\xf8}H\xe5\xfe\
d\xfe\xd8\xe3s\xa0\x03\xda.\x05\xfcd\x1b%\x221\
\xebL\x9f\xb8\x9c\xcb\xdaq;\xcdy>wRF\xd2\
\x1c\x09\xd5\x08\x89d\x06;\x06w\xee\xacN?\xf9\xd6\
\xa6H}OO\xcf\x81,\xb7_c\x97\x93\xd4\xe5\xb1\
\x07N$\x92\xa9_\x03\x1f>\xbe0v\xbc\x8c\x02u\
\x18\xc6\xdf\x86e?\xda\x86\xb8z\xb4\xb8\x8c\xcf)\xc7\
\x88q9\xa7#\x07H\xc4\xe4\x18\x11I\x18D@:\
\xa3]\x03C\x19w\xf6\xd4\x8fV\x1b\xad\x1f\xbf\xd8o\
\x5c\x06\xadV\x1d\x10&<\xcf\x8d^\x08\x88\x08<\xb6\
D\x01\xd2\xb1\xadf\xb31\x02\xfb\xf7[<\xc7y\x0c\
\x85\xc2\xe7C\xa3~s*\x93\xa5n\x02\xe9\x8a\xc6\xe0\
\xf6<\x16\xc7g\xda\xda6\x9cF\xd4\xa0T\x08\x10\xf8\
\x13\x99l\xf6k\x00\x07\x833\xfb\x98\xbc!`\x08\x18\
\x02\x86\x80!`\x08lm\x02bk/\xcf\xac\xce\x10\
0\x04\x0c\x01C\xe0\xea%`<_/\x81\xa6\xa7'\
\xecD\xe6\xdeV\xa3\xea\xc7\xffa\x8f\xef\xed\xfe,\x00\
\x9c\x9dF\x12\x11\xb8\x14\xe9\x16\xa7\xc3\x00\xb1\xd0\xdb\xd7\
\xe56*o\xce\xec|i\x0fU\x5cvX<z_\
\xb5P\xe8\xfe\xc7\xb0V\x9f\x13$\xc2\x08\xc1O/)\
\xd0\x8a\xe6\x22\xe3\x81\xd7\xfa\xc5Of\xb1E\xedH(\
d\xa1\xc9\xb2l\x91\xea\x1d\x18v\xe7f\x7f*\xd9q\
\xe3\xba\xbe\x8a\xc9\xe3\x1a\xdbt\x02\xba\xb9\xf0\xf0D&\
e\xff>\xe4z\xfeb\xee\xe4\xf1\x05\xdeE\xcb\xb24\
\xef\xa1\xd6\x08\x1c\xf3\xacmA\x8a\xf7\x91\xf3g\x1aj\
\x0dl\xfc;|\x9a*y\x9f\x15\x0aL\xa62\xb20\
\xb0\xf7\x86\xca\xd4\xd1w\xba\x89\xd6w\x0e\x0e\xeeOS\
\xf5F\x83v\xe7\x1f>\x92(v\xfe\x1aX\x89O\xce\
\xce\x8eW\x1dK\xf2\xb4: 1,\xd4\x8a\xfc\x964\
\x87\xa0\x98VD\xbeQ&\x0a\xa4\x97\x01(n\x0aQ\
\x1d\xe7\xa9\x15P!\x19\x05jKkE\xa4\x85\x16w\
\xec\xe9iL\x8f\xff4I\xa4?t\xa1\xa7X\x13A\
\xa6\x09B<\xd5r\x9b\xb1\x22\x09H\x03\x01\x89\xaa\x1a\
$ZB\xb9\xeep\xf7\xc9d2*<\xc7\xad\xfb\xfa\
\xdb\xb3\x8b\xf33\xdff\x17{\xba\x11\x05\x02\x89\x93,\
\xec\xd1K\x0b\xd87D\x5c\xd3\x8bJ4\xd9r\x19\x22\
\x02\xf9K\xffW\x01\x00\xb9\xacU\xe0\xfa\xc9\x9e\xbe\x07\
\xdc\xa6;\xb6\xa6\x93I\x1a\x02\x86\x80!`\x08\x18\x02\
\x86\xc05B@\x5c#\xeb4\xcb\xbc\x9a\x08\x18_\x0d\
\x01C\xc0\x100\x04.\x89@u\x22]F\x09\xff\xd8\
\x9c\x9f[bq\x05\x11O\xeb\xcf\x22@\xbb`m\xba\
]F\xe2\x00\x90\xb0\x03\x8a\xc4\x8fL\xa6 \xddz\xf9\
\x15\xc2\xd3/\xa6\xfa\xd3\x07\xa2\x82K\x08Z\x82\xf5\x90\
\xccw|\xa5^-\x85\xfc$\x12\xcf\x8d\x88\xd1\x10J\
\x910H\x82J\x94\xa1\x1b\x22\x02\x22R\x0aVb)\
l\xc8\xe6:%\xd8\xf2@+\xf4\x7f*?\xb4o]\
\x7f`\x01\xcc\xf5\x8c\x10\xa8\xcf\x1d\x9e\xee\xec\xe9\xfd\x03\
+\xd7\xf17\xf3\xa3G\x97@\x87\xb4\xa5\xfc\x94\x99\xa2\
\xb3\xa3\xa2}C\xc4s\xceM\x0dO+\x17\x80 \x05\
\x80 %\x8b\xebX\x1f\xb6S)\x91\xef\xdfq}e\
\xfc\xe1\xb7\xcd\xb7\xdc7\xc0f\x09\x82s\x0f\x1d-\x0e\
\x0c\x7f\x04B\xfb\x93\xd3c\xa3\xb50\xf4#\xf1\xcc\xb6\
mh_\xecC;\xbd6\xe6r6.k\xc7\x00\x8a\
\xb3\x80\x88\x80R\x82\xe5$\xb1{xW\x7fs\xea\xd1\
\x9f^\x9c\xaf\xfe'8\xcfW\x9d\x17\x17\x17\x5cP\xfa\
\xb0\xae\xd5\x9b|\xfey\xed\x88\x18\x8d\x95L\xa6\x04\xb8\
\x8d~\x95\x08\xce\xf7\xbb\x89B\xbb\xb8OU\xe6^\x91\
\xc9f\x13 0\x12\xf7\x101b\x08t\xb5\xfdC\x8c\
\xc7\xa4\xa2\x95\xc0\xff.x\x9e\x17\xf9\x0cY@\xd1\xfe\
\x00\x00\x10\x00IDAT$\x09\x96\xcbK\x8b\x1d\x1d\
\xc5OW\xf6$*+\x8dL\xc2\x100\x04\x0c\x01C\
\xc0\x10\xb8\x12\x04\xcc\x9cW\x84\x00\xbd\x0d\xbb\x22\xf3\x9a\
I\x0d\x01C\xc0\x100\x04\x0c\x01C`\xd3\x08\x1c\x0c\
\xbcf\xe3\xab\x00\xea\xa8\xef{\x9a\x9f\x16:s\xe8\xb6\
Ppf9\xe7Y\x94\xb0e\xfc\xedD\xfe\x1b\x0b\x89\
L\xae\xe0\xb6\xaa\xdfMbL\x8a\xeb/\xd7\xe6F`\
>\xdf\xd1\xf5\xd7\xf5\x99\xe99\x9a_\x0b\xb4\x80e\x0a\
6\xfe\x9a(\x22\xa7 \x125\xe8N\xd3h@\x8c\xcb\
P\xb3\xd8A\xa5T\xd418\x94\x85z\xf5\x87\xa5\xe8\
x=l\xf0\x8f\x9b\xd0$&l\x80\xc0\xd2\xf1/\x9f\
\xca\xe6\x0b\xbf\x0d\xa9\xf4?\xcc\x8e\x8f\x95%\x82r\x9c\
\xf8\x09A\x16\xb8\x90\x04e6\xda\xef\xd3fA\x8c\xf7\
\x15\x00\x01q\xf5\xedg|Vc1Q\x08\x89\x89L\
V\xe6\x06\xf6\xde\xe4-N\xbf3\xab\xe0\xdb`\xe8\xb6\
\x0d\x9dA\x88/\xbd8v\xcf\x93\xc5\x9e\xce_\x01a\
}rqb\xbcJB\xa0N8)Mq\xf4\xbb{\
\xa8\x05\x08\x90q\xeb5wD\x5c\x93\x03j\xa3\xe9\xbc\
*\x88\xfc&A\x0e5@\x18*\xd4h\x89\xee\xe1\xfd\
;\xa14\xff\xf3)%_wn\xbf\x8f\x06\xe0\xbb\xc7\
@\xd5\x1b\x88Hc`$\xc2K\xdb\x22\xb7h0\xd0\
\x9d.\xa8\xee\xd3&\x5c\xcet\x8c\xbc \xbf\xb00\xff\
]\x90\xca\x8fHi\xc7\xd3C<\x067a\xdeB\x08\
@D\xf2\x8f\x9c\xe2\xc2\xc8\x14\xddUTN\x89(\x16\
\x92$\xc9 x\x9a\xf4\xf8\xaf\xc3A\xf3\x15a\xe6b\
\xec\xca\x100\xb3\x1a\x02\x86\x80!`\x08\x5c9\x02\xe2\
\xcaMmf6\x04\x0c\x01C\xc0\x100\x04\x0c\x81M\
#\xd089\x9b\xee\x1d\xfa|\xad\xba\x14h\xad\xa2a\
\xf5\x19O\xdeE\x85\xcb\xb73\xebX\xc8\xe1*\xd2\xe0\
 \xd7\xd1\x89\xde\xd2\xe2\xcb;l\xe7z.\xbbl#\
\xa1\xc1\x17\xea>\x12\x8e\xeeo\xd6k\xa1@\x1d\x09/\
<\x1e\xe2\xaah\xd1\x161\x10\x91\xabb\xc1\x82\x84\x0d\
\xce\x84\xb4\x16\xdbJ`\xd7\xf6\x1d}KcO\xff|\
w\xa3\xeb6\x807J\xae3vE\x08\xe8\xd2\xe8W\
O&R\x85_\x07\x05\x1f\x9f\x1e=Z\x89v\x92\xce\
\x1a\x9f!6>[l\xe7\xf1.\x12\xab\x04\xe9U,\
\x1ar\x1bD\x8c\xf6\x9c\xd3\x92D\xe9d:/\x8b;\
F\x9eW\x9b>\xf6\xf6\x0e\x0b\xbeed\xe4@\x126\
~\xa9\xc5\xb1\xfb\x9et\xd2\x85\x0f\x03\xc8\x7f\x9c9q\
\xbc\xea\xb9M\xf0}\x17\xd6\xe3\xf3\xda\xe9\x111\xca\xf2\
\x1a\x11% \x19\x9fS+\x91\x94\x83\xd7\xdf\xb8\xaf9\
w\xf4\xed)\xaf\xf5\xfas\x08\x82\xf4\xc2\x94\x93\x00\xad\
j\x10x$=\x22H)c\x1e\xc2\x02\xb0\xac<\xa8\
\xb0\x1f\x804G\xba\xad\x0d\xf5\x92\xb7\x13\xaa\xe3\xaf\xed\
\xec\xee\xce \x22 \xe2J5\xfb\xc1\xaf\xa1v\x01b\
\x5c\x87\xb8\x1a\xb3\xe8\xc9\xed\xf8\x09\xc1\xf2\xd2R+\x99\
\xcd\x7f\xc9\xaa\x97\xa6\xdb}Ll\x08\x18\x02\x86\x80!\
`\x08\x18\x02\xd7\x16\x01qm-\xd7\xac\xd6\x100\x04\
\x0c\x01C\xe0\xca\x100\xb3>\x0b\x04\xc2l\xae\xe3\xb3\
~\x10Ni\x085\xeb\x00:\xd6\x02N\x13\x0e\xda~\
 .W\xb6\x0b\x80\xd4\x192\x16\x0c\xa4\xb0\xd1\xca\xe7\
\x87U\x10\xfeP\xf7\xf5\xb7\xe7V\x9a\x5cF\xa2v\xec\
+\xf3\xc9L\xee\xef\x9b\xf33\x0bZ+\xcd\x8f4)\
\x12\x8ex(D\x8c|\xd3\x9c'\x99D\x87\xec\x03\xd7\
\x00h\x8c\x0d\x14\x92XC\xe5VB&z\xfb\x9e?\
?;\xf6\x0b\xf9\xa1\xb1]q+s\xbfB\x04\xb4;\
\xf7\xd0\xd1|\xcf\xe0GA8\x9f\x98\x9c\x18\xad\xd2\x1b\
J\x85\xb4\xb9d \x96\x85\xdc\xb6o\xd1\xfeR\xa6\x1d\
S\x92\xb752N\xb3q?\x8eY\xac\xa2\xe3\x80\xd2\
NY\xd9\xfe\x1d/(\x9d\x1c\xbd\xa3\x14\xba\xdf\x0a{\
\xf6$\xb8~\x83\xa6\xbc\xc5\x07\x9f\xc8\xf7\xf5\xfc\xb2H\
d\xee\x9e\x9b<U\xb1\x04*\xdb\x96\x9a$9\x10$\
<_l|\x05t0#\x03R\xec\x90\x84\xbc0\xb6\
P\x91\xb0\x18\xa0\x1f(;\xd3\xb7\xfb\x05\xcd\xd9c\xef\
\x94\xd5\xca\xeb\x01N\xf3\x9b\x0e\xb27\x03\xa0*\xa4\x8b\
k\xe6\x844\x8a\xa2s\x1f\x8d\x9bHf\x03?\x1c\x06\
\xd8G\xca \xac\xb9F\x92~\xa9\xfa\x06pzv\xa2\
t\x10\x85@~}\x80\xa0\xf9\x11\xa2\xd7J\x9b_\xbb\
\x13m\x05%iT\x8c\xc5J\xcf\xf3\xc0\xb6m\x90\x02\
t\xbd\xde:\x95Ld\xffmr\xf2P\x93\x1a\x99`\
\x08\x18\x02\x86\x80!`\x08\x18\x02\xd7 \x01z\xefv\
\x0d\xae\xda,\xf9\xd9#`f2\x04\x0c\x01C\xc0\x10\
x\xd6\x08XR<\x9d\xc9v\x1e\xac\x94\x96<~\xda\
I\x00)\x05\xcb\xb3\x9f)\x16,\x17GQ[\xa4\xe1\
>\xdc\x0eQ@GGW\xb2\xb28\xfb=6\xa4\xaf\
\x87\x8d]\x0a\x15~\x11\xa4\xfd\xe5Ze1\xa4\xb94\
\xcf\xc3C\xc6s\x9d\xed#\xb5\xe1\xea\x15\xd3\xa4|H\
ia.\xdfa\x91\xf2\xf2M\x95\xa5\xb9\x9f2\xbf\x1f\
\xb8\x82\xe7J%te\xfc\xdec]\x83\x03\x1f\x85\x00\
>9s\xeaxM.o\xe5\xda\xfd\xe34\xef3;\
\xd9\x8e9}1\xe33\x98\xcd\x17e\xc7\xc0\xe0\x0bK\
\xa7\x9e\xb83\xdf,\xbe\x066\xe7\x09A\xf2\xfb\xbe\xa3\
\xc5\xbe\xae\x8fj\xe1\xfc\xf3\xd4\xa9\xd1\xbaM\x0a\x19\x9f\
I_\x85t\xbcH\xaf\xbb\x98sT\xcf\xebj\x9b\x10\
\x22\x12\xda8\xd6\xd4\xddI\xa6\xad\xfc\xb6\xeb\x9e\x1f\x96\
\x8f\xfd\xa2\x95O\x1c q\xcf\x81\x95+S\x02\xb0\xe7\
\x83 \xfe\x03\xbe\x96\xc5G\x9a\xbfz\x8c`[N\xc2\
w[;\xa1\x07\xd6\xb4\x07p\xba\xbaF\x00*\xaf\xcb\
\xf7\xf6\xe5h\x8e\x882\xcf\xbd2$%\xce\xccS\xd1\
\xcaZxmR\xd8\xe0\xbb\x9e\xa6\x7f\x1b\xfcd2\xfb\
\xe5 \xb0\x1f\xa76\xe4-\xddM0\x04\x0c\x01C\xc0\
\x100\x046\x8b\x80\x19\xe7\xaa! \xae\x1aO\x8d\xa3\
\x86\x80!`\x08\x18\x02\x86\x80!pA\x02\x93\x83P\
J\xa73\x7f\xef\x95\x16gQ\x87\xdaB\x01\x82>\xee\
\xa3b\xb1\x81\x12\xd4\xbb-\x1a\x90\xbe\x06\xfcd\xd1\xaa\
@\x83 \x84\x04\xd4\x22\xfe*\xaf\xb0\xc0r\xacm\xf5\
z\xf9\xdb`\xff~\x1b6p5\x17\x8b\xd3\x9d\x83#\
\x7f\xee.\xccLHT`\x91j\xa4\xc9\x01\xa5\x00X\
\xa8X\xf5au\x12\xf6\x83\xcd\xb2\x04\xb0\xa9 d\xdf\
\xb0gp8\x03\x8d\xfa\x0f*\x95\xfa\xc1\x9e\x9e\x03Y\
0\xd7\x95$\xa0\x17F\xef}\xda\xc9d?\x0c\x9e\xff\
\xa9\xf9\xb9\xc9\xba\xb4\x84\xd6\x02\xe9\x98\xad\x9e\xb9Kq\
\x90\x8e\x05\xa0\x14\xc0O\x08\x02 &Ri+\xd53\
\xf4\x82\xca\xdc\xcc\xbb\xbbd\xf8\xad\xb0\xe7u\x09\xd8\xf8\
\xa5\xe7\x8f\x7f\xe9h:\x93\xfc\x15\xf0\xd5\xff\x9b\x9b\x9b\
n*rYJI\xaf\x01\x11\x9d\xc9\xf6\x14\xec\x0f[\
;\xdf\x8e\x11\xb1\x9d$/12.@\x85<\x06\xa6\
\xd29;?x\xd3\xfe\xa02\xfb\xceLo\xfaU\xab\
\xbfu9\xea\x01d'\x82\xd0\x8b\x9e\x0c$P\xed\xbe\
\xe8$\x1dK\xb9\x8d\xed\xe0\xae\x11\x03{\xf6e\xbdf\
\xe5{!\xd9u\x83e\xd9\x12\xf8\xd2\x9a^\x0b\xb0b\
\x02\x10\xceu!\x22\xf0\xf8\x5c\xc7k\xb3Hxt\x1b\
\xf5\xb9B!\xff\xcf\xb5\x1b\xe4\x12\x97\x1b3\x046\x8b\
\x80\x19\xc7\x100\x04\x0c\x01C\xe0\xea\x22 \xae.w\
\x8d\xb7\x86\x80!`\x08\x18\x02\x86\x80!p^\x02\x07\
\x0f\x06\xae\xe7\x7f\x15\x12\xc9G=\xb7\xb9\x22j\xb4\x05\
\x01\x8e\x11W\x85\x03\xce\xb3\xad\x1d\x0f\xb1]\x8fX\xec\
\xea\xb6*\x93\xa7\xbe#7-w\xaems\xe9\xe9\x83\
\x81\x16\xd6\x97d\xa1\xe7\xdf\xca\xa5%O\x08\x16\x5c\x82\
\x15\xff\xce=\x1e)\x85\xa0\x00\x11#\xe36B\xb0\x16\
B~m\x1f\xe9\xa9M\x9e\xf8i\x9d\xf5_\x0dp\xc0\
\xe2:cW\x84\x00O\xaa\xbc\x85G\x9f\xea\x1c\x1a\xf9\
\xd5\xb0\xe1\x7f~j\xf2T\x13\xb5\x8a\xc4\xbcX\xd0\xe3\
&\xb0\xb2\x87p\x91K\xd0\xd9\xe03\xc9\xc2\x15\xc7t\
\x02 \x9b\xef\xb4\x0a=]/Z8\xf6\xc8\x1d\xe9\xda\
\xeck`\x93\xbe2\x5c\x9b\xfa\xfaS\x1d\xdb\xb7\x7f\xc4\
oz_X\x98\x9ep\x95\x8a\x1e\x5c\x8d\x044\x9e\xfb\
\x5c\x22\xe0\xb9\xdc\xe7\xb6\xedr\x19\x09\x8a\xf1\x91$!\
\xd3\xc9\xf5\x0d\xbd\xbc>{\xe4m\xc9\xa5\xc4\xcb\x00\x22\
Q]C\xa1x\xc2\xf3\xbc0\x04\x0d\xa4\x1d\x02\x89\xa7\
\x11\x1f\xc7q\x10\xbcJ?\x04a\xb2=^\x06\x93\xbb\
\xa01\xfd\xed\xc5\xbe\xbe|\xbb\x8cc\xc4U\xa1\x8f\xf3\
\x172f\x1a\x04\x014\x1a\xf5\x10-\xeb\xa1\xd0v\xee\
7\x7f8\xe4B\xc4L\x9d!`\x08\x18\x02\x86\x80!\
\xb0\xf5\x09\x88\xad\xbfD\xb3BC\xc0\x100\x04\x0c\x81\
\xcd%`F{.\x13\xa8\x8c\xdf[\xcavv\x7f\xaa\
R\xa94Ih\xd0d\x10\x02F.#\xc61gP\
\x03\x08*\x8f\x8b(\xc3\x85dZ\x93D\xa15\x04*\
\x04\xe9$\x10\xd2\xc9\xbda\xd0\xfa\x91\xee\xee\xeb7\xf4\
\xdb\x81\xa5\xd1\x83\xe5\x9e\x81\x81\xbf\x0e+K\xa3\xa1\xef\
*)%\x90\xee\x03\x88g\x8b\x1amq\x05\x11\xc9#\
\x88\xc4\x19\xc4\x95v(,[d\xfb\x87\xf7\xcc\x8f\x9d\
x[\xe7\xf6\x86\xf9\x83\x22\x11\xa5+z\xd3K\xe3\xa9\
\xc3\xbd\xdbw\xbc\x17\x1a\xee\xa7\x17\x17f\x9b\x8e%u\
\xbc\xc7\x22\xda?~\x02\xb4\xeda{\x7f\xdb\xf9\xd3b\
\xa5\xa3'\xde\xb8\x0d\x1b\x8bXa\xa8\xd0Ndd\xaa\
w\xf8\xd6\xc6\xcc\xc4{\xb2\xf5\xfc\xb7m\x96 X\x1a\
\xdd\xf6h\xcf\xf6\x1d\xef\x02/\xfcl\xad\xb2\xd4b\xbf\
Y\x88T\x1a\xe9\xe0\x89\xd3\x5c[\x9ba\xdf\xd6\xe6\xdb\
i\x85\x8a\x92*\x12\xba\xe9e\x84\xa9t\xd6N\xf7\x8e\
\xdc\xde\x9a\x1a\xbb\xcb\xeaV/\x87}\xfbl\xc7vF\
}?lQC\x8d\x88\xd1k\x00@\x01\xf1B\x80\xa0\
\x08a=Cu\xc0\x7f\x80\xa4^*\xfd'\xc8\xf4\xef\
\xa1FBX\xd4\x98*\x10\xa9\x19\xc5\x17\x0e\xec;\x1b\
\xf0\xb8\x00\xa8\xb4\xdb\xa8\xd5\x8a\xdd}\xff:\x9f\x9e\x9f\
\x07s\x19\x02\x86\x80!`\x08\x18\x02\x86\xc05M \
~\x97pM#0\x8b_7\x01\xd3\xd0\x100\x04\x0c\
\x01C\xe0j \xa0\x12\xb6\xf3\x05\x1d\xa8c\xbe\xdb \
\xcdBGbL\xdb\xf1\xb6(\x83\x88Q95 \x9d\
!Ns\x1b\xaeG\xc4H@`%\xb1\xa7\xa7?\xd3\
\xa8\x95\x7f\xd8Kdn\x82\x8d]\xda\xf5\xac\x07\xf3\x83\
\xc3\x7f\xbf05^\x07\x15FbQ\x18\x86$\x0a\xc6\
\x82Q{xD\xa4$\xfb\xcd\xc2\x0a%\xd7\x84\xd8_\
\x01\xa9LN\xcal\xe6\xa5K\x8b\xf3\xef\xc8\x0d\x9e\xd8\
\xb3\xa6\x89I^\x11\x02\x07\x83\xd9\x13_z\xb4wd\
\xe7\x07\xfd\x96\xff\x1f\xb3\xb3S\x91\xb0\xc6\xfb\xc5g\x8a\
cv\x8bcD\xde_\xce\x9d\xdb\x10W\xcf#\x0bs\
\x88\x08\xd2r \xc7O\x08n\x1b\xdc_\x9b:zW\
\xba\x9a\xfb\x16\x18\x19Yy\x82\x0e.\xfb\xba;\x9c;\
r\xf0\xe1\x9e\x9d;\xdf\xe7\xba\xfe\x97gg&=E\
B8,\x8b\xe2\xe7\x1b\x161^\x03b\x1c\xb7\xdb\xf1\
\xfa\xdaiD\x04\xb4l\xcc\x15:S\xe9\xde\xc1\x03\xc1\
\xfc\x91\xf7$\xe7\x13\xdf\x90K\x17f\x95B~qF\
\xaf=\xfeZ43\x12\xac\x8e\x83(\x80\xab\xbbi\x0c\
L\xbb\x8d\x1b\xc0[xCGWwAJ\x0b\xa9l\
%\xac\x9dg\xa5\x90\x12k\xcb9\xcd\x16\x86>\x04\x81\
\xab\xc1\x12\xc7\xedT\xfa\x0bp\xe8\x90OMM0\x04\
\x0c\x01C\xc0\x100\x04.L\xc0\xd4ni\x02F\x0c\
\xdc\xd2\xdbk\x16g\x08\x18\x02\x86\x80!p-\x12X\
h\xd6O9\xb9\xfc\xdf\x97J\x0b\x15[\x0a\x902\xd6\
\x11X\x18h\xf3\xe04\x22\x97\xb3\xf0\x02\x91(\xd1.\
\x93R\x02\xf5\x22\x01\x81\x84:\x12a,\xc7\x19\xd4J\
\xbfq\xa3Oc-\x1d\xff\x5cE\xa3\xfck\xf0\x1a\x0f\
\x91\x18\xa8li\x81\xd6\x08a\xa8\xa1}!\xb2O\x00\
:\x8a\xe34\xd7!\x92\x9f\x94E\x94\x9c\xa5z\xc0\x8e\
b/\x0d\x10\xbe\xaa\xd1\xaa\xbd#?\xf4\xc2=Q\x85\
\xb9]I\x02j\xf6\x84\xf5x:\x97\xbbKW\x17\xfe\
maa\xd6\xa5\xa3\x17\x89\xbe\xbc\xcfl\xec\x1c\x22m\
$'\xcei\x82J\xd9(Z\x0e\x82D2E\x82\x16\
e1\x91\xcc\xcal\xff\xce[\x1asS\xef\xeb\x15\xdb\
\xbfm\xb3~Cp\xee\xa8x4\x9d\xcc\xde\xe1\x97f\
?_\xaf\x94=\xcb\x92\xda\xb6D\xf4:\x00\xb5\xea\xaf\
\xa6$\x1b\xf9\x12\x05~\xcdD\x8957D\x04D\x8c\
JX\xe4\xa36\x98L\xe7\xecL\xdf\x9e\xdbZs\xb3\
\xefO\x15\x0a\xaf\xe9(v\xa90\x0c\xe8\xfck@\xcd\
\xe7\x1d@\xd1l\x00\xa94\x80;\x0c\xb0\xad\xd8\x98\x9b\
{3\xe6\xfa\xf7\x08A\x8e\x001!?\xda\x7f%8\
\x1a\xfc\x8c\x1b\xcd\xb3R\x82H\xaf\x17\xad\x01\xe8\xf5B\
\xafg]\xaf\x94\x1a\x1d\x1d]\xff\xcf\xf3J\xa7\xc0\x5c\
\x86\xc0E\x08\x98jC\xc0\x100\x04\x0c\x81\xadO\x80\
\xdeYl\xfdE\x9a\x15\x1a\x02\x86\x80!`\x08\x18\x02\
\xd7\x14\x81\x99G\xea\x8eL}\x02\x1a\xcdS\x8dF\x8d\
\x14\x01\x88\xc4\x09\x16\x0b\x10c\x91\x02\xe8B\x5cMS\
6\x0a\xdc&J\x904\x81\x88t\x07\xccwt\xc9\xea\
\xcc\xe4\xeb\xbaT\xef-Twv'*\x5cg\xd0\xd5\
\x89\xe1c\xf9\x81]\x7f<3>Z\x0aC_\x07\x81\
G\xa2c\x10uG\xc4H\x1c\x892\xe7\xb9!\xf2\xf4\
\x22Z\x8fe\xd9\xd8\xdd\xbf=\x13\xd6k\xdf\x1f\xfa\xea\
\xa7s{\x0f\xf0\x13U\xe7\xe9i\x8a/B`\x93\xaa\
\x0f\x06\x8d\xb9\x87\x1fJ\x0f\x5c\xf7\xc1V\xa9t\xdf\xcc\
\xf4\x84\xc7\xcf}\xb2\xd4\xb5,\x8cE_\xa1\xbd\xd8d\
\x88\xbc\xcf\x10\xed3\xe2\xea\xb9\x10BB*\x93\x97\xf9\
\xbe\xbe\xe7\xcf\x1e\x7f\xec\xce\xbc[:\x00\xfb\xf69\xb0\
\xe1\x8b\xfc\x9e\x7f\xf0P\xaao\xd7\x07\x9a\xe5\xd2\xd7J\
\xf3s>*\x1d\xf9\xda\xf6\xfb\x5cS \xc6~\xae\xad\
k\xbf\x86\x101\xf2_\x93z(\xa5\x85\xe9l>\x99\
\x1d\x1c|\xc9\xe2\xc2\xf4\x7f\xb3l\xab\x8b\xca@\x92\xf0\
\xce}9FD\xd2\x02\xb3\x0e8\x85\xddV6\xf5<\
\x80\xca\xb7tvue\x91\xc4Pns\xa6!R\xfb\
3\x0b\x97\xf3m\x9f\x05\xf5\xadV+\xda\xafT\x8e\x00\
\x8a\x7fX<z_u\xb9\x89\x89\x0c\x01C\xc0\x100\
\x04\x0c\x01C\xe0\x1a& \xae\xe1\xb5\x9b\xa5\x1b\x02\x86\
\x80!`\x08\x80A\xb0U\x09\xe4E0\x9a\xed\xdf\xf6\
\x05\xcfm\x85$\x08h\x0d\x02\x14\x89\x12\xbc^\x16+\
\x04K\x84\xa1\xe2\xec\x8a!b$^ \xc61\xf5\x03\
\x16\x15\xa4\xb01\xd1\xd9\xb5\xab\xd5t\xdf\xd2\xb5\xf7\xd5\
\x83+\x1d.+qw\xe88\xfasv\xb6\xe3\x1ff\
f\xc6\x1b\x96@mY\xfcv\xa4m\xf1\xa0\xfc\xb4T\
\x9cZ\xbd\xc7e\x8a|\xd4\x80\x9a\xd6\xa3\x14\x08!\xb1\
k\xdb\xf6d}n\xfa\x07\xb0^\xff\xb9\xee\xed\xb7o\
\xd0\xbf\xd5\xf9L\xea\xb2\x09\xe8\xc6`\xf8p\xd7\xc0\xf0\
\xdbT\xb5\xfc\xd9ri\xbe\xc5O\x08\xb2 \xc8#\x22\
\x22\x80@\x12\x9a5g\x97\x8d\xd3l\x8a\xf2lp\x9a\
0,H\xd4\xa2\x0a\x08\xf9k\xe5\x1a1\x91\xccb\xb2\
{\xe0y\x95S\xc7\xde\x97^H|+\xc0f\x08\x82\
\xa0\x9b]\xcd\x07;\x07F\xde\xe9\x95\xe6\x0f\x96+\x8b\
\x1e\x09\x82\xba=7\xbfn\xf8\x0c\xb2\xb1/l\x5c\xc6\
\xf1\x99\xc6\xaf/\xea\x0b\xa8\xc2\xc8\xf8uDm0\x99\
H\xcb\x84\x9d\xcc\x87\xa1\xb6\x91.*\x8b\xd6\xa9\xe9\xb5\
(\xe8,'\xd2\xd9T\xef\xb6\xe1o\x03'\xf7N\xbb\
g\xe7.D\x81R\x00\x02\xd1\x8a\x9f\x0a\xe4\x1e\xb1\xad\
\x9d[\x83\x00\xb6\xb8\x06 `N$4J\x89\xbaV\
\xad\xb4D\xae\xf3_K\xcd\xda\x11\xaag\xc8\x14\x99`\
\x08\x18\x02\x86\x80!`\x08\x18\x02\xd72\x01q-/\
\xfe\x9a^\xbbY\xbc!`\x08\x18\x02\x86\xc0\x96&0\
9y\xa8\x91\xcd\x17\xff\xb1\xd5l\xcc\x07\x81\x0fJ\xc7\
_Id1E\xebX\x0fP$1\xac\x85\xb0RN\
\x22\x1b\x90\xb4\xc0u\x08\x12H{\x81\x8eb\x8fS\xaf\
.\xbcA\xaa\xe0\x00\x00\x8b\x13p\xd9\xd7\xfc\xc9C\xd3\
\xf9\x9e\xde\xdf\x0aJ\xa5\xc3\x9e[\xa7\xe1Q+\x15\x00\
\x0b&\xcb\xfa\xc8E\xc7f_\x11\xd97\x00$\xb1\xb2\
8<\xd2[\x99\x1c\xfd\xd9J\xab\xfa\x9f\xa1\xf8\xd2<\
\x98\xeb\xca\x128t\xc8_8\xf5\x95\x07\xd2\x83\xc3\xef\
m.,~e~n\xbaeK\x11\x1d<\xdeg6\
D\x8c\x84\xb0\xd8\xd13\x0e#\x15\x22\x9e]&\x01\x01\
\x11\x01H8\xeb\xe8\xe8\xb6\xf3\x03\x83/n\xcc\x9c\xba\
\xab8R\xf8\xc6MyB\x8dm\x1b2\x00\x00\x10\x00\
IDAT\xf0\xf0aoi\xec\x9e\xaf\xe4\xb6]\xf7\
\xbe\xc6\xc2\xd2\xfd\x95\xf2\x82oEnF\xae\xaf\xf1\x97\
\x1c<O@\x8c:D~\xf29\xe5fRJ\x8e\xb8\
\x0c)\x1d\x99\x10VT\xc67D\x04A\x82g\xa1\xd0\
\xe1(\xe5\xbe8\x99\xb4^S\xc8\x152\xdc\x16\xd6y\
!\x22\x8f\xbf\xd2:\x08=\xed\xb6\x1aZ\xb5\x9a'\xb2\
\x99\xf4\xff\x85\x99G\xea+\x95&a\x08\x18\x02\x86\x80\
!pm\x110\xab5\x04\xce `\xc4\xc03\x80\x98\
\xac!`\x08\x18\x02\x86\x80!\xb0e\x08\x04\xad\xc3\xe9\
\x5c\xd7\xa7\xab\x95%W\xb2P@Z\x8c\xd6,\x18H\
h\x0b\x81\x88$\x5c`\xbcb\xc4\xe5\x04e\x11\xe3\xb7\
\x08\x88\x08*\x04P\x00\x98\xcd\xe63\xb33c?\x98\
\x1e\xde\xdf\x0f\x1b\xbb\xf4\xc2 \x1c\xed\xbf\xee\xa6\x8fU\
\xe7\xe6\x17,\x81@\xa2\x07@\xe4_,\xba\xc0y.\
r\x1f\xd8\xf8))\x16\x10\x81\x16\xc2\x02'\xa0\x85\x85\
\xed#\x05on\xf2'\x12\xb6\xfb_\xf2C\xb7\x15\xcf\
3\x84)~\xf6\x08\xe8\xc6d\xf6\xd1t\xdf\xf6;T\
u\xf1\xdf+\xe5E\x97\x8e\x93\x16\x96\x04\xd4t\xbeh\
\xef4\x08\xe0\xfd\x8c]\xc28:\xe7\x9d\xcf\x85\x06\xea\
\x12\x1b\x09\xd6\x0a\x10\xd2\x99\xbcHv\xf5\xdc\xba81\
\xf1\xde\xeeV\xf1\xb5\x9b\x22\x08\x02\xe8j\xa1t(\xdb\
\xdb\x7f\xa7\xbb4sO\xadZ\xf6I\xaef\x07@\x90\
\x80\xd7\x16\xf8\xa8Y\xe4\xe9j>\xca\xc67) \x04\
\x0dZ`l\x9a\xd2d|f\xf9\xec\xb2\xb5\xffr7\
wP\xd4\x96\x05R\x8a\x91\xd6(\x1d\xc7\x11\xa4\x18\xa2\
&8l\xdcf\xad!\x8dOm\x01QR11\xd4\
\x91{Q\x9a\xd0D\xc2\xbaM\x02dia\xba\x9e\xee\
\xe8\xfa\xbf\xc2\xca>M\x95&\x5c\x83\x04\xcc\x92\x0d\x01\
C\xc0\x100\x04\x0c\x81s\x11\xa0wb\xe7*6e\
\x86\x80!`\x08\x18\x02\x86\x80!p\xb5\x13\x98>z\
\xcfB:\x95\xf8soq\xfe\x94\xe7\xb7t$\x9a\xd1\
\xa2\xd6\x8a\x17,(PQ\x14\xd6\x96\xb7\xd3\x1c\x0b\x11\
\x8b\x0d\x99|\x01\xa1\xd9zY\xd8h}\x0f\x0c\x0d\xa5\
\xa2N\x97{;x0\xa8\xd7\xab\x9f\x12\xb9\xfc\xdfM\
OOT=\xcf\x8d\xd4\x0c\x9eo\xbdC\x22\x92\xd0B\
\x22\x88D\x8bD\x1a\x01\xb6\x93\xc4\xe2\x8e=\xdb\xdd\x99\
\xc9w\xa8\xc0{\xd3\xe0\xe0\xfe4\x5c\x9b\xd7sh\xd5\
\x07\x83\xc6\xf4\xfd\x0f\x14Gn\xfcPcq\xf1kK\
\xf3\xb3.)UZ\xa9\x00\x82 \x00M\xca\x15\xeaK\
\x7f;*I\xe8\xe2\xb3\x12j\xc0\x5cG\xb7\x9d)\x16\
^<\x7f\xe2\xc8\x9d\x85Z\xfaU\xb0gOb\xc3\x00\
\x0e\x1f\xf6jS\xf7\x7f\xa9k\xf7\xbe_\xae-\xcc<\
D\x82\xba\xcf\xaf\x82\xc8\xe7H\xa0\xd34E,^\x22\
\x22 \xc6F\x85\xc0~\xb1!\x22gO3\xc4\xb8\x0c\
1\x8e\xb9\x121N\xd3\xb0@\xebB\xdb\xb6QX2\
*\xe4q\xb8M\xdb\x10\xa3\xe2h\x0e\xb1\xfc\xba\xe46\
\x88\xab\xe5\x88\x08$&B\xbdQ\xd5a\xb5\xf6T&\
\x9f\xffxi\xf4`\xb9=\x86\x89\x0d\x01C\xc0\x100\
\x04\x0c\x01C\xc0\x10\x10\x06\x81!`\x08\x18\x02\x86\xc0\
V!`\xd6a\x08\x9cE@\x85\xe5\xe0a\x12\xdc>\
\xdb\xac\xd5\x02\xcb\xb2X\xc1\x88\x1a!\xc6\xe2\x01R\x09\
[TH7M\x196JF\x01A\x81\xa02E\xa2\
M\x18h\xe8\xda6\x5cpk\xb5\x1f\xebrv\xdc\x1c\
5\xd8\xc0\xad:yh\xc1\xd1\xceo\xa9\xca\xfcWP\
\x07\xca\x96V$\xaahREX\xe08\xd7\xd0\xe4\x0a\
\xb0q\x1bD\x09\xfc\x84\x15\x9b\x0aB*G@ia\
a\xdbpomz\xf4-sn\xf0_r\x83\xfb\xbb\
\xcf5\x8e){V\x09\xe8\xc5\xae\xd6\xa1\xcem\xdb\xef\
\x0a\xca\x0b\x07k\x95E\xcf\xb6-\xcd\xbf\x15\xc9\x82\xd6\
\xb9=\xe1\xb7\xa8l\xedZ\xa4\x04\x9b\xa6\x98\x8c\x9f\xb8\
\xa3l\x10\x90\x9cM\xd9\x5c\xa1K\xa6z\xba\xf7\x97g\
\xe7\xde\xd3\x0b\xdb\x0f\xc0\xfe\xfd65\xdchP\x0b8\
\xf9\xe5\xe2\xb6]\xefr\x17\xa7\xbf\xd2\xac\xd7|\x9b^\
\x0c$\xd8\x01\x9f\xbf3\x07\xe73\x8b\x88t&q\xa5\
\x0a\x11\xa3<b;\x96$\x5c[\xcb\xfdE\xd4\x8e\xfb\
\x09@\x00\xa5\xa3\xdfD\xe4<j\x0d\xa4\xdeS\xbdZ\
6\x00Dj\x03\xf1\xa5\x15\xa5\x97ETDJ#\xb5\
#\xe3\xbe\xcc\x94F\xd2\xf5Z\xb9\x95\xee\x1b\xf8\xb4]\
\xcf\xf1S\x81D)\xeek\xee\x86\x80!`\x08\x18\x02\
\x86\x80!`\x08\x08\x83`\x0b\x100K0\x04\x0c\x01\
C\xc0\x100\x04\xceC`q\xf1\xbej\x22\x99\xf8[\
wia\x9c\xc4\x05-%F\xa2\x02\x8b{k\xbb \
\xe2J\x96\x05\x05\xcep\x8c\x18\x97sZ#\xa2\x9dH\
\xa3\x9dL\xde\xe85\xdd\xef\xef\xbb\xe5\xb5\x19n\xb7\x01\
\xd3\xad\xf2#\xa3\x1d\xc37\xfc\xd1\xd2\xd4\xe4\x9cV>\
\xb9\xa5\x80n\xd1\x90<g\x948\xcf\x8d\xeb\xc9\xa5\xa8\
\x96\x05\x1aN+rR\xda\x8e(\xee\xb8n\xb7\xbf0\
q\x97\xe7\xf9\xff_\xc7\xc8\x0b:\xa2F\xe6v\xe5\x08\
\x1c:\xe4/\x8d\xddwo\xaa8\xf0\x81\xc6\xec\xf4}\
\xa5\xc597\x95Jj\x09\x1a\x94\x1f\x9c\xb5\xe7Z\x87\
\xe4+\x09\x5ct?Wh\xef=\xef;\x80\x00j\x89\
\xe9L\x87\x9d\xccd^6{\xf2\xe8\x9d\xfd\xe5\xdc\xed\
\x9b\xf2\x95\xe1\xa3G\xdd\xc51\xfb\x0b\x89\xe2\xf0/W\
g\xc6\x1e\xaa\xd5\xaa>\x7f\x9b=\x08\xd8g QO\
G\xaf\xa7\xb6\x8f\xecW;}f\xcc\xe7\x93\x8d\xdbp\
\xbc\xb6\x9e\xcb8\xcfB\x1e\xd7!\x0a\xe04[\x9cG\
\xae\x8e\x8c\xf3Q\x82n\xed~\x94\x8c\x02?\xfd\xeb\xfb\
\xaen5kZ7Z\xc7R\xe9\xd4'''?\xd9\
\x88*\xcd\xcd\x100\x04\x0c\x01C`k\x100\xab0\
\x046\x81\x80\x11\x037\x01\xa2\x19\xc2\x100\x04\x0c\x01\
C\xc0\x10x\x0e\x13\xd0\xcd\xc0}\x14\x12\xa9\xbf_\x9a\
\x9f\xaa\xd9\xb2\xfd\x9f~\x8e\xc9\x96\x9f\xb0j\x8b\x0a\xa8\
\x91\xa4\x15*\x87\xd5\x8b\xeb\xd8X\xa4\xa3\x18\xbb\xbb{\
\x9d\xea\xf4\xf8\xb7\x0b7|%\x1c8`\xad\xb6\xbc\xac\
\x94\x0e\x83\xf0\x8bV\xae\xf3/\xa7N\x1e\xafX6j\
a!\x89,\x08\x88\x92\x06d_\xd8(\xb9&\xf0\xd3\
\x80\xb1I@j\xc7\x02\x09\xfbG\x1d\x01)\xafQ`\
\xdf\xde\x1b{\xdd\xf9\x99\xff\xde\xa8\xe9\x9fM\x0f\xef\x1f\
X\xd3\xdd$\xaf\x0c\x81\xb0\xb9\xe8<\x90\xec\xdcvW\
k~\xea\xcb\x8bs\xd3>\xed\x9b\x16\xb6\x05R\xda\xb4\
u\x18yEg\xec\xb48\xca\xd0-.\xe76\x08\xa8\
!2AG\x83\xcf\x81\xef\x06\x10\x86\x0as\xf9N\x99\
\xc8g_:37\xfe\xee\xfep\xe0\xf6\xcdyB\xf0\
`\xe0.\x96\xeeIt\x0e~\xb0>{\xf4\xc1F\xbd\
\x1a&m\x87\x84\xf5\xf8\xeciz\xcd\xc4\xbe\x91O\xc8\
g\x97\x9c\x83\xf3]$[\x92t)\xb4\x02\xb6\xb3Z\
!\xcb\xa3\xb4\xa8\xe8uI\xeb\x14\xf4\xf2\xe22\xa4\x96\
T\x06d4\x1d\x00\xd28l\x10\x0b\x92\x8a\xb4S6\
\x04\x09\xb6\x90P\x9d\x9f*'\x8b=\x7f\xa7E\xf8\x14\
\x98k\xcb\x100\x0b1\x04\x0c\x01C\xc0\x100\x046\
\x8b\x00\xbd\xdb\xd8\xac\xa1\xcc8\x86\x80!`\x08\x18\x02\
\x86\x80!\xf0\x9c$\xb0x\xb4\x92)\xf6\xfe\x1d\xd4\xab\
\xc7\x1a\x8d\xba\x0a\x02\x0f\x84\x10$\xbe\xe8\xc8]D\x8c\
\xe2\xf3\xdd\x101j\x1f\xf7\xe1\xb6\x02\xb2\xbd}#\x8b\
s3\xff\xbdw\x5c\x0c\xc3\x06\xaf\xea\xc4\xd7\x16:z\
;~\x07@~n~f:@RV\xd8G~\xca\
\x89\x92\x80\x88\xd1\x0c\x9c\x8e\x12kn\x5c\xc6\xc6E\x88\
\x08R\xca\xd8WK\xa2@[\xf4\xec\xb9n\xc8+\xcd\
\xbcE5\x83\xff\xd6\xbb\xf3\xa5}\x00\x10\x0f\x06W\xcd\
\xb5\xc5\x1c=\xe4\xb7\x96:\xbf\xda\xb1\xf3\xe6\x0f\xd4\xe6\
\x17\xef\x9b\x9d\x99\xf2H\x14\xd3*\xfa\x0dA\x8f\x04=\
R\xb5\xa2\x15\xf3\xd9\xd4+g\x94\x8b\x10\xe3\xadC\x8c\
c.cCD\xb0m\x1b\x10%H\xdb!\xb1\xba\xdf\
\xc9$\xd3\xaf\x9c\x1e;\xf1\xae\x8e\xc5\xc4m\x00\x9b\xf1\
\x95\xe1\xd1\x96;\xa0>\xdb\xb1\xfd\xe6\x8fT\xa6\x8f\x1c\
&A\xd0\xcf$\x13t\xf4t\xf4\xdb\x87m?\xd6\xc6\
\x9c\xbeT\xa3\x01W\xba \xae\xae\x13q5\xcd\x0d\x10\
W\xf3\xdc\xc7\xf3\xbc\xe8\xe9JAZb\xad^Q\xd0\
\xaa}]+\xf7\xee\xc5\xa3\xf7U\xb9\xbd1C\xc0\x10\
0\x04\x0c\x01C\xc0\x100\x04\xd6\x12\x10k3&m\
\x08\x18\x02\x86\x80!\xf0\x5c!`\xfc0\x046\x97@\
A\x87G\xd2\xfd#\x9f\xa8\x94\x17\x9a\x8e%\xb5\x94\x08\
\xa4\x07\x02_,&p,X\x7f\xe1Dd\xfc\x16\x81\
-\xca\x80\x00\x04\x8b\x95\x06\x1dB\xa04fsy\xcb\
\xad\x97^\xa9\x95\xfbF\xd8\xf3\xba\x0d\xff\xc1\x86\xf9\xa7\
\xbe<\x95\xef\x19\xf8\xf5\xa04\xff\x90\xef\xb6\x82D*\
\x01\x96#\x01\x91D\x8fP\xc5N\x5c\xe0\xcek@D\
j\xaf\xa3u\x09\x90\xe0\xba.\x84\x81\xc6\xce\xa1\xe1B\
kq\xee'\xe7\xcb\x95w\x16\xb6\xef\xdfu\x81aL\
\xd5\xb3B\xe0`P*\xd6\xef\xed\x1e\x1a~oX-\
\xdd[\xab/\xf9\xf1\x99\x94\xb4\x7f\x18y\xa0\xe8\xaei\
?):M\x10<W\x9e\xcb\x00\x14\xd8\xb6\x840$\
q\x8e\xceg2\x99\xb3\xa4c\xdd\xde\xa8\x94\xef\xec\xdd\
\x9d~\x09\xc0\x1be\xdcn\x03\xf7\xc3\x87\xbdt\xe8}\
\xb6k\xe4\x96\xf7VgN=\x14\x04~\x90M%\xe9\
\xe8\x854;\x09\x97\xb1\xeb\xd1\x04T\x18\xf9\xcdO\x0d\
\x02\xbdz\xa2\xc257\x85\xe41\xd9\x9a\xa2(\x894\
\x12\xd0k,\xca\xf0\x8d\x9f\xfec\xe34\x9b\x16\x00l\
\x9c&CD@:\xeb@\x17\x8b\xf5\x96%\xa0V^\
\xac\xca\xe2\xf6\xbfw\xe7\xfaNP\xf1i\xafj\xca\x9b\
`\x08\x18\x02\x86\x80!`\x08\x18\x02\x86\xc09\xde\x9d\
\x18(W\x96\x80\x99\xdd\x100\x04\x0c\x01C\xc0\x10x\
\x06\x08LN\x1ej\xe4\xb3\x1d\xff\x00\xad\xd6\xe3\xbe\xdf\
\x22\xadE\x93pB\x22\x86R\xf4f\x00/:#\x0b\
\x0dm\x81\x03\x11I\x10\x04\xec\x1e\x18\xcc\xce\x8d\x1e\xfd\
\x81Nwa3\xc4\x16]\x19\xf7\xbf\x9e\xe8\x19y\xcf\
\xd2\xa9\xc3O\x06\xbe\xab\x1c\xc7!=HGO<\x01\
{I\xf3\x9e\xed(-\x85\x05\x14\xaa`\xff(Z\x16\
a4H\xfe\xea)\x02\xf5\xb2D\xf7\xf0H\x8f\xaaW\
\x7f\xac\xbc\xb0\xf8\xf6\xdc\xe0\x8b\xae\x87\xcd\x10\x87x2\
c\x97G\xe0\xd0!\x7f\xfe\xa4}O\xc7\xb6\x91\x0f\xd4\
\xa6\xa7\xef\x9b\x9d\x9d\xf4,\x81\xb4\x85\xf1~#\xf2\xc6\
a46\x22F{\x1ae\xce\xb8Q\x87\xa8\xa4\x1d#\
\x22\x9dk\x0dh\xd9X\xec\xees\xb4\x0a\x0f\xcc\xceN\
\xdd\xd5w\xdd\xfc\x8b6\xe1+\xed\xc0\xaf\xa3\x05\x90\xff\
\x9a\xdf\xb6\xe7\x03\xa7\x9e|\xe4\xa1\xc5\xc59_k\xa5\
\xf5\xb2`\xad\xb5\x8e\xfcAD:xl\x9cWQ\xd9\
zn\x88Hb6\x09~\x10_\xed\xf1\xe2\xdc\xd9w\
D\x8c^\x1f\x88\x08Z\x05PZZ\xf0@&?\x9f\
+\x14>\x0bp08\xbb\x87)1\x04\x0c\x01C\xc0\
\x10xN\x110\xce\x18\x02W\x88\xc0\xea\xbb\x8d+\xe4\
\x80\x99\xd6\x100\x04\x0c\x01C\xc0\x100\x04\x9e\x1d\x02\
\xd3\xe0\x1c+l\x1b\xfa\xb3\xc5\xc9S\x0bB*-,\
\x09\xc8Z\x05\x09m\xec\x01?\xad\x04Q\x9a\xdf\x1e(\
 \x85\x83\x8bW\x0c\x11#\xa1\x82\x05\x8a@\x85 \x9d\
\x04f{zo\xa8\xd6\xca\xbfX\x18>\xb9\x036|\
\x1d\xf2\xddD\xe2?R}\xd7\xff\xc9\xc2\xf1\xe3\xf3\xcd\
z]\xf3W\x85A\x0a\xe09\xd97M\xfe\xb1\xad\x9d\
\x0a\x11\x97\x85\x17\xa4b\xf6]D~\x22\x22\xadO\x90\
8\x14B\x18\x90x9\xb4#\x03\x12\xbf\xbfZZ\xfc\
p~\xfb\xc4\x0b\x97\x1bSd\xc2\x95!p0(\x15\
\xaa_\xee\xda\xbd\xe7}\xfe\xd2\xd2\xd7\xddf3L\xd8\
\x96\xb6m\x1b\xa2\x87\xe3\xe8@j\x04\x92zu\xb4\xbf\
\x8a\x84\xeb\xb3\xfc\x14\x08\xdc\x06\x91\x1a.WJ)!\
\x08<\xee\x83\x1d\xc5\x1eG\x0a\xf1\x8d\x0b\xf33wv\
\x8f\xf9/\xd8\x14\x11x\xf4`\xabb;\x9f\xcfm\xdf\
\xfd\xa1\xca\xd4\xd1\xc7Q\x85\xa1 !S\x22\x9d;\x0d\
\xb0\xf6\x09[\xf6\x8dm\xd9\xb5\xd3\x22D\x8c\xf2\xf1\xd9\
\x06\xf6\x17\x004\x9duE\xf1\x85\x83&\xf1\x91_\xbb\
\xccDH\x00\xcbr\xa8\x9f\xd6\xcd\xd9\xa9\x93\x85\x9e\xbe\
?*\x15\xdd\xc9\x0b\x8f`j\xaf4\x013\xbf!`\
\x08\x18\x02\x86\x80!p%\x09\x88+9\xb9\x99\xdb\x10\
0\x04\x0c\x01C\xc0\x100\x04\x9eE\x02G?\xedz\
\xca\xff\x14)%\x07+\xa5E\x1fI\x85`\xb1-\x0c\
\xfds:\x81\x18\x8b\x15\xedJ\x16\x1e\xa8K\x94\x15B\
\x80V\x88\xb9|\xd1\x0aj\xf5WK\x0d?\xd2}\xfd\
\xed\xb9\xa8r#\xb7\xf1{\x9b\x99d\xfan\xa7\xd8\xf7\
\x17\xf3'\x8e,\x86\xbeG\xf2\x0a\x0b\x93\x1ax~\x1e\
\xba\xedC\x1cS5\x09(\x5c\xde\xb6\xb8\x1c\xa2\xf6\x88\
\x08R\xda\xc0\xc2'\xa0\x85=\xbd\xdbr\xd2\xb1\xdeP\
9\xf5\xf4\x072\xdbn\xfdF\x18\xba-\x05\xcf\xdee\
f:\x93\xc0\xe1\xc3\xde\x02\x16\xbe\xdc3|\xdd\x07\x97\
&\xc6\xbe^)/\xfaa\x18\x90\x08\xecC{\x1f\xb9\
\x0b\xa7\x11I\xf8\xd3\xbc\xdf\x5cr\xbaq=\x97 \x22\
\xf0yfA\x11\x11A\x08\xc9O\x08&T\xe0}\xf3\
\xfc\xf4\xe4\xfb\x8a#\x93/\x06\xd8\xf0\x1f\xbd\x01 A\
\xb0\xa0\xf1\xdf\x0a;n\xfe\xe5\xd2\xc4\xf1\xc7\xdcV=\
P*\xd4|F\xd9`\xe5b\x7f\xd9V\x0aV\x12m\
\x9f\x85\x10Q\x19\xe7\xdb\x16\x15\x5c\xe4\xc6my.\xee\
\x1f\x06\x9e\xa6\xd7\xb4\x07\x99\xc2\xa7\x9d\x9a\xf8\x0a\x1c:\
t\xee\x17\xf5E\xc64\xd5\x86\x80!`\x08\x18\x02\x86\
\x80!pm\x10\x88\xdf}\x5c\x1bk5\xab4\x04\x0c\
\x01C\xe0\x0a\x110\xd3\x1a\x02\xcf\x1d\x02\xcd\xf1\xbd\xd3\
\xd9\x81\xed\x7fP\x99\x9c>*\xa4V\x16?\x1d(I\
\xd8#\x91\x05\x91\xc5?~*\x89\xedt\x9f\xf9i'\
6.e\x11B\xa2\x84 \xe0'\xee\x14\xf6l\x1b\xcc\
-N\x9c\xfc\x11\xe1\x8b\xd7\xc2\xfe\x8d\xff\xb1\x86\xf9\x93\
\xf7L\xcbd\xe2\xf7\xc0v\xfe\xb9\xb4\xb4\xd0\x14Bh\
D\x0dH\xa2\x09\xcf\x8dH\xa2\x10\xbb*\xf8\xd66\x1d\
\x89G\x128\x0f\x94\x0e\x81\x5c\x04\xee'%\xb5W\x08\
\xa1R@+\xc3|\xa1\xcbI\xf5\xf6\xbf\xba>1\xfe\
\x91T\xe0\xbd\x01\x06\xf7\xa7y]\xc6\xae\x10\x01\x12\xa9\
\xe7N.}>\xdd\xd7\xf7\xa1\xfa\xec\xd8\xe3^\xab\x11\
\xda\xb6\xa5-G\x82\x00\xdaO\xa5\xc91\x0dHIJ\
\xd0\xdej\x8e\x22\xe3z:\x1aTG{LgXG\
\x8f\x14B\x94\xa7;\x09\x83\x9a\xcf)vt\xf5%\xa5\
m\xbf\xa6^/\xdf\xd5\xbd;x\xfef<!8N\
\xc2uYL~Jv\x0e|\xb4:\xf9\xe41\xdfm\
*\xb4\x84\x16\xb6\xb5\xe2#j\x046X\xb9\xf8\x9c\xd2\
)\x5c\xce\xf3y\x8e\x0c\xa9\x80\xce\xb3\xe6E\xd29\xa7\
\x5c\x14x\xa5l\x9c\xe1v\x1c\xb3!\xc6\xeb\xa5\x85F\
si\x1d\xa8\xa0\xbc\xf8D*\x9b\xff\xdb\xb9\xb9\x835\
nc\xcc\x100\x04\x0c\x01C\xc0\x100\x04\x0c\x81\xf3\
\x11\x10\xe7\xab0\xe5\x9b@\xc0\x0ca\x08\x18\x02\x86\x80\
!`\x08<\xe7\x08\xdc\x1dfTx(3\xb0\xed/\
\xa7&N\x95\xfc\xc0\xd5*\x08\x22A\xe1LW\x11Y\
\xa1X-\xd5$Vp\x8e\xc49\x8eV\xfaXv\x0a\
:\xfa\xfb\x87gO\x1d\xfd\xf9\xcctxST\xb9\xb1\
\x9bnN\xde?\x9e\xe9\xec\xfdm]\xf7>=3q\
\xaa\xaeT\xa8\x01U4\xe7ZQd\xed4\xb1_\xb1\
\xd0\xa2\x11@\x91\xf8\x17\x97\x01p,\x84\x155\x17\x96\
\x85\x99l\xa7]\xd86\xfc\x82\xe6\xf4S\xef\xb6[\xfe\
\x8f\xa7\xb7\xdf:H\x95Hf\xc2\x15!p\xd8k\xfc\
\xff\xec\xbd\x07\x80\x5cWu\xff\x7f\xce}o\xde\xf4\xba\
3\xdb%\xad\xba-\x17\xec\x08\xdb\x98\xea$\x90\x1f\xa4\
\x10\x12b\xd2\xa8\x09-@B3\x1d\x0c\x06\x0c\x98f\
\x9a\xa9!\xff\x90\x90\xea\x14HH\x0f\x89C(\xa1\xc8\
\xdd\xb2\xbaV\xdb\xcb\xec\xf4>\xef\xbd\xfb?\xe7\xcd\xce\
j%K\xb6d\xad\xa4\xd5\xea<\xbd\xf3n\xbf\xf7\xdc\
\xcf\xbd\xb3;\xef\xab7\xb3\xbe\xf0\x7f&\xd6]\xfe\xbe\
\xe2\xe4\xe8\xdd\xf5j\xa9MoRi\xa9Y<\xd3\xe4\
\x11/\x0d\x1bE\xe9\xa4\x02\xba\x82\xb7\x1f\xbc\x08]\x10\
;\x02\x19\xaf5\xaf=\xd71\x0c\x92\x87I\x15\xf6Y\
\x01\xec\xc9\xf4[\xda\xb6\x7f6;3\xf9\xc1\xe4\xfa\xb1\
\xebW\xe6\x09\xc1\xd1\x86c$\xbe\x15\xc8l\xbf-?\
\xbe\x7fO\xbb\xd9p\x14\xb9\xec8\x0e\x89\x906\x89\x91\
\xce1>\xb2\xdf<\xac\xed\x00\x00\x10\x00IDAT\
O\x88G\xe7\x81x4NS\x00\xc4N\x9a\xebq\x9a\
\x1aC'\xc7KQ\x92Yt\xe6\xcd\xf3\xe4\xdcV\xab\
\xa1\x8b\xe3\x87g!\x18\xfbR\xdd\xad?\xc4ybB\
@\x08\x08\x01! \x04\x84\x80\x10x4\x02\xf4>\xeb\
\xd1\x8a\xa5L\x08\x08\x01! \x04\x84\xc0\xd9% \xbd\
\x9f{\x02\xb3\xb3\xf7W\xc3\xe1\xd4\x9d\xd0\xb6\xef\xd1\xed\
\xa6\x1b\xb0,\xb0\x0c\x93\xb4\xb6\x8e\xd0\xd0\xf5H\xeb\xa3\
iwQ\x91@$\xc1\x85\xe2,\xb6\xa1\xa1\x80\xf35\
\x22\x06C1\xa5\x82\xfekZ\xb5\xea\xabb\xb1\x1d\xa9\
n\x1fg\x10\xea\xea\xec\xa6\xdd\x89\x91\xf5\x1f\x80z\xfd\
\xbb\xd5r\xc9\xd6\x8e\xabM\x03I\x1c!\xc1\x8f\x06F\
\xbd\xfcm\x0c\xf9E\xfeR6\xf0\xd3\x80@e\x0a\xf9\
\x09-$\x17\x14 )4\x08G\xdb\xb9\xe4\xb4\xe1\xf3\
\x1b\x99\x8dW\x5c\xd6\xce\xcd\xbc\xad6\x93}\x93?\xb3\
c\xf3J<1F\x03\xca\xf9x\x08L\xfc\xa0^\x88\
\xe6\xff5\xb9~\xdb\x07*3\x93{\xea\xd5\xa2\xabH\
\xfeRJy\xc2\xee\xf2.\x11\x91J:\xfb\xb3\xb3O\
\x15\x15\xb3u\x842D^w\xa0\x15w@\x99\x08\xed\
V\x03\x10\x15\xf6\xa4\xfb\x02>\x9f\xf5\xb3\xf9\x5c\xf6\xdd\
\x89\xc1\xca\x15K\x8d(\xf2\xb8\xcf\xec\xf7\xcaq\xe5\xde\
\x19\xea\xdbr{~\xfc\xe0\x11\xdbn\xbb$A\x92[\
\x9a\xfc\x06@\x12#Y\x9c\x04:\x10\xd9\xc7\x8eo\x94\
\xf4N\xaa\x08\xc8Sq\xf5\x89C\xaa\xc5u4\x85\x88\
\xd8\x11\x18\xa9\x0be\x1a\xcc@\xd7*%\x07\x00\xff\x1b\
\x8c\xd8\xdf\xc0\xfcny*\x10\xe4\x10\x02B@\x08\x08\
\x01! \x04\x1e\x8b\x00\xbf#y\xac:R.\x04\xce\
\x06\x01\xe9S\x08\x08\x01! \x04\xce#\x81\xb4oz\
\xa2\x7f\xc3\xe6/\x15ff\xc6]\x97T6\x96M\x1c\
\x87\xc4\x0b\x12\xcc\x96\xf9\xc5\x22\xc4\xb2\xa4\x17\xe5<6\
D\x04D\x16e\x80Z\x93\xd0\xd2\xd3\xe7o\x17\x0a\xbf\
\xea\x04\xcd\x17Az\xfb\x99\x7f\x7f \xdc\xe9\x14\x0e\x9b\
\x0f\xa57l\xfeH#\xbb\xf0\x9dr\xa9\xd0\x00\xd7!\
\x19\x0f=?\x8f\x0a,\xe8\xf9\xb5\xfc\x82\xd8\xc9C\xec\
\x84\xec/\x97\xb3\xb0\x84\x88\x9e\xdf$\xa6 \x1a\x96\xca\
l\xdc\xd2G*\xcc\xef4\xe7g?\x1a\xea?\xf0s\
\x90\xd9\x11\xe1\xbab\xe7\x81\xc0\xee\xdd\xad\xb0\x0b\xdf\xee\
\xd9\xb0\xf5}\xf9\xf1C\xf7\xd5\xaa%\xdb@O\xf3\x02\
\xdbv\xbduGD/d\xefx]\x11\x91\xa3\x9e!\
\x22 \x227\xf0\xd2\xddr\xc30\xbc\xb4K\xa5\xf1D\
\x0f\xab\xc4O/\x94s\xb7\xf4\xac{\xf2N*8\xe3\
\xf7\xc3,\xb0[\xc1\xc8\xdf\x86\x06F>>w\xf8\xc1\
\x83\xb5z\xc55M\xd3\xfbc(\xdd}J\xe3\x1cs\
\x22\xa2\x97F\xec\x84\xbc7\xbbu\x11;y^\x05\x16\
\x09)\x8d\x88\xe4=zs\xd7\xa4z7\x9bMh6\
\xaansa\xfe\xa1@\xba\xff\xabP\xde\xb5\xe0\xd5\x97\
\x8b\x10\x10\x02B@\x08\x08\x81\xd5G@<Ze\x04\
\xce\xf8\xcd\xcf*\x9b\x8f\xb8#\x04\x84\x80\x10\x10\x02B\
@\x08\x9c\x02\x81\xdd\xbbw\xb7\xac\xba\xfd\xed@2\xfd\
/\xe5R\xb6a\x9a\x0aH_\xf0\x84\x06\xc4\x8ep\xc2\
\xdd \x22\x07\xc7\xfc\x85T\x05\x08\x0a\xc03\x0a\xbc\xd3\
%\xc1\x02\xc0\x84\xbe\x91\xad\x99j>\xfb\xba\xfed\xef\
\xd3\xa9@\x91\x9d\xe1y\x97\x9d\x1d\xed\xffnf\xe3\xc6\
[\x9a\xf9\xdc\x8f\xca\xa5\xbc\xadH\xeaQ\xdc\xb3\xd2\x14\
C\xcfx\x10\xad\x8fM{y|\xa19\xf0S\x84l\
,[\xb2\xf1\x93\x82\x9d\xfa\x9d\xe7\xadz\x866$\x82\
\xbd\x03\xbfP\x9b\x99\xfaP\xc4\x0c\xfdV|\xfdS\x93\
\xdcT\xec\xdc\x13\xe0\xef\xe2[8\xd2\xfaV\xb0w\xdd\
\x87\xca3\xe3\x07\xecV\xd3eA\x90\xd7\xad\xb3\xeb\x14\
\xb0p\x86\x88K\xce)\xed\xd2\x1eu\x97\xd2\xdd\x88\xa2\
\xbd\x8a\x1a\x00\x11\xbd\xbd\xddj\xd9\xe0h\xc0\xbe\xfe\xa1\
\x80\xcfP\xcf\xae5*oOo|\xcaV\x008\xda\
\x19<\xbe\xa30zW\xa1f\xd7\xbf\xeeK\x0e~\xb6\
:;1\xc5\xfb\xd4D\xd0&r\x8c\x22\xba3\x04b\
'\xe4\xfd\xc7#!v\xd2\xfc\xd1b\xc4N\xbc[\x06\
\xf4*Cz=\xba.\xcd\x8d\xf67\xd7\xe12o\xfe\
\xb4\xdd+\xd3\x13\xb3\xfe\xde\xa1/\xc4\x0d\xfd#\xeaK\
\x93\xc9)\x04V\x19\x01qG\x08\x08\x01! \x04V\
#\x01\xb5\x1a\x9d\x12\x9f\x84\x80\x10\x10\x02B@\x08\x08\
\x81\xb3O`l\xec\xbb\x05+\xe0\xffZen\xf6\xa1\
bq\x81t\x06[\xb3\xe8\xc0bCw\xf4n\x9c\x85\
\xc2n^7D\xc4n\x14\x10\x11\x0c\x9f\x85\xca\xb00\
\x9c\xec\xd9035\xfe\x96\xa1K~\xf6\xba\x95\xf9\xd8\
\xed\x9d\xce|0\xff\xc3D\xff\xf0-\xb5\xf9\x99\xff\x99\
\x9f\x9b\xae\xd3p\xdag\x98\xc0\xa2\x08\xfb\xc8\x86\x88\x9e\
\x1f\x88\x08\xdd\x03\x91E\x18\xd2H(\xec\xe6\xb1&\x83\
\x88KmA\x19h\x9a>\x0cG\x12\xbe\xc4\x86\x91\xcb\
+\xd3\x07\xdeY\x5c\x98zwx\xe8\x9a\xab`\xcb\x16\
?\xc8q\xfa\x04\xce\xb8\xc5\xaev]\xdb\xff\x16\xec\xdd\
\xf0\x9e\xec\xd8C\xf7V+e\xef\x09A\xfe\x088m\
TO\xd8\xe3!\x10\x17\xd7\x97\x13\xcb\x0c\xb1\x93\xcf\xfb\
\x82\xb39DD\xf0\xf9|\x80h\x00\xafyO\xba\xdf\
\xac\x97\x0b?W*\xe6\xdf\xdf\xbb\xf1i\xfc\x91a\xe4\
\xbagd\xf3\xbb+~\xbf\xff\xaf\xfc\x99\xe1O\xcc\x1e\
|\xf8`\xa3^\xa3\x97\x94\xed\xf9K\x11O\xb8f_\
\x96\x8f\xd1M#\x1e;<b'\xcd\xe5\x88\x08\x88\x08\
\xbc\xdfM\xd3\x84V\xab\xa5s\x0bsM\xf0\x87\xbf\x15\
\x0b\xc5\xbe9;{\x7f\x15\xe4\x10\x02B@\x08\x08\x01\
! \x04\x84\xc0)\x12\x101\xf0\x14AI5! \
\x04\x84\x80\x10xl\x02R\xe3\x82#\xa0K.<\x10\
\xca\x0c\xffain.\x17\xf4\xfb\xc0\xb2|$X8\
\x9ex\xc1\xb3AD\x0e\x96\x8c\x85\x096D~\x0b\x81\
\x80\xd8\x15]\xd0\xfb.3\x92\x13!\x14\x8a\x98\xa1P\
\xe8)\xd9\x85\x99\x9b\xe2\x1b\x8e\xac_j|&\x91\xdd\
\xbb[\x85\xc9\xf5\xdfIm\xd8v\xb3S\xad\x7f\xb7R\
\xca7\x0d\xc3\xd0,\x8e\xb0\xc8\x02\xa0\xc8\x17\x12y\xba\
ch\x12\x00\xc9\xd8W\xae\xe3e\x93\xaf\xc0B\x90V\
^\x92\xcb8\xc2!\x0bL\x88\x0a-\x9f\xdfL\xad\xdf\
\xb2\x8e\xaa\xbd\xba:9\xfa\xd1`5\xf6\x0b\xa9\xd4u\
1\xae'v\x8e\x09\x90\xb0V_\xa7\xfe!2p\xc9\
\x87k\xf3\x13\xfb\x9dv\xdb\xf1\x19J\xb3 \x08\x0e\x80\
\xd6\xd8qH!%5,\x17\xac\xbd\x22\xcaG<Z\
\xc7\xcb\xa3\x16\xb4o\xa0\xed\xd8d\x1a{\x07\xd7\x87[\
\x8d\xca\xf3\x0a\x85\xdc\x9b\x83\x83\xd7\x0cS\xf1b\x03\x8a\
=\xce\xb32s\xcf|T\x87\xff(<\xb0\xe1\x8b\xb9\
\x89\xd1\x19\xdbi\xbb\xe4\xb3F\xefqV\x00\xa4\xcd\x05\
\x8b\x87\xa2m\xca\xb6\x98<&\xe0}I\xc5\x004\x07\
\xa4\x88k;\xa0i\xa6\x8e\xdb\xd6m\xbb\xe6\xe8j\xe5\
\xc1`<\xf1G\xf3\xa3w\xcd\x80\x1cB@\x08\x08\x01\
! \x04\x84\x80\x108\x0d\x02\x9dw\xc3\xa7\xd1@\xaa\
\x0a\x81\x13\x10\x90,! \x04\x84\x80\x10\xb8P\x09L\
\xed\xaaE\xc2\x81o\x82\x15\xfaV\xb10\xdf\x00\xd7\xd6\
\xb6m\x93\xd0B\xea\xc3\xe2\x9c<Q\x82$\x12\x16S\
\x10\x91\xb4\x09\x5c,\x81c\xea\x01\xf0\xc7!5\xa0a\
a4\xd9c4\x0b\xb9g6j\xd5?\x08o\xbc\xae\
o\xa9\xc1\x19E\xeetr\xe9\xe6Oz7n~_\
\xadX\xfd\x97\xc9\xf1\xc3\xe5v\xb3\xa6Yha1\x8f\
\x8d}E\xc4cF\xe1\xbc\xe5\x19\x88$`\xbaT\xc7\
\x13\x05\x15 \x893\x88\x94\xa75\xf0\xdcAY*\x9d\
\x19\x0a\x86z\xfb\x9fQ\x9f\xde\xff\xa1\x82SxW\xb8\
o\xe7\x15\xb0c\x87\xb5\xbc\x1f\x89\x9f\x03\x02\xbbv\xb5\
+v\xed\xdf\xac\xd4\xf0\xcd\xb9\x89\x87\xef\xad\x96\xcb\x0e\
\xb8\x0e-)\xa9\x814<E\xe8\x0a\x80\xd8Y?8\
\xc1\xa1y\xa9im\xb9\x88\xeb#\x22\x18\x86\x01.\xd0\
\xfe%\x01\xb8\xb7\x7f\xbd\xafU\xca?W9\xf6\xfb\xd2\
\x1b\x9f\xb2\x8d\xb2\xcf\xf8\xccf\xbfW\x06\xc7\xfc\xb3`\
\xef\xc0\xa7rc{G\xb5ckz\xb1x\x22;\xfb\
\xd0\x1d\x80\xb7!\xdb\xf2\xbcnY7D\xec\xcc\xcd$\
\xa1\x9e\xf3\xecvS\xd7\xa6\xc6&\x02\x99\xfe;\xea\x06\
<\xc0ybB@\x08\x08\x01! \x04\xce!\x01\x19\
j\x0d\x10Pk`\x0e2\x05! \x04\x84\x80\x10\x10\
\x02B\xe0\x0c\x08\xcc\x1d\xfe\xe1\x5c\xef\xe0\xba\xaf\xd4\x16\
\x16\x0e\xb4[\x0dm*\xd4\xca{\xaa\xeah\xa7\xa8\x01\
\xd8\xe0\xb8\x03\x91\x94\x16\xca#A\x8e\x04\x19\xd6;\xd0\
\x13<@\x1b\x98\x1cZ\x1fm\x96\x8a/\x85\x96\xf3[\
}}W\x86\xa9\xda\x99\x9f$\x0e\xcd\x1d\xf8\x9f\x1f\x86\
3\xc9\xf7j\xdb\xf9fvf\xa2`\x99J\xd3\xf8Z\
\xa3\xeb\x8d\xcdO\x0a\x92\xbb@\x0eA\xf78^lA\
\xec\xfa\xcd!\xb5\x03\x0d\xfc\xb4\x98\xebjp\x1c\x17l\
\xd7\xc5@(j\xf5n\xbab\x9b\xdbn\xbc\xa6:7\
\xfd\xf1`.\xf4\xdc\xc4\xc8U\x09\xea\x93\x1bQ \xe7\
9!0\xbf\xbb\xd2\xca\xf9\xfe!\x98\xd9\xf4\xf1\xd2\xcc\
\x91\x03$\xac9\xbe\x80\xa5\xf9{.\x11\x0d\x00V\xd3\
\xc8\x11D\x04M+\xc3\x86\xb4\x01\xd8\x5c\xa0\x08\x95\x01\
\x85\xa85\xd0>!M\xce\xf1\xf6\xb2\x81\xca\x13\x7f]\
\xca\xed\xdd\xb0)^-\xe7~\xabQ\xaf\xfe~f\xe4\
\x9a~jB=\xd1\xf5\x0c\xce\xea\xdc\x0fg\xad\xa6\xf3\
U\xabg\xf8\xff\xcbO\x8d\xcf+p\x5c\xc3@\xed8\
mo\xdcn\xd7\x88H\x1et\xac\x9b\xc7s\x00Ey\
\x94\xd1n\xb5\x80\xe7\x81\x88@\xafK].\x17k\xbe\
\x9e\x81o\xfab\xb1o\x01\x89\xf9 \x87\x108g\x04\
d ! \x04\x84\x80\x10X+\x04D\x0c\x5c++\
)\xf3\x10\x02B@\x08\x08\x01!\xf0\xf8\x09h,\xe7\
\xef\x8f\xf4\xae\xffb~\xe2\xc8\x1c\x90\xf4\xc0]\xb10\
\xc6\x22\x1a\x22\x89,$\xa4p\x9c\xf3\x97\x1b\x22\x09\x16\
d\xdd<D\xa4(\xc9\x1e\xda\x05\xd3\xb0 3\xb8>\
V\x9d\xdc\xfb\x9a\x8a2\x9f\x07#7\x04\xa8p%N\
\xb7:\xb1iwf`\xdd\x07\x02\xd1\xc4\x17\xa7\xf6=\
8\xe6\xb4\x1b\xaeAJ\x8fm\xdb\x9e\xd0r\xbc\xaf\xec\
\x15\xdb\xf2\xc1\x11\x91D\x18\xede!\x22\xf0\xd3bl\
J)\xcaG \xe5\x054\x9a\xd8\xd37\x1c\x8e\xf4e\
n\xa8\xcf\xec\xbf\xb5\x94k\xdc\x1c[w\xcd\x13a\xf8\
\xfa \x5c,\xc7\xaa\x98\xe7\xaev8\x15\xf9\xe7\xf8\xd0\
\xb6\x9b\x17\xc6\xf7\xdf\xdfj\xd4\x5cr\x8b\x96\xd9\x01\xba\
xFiO\xe4\xe34\xc7\xd9\x10\x91\x03\xa0\x15\xf5B\
.C\xec\xecg^g\xfe\xfe=D\xaa\xa3\x0c\xcc\xf4\
\x0d\xfa+3\xe3\xbfQ*U\xde\x1e\xe8\xbbr\xc4k\
p\x86\x97b\xf1\x81|8\x1e\xfb\x93@*\xf3\xff\xcd\
\x1d>0\xa3\x1d\xdb\xdb[\xae\xeb\x92\xe8L\xbe\xd3\xd0\
\x9e\xf0w\xdc8\x88\x5c\xd0y\xd2\x96\xeb\xb2\xdf\xadV\
S\xe7\x16\xb2\x0dh\xb5\xff+\x91J\xffqy\xdf]\
\xb9\xe3\x9aIR\x08\x08\x01! \x04\x84\x80\x10\x10\x02\
\xa7D@\x9dR-\xa9$\x04\x84\x80\x10\x10\x02\x17\x1d\
\x01\x99\xf0\xc5E`\x96\xff\x00\x81n\xff\x0d\x84\xe2\xff\
\x5c\xc8g\x1bH\xc2\x9a&\x09\x05\xc84\xa9\x15t\x92\
0F2!\x89\x18\xc7\x93a\xa1\xa2\x9bg\x18\xc8\x1a\
\x1aUd\x91\x8dz1L\x15\x1d\xd8\xbc\xb1:=\xfa\
V\xa32\xf7s\x00;}\xb0\x22\xc7\x9d\xce\xfc\xa1\xef\
\xec7\x0d\xe3\xf6H\xdf\xc8\xed\x85\x89\xfd\x0f\xb7\x9b\x0d\
;h\xf9\xb4\xcf\xf4\x93K\xda{J\x90T\x22@\x1e\
\x0fI\x00\xa2\x90\xe3G\xcd\xa5\x1c\x00D\xa4Y\x22\x98\
\xca A\xd0\x07>\x9f\x9fB\x03\xf8\xe0\xb9\x03\xd5\xe0\
\xa7\x043[\xae\xd8bY\xea\xd5\xa5\xf1\xd1O\xfb\x9b\
\xd5W$\xfa\x9fD\x82\xd1\x0d&\xc8qN\x08d\xf7\
~\xaf\x5c\x0c\xce\xffC\xb8w\xc3'sc\x07\xf7\xd7\
\xabU\x9b\x06\xd6J\x01(\xdan\xb4\xe8\x94\xa48\xd0\
Zk\xca\xe0\x94K!\x99\xa65f\xe3R\xad\x11\x10\
\x91K\x97\xc2\x96\xdd\x86\x96\xedb\xdf\xe6KR\xedF\
\xe3w\xfd>\xf3\xd5\xbd\x9d\x8f\xb7w*z\xb5\x1f\xdf\
%\x7f\xe8{\xe3a\x7f\xe8sf<\xf9W\xf3cG\
\x16\x5cW;~\x7fP\x9b\xb4\xcf\xc0%_\x9d\xe5\xfd\
\xd2dh7\xba\xfc\xa9bz\xad\x91\xf7\xe0\xb3,\xf6\
S\xb7\x9a\x0d\xa7\x9d\x9dx0\x9cL\x7fn~?<\
H\xad:\x1b\x98\x22r\x0a\x01! \x04\x84\x80\x10\x10\
\x02B\xe0t\x08\xf0;\x8e\xd3\xa9/u\xd7>\x01\x99\
\xa1\x10\x10\x02B@\x08\x5c\xa4\x04*\xb3\xf7\xcf\xc7\xe3\
\x99\xcf\xb7\x0b\xf9\x9f\x94\x0a9\x1b\xc1\xd5t\x80K\xa2\
\x04#\xe1\x90?\xae\xc8y\x9cf;>\xdeM#v\
4\x14V+\xac@X\xc5\x876\x5c\xe6d'\xde\x11\
_\x8f7\x00\xac\x9c\x80\xc6\x7f\xac\xa1\xd2t\xfe$\x98\
\xd9tK~|\xef\xf7\xb3\xf3\xb35\x9f\xa1\x81|\xf7\
\x9e\x10l\xb7\xdb`;\x8e7\x07\xf6\xadk\xa4V\xb2\
\xfb\x8fj\x86ax\xa2\xa0R\xa4\xf7\x91\xe2d\x98\x96\
J\xa5\x07\x02\xc9u\x1b\xafi\xceO\xbd\xb30{\xe8\
c\xc1\x81\xd2s\xa3\x83;\xd3\xd4\x11\x92\xc9y\xb6\x09\
\x1c8\xd0\xac\xda\x95\x7f4\xe2\x03\xef-L<\xfcP\
\xadRr\xf9\xf99\xde\x9b\xce\xe2:w]\xe0\xb5\xe6\
8\xe2\xd1\xa5A\xec\xc4\xbbe\xddr~J\x10i\xbd\
\x95\xe9\x87\xc1\xf5\x1bC\xc5\xd9\x99\x97\xb6]u\xd3\xe0\
\xa6\xa7\xac\xe3:ghza\xe2\x07S\x866\xee\xa0\
\x0d\xf5\xff\xe5F\x1f\x98h\xd6+\xf4R\xd2\x9a\xfd\xd6\
Z\x93f\xad\x8f\xd9\xa3\xe0}\x9f%\xd0>fsu\
\xadZ\xb6\xcb\x13\x07\xf6@\xb4\xef\x0bU\xa7\xf5}\x80\
\xbbX\x08\x059\x84\x80\x10\x10\x02B@\x08\x9c!\x01\
i~\x91\x12P\x17\xe9\xbce\xdaB@\x08\x08\x01!\
 \x04\x84\xc0#\x09\xe8bx\xe1\xc1P\xdf\xf0'\x1a\
\xd9\xb1\x83Z\xbb\x1aQ{O\xfa)0\x00\x16\x05\x0a\
\xdd\xd1S\xbc\xd6J\x83\xf7T\x16]\x01\x91\xea\x00\xbf\
\xb5P\x80\x88\x9ei\xc7%\x91C\xa3\xcf\x1f6\xc2}\
#O,NN\xbe7\xb1\xa1\xfe4\x80\x1b\xb9\xb2\xd7\
\xc7\x19_\x0a\xf7\x16\xea\xe1\xfc\xb7\x82\xa9\x0do\xb7K\
\xd9\x7f\x9c<\xb8'\x07\xae\xe3(\xd4Z\x19F\xc7\x0f\
\x16\x5cH\xd4$w\x01I\xd8;~L\x12\x94\x80\x0d\
\x80\xfd\xb5\xbd\x8f\x9b\x22U\xd6\xda\xa1\xf6\xc4\x80\xe6\xcf\
\xc2b\xa3\xd5Dm\x18fz\xf3\xb6\xdeH_\xffs\
\xeb\xd3c\x1f+\x17\xf3\xef\x0a\xf6?\xf1\x1aH\xee\x8c\
S\xbfH&\xe7\xd9$\x90;Pr\x8a\x95\x7f0\x12\
\xebn\xaf\xce\x1e>\xd0\xac\xd7m\xda\x9a\xda4MZ\
+\x83\x845^\x02E\x1e\xd0\x8aR\xd4\xd1.-+\
-\xa6\xab\xa9\xac\xb3\x9e\x88Hu\x91\xeat\xce\xae\xf0\
k\xdb.\xd6\x9b-L\xf5\x8f\xa4\xf3\xb3\xd3\xafh\xda\
\xfa\xb5\x99\x91\x1bV\xe2;\x04u\xb3\xf8\xe0!\xf0\xa9\
O\x80\x95\xfe|a\xe2\xc1\xbd\xc5\x85\xb9\x86\xa2\x17\x19\
\xbd\xc6\xc89\x8a\xd1\x0ety\x9f\x02hzQi\xa4\
\x02\x128\xddB.[\xaf\xcf\x1c\xbc\x17\xa2\xfd\x1f\x07\
\xb3\xfdw\xc0O\xf1v\xdc\x96\xab\x108\x03\x02\xd2T\
\x08\x08\x01! \x04.f\x02\xfcN\xe9b\x9e\xbf\xcc\
]\x08\x08\x01! \x04\x84\x80\x10XN\xe0\xc0\x81f\
\x14\xdc\xff\x0c\xf6o\xf9\xa3\xec\xf4x\x11\xdc6\x8b\x12\
$\xe8\xb9\xa0\x10\x8f\x11P\x967\xeb\xc65\x8b\x19d\
\xdd4b\xa7\x8d\x22\xa1&\x18\x8e\x19\xc1T\xea\xba\xc2\
\xd8\x91\xf7\xf4\x8cL?qE\x05\xc1\xd1\xd1F=\xb7\
\xfd\xc7\xb1\xe1\xf5\xefQ\xe1\xd8g\x16\x8e\xdc\xbb\xbfY\
/\xdb\xa0m\x0d\xe8\x92\xbc\xa2\xbd9\x90\xb8\xe2\x85]\
\xff8DD*'\xe3\x04\x19?%F\xc11'\xcf\
K\x91 \xc8\x99\x88\x0aP\xf90\x14I\xfaH\x14\x1c\
\xa1\xfe\x7f\xa7>s\xe0\xf3\x0ak\x7f\x10\x1e\xfe\xa9+\
`\xa5\xfeX\x0a\x0f\xb6\xd2\xb6f\xfa\x1bm\xc4R\x81\
o\x86\x07\xb6} ?\xb9gO\xabYw\x11A\xbb\
.-\xf9\xe2\xfeC\xec\xac)b'\xecN\x9d\xd7\x92\
\xe3\xcb\x9f\xca\xe3\xb4\x22\x91\x18\x11\x01\xd1@4M\xec\
\x1dX\x17]\x18?\xfc;\x8dV\xf5\xa6\xd4\xe05\xc3\
\x5c\xe7\x0cMC\xf5\xf0,\x04C_\xf1g\xb6\xdf\xd4\
\xc8\xcd\xfe\xe3\xfc\xe8\x83\x93\xb9\xecl\xbdV\xc9\xbbN\
\xab\xeeY\xbbQuk\xe5\x9c=7;Y\xcb\x8d>\
t\xa4\x95+\xfc\x9d\xbfw\xdb\xbb\xc1\xaf\xff\x0e\xf2\x87\
\x8ag\xe8\x834\x17\x02B@\x08\x08\x01! \x04\x84\
\xffv\x1f\xb1\x00\x00\x10\x00IDAT\x00(a \
\x04\x84\x80\x10\x10\x02k\x9f\x80\xccP\x08\x9c\x0e\x81\xd9\
\xd9\xfb\xab\xc1p\xe4/\x95\xe9\xff\xa7|n\xa1\x06\xae\
C\x82\xa0\xa6.HTsI,\xd1G\xdf>P\x12\
\xd8\x00\xa8\x8c\x0c\x11\xa9\x1e@Wp\xe1\x04\x8b,N\
\x9bE\x1a\xc0D\x22mZ\x89\xc4S\x16\xe6\xa6>\x90\
\xda0y-\x95\x1f\xed\x8c\x12gv\xde\xe9\x94&\xee\
>\xe0\x9a\xf6\xa7\xac\xcc\x96\x9bks\x87\xef\xca\xcdL\
\x14\x0c\xed\xb8Z;\x9a\xb4\x1e\xf0\x04Mo\x10\x1eV\
\x01\x22?IFB!\xb9\xed\x02]\xbc2\x00\xa4|\
\x00\x05\xdd\x03Q\x03\x1b\x0b\x82H\xf3\xd7\x0e@\xbb\xdd\
\xa6\xd9\x9a\xaa'3\x14M\x8el\xbf\xda\xadU\xdeP\
\x9d8\xf2\x19\xd5v\x7f/\xd2\xf7\xc4\xcb\x93\x9d'\x05\
U\xb7\x0f\x09W\x96@\xfe\xd0\xaeb\xc4m~#\xdc\
\xbf\xf9\x93\xa5\xc9\x03\xfb\xdb\xcd\x86\xad\x14j\xc3\xa7\xbc\
\xfd\xc7{\x90\x96\x0d\xd8xdNs\xc8\xe6\x82\xa6\xe5\
%\xf5P#\xad\xab\xc1Y^\x1b^c6\x00\x97\x04\
AC\xf5o\xde\xdaS^\x98y\x856\xe0\x0fz\x86\
\xaf\x1f\xa2\x8aHvfg\xf1\x81|s>\xfe\x1f\x81\
\xc4\xd0\xdb \xdc\xf3\x0e\xa78\xff\xa7\xd5\xd9\xfd\xff\x9d\
\x1f\xbf\xe7\x87\x85\x89{\x7fT\x9c\xbc\xff{\xb5\xb9\xfd\
\xff\x0c\xe5\xb9/A0\xfdf\x08&\xdf\xd9\x9c\x8b\xfe\
\x17d\xf7\x96\xcfl`i-\x04\x84\x80\x10\x10\x02B\
@\x08\x08\x81\x0e\x01y\x83\xda\xe1\xb0V\xaf2/!\
 \x04\x84\x80\x10\x10\x02\x8f\x8b@\xee\xe0w&M_\
\xf8\xc3vq\xe1\xc7\x8dz\xc5E\xedzO\xd4u\x05\
\x15\x0e\xbb\xb6|\x00\xc4\xa3Z\x09\x97\xb3\x10\xc8\xc6\x1f\
\xe1\xe4z\xb6\xab!\x16O\xf9\x02A\xffO\xe7f\xa6\
\xde\x93\x18|\xe2\x13(\x7fe\xdf\x8f\xe4\x0e\x94Z\xf1\
\xfa?D\xfa/}#h\xfc\xb3\xb9C\x0f\xce\xd8\xad\
\xaac\x90\xf6\xc3B\x0f\xfb\xc5O\x859K\xdf1\xf7\
\xc8\xe1\xb9\x0e\xf9\xe5\x9d\x88G\xe7\xc4\x1f'\xe5\xb9 \
\x22\x98\xa6\x05\xfc\x11T\x8dt(\x1f\xf6\x0eoL&\
\x867>\xc5-d\xdfR\x99=\xfc\xd9\x22\xd4\x7f/\
D\xf3K\xa7\x9f\x12\xa5\x8e\x8evB\x099W\x86\x00\
\x0b\xd7\xd5V\xe5\xef\x8c\xe4\xd0\xad\xb9\xb1\x87\xf6\xb6\x1a\
uW\xb3\xf6Kj-\xaf\xb1\xd6\x9a\xc4\xbe\x0ez\xc4\
cC\xf6\x80\xf7&\xd7a\xe3t7\xe4|/\x8d&\
\xa6\x07\xd6E\xf3\xd3\x93\xbf\x0b>|\xeb\xc0\xc6\x9fY\
\xcf\xf9gnw\xd9\x8d\xc2\xbdG\xa0j\xff-D\xd3\
\xef\x86\xc4\xfaW@t\xe3\xcb\xc0\xda\xf0;\xe0\x1f\xfe\
]\x08\xad\x7f\x0d$S\xef\x87\xba\xf9OP\x7fp\x1c\
@\xbe#\xf0\xcc\x99K\x0fB@\x08\x08\x815O@\
&(\x04N\x99\xc0#\xdf\xfd\x9erS\xa9(\x04\x84\
\x80\x10\x10\x02B@\x08\xaca\x02n+w\xcf\x9e\xd8\
\xd0\xe6\x8f\x97\xa6'\xf7\xb5Z5\x87\x850\x16IX\
d\xe1y#\xe2\x92\xd0\xc2i6M\x22\x0c\x0bn\x1c\
g\xd3\x1a)P\x9eh\xe6\x82\x06\xdbv\xc1\xa5V\x89\
d\xc6\xf4G\x82?S\xac\x96?\xdc\xbb\xe5\x19\xd7y\
\x95\xe8\xb2b\xe7\x81\x03\xcd\xca\xcc\x8fw\x07#\x89\x8f\
\xf8\x92\xc3\x1f(O\xef\xfdQ6;]%A\xd0\x05\
 E\x92|\xd74\x18\xfbKi\xf2\x08=\xa3,\xef\
\xd4\xe8\x02\x1b'\xba\x02Q'\xeeP\xd0)\xb3\xdd6\
\xa0V]C\xd7\xd5\xa8L\xcb\xe8\xd9\xb09C\xa2\xe0\
S\xddr\xe9M\xb5\xa9C\x9f\xca\xb6\x16n\x0a\x0e>\
\xf1\xc9\x91\xfe\xab3\x00+\xf7\xc7S\xc8\x119\x99\x00\
\x89\xbf)\x13\xbe\x11\xe8\xdb\xf2\xe9\xe2\xe4\xbe\xfd\x8e\xdd\
\xb4\x916!?\xdc\x89t\xe1=Hi\xae\xe9\x19\xaf\
gw\xdd\xbc5V\x1a\x14\xd0\xfa\xf3\x86\xa0\x1a\x9d\xba\
\xfct!\x82\xe3\xb4\x81V\x15{\xd7oJ,\xccN\
\xbc\xb4\xa9\xebo\x8co\xb8v#USdgz\xd2\
\x88\xa3\x0d(\xef\xcbBa\xcf(\x94\xf7\xee\x85\xd6\xfe\
\x87\xa1y\xf0\x00\xd4\xf6Nu>\x12\xbc\xbbu\xa6\x83\
H\xfb\x8b\x81\x80\xccQ\x08\x08\x01! \x04\x84\xc0\xe9\
\x11X\x8972\xa77\xa2\xd4\x16\x02B@\x08\x08\x01\
! \x04.\x14\x02\xae\xbf\x15\xfa\x9f\xe8\xe0\x86\x8f\x17\
&F'X\xd2c\xf1\xcc\xb6mp]\x17\x94:\xf9\
\xdb\x08.\xeb\x88*\xb0\xf8\xf1K\x12[\xb0cJ\x99\
\x00\xca\x80X,e\xf9\x0c\xfd\xb3sSG\xde\x1b\xdf\
\xf0\xa4\xabV\xf4;\x04;\x84u}\xe1\xbe\xc9v8\
\xfe\xb5\xe8\xe0\xd5oqm\xe7\xafg\x0f\xde?Q\xaf\
\x96l\xbb\xdd\xd0&)\x83\x86ax5Y \xe29\
q\xe8e\x1cw9>\x1f\x11\xa1;G\x0e\xd9hR\
\x80\x86\x81lV j\xf4\x8elN\xf7l\xb8\xe4\xc9\
\xd0\xaa\xfd~}\xea\xe0\xa7+\xc5\xd2\xdb\x02}\xc5g\
tD\xc1\x1d\x16\x9c\xe9!\xed\x97\x08\xcc\xcf\xef\xae\x84\
\xda\xfe\xbf\x0e\xf4n\xfe\xd0\xc2\xe8C\x07Z\x8d\x9ak\
*\x83\x96M{uxm9B\x19\x1c\x9c\xd4\xba\xe5\
\x88\xe8\xd5\xe1ue\x03e`*=\x18\xcd\xcdO\xbf\
\x8c\x14\xc2w\x90 \xb8\xc1\xab \x17! \x04\x84\x80\
\x10\x10\x02B@\x08\x5c\x80\x04N\xfe.\xfe\x02\x9c\x8c\
\xb8,\x04\x84\x80\x10\xb8\x18\x08\xc8\x1c\x85\xc0\xb9$0\
?\x7fW\xc5\xb0\x22\x7f\xa7\x12}\x7f2;3Q4\
\x10\x5c\xcb2\x01\x17\x9f\xb8\xea\x8a'\xfc\xf4\x15[\xd7\
7\x174\xf0C\x81\x88\x1dQ\x85\xbf\xb7\xcd@\x05\x88\
\xe8\x99\xf7\x11]\x8a\xc5\xe3\x19\xd3g\xf9~\xba8?\
\xf3\x91\xc8\xba\x03O9\x0b\x82 \xc0\xc4\x0f\xea\xe5\xa9\
\xe1\x1f\x06\x83\xf1\x9b}\x99\xf5\xef\xab\xce\x1e\xfe\xcf\xc2\
\xf8\xe1\x19\xd7i\x90\xaa\xe9xj\x91\xeb9\xcb\xc2\xa0\
\xa2)(\xf2\xac\xe3'%@Q\x0dD\xe4\xa8\x97\xcf\
\x11\x9e7\x22\x02a\xa0y\xd2l\xd1\x05\xaf\x22\x17\x92\
\xd9n\x1b]\xd7Ee\x9aF\xdf\xd0\x86Dj\xc3\xb6\
'\x80\x82\x977f\x0f}\xb2\x92\xcb\x7f4\xd0\xeb\xff\
\x0d\x12\x05w$\x12W%\xce\xca\x9c\xc9\x87\x8b\xed\xcc\
\xe5~Xj\xd8\xe5oB\xa8\xef\x93\xa5\xa9={\xda\
-~BPkZ4:\x0d\x12\xb0I\x98F\xa2\xa2\
\xf8\xe2R\x1e\x15->\xd9I\xb9\x94FP$Tk\
\xdd)\x07\xef\x19V\x83\xf2\x0dh;6\x00\x09\x82\x83\
C#\xd1R1\xff\x1bN\xab\xf5\xf6\xf4\xba\xa7\x0c\x82\
\x1cB@\x08\x08\x01! \x04\x84\x80\x10\xb8\x00\x09\xa8\
\x0b\xd0\xe7\x8b\xd5e\x99\xb7\x10\x10\x02B@\x08\x08\x81\
\xf3B\xa00zW\xc1B\xfcCp\xf0\x1f\xe6\xe6\xa6\
k\x01\xcbG\xc2\x8a\x0d\xadV\x8bBv\xa9\xf3v\x02\
\x11\xbd\xa7\x009\x075_\x1fi\x06\xa9\x89H\x85\x88\
H\x22\x0b\xd5G\x05\xb1d\xaf/\x10\x0e\xfeLez\
\xe6\x96\xe4\xfa\xf1'\x9d\x9d\x8f\xd2\xde\xe9xO\x09\xc6\
\xeb\x7f\x1e\x1b\xbe\xf4\xf5\x81t\xdf\xe7\xb2\x87\xf7\xdf;\
;=Qu\xed\xa6n\xb7\xeaZ\xbb$\xf8\x90\xcb\x88\
H\xf3r\x97\xe6BYKq\xadI\xe4$s]\x97\
\xb3\xbd|\xce\xf3\x12tAD\xba\x02(\xa5H$$\
9\xc9u\x91\xe4FT\x86e\xf4\x0e\x0c\xc7z\xb7<\
\xe12+\x1a\xfc\x8d\xc6\xdc\x91\x0fWf\xc6?]p\
j\xaf\xf6\xa5\x1f\xbe\x1a\xbc?6\x22\x1f!\xf6\xe0\x9d\
\xc9%w\xa0Db\xe0_\x19\x89-\xb7-\x8c>t\
\xb0Q\xab\xd1B:\x9a\xd7\x8b\xad\xbbV\x88\xe8\xad\x1d\
\xad\x10\x8d\xd6YK\x8a,\xe6\xc1R\xc8m\x10\xd1[\
O4\x14\xa0a\xe1\xc0\xc0\xfaHev\xea\x05\xaeO\
\xffF&sC\x04\xe4\x10\x02B@\x08\x08\x01!\xb0\
\xf2\x04\xa4G!pV\x09\xa8\xb3\xda\xbbt.\x04\x84\
\x80\x10\x10\x02B@\x08\xac\x09\x02\x8d\xfc\xee\x09\x7f$\
\xf6!\xa8\x94\xfe\xbdX\x5ch\x99\xa6\xa1M\x9f\x0f\x0c\
\x83\x9f\xb8\x221\x05\x91\xe6\xe9\x92hbR\xd8y{\
\x81\xfa\xa8\xa8B\x99\xde\x89\xae\x06\xb6\x8e(\xa3\xbc\xef\
\x12\xd4\x88\x18\x0a'\x95?\x9e|r~r\xfc#\xc9\
\xf5\xf6s`\xcbs\xfc^\x83\x95\xbe\x1c8\xd0,M\
\xfc\xf0\x80\xe5\x0f\x7f1\xb9~\xeb\x1b\x95R_\xcd\x8e\
\xee{\xb0Y+-}\x9f\xa0Kb\x1f\xe5{\x82\x10\
\x7f\xc7\xa1\xad;N\x90\x9b\x9e\xc0\x07\x0ai\x9e\xca\x13\
3y\x8e'2X:H\x14\xd4\xc8\xe2\x22\x92\xb0\x84\
\xd4\xb5\x11\x8d\xa5\xfc\xa9\xf5[\xfaC\xbdCO\x87r\
\xf5\x0d\xed\xec\xd8\xe7\xa0\x94\xfd\xb0\x91\x5cxA\xb8\xf7\
\xa7\xae\x8c\xf4_\x9d\x81-[\xfc\xd4\x05C\xa5@\xce\
\xd3\x22\x90\xfd^9\x0a\xf8\x8f\xbe\xe4\xfaO\x95\xa7\xf7\
\xedq\xda-[kG\xa3\x01\xa0\xc0\x00p\xd1[G\
Z\x96\x13tK{\x19\xd8\xc0[\x7f\x16\xae\xa9-(\
4AS;\xdb\xb6\xc1n;\x10\xce\xf4\xc7r\xd3\x93\
/q\xa3\xadKO\xd0\x89d\x09\x813  M\x85\
\x80\x10\x10\x02B@\x08\x9c}\x02\xea\xec\x0f!#\x08\
\x01! \x04\x84\x80\x10\x10\x02k\x80\x80\xdb\xcc\xde\xbf\
/\xd8\xbb\xf1\xe3\xa5\xe9\xd9\xfb\x1b\xb5\x92\x13\xf0\xf3\x13\
\x82.8\x8e\x03\x1dq\xaf#\xa0t\xe3<g\x16\xd0\
8\x5c2R\xceHS\xf1\x92,\xb8q9\x1b(\x85\
\xa1H\xdc\x17\xef\xcb\x5c\x9f\x1f{\xe8\x96`u\xfe\x17\
a\xf8\xfa\xa0Wq\xe5/\xba4\xf1\x83\x5c~\xec\x87\
\xdfw\x8d\xd0-\xfe\xde\x81\xb74\x0a\x85o\xce\x1e|\
p\xaaZ\xce\xb7A\xdb\xba\xd5hh \xe1\x92\xc5N\
\xf6\x8f\xe7\xc4B\x10\x87l\xecR7\xe4rN\x1fo\
\x9c\xcf\xc6\xf3\xe4~\xb8\x9c\x04A@ThZA\xb4\
\x02!_j\xddH&6\xb0\xfd\x89\x18\xf2\xbf\xd4\xc9\
O~\xac:w\xf8\x8eJ6\xfb\x0e#\x1b\xf8\x05\x7f\
\xef\xceM\x90\xba.\x06\xb0\xd3\xc7m\xc5N\x9d@\xa1\
po!\x92\xb4\xfe2\xd0\xb7\xf9\xf6\xdc\xd8\xbeQ\xa7\
\xdd\xd0\xb4\xf5h\xc9\xb4\xb7WY\xd8;\xda\xdb\xa2\xda\
\xbb\x98\xc1k\xd6\xb5\xc5,/0\x0c\x03x\xfd\x94\xcf\
B\x7f0\x82\xd0jn\xaa\x97J\xbf\x00 \xdf\xff\xe8\
\x01\x92\x8b\x10\x10\x02B@\x08\x08\x01!p\xc1\x10\x10\
1\xf0\x82Y*qT\x08\x08\x81\xb5H@\xe6$\x04\
.0\x02\xba\x1e\xeb\xb9;\xb5a\xf3{JS\x13\xbb\
\x9a\xf5\x8a\xad\x14h\x16I\x90&\xa2\x17\x1f\xb5b!\
\x85\xe3\x9e-~\x97\x9eW\xa4\x10\x5c\xe0\x9a\x00^\x1d\
*c\xa1\xcca1\xd1\x010\x0c\x0b}\x81\x88\x8a\x0d\
\x8e\x5cQ\x9f>\xf0~_\xbd\xf8\xf2H\xdf\x95\xbd\x00\
\x80pv\x0e\x17\x8a\x0f\xe4\x9bs\x81\xff\x0ad\xfa\xde\
\x1d\x1e\xdc\xf4\xb6\xda\xdc\xdc_\xcf\x1f|po\xbdV\
\xae!\xb9\xeb\xba\xb6F\xa4\xe1\xc9w CMo\x9d\
H\xcdD0\xc8)\x034\x10\x006\xaa\xa2\xc9\xe0\xb8\
\x83\x9f,\x03\x9a5\xa9P^\x09\xa2\xd7)\xd8\xb6\x8d\
\xa6i\xa2\xf2)\xe5\x0b\xf8\x8d\x9eLo \xb9a{\
\x7flp\xd3\xb5`\xf8^\xe6\x14\x8e|\xa89w\xf8\
KP\x9d\xfb\xb0/\xd5xI\xb0\xf7\x89O\x89\xaf\xdb\
\xb99:\xb83\xbd(\x92\x92#^\x97r9\x09\x81\
\xfc\xa1]\xc5F\xad\xfaM\x88\xf5}\xaa8\xf9\xf0\xc3\
\xedf\xd3\x06\xc7]\xda\xaf\xb8\xa4\x01\x9e`\xe1\x8e\xef\
\x93\xf6j7\x8b\xf7+\xa2\x89\xfeD2X\xabU\x9e\
\x1c\xe93\x13\xdd2\x09\x85\x80\x10\x10\x02B@\x08\x08\
\x01!p!\x10\x907\x92\xe7g\x95dT! \x04\
\x84\x80\x10\x10\x02\x17&\x81\x03\xff\xd2\xcc\x8d\x9a\xff\x99\
X\xb7\xf5#s\xa3\x87\x0f\xd6*E\x17\xd1\xd5$n\
yO\x5c\xb9Z\x93@\x06\x80\xf8H\x81ES\x19b\
'\x9f\x853~\xca\x8a\xf3\x80\x0eD\xf4\xda\x90:\x86\
V lf6^zI{a\xee\xddm\xc7\xbd)\
\xb1\xf1\xc9\xeb\xb9\x0a\xd9Y:w\xb5\x1b3\xf7\x8eV\
\xa76\xfdU8\xd3\xf3\x96`\xef\xc8\xbb\x9b\xc5\xf2?\
\xcd\x1f\xdc=V..4\x9cv\xcd\xb5[-m\xa0\
\xd2Jy\xe6=!\xc6\xfe\x9f\xaaC\x88\x9d\xf9q}\
\xea\x03H\x08\x84n\xe8\xc5I\x18\xb4\x02\x01\x15\x0c\xc7\
\xad\xcc\xf0p\xbco\xeb\xcem\xbd\x9b.\xf9\xe9P,\
\xfc;\xedB\xf6C\xf5\xb9\x83_(N\xcd~\xa2Z\
\xad\xbd!\xd8\xac\xffb\xb8\xf7\xea+\xc2\xbd\x97\xf7A\
z{\xb4\xf3\x91\xe2\x1b\x0d\xea\x1b\xc9\xe4\x5cN\xa0\xbc\
/\x0b~\xfc\x13_r\xfb\x1d\xa5\xa9\xc3c\x8e\xd3\xd6\
v\xdb\xd5\x88H\xfb\xf54q-\x0a\x82\xc8B\xb0R\
\x10\x0c\x86\x15\xd8\xad\x8d\x96\xdf\x9f\x019\x84\x80\x10\x10\
\x02B@\x08\x9c\x9c\x80\x94\x08\x81UG@\xc4\xc0U\
\xb7$\xe2\x90\x10\x10\x02B@\x08\x08\x81\xd5N\xe0.\
\xbb\xd0\xaa\xfeG03tKefl\xb7\xe3\xda\xae\
a\xa0F\x12H\x14\x89,,\xb1\xb8\xe0\x80\xf7\xd7u\
]\x04\xf0L\x03\xea\xce\xbc\x10\xd1\x8b+@`\xf3\x19\
& IY,$\x92BCB\x9b\x06\x17\x14\xf6l\
\xd8\x9cn\x96\xf2\xaf(\xccL}(6t\xddu\xb0\
\xe3l\x7f\x1c\xf3N\xa7:\xbf{\xa6\x1e\xca\xffS<\
\xd5\xff\xf6\xc8\xd0\xc8[[\xb5\xda\x9f-\x1c\xd9so\
!;\x9bs\x1d\xdb6\x11\xc8E\xed\x89I\x88\x94\x80\
\xce\xc1sc\xeb\xa4\x80\xe6G3\xd3\x8a\xear\x1d\x05\
\xcb\x0fD\xce\xeb\xe4\xb0\xa0\xe8\x09\xa2\xae\x06\xed\xb8T\
\x9f\xb8\x01\xa0\xe38\xe8hT\xa1p\xcc\x9f\x1a\xde\x90\
N\xae\xdbz\xa9?\x91\xf89\xb7\xd1xe}\xfe\xf0\
\xad\xd5\xb9\x03_\xa8\xceM}\x01\x8a\xed\x0f\xa8\xac\xf5\
\xdaH\xff\xa1_\x8d\x0c_\xf3\xf4p\xdf\xce+\x12\xfd\
O\x1a\xf1\xbew\xb0\xef\xca\xf0\x223v\xe0\xe8\xa0p\
\x91\x1d\xf3\xbb\xab\xa9X\xf4_\xd7_\xf6\xc4\xff\xad\xd4\
\xaaMX\x14\xf5:\x14\x18\x0d['\xd5\xbdzk\xd2\
MP\xc8k\xeb\x19\xad\x1di\xc2\xb4N\x9ar\x15(\
\xd3\x0a\x01\x9aqJ\x5c\xbc|i\xf2r\x9e\x8c\x80\xe4\
\x0b\x01! \x04\x84\x80\x10X\x9d\x04\x1e\xf9\xeegu\
\xfa)^\x09\x01! \x04\x84\x80\x10\x10\x02\xab\x89\xc0\
\xec\xfd\xd5z4\xf3w\x89\xf5\x97|,76:f\
\xb7\x1a\xaeB\xadI\xc4\xea\x08%$\x84-w\x17\x11\
\x01\x11\x97gyqD\xf4\xf2\x11)T$\x88i\x0d\
\xa6iQ\x9e\x89hX\xaawxc\xdc\xf4[7\x96\
\xa6\x0e\x7f,V\x8e\xfct\xe7)8\xaf\xe9\xd9\xbb\x8c\
\x8e6\x8a\xb3?:\x5c\x99\x8c\xfe}$\x91zgb\
x\xeb\x9b\x95/\xf8\xe5\xec\xe1\x83?\x9c<\xb0g\xae\
\x5c\x5ch\x81\xd3\xa2\xf9z\x0a\x1e9M\xb2\x1d\xfbO\
\xe69\xb5\xec\x82\xc8O\xa0\xb1p\xd4\xc9DD/\xc2\
b\x13[W\x0c\xec\xc6\x99_7\xcf!q\xb0\xd9\xb6\
\xd1v\x91\x85A\xc2\x12\x08\xc42\xfd\xe9\xc8\xe0\xb6-\
\x91\xc1K\xae\x0b\xa4\xd7\xfd\x12\xf8}\xafp\x0b\xd9w\
Uf\x0e|\xb22\xb1\xef\x8b\xd5\xd9\xb1/\x17+s\
\xb77\x9b\xf5\xf7\x04A\xbd\x22\x92\xf3?7:\xb8\xf3\
\xc9\x91\xfekv\x04\x06\xae\xde\x10\x1e\xb9\xa6?:t\
mO\x8a\xbf\x8bp\xe4\x86\x009\xb3\xf6\xdf\x0b\xee\xd8\
\xe1sL\xdf\xc8\xdc\xdc\xccH\xc0\xef7\x95b\x91\xf6\
\xe8\x9a\x10\x83cND\x04D<&oy\x82\xd7\x0a\
\x11i\x9f\x9a\xe0\xb6\xdb\x86\x02\xc5\x7f\xecey\x15\x89\
\x0b\x01! \x04\x84\x80\x10\x10\x02B`U\x13X\xfb\
o\x00W5~qN\x08\x08\x81\xb5D@\xe6\x22\x04\
.:\x02\x07\xfe\xa5\x89f\xf3\x1f\xe2\xfdC\x1f)L\
\x1c:d\xb7\xea\xfc\xc4\x1c\xc9y\x00\xdau\x01\x5c\x12\
\xc2\x08\x0a\xcb.,\xa0P\xf4\x98\x13\xb1#\xb8p\x19\
?u\xa5\x00\x81t\x1a\xe04P\x19*\x134*L\
$\xd2f\xaco\xf8\xba\xd2\xf8\xe8m\xa1j\xec%\xde\
Sop.\x8e\xbb\xec\xca\xcc=\xf3\x85\x89\xc8w\xc3\
\x91\xc8'B\x83\xc3\x7f\x10J\xa7oi\xe4\xb2\x7f\x93\
\x1d\xbd\xf7\xc1\xb9\xc3\xfbs\xf5J\xa9\xed\xb6mm7\
[\xba\xd5\xa2\xd0v\xa1\xcd\xe6\xb4\xc0v\xdb\xe0h\x9b\
\xe6\xe0\x92\x11\x0e \xddP#M\xcd\x00\x0a<\x03E\
\x8c\xb0S\xc6q4\x88\x02\x1b\xcd\xdd\xf4\xf9\xc1\x0a\xf8\
\xc1\xe7\xb7\xc0\xb2,\x08\x85BhY&\x99\x85~\xbf\
_\xc5\x12\x09\xa3o\xa0?\xd8\xbbi[2=\xb2c\
0:\xb0yk\xa4\x7f\xf8\x89\xa6\xe1\x7fv\xbb\xd9|\
I}n\xee\xad\x95\x99\xf1\x0f\x97\xa7\xc6\xef\xa8\xccL\
|\xb5\x91\xcb\xffQ\xa3P\xf9\xc3v\xab\xf9\xb9\x9aj\
~$X-\xbe\x22\xb6\xee\x9a\x9d\x83\x83;C\xe7\x82\
\xe6\xf9\x18\x83\x84\xd0t\xac\x92\xfa\xf5\xec\xc1\xfb\xdeo\
\xbb\xf65\xfe`\xd0\xa4\x05@2\xf0\x0ch\x9fz\x06\
\x8b\x07\x0b\x85\xe8=\xd4J\xda4\x1c\x7f\xbe\xf2\x8b)\
\x00\x00\x10\x00IDATx{\x992\x15\xefO2\
P\xcaQ\xa6jQ\x96\x9cB@\x08\x08\x01! \x04\
\x84\x80\x10\xb8`\x08\xa8\x0b\xc6\xd3\xd5\xeb\xa8x&\x04\
\x84\x80\x10\x10\x02B\xe0\xa2%\x90?\xb4\xabXl\x96\
\xffB\xc52\x9f]8rp\xa2\xdd\xac\xb9$\x04z\
O\x08\xba,\x08\x12\x19D\xa4+x\x22\x9f'\xf4y\
\xa9\xa3\x17\xc4\xa3\xe5\x9c\x8b\xd8Is\x5c)\x13@\x19\
\xe8\x0fG\xcc\xcc\xc6\xcdW\xd4f\xc6\xdeW)\xe6\xde\
\xe2\xcf\x5c\xb5\x15\xe0\x06*\xe4Zg\xdb\xee\xb2\xcb\x93\
?Z\xa8M\xfd\xe4\x9e\xda\x9c\xfd\xd5P\xaa\xff\xad\x81\
\xf4\xd67@0\xf2\x85\xea\xdc\xc4\xff\xe6\xc6\x1f<\x94\
\x9b8Rl\xd6J-\xed4\x1d\x85\xaeF\x9e\xa8\xcb\
!\x80K\x1c\x1c\xc7Y\x9a?\xc7\xd9\xe3N\x15\x12\x0a\
I>ED\xce\x02D<\xc6\x14\xa9\xa3\x88\x08\xcbC\
\xd34\xc1\xf0\x99@\xc2!\x22*T\xa6\x0fM+\xa0\
B\x91\x98\x11\x8d\xf7\x98=}\x83\x81\xbe\xa1\x0d\xd1\xcc\
\xa6-\xfd\x03[.\xdf\xdc\xb7\xe9\x92+z7n\xb9\
&\x91\xe9\xbd!\x18\x08>\x07\xb4\xf3k\xcdf\xedw\
\xea\xd9\x89\xf7\x94\xc6\xf7\xdcR\x06\xbc\x1a\x00\x14\xd9\x1a\
:o4\xf8I\xc8r\xa9\xf4\x86\xd2\xd8\xbe\x9bS\x1b\
\xb7_\x17\x8b'B\x80\x06\x9e\xca$]\xaa\xc5v\xa2\
\xba\x88\xe8\xadi\xb3^\x03bYk7\xed\x12\xd5c\
\x9d\x90\x029\x85\x80\x10\x10\x02B`\x8d\x13\x90\xe9\x09\
\x815A`\x8d\xbd\xf1[\x13k\x22\x93\x10\x02B@\
\x08\x08\x01!pa\x11\xc8\xee-Gb\xc9?\xf3e\
\x06?Y\x9c\x1c=b\x90\x18\xe6}\x87\xa0\x01@\x9a\
\x0a\x09&\xa4\x93(\xec<\x09G\x9a\x13ic\x00\x14\
v\x8c\xa2t\x22\x22 R\x1d~d\x8e\xd2\x8a\xe2\xa4\
\x9ey\xa2\x0bP]\x12\xce\x10\x94\xa9H\xd8\xea\xa3\x0e\
_\xd1\x9c\x9f\xfcTt]\xe3\xe73\x99\x1d\x118\xa7\
\xc7\xeeV-{\xcfT#{\xdfw@\xf9n\xb7z\
\x06_\x17\xea\x1dy\x0b\xf8\x8d\xcf\xd5\xb3G\xfe\xb50\
\xf1\xe0\x83\xb9\xd1\xbd3\xa5|\xb6\xa6H)\xf2\xfb\x0c\
\xd7g\x98Z)\xa5\x11Q+\xc3\x00e\x10\x18\xf2\x99\
\xd2@\xf9\xde\xbc9NY\xdeIs\x05\xfe^:@\
~j\x0d\xbcr\x92\x0c\x81M#\xcd\x9e\x0c\xe8\xe8\x88\
\x8c\x1a\x1c\x87\xcd\xa1\x1c\xf0x\xb1\xd8H\x86\xae\xeb`\
\x9b\xac\xe5\xd8H\xa6\xc8_\xf4\x07#h\x05\xa2F*\
3`\xf5m\xbd,\x05\xbe\xe8\xf5\xe5r\xe9:\x18\x19\
\xb1\xbc\x0e\xd6\xc0\x85\xf7Dt\xe0\xc8\x93\x1b\xd9\xdc\x07\
\xa1\xd1xy\xcf\x86\xcd#\x862L\x03\x15j\xde|\
,\xbe\x12M${\xe4t\x999\xdb\xf1%\xb4\x879\
\x8b\xdar\x1f\xb4\x94@\xeb\xe3\x82aN)\x80\x1c\xc8\
q\x11\x10\x90)\x0a\x01! \x04\x84\x80\x10X;\x04\
\xe8\xfd\xcb\xda\x99\x8c\xccD\x08\x08\x01! \x04\x84\x80\
\x108?\x04J\x13?\xc8El\xdf\x1f\xfb3C\x9f\
\x99;\xf4\xe0\x84vZ\xda$\x01\x8c\xbda\xd1\x8a\x05\
\xae\xae\xf0\xc5!\xe7\x9f\xc8\x10;J\x97\xd6\x0e\x89`\
\xda\xab\xe2\x09/\x8a\xf2\x15\xc9kh\xa8\x9e\xfeu\xf1\
`\xa6\xef\xe7\xca\xe3\x0f\xddVB\xdf\xabB\x1bv\x0e\
P\xc5\xb3\xf3\x9e\x86:>\xc9\xe9@iw\xae\xb5\xf0\
\xc0\x9e\xda\xdc\x03\xff\x08\x91\xd0G\xfd\xf1\xde7\x9b\x89\
\x0d\xaf\xf7%{?\xe8T\xaa\x7f\xbepd\xcf\xf7\xa6\
\xf6\xdd\xbf\x7f\xee\xc8\xc1\xf9\xe2\xc2|M\xb7[\xb6\xb6\
[\x0eh\xdbE\x02r\xd4@\xf3\xc7\xa4\x11\x91\xe6\xdc\
1*>fX\xc4N>b'\xe4r\x04\x03\x98%\
\x9ba\xf8H;\xed\x88\x82\x5c\xc6yJ\x19^\x9e\x22\
n>\x9f\xdf\xabk\xdb6\x98\x86\x05\x84\x17HE\x04\
 \x9f\x14\x9a6\xac\x89\xe3F#5x\xcd\xba\x12\xf8\
_V\x9e\xde\xfb)#\x1c\xfa\xd5\xcc\x86\x8d\xbd\x86/\
`\xd2\xf4\x90\x0c\x0c\x12b\x11\xbd('Oj,\xba\
\xba\xd0\xd9\x7f\x9dJG\xdb \x22\x10G]*\x15[\
\x91X\xe2\x1e\xb3]-t\xea\xc8U\x08\x08\x01! \
\x04\x84\x80\x10\x10\x02\x17\x06\x01ua\xb8)^\x0a\x01\
! \x04\xce-\x01\x19M\x08\x08\x81\xd3'\x90\xcf\xef\
*\x06\x82\x91?\x09\xf6m\xfcDnl\xff(j\xc7\
E\xd4\x9a\xc5(\xd4\x0a\x5c[\x83\x0b\xa4\x85yO\xbc\
\xb94\x00\x1b\x05t\xb2\xf8\xc2\x06T\x83\x0d\x11\x81E\
-jO\xa5\x00\x0a\x10X0\xe3<\x00\xc4P$n\
$Gvlk\xce\xcf\xbe\xa56>\xfd~_\xff\x13\
\x9e\x08##\xfc\x071\xe0<\x1c\x0ed\xf7\x96\x9b\xc5\
\x03\x07\xed\xc2\x9e\xef\xb6-\xdf\xd7 \x98\xb8\xd9J\xf6\
\xff\xbe\x91\xec\x7f3\x98\x81\xdb\xec\xc2\xdc\x9f\xe7\xc6\x1e\
\xfa\x9f\xec\xe8O\xf6\xce\x1f|hv~j\xbcX*\
,4\x1a\xd5\x8am7\x9a\xae\xddj\xba\xae\xcdZa\
[\x83\xab5\x09\xa8\x9e\xd9mN !\xe9\x18!\x05\
6p\x89\x8f\xeb\x92\x9e\xe7x\xd6n\xb7\x89\x17\x12\x19\
\xe4\xe9k\xc7\xd1\x9ei\x92\x19\xa9\x9an7\xea\xdai\
\xb7t\xb3V\xd5\xd5b\xce\xc9\xcdN7g\x0f><\
M\x1d\xffG0\x1a\xfe\x0e\x8c\x8e6\xb9\xe1\x05k\x99\
\x1d\x91@f\xef\x93s33\x1fh\xceO\xdf\x14\x1e\
\xdcrE$\x1a\x0f:\x8eFbIl\xba\xc2\x1e\xef\
9\x92\xf9\x08Sg\xbf\x9dx\xc6\xbc\xdf\xd84\xed\xbc\
n=\xad5\xa0\xab\xc1G\xc2\xb4I\x06\xd5\xca\x9c\x0b\
\xf8\x9f\xb3\xb3\xf7\xd7O\xdc\x8b\xe4\x0a\x01! \x04\x84\
\x80\x10\x10\x02B`u\x12P\xab\xd3\xad\xf3\xe6\x95\x0c\
,\x04\x84\x80\x10\x10\x02B@\x08\x9c\x01\x81\xe2\xd8w\
\xf3\xfe\xa6\xfe\x13_\xcf\xba\x8fO\xef\xbf\xef@\xb5\x5c\
p\x94\x22\xfd\xcaq\x80E\x196\x16UN6\xc4\xf1\
e\xdd4\x87l@\xe2\x8cR&(\xd3D\xd3\xf0\xab\
\xcc\xa6\xad\xbd*\x12~a{\xe6\xc8\xed\xa1f\xeaE\
\xc1\xa1\xeb\x86\xa9\xef\xf3\xf9\xfe\xc6\x81\xd9\xfb\xabP\xdd\
=\xd3\xca\xefy\xc0\xc9?\xfc\xaf\x10\x0b}\x09B}\
\xef\xb5\x92\xeb\xdeh\xc46\xdf\x04\x91\xd4\x07@\xc3\x17\
\x9a\x85\xe2_\x95g&\xfe-?\xb9\xfb{\xb9\xb1\xbb\
\xef]8|\xef\xbe\xdc\xe8\x83\x13\xf3\x07\xf7e\x17\x0e\
\x1f,-L\x8e\xd5\xf2\xb3S\x8d\xec\x1c\xd9\xfcT+\
\xbf0\xdb.,\xcc\xb7\x8b\xf9l\xbb\x94#+,\xb4\
\xab\xc5\x85v\xb9\xb4\xd0\xae\x14\x16Z\x85\xfc\x5c+\x9f\
\x9di\xe4\x16f\x1a\x0b3\x13\xb5\xdc\xd4D976\
\x9a\xcb\x1f\xd9?]\x98<|\xb089~\x7f#\x97\
\xffn\xb3R\xf9'h\xb7\xff\x08B=\xef\xf5gF\
n\xaeN\xba\x0f\x113Mv\x01\x9e7\x98\xf1\x0d\xd7\
n4\xb5zUc~\xec\x93f2\xfek}\xdb/\
\x1d\x0e\x87\xe3>T&\xf2\x84\x10\xb1+\x92r\xf2\x94\
\xac\xb3\xd7\x16\xab\x92\x90\xed\xd0\xfeE\xe4~4\xb4\xda\
M=?;U\x83@\xe4\xdb\xe8\xb6\x7fB\xb5\x5c2\
9\x85\x80\x10\x10\x02B\xe0\xc2# \x1e\x0b\x81\x8b\x96\
\xc0\xf9|\xb3|\xd1B\x97\x89\x0b\x01! \x04\x84\x80\
\x10X\xcb\x04\x0a\x85{\x0bq\x8c~=\xd0\xbf\xf5\xc3\
\xd5\xd9\xb1\xbd\xedf\xddU$\x08z\x7f\xa2\xd5EP\
`@\xf7\xd0\xdecW\x0a\xf8\xa9?6P\x08.)\
e\x9dl\x16_\x16\xebR>\x97u\xdb\xa1V\x8b\xe2\
\xa2\xc6h<\xe5\x8f\x0cm\xba\xb66;uK\xbdR\
x\x7fpx\xe750r\xc3\xf9zJ\xb0\xebb7\
\xec\x88\x83\xb5\x87\xa7[\xf9\x87\x1frJ\xc1\xff\x84X\
\xfck\xe0\x8f~,\x94\x8c\xbd3\x10O\xbc\xde\x97X\
\xf7\x063\xbe\xf1-\x10\x19~7\xf8\x13\x1f\x01\xd3\xbc\
\x03\x5c\xe7O\xa1Q\xfa[\xa8\xe7\xff\x19\xca\xf3\xdf\xd6\
\xa5\xec\xff\xd8\x85\x99\xef\xb6\x0bS\xdfo\xe5&\xfe\xaf\
\x99\x9f\xf9\xbf\xe6\xc2\xcc\xff\xd5\x17f\xbe\xdf\xcc\xce~\
\xafYX\xf8\xdfv>\xff\xdfv\xbd\xfc\xef\xae\xdd\xfa\
\x07e\xaa\xbf6\x03\xd6\x1f\x05z\x92\x9f\x0cd\x86\xde\
\x1d\xca\x0c\xbe>\xd8\x93yU\xb4\xa7\xf7\x95\xc1X\xfa\
\xf7\xa3\xa1\xcc\xcd\x90J\xfdEs\xfe\xee\x83\x00\xbb\xda\
]g/\xa80u],0P\xba\xbe85{\xab\
\x9d\x9d\x7fKb\xdd\xd6'$\xe2\x89\x90v\x5ctI\
\xbc\xb3|>\xa0}GSZ\xae\xd5)J\x93\xd1\xfe\
\x016\xa0\xb8g\x94}\xa2S\x93FJ\xc6\xfb\x91\x8d\
\x14h]\xad\x96\x1aP\xaf\x7f'\x96N\x7f\xa9:\x7f\
\xd9\xfc\x89\x9aI\xdej' \xfe\x09\x01! \x04\x84\
\x80\x10\xb8\xb8\x09\xf0;\xa0\x8b\x9b\x80\xcc^\x08\x08\x01\
! \x04\x84\x80\x10Xq\x02\xd9\xec\xf7\xcaq\xdd\xfe\
\x9b\xf8\xf0\xb6\xf7\xe6\xc6\xf6\xdfS)\xe5\xda\xf4\xa6C\
\xd3\xc1\xdf\xb7\x06\xee\xa2>\x83\x88\xcb>\xc2\x09\x1dQ\
\x90\xf2\xe0\x98Cyu\xb8-\x1bb\xa7\x8dR&\xb0\
@C\x8a\x0f\xfa\x03a3\xb5~S\xbf\xd2\xee\xaf\xd7\
'\x0e~\xce_Y\xf8\xbdx\xdf\xb5\x1ba\xc7\x0ek\
\xa9\xab\xf3\x1f!e\x89\x84\xb7\xa9]5(>\x90\xaf\
e\x1f\x9en\x14\xf7\x1fj\x17v\xdfk\x17\xf7\xfe\x0f\
T\x9c\x7f\x84X\xf8O \x14\xfb,dzn\x0d\xa6\
\x86\xde\x1dH\xf4\xde\xe4\xcf\x0c\xbc\xc1\x9f\xee}\x9d\xd5\
3\xfc\x1a+5D6\xfcj+\xb5\x8e\x8c\xc2\x9e\xf5\
\xbfg\xf5\xf4\xff^\xb4\xa7\xef5\xb1\xf4\xc0\xeb\x02\xc9\
\x9e7\x04\xe2\xa9\xb7\xfa\xe3\xe1\xf7\x04B\xa1\x0f\x05m\
\xdf\x1d\x8dp\xee/j\xf3[\xff\xad\xbep\xdf\x8f\xcb\
\xd9\x9f\xec\xad\xe7~<^.\xffh\x01&~\xc0\x1f\
o%\x9f\xce?\x98\xd3\xf2 \xb3#\x12\xe9\xbf\xe62\
\xe5\x96njL\x1f\xfa\xbc\x11\x0e\xfcrr\xc3\xa6^\
T>\xb3\xd5j\xa3m\xdb\xa8H\x05\xec\xee\x95\xd3\xea\
\xfb\xb8\xca\xdc\x8fg\xb43[\x8d\x86\x9e\x998Rl\
\xbb\xce?$7m\xbd\xb54\x11\xb9\x1b\xe0N\xe7\xb8\
&\x92\x14\x02B@\x08\x08\x01! \x04\x84\xc0\xaa'\
@\xef\xcbW\xbd\x8f\xe2\xa0\x10\x10\x02B\xe0\x8c\x08H\
c! \x04\xce\x0f\x81\xd9\xd9\xfb\xab\xc5\x89\x85o\xf9\
\xd3\x83\xb74\xb2\x13w7j\xd5\xb6\xcfgh@\x04\
\x87\xd4@\x97\x94<\x0e9}\x8c\x87\xae^Jz1\
\xaa\x8f`\x00xOr\xb9$\x0c:\xa0\x91B2\xce\
Shz\x02\xa3F\xc4T\xba/\x18\xdf\xb0\xed\xeaf\
>\xfb\x8ebv\xea\x93\xa1\x05\xff\xb3!\xbd=\x0a\x00\
\x08\xab\xf7\xe0i\x92\xa8t\xa0\x09\xf3\xbb+\xfc\x87I\
(\x9c\xa9\xe7\x1e\x1co\x14\xf6\x8c6\xe7w\x1fhf\
\xf7\xeck-<\xb0\xb7\x95\xdb\xfdp\xc7\xee\xa1\x90l\
\xe1\xee=\x9c_\xce\xde\xb7\xaf4\x7f\xf7\x81\xc6\xec\xfd\
\x87\x1bS\xbb\xc6\xea\x13\xf7MVf\xee\x99\xcf\xe7w\
\x15at\xb4\xb1(Z\xf18\xab\x97\xc2czv\x83\
\x19J_=\xe8G\xff\x8b*\xf3\x93_r\x1b\xf5\xd7\
F\x06\xb7^\x1aO\xf4\x04\x1d~\x1a\xd0u\xd14-\
\xd2\x86Mp\xc1\xf1\xec\x11]\x22\x09\xc9\x94\x89x\xb2\
\xed\xc0o\x8dI|\x86\x8e\xb9\xfcT\xa0vhk\x81\
..\xcc\x16\x0d\x9fu\xa7?\x14\xfe@\xfe\xa0\xf1C\
\x80\xbbl\xeaJN! \x04\x84\x80\x10\x10\x02B@\
\x08\x5cp\x04\xf8\x1d\xcf\x05\xe7\xf4):,\xd5\x84\x80\
\x10\x10\x02B@\x08\x08\x81\xf3N\xe0@\xb3\x19I\xff\
gb\xe8\xf2wVf\xa6\xffsnz\xaa\xa6Pk\
\xc7\xb6u\xb3\xd9\xec\x88x\x9e\xe0\xd2\xd1\xa9\x90\x84@\
\xc4\x93\x095\x00\x88\xc7\x96)\xa5H\xfcQ\xde_\x89\
\xe5\xbf\x14K\x09\xf4\x19~#3\xb25\x1d\xecI\xfd\
|m\xf6\xe0\xc7\xa0\xe1|$\xba\xee\xda\xa7&F\xae\
J\x00\xc0\xb1\x1d\xc0\x05u0\xa4\x93\xd9\x055\x91\xd3\
s\x96D\xc0uW\x0f&\x86\x1b\xcf\xad\x15\xe6?\xdb\
\x9c\x1b}W\xb8o\xe0\xda\xbeu#\xc9@0l\xd8\
\x0e\xa0\xcf\xfbHpg\x1f v\x96\x18\xb1\x13\x9eh\
,M{\xae\x9b\xcfq\xc4c\xeb:\x0e\x89\x89\xda\xd6\
\xedVC\xd7\xaa%g\xfe\xe0\xc3G\xacp\xe2\x0b\xa1\
T\xcf'*c?~X\x84\xc0.=\x09\x85\x80\x10\
\x10\x02\xab\x86\x808\x22\x04\x84\xc0i\x10\x101\xf04\
`IU! \x04\x84\x80\x10\x10\x02B\xe0q\x10\x18\
\xbd\xabQ\x98\x1c\xfcN|\xc3\xc8{\xa0\xd9\xfc\x97\xdc\
\xecd9\x18\xf0\xe9P\xd0\x0f\xa6iz\x1dj\x8d\x14\
*\xd0\x8aC\x8ajz\x8bB\xc6)6\xd7\xed|\xae\
\x18\xd1\xa0B\x05H\x92\x98g\x94\xe2rE\xa2 \x8b\
:\xda\x01\xef\xaf\xebR}\x0c\x85\xa3\xbe\xd4\xc8\xe5[\
\x94\xc2\xdf)\x8f\x1f\xb8\xa3\x90k\xbc\xd1\xea\xb9\xfc\x12\
\x80\x1d\x165\x93s\xf5\x13P\x90\xba.\x16\xec+=\
\xb1Qj|\xa00q\xf0\xe3f$\xfa\x8b=\x1bw\
\x0c\xfa\xad\x80\xd9j;\xa8i_X$\x04\xfa\x94\x01\
\x96a\x02\x22\xef\x06X\xda\x1f\xb0t(\x8a)\xe0R\
6\xde+\x94A'\xef+\x17h\xbfP\x1c\xa0\xddf\
\x81\xba\x05@\x1bIQN\xbbUmW\xa6'\xf6D\
\x866|\xd4\x8a\x85>U>\xfc\xbd\xfd\x94\xcd\x8d(\
\x90su\x10\x10/\x84\x80\x10\x10\x02B@\x08\x08\x81\
\xd3%\xc0\xefsN\xb7\x8d\xd4\x17\x02B@\x08\x08\x01\
! \x04\x84\xc0i\x12\xb8\xd3)\x1e\x09\xdc\xefO$\
\xdf\xe5\xda\xf0\x87\xb3\x07\x1e\x98\x08X\x86\x1d\x8d\x84\xf8\
)Ah\xb5Z\x9e\x88\x87$\xf6\xb1q\xe7,\xd8\xb0\
!\x22\xb0\xd8\x87\x88\xc0i\xe0c\xd1\x10\x11\x10q1\
\x05^\xdc0|\x80\x06\xbd\xc5!\x15P\x19\x96J\xf7\
\x0e\xfa\x93\x1b.\xd9\x01\x8d\xf2\x1f\xb4\x16\xa6\xbf`\xf5\
\x18oJ\x0c]s\x15dvD\x00\xe0hc\x90c\
\x95\x10P\xfc\x14gl\xe8\xbakM\xac\xbc\xab>{\
\xe8\xf3n\xab\xf5\x82\xd4\xc8\xb6\xf5\xc9\x9e>\x9faX\
h\x98\x16*\xa5\xbc}\xc1aw_t\xc3\x13\xcd\x03\
\xf1\xe8\xfeAD\xaf\x0a\xd7\xe7\xf6l\x9c\xe1\xf7\xfb\xc1\
0\x94v\xed\xa6;?9V\xab\xce\x1c\xf9\xb6\xd5\xd3\
\xff\xeeJ\xd5\xf9\xcb\xca\xc1\xef\xcfQ\x1d\x11\x02\x09\x82\
\x9cB@\x08\x08\x01! \x04\x84\xc0\x85M\x80\xde)\
_\xd8\x13\x10\xef\x85\x80\x10\xb8\xb8\x08\xc8l\x85\x80\x10\
\xb8\x90\x09\xdce7\xb3\xf7\xed\x8b$\x22\xb7\xf9\x92\xfd\
\xb7\x1d\xd9\xfd\xc0\xeeF\xb5\xe8\x90\xa6\xa3MS\x81a\
\x9aKb\x1f\x8b4\x88$\xde\xd0t]\xad\xe9\xbax\
R\x1exf\x80\x06\xb5T\x1f\xbc\xa7\x08\x0d*B\xcf\
\xb8\xbd\xd7\x82\xda:N\xe7\xb1\xc3\xe4\xc0\xfaxb\xdd\
\xa6\xa7\xb6\xaa\x85w\x15&G\xbf\xa0l\xf5{\xb1\xe1\
\xeb\xb6\xc0\x0eyR\xd0cu\xfe/\x08\x83;C\x91\
\xfe\xeb.\xa9U\x9c7\x96&\xc7\xbehW+\xaf\x89\
\x0fm}B\xb2\xb77Lk\xaa\x5c\xd7E\x0a\x01\xf8\
\xc9=\xd4\xc0\xdf\x1d\xe9\xf2\xf7\x03\x22\x80K\x86\x94\xc7\
\xe6\xd5Y\x9c\x0f\x22\x15\x80K{\xc5Y\xcc\x01@E\
{\x0a]\xda+\x06\x89\xd0\x1a\x1a\xad&(\xd3\x00\xd3\
4t\xc02\xa1\x90\x9d)P\xc17|\xe9u7\xb7\
\x16z\xfe\x09\x0a\xf7\x16@\x0e! \x04\x84\x80\x10\x10\
\x02B@\x08\xac\x11\x02\x17\x8a\x18\xb8Fp\xcb4\x84\
\x80\x10\x10\x02B@\x08\x08\x81\xca\xec\xfdsq#\xf5\
\xa7\xc9\xf5[\xdf1s\xf0\xd0\xff\xe4\xb23\x15\x0d\xb6\
\xd6\xae\xed=!h\xb7]\x12nH\xacY\x86J\x93\
\xa8\xc7\xd6\xcd\xf2\xe4\xbd\xc5\x04\x22\x92\xa8\x83^\x0a\xf1\
h\x88\x88K\xf9\xd4#\x82Rh\xfa\x02FzpC\
8>\xb4\xfe\x89n~\xe6-\xa5\x89\xdd\x7f\x08\x13\xce\
\xdbB\xfdW]\x03\xf1+\x92\x00\xa40\xd2E\xces\
I\xe0F#:tm\x0f\xd9\x93\xacF\xe3m\x95\x99\
\xbd_jeg^\x13\xea\xed\xbb,\xd5?\x1c6\xad\
 \x22*2D\xef\xbb\xfc\x5c\xf7Q\x9d\xe3}\xa2\x94\
\x02j\xe0\xd5\xe3\xb4\x17Yv\xe9\xe6\xb9\xd4\x97m\xb7\
HI\xd4\xd0n6una\xb6=\xbe\xe7\xa1}\x91\
T\xefg\xe3\xfd\xeb\xdf\xdb\xce\xa6\xef\x95\xef\x07\x5c\x06\
N\xa2B@\x08\x08\x81sC@F\x11\x02B\xe0,\
\x13Pg\xb9\x7f\xe9^\x08\x08\x01! \x04\x84\x80\x10\
\x10\x02\x8f \x90\xcd~\xaf\x9c?\xe2\xfb\xf7H_\xef\
\x1bt\xb3\xfe\xcf\xf9\xf9\x99\x9a\xcf\x00\xd74\x95\xe6'\
\xbd\xb8\x01\x8b9\x86R\x80\x94\xe08\x05K'v\xb5\
B\xad\xc0\xe5\x07\xbeH,\xe4z]\x91\x87\xcb\x91\xf2\
\x1cm\x03\xf7\xc7\xed\xb9\xcc\xb6mh\xb7m\xf4\xf9\x83\
ff\xcb\xf6tf\xe3\xe5OE\xa7\xfd\xb6\xda\xcc\xf4\
\x97Mpn\x0a\x0d\xec\xbc*\x9d\xf6\xfe\xfa\xb0Z\x1a\
L\x22g\x89\xc0\x8dF2\xb93\x1e\x1e:ry\xb3\
V{Syr\xec\x8b\xad\x22\xe8\x80\xe2\x00\x00\x10\x00\
IDATR\xe1\x8d\xd1\x81M\xd7\xc7\xd7m\xea\x09\
\x84\xc2&iu\xb4\x8c,\xfd\xd2:\x93\x06\xc8O\xfd\
\xb1\xb1\xd8\xc7N!\xad?\x1b(Z}64\x00\xc8\
X\xe4\xe3\xf5\x86\xee\xc1ed\xfc$![g\x7fp\
\xa1\x0b~\xbf_\xfb|>\xdd\xa8\x95[\xb5\xd9\xf1\x1f\
[\xe9\x81\xf7*\xd5\xf8Lq\xfc\xfb\x07E\x08dF\
\xe7\xd2d,! \x04\x84\x80\x10\x10\x02B\xe0\x5c\x10\
\x907\xba\xe7\x82\xb2\x8c!\x04\x84\x80\x10\x10\x02B@\
\x08\x9c\x80\xc0]ve\xf6\xfe\xdd=\x83\xeb\xdfg\x05\
bwL\xed\xbb\xf7P\xa3Vq\xfc\x96\xa9Y\xeca\
1g\xb9\xa8\x83H\x82\x0f\xf5\xc2\xf9\x14,\x89\x84\x88\
\x08\x88\xc8Y\xc7\x19\x02\xf7c\x18\x06\x90\xd8\x03\x1c\x9a\
\xa6\xe9\xe5\xd1\x05\x00MT\xa6\x1f\xfb\x866\x842\x1b\
7_n\xb7+\xbfW\x9b\xde\xfb\xe5l\xcb\xf9pl\
\xe8\xda\xe7\x04\x07\xafY\x07#7\x04\x00\x00A\x8e\x95\
\x22\xe0}\x148\xd1\xff\xa4\x91\xe4\x86#\xcf.\xea\xea\
\xad\xd5\xc9=_m\x15s\xaf\x8e\xf4\x0f\xeeH\x0d\x8f\
D\xac@H\x19>\x1f\xba\xa0\xbd5\xe3\x81y\xdd\xd8\
x\x0d\x11\xd1\xfb\x83\x1f\xdd}\xc0\xe5]\xeb\xe6)\x12\
\x919\x0f\x11\x01\x119\xba\xf4\xb4)\x0b\xc26)\xc8\
\x88\xc8yZ;-\x9d\x1d\x1f\xcbV\xe7s\x7f\x97\x18\
\xda\xfe\x9e\x96\xcf\xfc\xc7\xd2\xc4\xee\x9c\xd7H.B@\
\x08\x08\x01! \x04\x84\x80\x10X\x83\x04D\x0c\x5c\x83\
\x8b*S\x12\x02\x17\x0a\x01\xf1S\x08\x08\x01!@\x04\
\xdc\x85\xd1\x1f\xec\x89\xe8\xd0\xad\xe1\xfe-\xb7Vf\x0e\
\xdf\x9b\xcb\xce\xd4\xb4\xeb\xb8\x8e\xa35?\x00\x88$\xec\
h\x07\x00\xf5\xb2\xb7-^\x09\x80\x06.p\xe1\xf8C\
yu\xa9>\x85\xda%1\xc8\xd5`\xa0\xf2\xc4%\x16\
\x06\xf9\xc9\xb0v\xd3\x86v\xdb\xa1B@\xd3\x0a\x98\xbd\
\x83#\x89\xbe\xcdO\xb8\xdao\xfa~\xb749\xf6\xb9\
z.\xf7\xf1@\xa3\xf0\xeb\xfe\xccOm\x06\xefi\xc1\
\x1b\x8d\xe3\xc7\x91\xf4\xa9\x12\xb8\xc1L\xa5\xae\x8b\xf9\x07\
\x9f\xb8-\xe08\xbf]\xc8\xcd|*\x7fd\xf4\xf3\xe0\
:/\xeb\xdb|\xc5\xd5\xc3\xdb.I\x86\x22Q\xd30\
|\xc8f*\x03,\xd3\x07\x86\x81`\x9a\x8aD;\x07\
h\x1b,\x09{@\x07\x22R\x9aw\x88K{\x03:\
\x06\x14'\x03:\x10=\xb1\x8f\xdaj\xafL\x01\xa5\x1d\
\x97\xfa4\xc0g\xfa\xb52|\xb4\xcdl{\xee\xd0\x81\
)\xb0\xac?\x8e\x0f\xf7\xbf\xbb0\xb9\xfe;0\xb5\xab\
F\xcd\xe5\x14\x02B@\x08\x08\x01! \x04\x84\xc0\x9a\
%\xa0\xce\xc3\xccdH! \x04\x84\x80\x10\x10\x02B\
@\x08\x1cC \x97\xfba\xa9\xaa\xed;\x83}\x9b~\
\xbf\x95[\xb83{h\xf7\x82\xe34\x5c\xbb\xdd\xf4\x9e\
\x02s\xb5\x0d-\xbb\x0d\xfc\x9dq\xc74\x5cL\xe8E\
qp1\xb9\x14 \xc5\x10\xf9J\x11:\xb9\x1e\x1b\x80\
\xf2D!\xc30\xbc>\xeb\xf5:4\x9b-l\x93\xe6\
\x14\x8a&\xfd\xbd\x9b\xb6\xac\x0fD\xfc\xbf\xd4\x989\xf2\
\xc1\xe6\xfc\xd8\x1f\x9a\x8ezOh\xf8\xf0\xff\x0b\xf4_\
5\xd2\x11\x06\xa9\x03\xeaO\xceG#p\xa3\xc1\x02`\
|\xdd\xce\xcd\x89u\xcd_,\xb8\xe5\x9b\x9bS\x87\xbf\
\xd4\x98\x9d~\x8f/\x16\xff\xb9\xe8\xd0\xc8p8\x9a\x0c\
\xda.2wt]\x00~j\x8f\xd7\x98\x8d{\xe6\xb5\
b\xeb\xc69<\xde\x10\xf1\xf8,/\x8d\xd8\xc9w\xa9\
c\xee\x97C.P$\x0d\xba\xfc4\xe0\xdcT%?\
\xf6\xf0\xf7\x02}C\xef\x0b\x06B\x9f.\x8e\xfd\xe40\
\xc0\x9d\xa4.s-1! \x04\x84\x80\x10X!\x02\
\xd2\x8d\x10\x10\x02\xab\x90\x80Z\x85>\x89KB@\x08\
\x08\x01! \x04\x84\xc0\xc5H`\xf6\xfej}\xf6\xee\
\x1f\x05\x077\xdc\xac\x12\xbd\x9f+\x8e=\xbc\xaf\xd5\xac\
\xb5\xb4kk aGk\x07\xda\xed\xb6'\x0er\xba\
k\xfa8V\x88\x08.\x92\xb2\x04l\x00\x1dI\x08\xbc\
'\xc44\x7f\xfd\x1c\xe9x\xfc\xbds\x86A\xf5\xc0\x01\
\xfe\xc8(\x7f\xac\xd4\xef\xf7\x03\x87\x00@\xadQ\x05B\
\xb1`\xcf\xc6\x1dC\xb1\xc1\xf5O\xd3\xda}]m\xe2\
\xc8\xe7\x1a\xf9\xfcg-m\xbd&\xd8\xb7\xf3\x9aPz\
\xe7\x00dvD\x00\xe4\x89AX:\x88E\xdf\x95\xe1\
\xe0\xd0\x95\xc3\xc1\xa1#\xd7\xd6\x8c\xe6k\x8b\xf3\x85O\
\x17\xc6G?\x89Z\xbf*\xb9n\xcbS\xfb\xb6^:\
\x9cI\xa7\x03~\x7fPYV\x00\x11\x0d\xd4$\xf4\xf2\
\x9a\x98\xa6\x09\x80\x08h(Z=^Y~\xab\xaa\xe0\
\xe8\xba!t\x0f\xc4\xa3\xf1n^7\xe4e\xf6Lk\
O`d!\x99\xf6\x8e\xe6\xa3Y\xaf\xb4\xe7\x0f>8\
\xd1\xaeV\xff\x22\xb5a\xc7\xbb\x1a\xc1\xf8\x9f\xd5\x17\xee\
\x9b\xa4\xb6< \x05r\xae\x0c\x01\xe9E\x08\x08\x01!\
 \x04\x84\x80\x10X\xad\x04\xf8\x1d\xd6j\xf5M\xfc\x12\
\x02B@\x08\x08\x01! \x04.4\x02g\xee\xaf[\
\x9f\xfa\xf1\x84\xeb\xc2\xe7\xfc\xe9\x0do\xaf\xcd\x8e\xff\xe7\
\xc2\xe1\x03\x0b\xadV\xc5U\x06h\x1f\x8bE4\x06\x89\
:\x9e(\xc8!\xe2\xb1\xa2\x10\xe7Q\x15\x12\x90N\xae\
\xedp\x1d6D\x04\x16\xa0\xd8\xb8\x8diZ\xe0\xf3\xf9\
\xc1\xf0\x99`Z\x16(\xc3B\x7f(\x8e\xbd}C\x81\
\x81\xad;6\x84\xa2\xf1g\xb5\x16f\xdf\x5c\x9f\x1d\xfb\
R\xad<\xff\x19\xcb\xd5o\x08\xf5\x1f\xf8\xb9@\xdf\x95\
\x1b\xc1\xfb(\xf1N\x1f\xf5s\xacC\x94\xb1\x86O\x05\
[\xb6\xf8!\xb6#\xe5\xcf\xfc\xd4\x96\xd8\xc0\x91g\x06\
\x5c\xfc\xfd\xfal\xfe\xd3\xf5\xc9\xc3_n\x94\xf3o\x0a\
\xc5b\xcf\xea\xd9\xb8e}\x22\x95\x09\xa3a)Z[\
l\xb7\x1dTJy\xec\x11\x91\xf4\xbfc\x0d\x8e;\x10\
\xd1\xcb\xe9\xae\x19\x87^\xc6\xa3\x5c\xb8\x8ea\x18`\xd1\
:\xfa}>m*\xadsSc\x85\xe2\xe4\x81\xefB\
\xb4\xef\x83\x10\x8e|0w\xc4\xff#\x18\xbd\xab\x01r\
\x08\x01! \x04\x84\x80\x10\x10\x02B\xe0\x22\x22 b\
\xe0E\xb4\xd82U!p6\x09H\xdfB@\x08\x08\
\x81\x15$\xa0\xa1\xb4;\xd7\xcc\xfa\xfe%20r\x93\
\x8a%>_\x99\xdc\xbf\xb7^.4I\xcfqQ+\
\x8d\x88\xc0b\x92'\x11i\x12\xfd(M\x8a\x12\x1c=\
\x14%\x8d\xa3\xc9\xa5\x18?-\xc8\xa6(\x87\xccE\xd0\
\x0e?5H\xa1F\xef#\xc3T\x00\xae\xed\x00\x7f\xaf\
\xa0\xa2~\xb5\xebb\xab\xd5\xc2\x96\xed\xa8h<\xee\xef\
\xdfrIz\xf8\x92\x1dW\xc4z\x92\xbf\xdc*\xd7n\
\xaa\xcd\x8c~\xae1;\xffeh\xc2\xcdV\xaa\xf9\xab\
\xbe\xde\xcb\xae\x0c\xf6<a\x08\x92;\xe3\x00kJ\x1c\
$\xdc7\x980|}\x90\xc5\xbf\xc0\xc0\xd5\x1b\xf8\x09\
\xc9@)\xfa\xeb\xa4\xcc\xbe\xaf\x99\xcb~\xb94}\xe4\
\x8eF\xad\xf2\xd6P*\xf5\x8b\xbd\x9b\xb6\xef\x18Z\xbf\
\xb9\x87\x98Y\x00h\xb8\xc4\x11\x80\xb0\xd2zit\x81\
\xcd\x05\xc7\x0b\xb5\x22\xa5\x97\xf8\xb3\x80\xc7\xccA\xd3\xda\
\xb0!\x0d\xb9\xdc\xa0\xf3\x94 ?9H\xd5\xe1\x91G\
\xa7\x9c\xc6\xa2\xf5\xa75\x05\xa5\x95B\xb7Y\xaf4\x16\
\xc6\x8e\xec\x05_\xe0+\xf1\xf5\x97\xbc\x15B\xd6\x9fC\
\xee\xc1q\x80\xbb\xecG\xf6!9B@\x08\x08\x01!\
 \x04\x84\x80\x10X\xdb\x04\xe8\x9d\xd6\x19MP\x1a\x0b\
\x01! \x04\x84\x80\x10\x10\x02B\xe0,\x11\xd8\xd5\xae\
L\xdf\xbd'\x12K~:\xd6\xbf\xfd\xa6Fv\xe1[\
\xd9#{\xe6\xdb\xad\x8a\xd3n5H\x0b\x22A\x89\x84\
%\x1e\xdcq\x1c\xd2\xa3\x5cO\x00\xe2\xf4\xa3\xdb\xd1\xb7\
?\x88\xf8\x886,Hu\xdbwE%\xc30<\xf1\
\x91\x94+pl\x17\xebMG\x19*h\xa6\xfa\x06c\
\xf1\xc1\xad#\xe1\xbe\xbeg@\xab\xfe\x8aVn\xfc\xb6\
\xf6\xdc\xe4W\xeb\xb9\xd9\xcfC+\xff6\x16\x07C\xfd\
\xd7<\x91\x85\xb3\xd8\xf0\x8e\x14\x0c\xee\x0c\x01\x90\xa0\x06\
\x80\xb0\xfa\x0f\x05;vX\xfcQ\xe8p\xefu}\xd1\
\xc1\x9d\xdbc\xebj?\x1bl6^\xae\xa0}kc\
a\xfe\xcb\xf5\xd9\xc3_n\xcc\x1d\xb9\x15\xda\xad\x97\x86\
\xd3\xe9\xa7f6n\xdb88\xb8>\x11\x0c\xc7}-\
[\xabZ\xb3\x85\xae\x0b\xc0\xfc\xf8\xe9K\x0e\xd9\x10q\
i\xf6\x88\xb8\xf4\x14'b'\x1f\x11\x01\x11\xbd:\xbc\
\x1e]\xf32\xe8\xc2i\xc4N9%\x97N^/\xa5\
\x14\x98\x8a\x84`\xd7\xd5\xd5j\xc9\x99\x1d\x1b]\xa8d\
s\xff\x9aX\xbf\xf1]\x91H\xf0\x13\xc5\xb1\xf5\xf7\xc2\
\xec\xfdU\x90C\x08\x08\x01! \x04N\x97\x80\xd4\x17\
\x02B`\x8d\x10Pkd\x1e2\x0d! \x04\x84\x80\
\x10\x10\x02B`m\x12\xd0\xa5\x89\x1f\xe4J3\x91\x7f\
\x87x\xe6m\x10N\xdcV\x9a\xda\xf3\xc3Bn\xbe\xe4\
:\xb6\xe3\xba6\xe9B\xda\x13\xea\x10;\xa2\x12\x22\x85\
\x8bO\x9e\x1dE\xc2oy\xba\xb6,W\x03(\xb2\xa3\
9\x9d\x18\x22\x89I\xc0\xf5;i\x1a\x04\x10\x11\x5cT\
`S}\xb7\xed=P\x86\x86\xe1C\xe53U \x14\
6\x13\xfd\xfd\xb1\x9e\x0d\x97\xac\x8f\x0dn\xbe*\x98\xee\
}\x0e4\xec\xd7\xb5r\xb3\x1f\xab\xcd\x1c\xfebcz\
\xf6\x8eR\xae\xf5A\x7f\xa3\xfd\xca\xd0P\xed\xd9\xa1\x81\
kw\xc6{wn\x0eg\xae\xe9O\xf2\x13\x84#7\
\x04\x16\xbf{\x10;#\x9e\xb3+\x8dw\xa3\x01,\xfa\
\xf5]\x19&\xc1/\x1d\x18\xdc\xb9>\xb2\xfe\x9a\xcb\x22\
\xeb\xaeyj8\x1f\xbe\xd1t\xfco\xacVr\xb7\x95\
\xa7g\xee(\x8d\x1f\xfaT}~\xfa\xdd\xda\xd5/\x8e\
\xa4z~:\xb5~\xebe\x99\x8d\x97\x0e\xf5\x0e\x0dF\
,\x9fe\xda\xed\xb6\xaa6\xea$\x00\xdah\x9a\x0a\x0c\
\xc3X\x14\xfa\x5c\xe2G\xe0\x16\xa7\xc5Oc\x82KC\
\xf3\xd3\x7flHq2\xae\xc1\xb6X\x0d\x80\xd6\x91\x0d\
i\x91<C.\xa5\xbe(\xd0\x8e\x0b\xdd\xc3\xd1.\xb8\
\xa0i\x0c\xae\xe0j\xdb\xb6\x9d\x85\xecl\xb9:5\xba\
K\x85\xc2\x9f\x8cd2\xef*\x1c)\xfeSe\xf6\xfe\
9\xf9#!]j\xa7\x13J]! \x04\x84\x80\x10\
\x10\x02B`-\x118\xfa.w-\xcdJ\xe6\x22\x04\
\x84\x80\x10\x10\x02B@\x08\x9c9\x81U\xd5\xc3]6\
\x14\x1f8\x0c!\xeb+\xc1\xfeK\xde\x04\xae\xfa\xd3\xec\
\xe1=\x87*\x85|\x0b\xb5\xad\x1d\xbb\x05$'yO\
\x07:\x8e\x03z\xf1\x89\xc1GL\x81\x85'\xb6\xc5\x02\
\xd6\xa3\xd8\x16\x93^\xc0m\xbb\xe6e\xd0ey\x9a\x9f\
p3\xfd\x16\x18\x96\x0f\xd04\xc0\xe7\xf3\x812M\xf4\
Y\x014\xad Z\x81\x90\x8a\xc4RffdS\xa4\
o\xeb\x15C\xa9\x91\xedO\x08\xf7\xf5?\xcb\xb0\x8c\x17\
7\xab\xc5w\xd6&\x0f~\xb66\xfd\xf0W\x8bs\x87\
\xbfT-\xcf~8\xef\x94\xdf\xe0+/\xfc\x86\xbfw\
\xdf\xcf\x862O\xb8*\xd0{\xc5&\x16\x09!~E\
\x12R[b@\x22\x1d\x8c\x8c\x90X\xb8\xc3\xea|\xec\
\xd8{\xb2\xd0 \xb7Nb\x5c\xce\xc6\x1fQ\xe66[\
\xfc\xde\x13\x89\xe9\xed\xd1D\xe2\xaaD\xa4\xff\xeaL(\
}\xf5`\xa0\xf7\x89\x9b\xc2\xc3\xd7]\x11\xe9\x1f}j\
0\x17\xfce\xbf\x8b\xbfS.W\xde\xd6\x98_\xf8x\
e\xec\xc8\x97*\xe3\x87\xbeX\x9d>r\x9b]\xce\xbf\
\xc9\x17\x08\xbc 9\xbc\xeei\xc9\x0d\xdb\xb6\xf6l\xdc\
\x92\xce\xf4\x0f\x05C\x91\x84iZ\x01\x05\xca@\x17\x10\
\x0d\xcb\xc7\xe6}G\x1f3R\x8a\x8a\x16m9?\xd7\
\xe5\xda\x08\x80d\xf0\xe8\x07b\xa7N\xb7=\x87\x88G\
\xf3x\xad\xd9\x5c\xdb\x01\xa7m\xebv\xb3\xa6\x0b\xb9l\
s\xe1\xf0\xc3\xa3N\xb3\xfd\xf5\xc4\xf0\xd6\xb7E\xa3\xc6\
\x97*\xd3w\xef\x01\xd8\xddz\xf4\xd1\xa4T\x08\x08\x01\
! \x04\x84\x80\x10\x10\x02\x17\x07\x01\x11\x03/\x8eu\
\x96Y\x0a\x81\xd3\x22 \x95\x85\x80\x10\x10\x02\xab\x94\x80\
\x86\xf9\xdd\x95\xfa\xccO~\x12\x0e\x9b\xb7F\x066\xbe\
\xa3U*\xfc\xc3\xfc\xf8\xe8\xa4k\xb7\xda\xb6\xdd\x22\xad\
Hk\xc34\xc1@\x13\x90D?\xa5\xbb3qA\x93\
d\x05d\xfc\x84Y7\xf7D!bGlb1\x0b\
\xc0\xa5*.\xe9V\x9d<Jx'\x22\x02\x97k\xef\
\x117\xa0j\x1aP\xa3'BR>Uv\x11)\xc3\
\x05G\x19>\xd3\x08E\x22\xbeL\xef@h\xdd\xa6-\
\xe9\x81\xad;\xd6\xa76^~Yhp\xc3\xd3\xfd\x91\
\xf8\x0b\xa0\xd5\xfe\x83\xf6\xc2\xdc\x07\x9bs\xe3\x9f\xa9\xcd\
\x8f}\xa517\xf1G\xd5\xf9\xf1/A\xa5x;\x94\
\xdd\xf7C\xbe\xf2\x16\x985\x7f\x0f\x02\xad\x17A\xb0\xfa\
k\x10\x99y.\x84\xb6\xff\x02\x84.\xfd\x7f\x10\xde\xf1\
,\x88]\xf2L\x08\x93q\x18\xdb\xf1s\x10\x9dy\x0e\
\x04\xa7~\x09\x82\x95\xe7A\xc0\xb9\x11B\xeaE\x90/\
\xbe\x0a*\xce\x9b\x0a\xed\xfa{+\x85\xf2\xc7k\xf9\xfc\
\x17\x1as\xd3\x7fX\x9d\x18\xfbjef\xf2\xf3\xf5\x99\
\xc9\x8f6\x0b\xb9w\xa1\xd6\xaf\x88\xf4$\x7f1\xb1n\
\xc3\xb5\xbd\x9b\xb6o\xef\xdfr\xc9`\xdf\xfau\xf1D\
2\x190-\x8b\xce\x80\xa1\x14\xff)\x0e\x9a\x9d\xee\x18\
@G\xf4\xa3\x09\x13\x13\xe2\x8e\x06\x01\x01\x8f\x05-H\
'D\xcaRt\xe1\x05aC\x8aS\x16\x9f\x9a\xa3\xb4\
.\xc0\xc6\x19l\x14\xd7\xfc}\x82\x0e\xb1\xd7\x9c\x01\xde\
\x1a \xf5\xad\xa9\x81\xb3\xf8$ \x15\x03\x80\xd2\x96e\
iV\x84\x0bS\xe3S\xcd\x85\xd9\x7f\xb4\xfa\xd6\xbf;\
\x18\x8c|\xb801\xfc\xdd\xe2\xd8\x03y\xaa\xb4\xd8\x0b\
\xc5\xe4\x14\x02B@\x08\x08\x01! \x04\x84\xc0EN\
`\xb9\x18x\x91\xa3\x90\xe9\x0b\x01! \x04\x84\x80\x10\
\x10\x02\x17\x08\x01\xb7:\xbf{\xa62]\xfb\xc7@f\
\xf8m\xfeT\xe6\xc3\xc5\xc9C?\xc8O\x1f)\xbav\
]\xbbNK\xbb\xaeM\xc2\x94b9\x09\x5c\xd7%I\
O{\xa2\x14\xcf\x8f\x05*D\x12\xee(\xc1\x0a\x11\x1b\
E\xbd\x13\x11\x01\x11\xbd8\xd7\x03\x12\xba\xbc\xc4q\x17\
\x17\xb4\xd7'gw\xea\x1d\x15\xbf8\x0f\x91\xfa\xd7T\
\x87\xc6v\x1c\x87\xebb\xdbq\xb0\xd9\xb6)\xa4!H\
P\x8bD\xe2fO\xba?8\xb0as\xa2o\xebe\
\x03\xbd[\xae\xd8\x9a\xdep\xd9U\xa9\xf5\xdb\x9f\x1a\x1d\
\x1c~\x8e\x19\x8b\xfc:X\xc6\xcbA\xb7^\x0f\xf5\xf2\
\xdb\xa1Q\xb8\x05\xea\xf3\x1f\x81\xca\xec\xc7\xa16\xfd)\
\xa8M}\x06\xaaS\x9f\x85\xd2\xccg\xa1:\xf39(\
\xcdQ|\xfa3P\x9e\xb9\x1d\xeas\x9f \xfb(4\
\xb2\x1f\x82\x1a\xb7\xab\xbe\x1d\x9c\xf6\xebQ\xe1\xcb\xfd\xe1\
\xd0\x0bb}\xe9\xe7\xa4G6>=\xb3y\xfb\xd5\xfd\
\xdb.\xbd\xa4\x8f\x04\xca\xc1\xcd\x97dz\x07\xd7E\xa3\
\xf1\x9e\x80?\x1065\x9a\xa8\xa9\x01\xc9qHs\x22\
\x9dP#\xcf\x85\xe2\xc7\x9c\x884W\xae\xc1b\x1f\x95\
tyP\x94&\x8aK\xc6\xe9\x13\x19\xd2\x02,o\xd3\
\x8d#\xa2W\x1d\x11\xbd>8\xd1-3\x0c\x03\xf8\x89\
\xcc\x80\xdf\xd4\x06y5;~8_\x988\xf2\x03_\
2}[lx\xd3\xbbZ\xd1\xf2\xdf\xd7s\xf7O\xc8\
G\x82\x99\x9a\x98\x10\x10\x02B\xe0\x84\x04$S\x08\x08\
\x81\x8b\x98\x80\x88\x81\x17\xf1\xe2\xcb\xd4\x85\x80\x10\x10\x02\
B@\x08\x5c\xd8\x04v\xb7\x1a\xb3?:\xdc4\x8d?\
\x0e\x0dl|#\x04\xc2\xb7\x17&\xf6\xfd0;7\x95\
\xd7\x8e\xed\xb4Z\x0d\xd2\x8e4(\xc3\x00\x84\x8e\xc1\xe2\
A\xfa\x13 \x22\xf0S\x82HR\xddb\xb6\x17P#\
\xe0\xa7\x08\xb9\x8eK\x82\x1e\xf5@\xf9\xfc\x96IQ\x1b\
/\x17X\xc0b\xa3\x82G\x9c\xdc\x9e\x05HD$)\
\x11\xc1T\x06(\xa5\xa8-\x82\xe38,J\x22\xb5E\
\xd7v\x90|\xc4f\xb3\xae($k\xa9\x96\xd36\xda\
\x8ek(\xc30\x13\xc9\x94\xbf\xa7\xb77\x94\x18\x18\x8e\
\xa7\xd6o\xcc\xa4G\xb6\x0d\xa6G\xb6\x0f'\xd7m\xdb\
\x10\x1f\xdaN\xb6mc|h\xeb\xa6\xe8\xc0\xe6\xcd\x91\
\xfeM\x9b\x22\xfd#\x9b#}\x9b6\x85\xfa7o\xa4\
\xf4\x86\xf0\xc0\xa6\xf5\xd1\x81\x91\xe1\xc8\xe0\xfa\xfe\xd8\xe0\
P&\xda\xdb\x9b\x08G\xa3a\xc3\xe7\xf3\xdb\xae6\x1b\
\xad\xa6Q\xabU\x8cr\xb9\xa8\xca\xd5\x92*U\x8a\xaa\
Z+\xabj\xbd\x82T\x86$x\x92\xcc\xe6\x00\x1f<\
'\x9e\x83R@\xf3 \x06\xfct\x1f\x19\x22\xf2|<\
\xe39k\xefIIn\x09\x00$\x0ej\xaf\x17\x97\x12\
\x8b\xa7\xa6\x0e\xd8(\x1f\xc84\xc9\xb5\x1c\x22\xad\x8f\x06\
*\x03\xa0\xfe\x11\xf8\xe01\x81\xf24?\x09\xd8\xb6\x81\
x\x81M\xfc\x5c* \xa6\xa4\xb4\xea\xf6\xcc\xf4\xe4\xc2\
\xdc\xa1\xfd\xdfW\xc1\xd0'c\xeb6\xbf5\x8e\xb1\xaf\
\x95&~x\x00\x0e\x1chr\x1fb'\x22 yB\
@\x08\x08\x01! \x04\x84\xc0\xc5N\xa0\xf3\xae\xebb\
\xa7 \xf3\x17^)\xf2\xc4\x00\x00\x10\x00IDAT\
\x02B@\x08\x08\x01!\xb0\xd6\x09\xac\xe5\xf9M\xed\xaa\
\xd5\xa6w\xdd\x03~\xf3\x93\xc1\xfe\x8do\x004\xbf\xb6\
p\xe4\xc1=\xf9\xecL\xc3n\xd5]\xc7ni2O\
d\x22\x1d\x09\x1c\xd7\x85\x8ep\xa5\x81D9/\x7f9\
\x1eD$\x09\x0a\xbd|\x16\xc0\x80S\x94\x07tp{\
\x0a\x1e\xf3D<*\x92q\x1b6nd\x18\x06\xb0u\
\xfa\x05\xcf\x0fD\xf4\xc4B\xce\xb7,\xcb\xfb\xce=\x8a\
#\x09\x87\xe8\xba\x1a\x952\xa8B\xe7{\xf9\x5c\xa0\xa4\
\xe9S\xa6\xe5_2\x7f0\xa4\x82\xe1\x88\x0a\x84\xc2*\
@a(\xb4\x18\x0f\x04\x95E\xe6\xf7\x07\x94\xcf\x1f@\
\xcb\xf2\xa3\xdf\xef\xc7P(\xe4Y \x10\x80`0\xb8\
d~\xbf\x05~\xbf\xdf{\xe2\x8e\x9f\xbaS\xa4\xfc!\
\xd2\xd0\x8baw\x0e\x1c.7\xa0\x03\x11\xbd9 \xa2\
\xc7\x0d\x11\xe1T\x0e\x05G\xeb\xf1Zp\x1b\xc4\x0e;\
\x9a?\xd8\xb6\xed\x09\xa8\x9c\xcf\x86\xe0h\xd7n\xba\xd3\
\x93c\xd5\xd9\xfdw?\x08\xcd\xf6W\x82=\xfdou\
\x0d\xf73\xa5\xf1\xef\xef\xcaf\xbfW\xa6z\x9aLN\
! \x04\x84\x80\x10\x10\x02B@\x08\x08\x81\x93\x10P\
'\xc9\x97l! \x04\xd6\x08\x01\x99\x86\x10\x10\x02B\
\xe0\x22!\xb0\xf8}\x82\xdbvEB\x81\x8f\x84\x87.\
y=\xb8\xf0\xe5\xe2\xe4\xde{\x0a\x0bs%\xd4\xdai\
\xb7\x1a\x9a\x85@\x83\x049f\x82\xc8\xa2\xd3\xa2\xa1\x0b\
\xa0\xb4\xf7\x84[G\xe8B\xa0\x84g\x8aT*\xce\xe3\
6\x00\xfc\xd6\xe9D\xd6)=\xfe\x8a\x88^\x16u\xe1\
\x09\x8fZ\xbb\xd4-\x9b\xf6\xc43\xd34=q\x90}\
\xe28\x0bp\x1c\x9a\xa6\x8fD9\x8b\x8cC\x1f\x98T\
o\xb9u\xeb\x9b\xa6A\xfd \x99Z\xec\x07)d3\
\x1e\xd1\xa6\xdb\x9e\xc7P\xca\xa46]\xa3\xb6\xa8\xa0\xf3\
\x0f)D\xcfWp;\x9a\x9aK\xe2),\x1eZw\
\xf2\xba\xf3\x01\x9e\x1f\x1b?\xedG\xa6\x91\x90\x91\x01\xc5\
=[l\xd7\x0d\xf8IA`\xd6\x94\x81\xd4\x15\xd7\xa7\
(xy\xfcT!\x99\xeb\xb4\x81\xcb\x14\xd0\xda\x80w\
h\x9a\xaf\x06*\xc8\xcd\xcd\xe4\xf3c{v\x91\x08\xf8\
\xe5\xc8\xd0\x96\x9b\x22\xa9\xe4\xed\xf5\x85\xd4.\xc8\xeee\
\x11\xd0\xf5j\xcbE\x08\x08\x01! \x04\x84\x80\x10\x10\
\x02\x17)\x81S\x9d\xb6:\xd5\x8aRO\x08\x08\x01!\
 \x04\x84\x80\x10\x10\x02\xab\x9f\xc0\x9dNe\xf6\xfe\xb9\
\xea\xe4\x8f\xff\x0b\x82\xeaf39\xf2F\xb7Z\xffz\
n\xec\xa1}\x85\xecL\xddm\xd7\x5c\xc7n\x92\x06\xe5\
\x92\xd4\x04\xb0\x5c\xe8\xea\xce\x0d\x11\xc1\xf0Ja\xe9@\
d\x85\x0b\x00\xb1\x13\xc2c\x1c]\xd1\xac[\xed\xf84\
\xe7s\xder\xeb\xfa\xc2\xe1\xf1\xf9'Js=\xb6\xe5\
e\xc7\xc7\xbb\xe3p\xbd\xae\x1d_G\x13\x0d\xce\xe3\xba\
'2\xc4G\xce\x19\xf1h^\xb7m7<Q\x1f\x8f\
\x95\xc7\xe2_\xb7\x0e\x09\x7f^\xd4\xb2,\xb0|\x86v\
\x9d\x963?=V^8r\xe0!\xd0\xea\xcb\xc1\xd4\
\xc8\x1b!\x92~\x7fe\xf2\xee\xbb*3\xf7\xcc\x03\xdc\
e{\x0d\xe4\x22\x04\x84\x80\x10\xb8x\x09\xc8\xcc\x85\x80\
\x10\x10\x02\xa7E@\xc4\xc0\xd3\xc2%\x95\x85\x80\x10\x10\
\x02B@\x08\x08\x81\x0b\x84\x80\x86\xdc\x81\x92\x9d\xbf\xff\
\xfb\x10\xf2\xbf\xdfL\x0c\xbc\x16Z\xadO\x15'w\x7f\
77=1\xeb:\xad\x96\xe3\xb45z\xdf\xde\x87\xa0\
\xd0\x04\xc7\xd6\xd0=\x1c\xd0\xc0O\xd0y\x02\x17\x22\xb8\
ZS\x0e\x80\x97\xf6*\xb9te\x03@D\xd0\xac\x8d\
)\xba,\x1a\x22\xc5\xe1\xe8\xc1}uRH\xf5\x15h\
\xa0\xb7`h@\xb7]7t\x81\xc6\xc1NM\xbe\x22\
.KP\x06b'\xad\xc8U\x16,\x11\x15 \x19\x15\
\x9d\xf0\x5c\xf2WQ1\x19b\xa7=\x80K\x19Gm\
\xa9\x1e\xe5\xf2\x89\xd8\xad\x07\x9d9/\xce\x0b\x16\xc3\xae\
\xbf\x80.\xf0\xf7..\x85Z\x01\x92\x94\xcai\xcf\xe0\
\xd8\x03\xa9\x9c\x04=\xafO\xee\x03i\x1e\xdc\x82\xe3^\
\xdf\xc4\x04iM\x94B\xb7V-7\xe6F\x0fN\x17\
\xc6G\xef\xb2\xc2\xd1\x8f\x05\x06\x86_\x0f\xa6\xfaD=\
\x97\xf8\x11\xe4w\x15\xa9g\x97\xec\x22?e\xfaB@\
\x08\x08\x01! \x04\x84\x80\x108}\x02\xea\xf4\x9bH\
\x0b! \x04\x84\x80\x10\x10\x02B\xe0\xbc\x12\x90\xc1O\
\x87\x80\x03\x95\x83sva\xef]\xd0\xdb\x7f\xab\xd5\xb7\
\xe5u*\x10\xf9t\xee\xc8\xc1\x1f.L\x8c\xe6\x9a\x8d\
\xb2\xad]\xdb\xf5>Bl\xb7t\xb3\xd9$\xcd\xb0\xe5\
}W]\xab\xd5\xea\x88\x80$\x04\xf2\x80$R\x01i\
W\x1c}\x84q\xd9#2\x97e\xb8\xc7}\xd4\xb6[\
\xff\xf8\x90\x9bp^\xd78\xcd\xc6\xe9\xae\xa0\xc8q6\
\xce\x7f\xbc\xc6\xe2\x1f[\xb7\xfd\xf1\xfdq\xd9\x89\xf2\xb8\
>\x97qx2{\xac\xf2n;\xc7q\xa0\xddn\x03\
1\xd7\xcdzC;\xed\xb6n5\xebn\xa9\x98o\xcd\
\x1e>8W\x9c8\xf4\xbf\x10\x08\xdff\xf5\xf5\xbd\xb1\
\xa5\xf0\xf6\xc6\xf4=\xff\x0b\xe5}Yy\x12\xb0KP\
B! \x04\x84\x80\x10\x10\x02B@\x08<>\x02\x22\
\x06>>n\xd2J\x08\x9c\x17\x022\xa8\x10\x10\x02B\
@\x08<n\x02\x1a\xa6v\xd5Z\xb3\x0f<\xe4\xa2\xf5\
\xc5\xf0\xd0\xf0\x1f\xf8c\x89[\xcaS\xe3\xdf\xca\x1e\xba\
\xef@>;[V\xa0]E\x17@$\xf9\x8f\xde\x22\
\xa1\xe1\x0d\xc6\xa2\x15G\xba\x22\x17\x0b\x82Hel\x80\
\xe8\x09\x84\xdaE\x00\xad\x00\xb9\x90\xbfk\x8f\xca\x81\x0d\
\x145%\xa3\xb8\xf6\xe2\x94\xa4S\x83\x03\x80.\x1c\x7f\
 R?\xc7e\x22r\x1e9\xe6=>\xd7)\xe4\xe1\
\xd8:\xa9\xc7\xbe\x22\xb5e\xe3\x9a\x88\x08h(\xcf8\
\xcdF\xc5\xc0\xc6qD\x9a\x13\x02\xb8@\x93Y|\x12\
\xb0\x9b\xcf\xa1\x22H\x1c\x9e\x8a\xe1\x22\x13\xed\xd0\x5c\x89\
\x0b\x8b\xa2l\x8b\xbc\x98\xb3\xb6\xac\x00\x98\xa8\xec|v\
\xa1P\x1c\xdf\xbb\xb76;\xf9\xf7\x10\x8e\xdfl\xf5\x0d\
\xbd\x09,\xe7\x8f[\xb3\xf7\xef\x86\xd9\xfb\xab4\x1e9\
DW9\x85\x80\x10\x10\x02B@\x08\x08\x01!p\x11\
\x108\x9bSTg\xb3s\xe9[\x08\x08\x01! \x04\
\x84\x80\x10\x10\x02\xab\x8c\x80\x0b\x85{\x0b\xd5\xc9{\xef\
m.\xb8_\x82d\xe6\x0dFb\xf8-Po\xfdi\
~|\xef}\x85\xf1\xd1l\xb3Vj\x99h\xbb\x01\xbf\
\xa1\x0d\xd2\xe0H\x17\xd3\x9e\x80E\xd2\x95\xa3I\x22\xa3\
\x90?6\xbc|^\x88\x08\xd8\xcd \x01\x8d\x85\xc3n\
\x1b\x8e\xb3u\x8bWC\x88\xd8\xf1\x16\x11\x01\xf1Xc\
\xff\x10;y\x1c?\xdex.l\xc7\xe7#\x1em\x83\
\x88^1\xd7\xd3\xa42\x22\x22\x10\x0f\xad]\x9bR\xae\
\xb6|\x86\x1b\x0cX\xae\xdd\xac7\xe6\xc6Fgr\xe3\
\x87w\xe9\xb6\xfbU3\xb5\xe1\xf5\xd03x\x13\x14\xf5\
\xd7H\x04|\x90?\xeaM\x1d\x91\x92HW9\x85\x80\
\x10\x10\x02\x17\x07\x01\x99\xa5\x10\x10\x02B\xe0\xac\x13\x10\
1\xf0\xac#\x96\x01\x84\x80\x10\x10\x02B@\x08\x08\x81\
\xd5I`w\x0b\xf2\xbb\xc7\x9c\x02\xfc+\xa4\xe3\x1f\xf0\
\xf5l\xf8=\x08Go\xa9\xcf\x8f\xffmv\xf4\x9e\x07\
\xa7\x0f\xed[h7j-\xcb@\x12\x05\x95\xf7T\x9a\
\x81\x0a\xd4\xe2\x93q\x9c\xa1\xc0\x00\xd4\x0a\x14\x89]<\
G\x16\xbe4?\xb2\x87.\xf0w\xe9u\xeb\x02\xa5]\
m\x83\xd6\xdc\x0a<\x01\x0e\xe8@J\x9e\xc8\xa8\xe8\xb8\
\xd3\xa54\x1b\x05+q\xba\x1ax\xdc\xe3\xbb\x22\xa5\x0e\
\xd8\xba\xf9\x5c\x87\x8d\xd3\xec;\xc7=\xc3\x8e\xd8\x87<\
\x7f2\x05\xe8\xf5\x87\x00\x1e\x0b\xd7\xed\x88\xa6\x9a\xd2d\
\x1a\xd0\xd0\xfc\xd7\x8c\x89\xa2S-\x97k\xd3\xfb\xf7\xce\
N>\xfc\x93{*3\x13\x7fi\x04\xc3\xef\x09\xa5\x87\
^\x0b\x96\xf1\x11;g\xdc\x05\x0b\xf7M\x02\xd0\xdaP\
\xdb\x8b\xeb\x94\xd9\x0a\x01! \x04\x84\x80\x10\x10\x02B\
\xe0\xdc\x10P\xe7f\x18\x19E\x08\x08\x01! \x04\x84\
\x80\x108!\x01\xc9\x5c\x05\x04Hx\x9a{p\xb6\xbd\
p\xdf\x8f\xa1b~\x05B\xfd7\x99\xf1\x8do\x044\
\xef(L\x1e\xbck\xfa\xc0=\x87\xe6\xc7\x0e\x96Z\x8d\
r\x1b\x9c\x16\xa9\x5c\x8e\x06\xedh\xd7qt\xdbnj\
W\xdbG\xbfg\xb0\xdd\x06\xdb\xb6\xc1!1\x8c'\xe6\
R\x88\x88\x80x\xacq\xd9\x85`zQ\xbcd_\x11\
\x91\x83\x8e\xa0Ib\x22\x97\xf1G\xa8\xd9x\xcem\x9a\
;\x7f\xcf\x22\x7f\x07\xa0\xd3\xb6I\x22E\xd2\x15\x1d\xd7\
\xb1\x9bnn~\xba>{p\xfft\xf6\xc8C\xf7\xd5\
\xe7\xa7\xbf\x09\xbe\xc0\x87!6\xf8:\xe8\xcd\xbc\xc3)\
\xba\x7fZ\xcb\xee\xba\x07\xca{\x16\x00v\xb5\xbdA\xe4\
\x22\x04\x84\x80\x10\x10\x02B@\x08\x08\x01!p\xd6\x08\
\x88\x18x\xd6\xd0J\xc7B\xe0\xd1\x09H\xa9\x10\x10\x02\
B@\x08\xac:\x02\xda{\x22\xad\xf6\xf0\xb4]\xec\xfd\
\x0e\x04\xa3\x9f\xf6G{_o%\x06\xdf\x06\x8e\xf3\xe5\
\xf2\xd4\xee\xff\xca\x8e\xee:0\x7fp\xefB)\x97o\
\xd8\xcd\xa6\xa3\xed\xb6&1L\x93\xe8\xa7I\xf1\x03\xc3\
0<S\x8b\xc2\x19\x22v\xc4\xb3\xc5\xa9\xb2\x80\xd6\x89\
j\x0a\xb4\xf7\x14\x1e)fK!e\x9e\xd3\xb3;\xf6\
\xc9\x06E\xec\xf8\xaf\x1d\x97\xf4O\x17\xdc6\x09\x9d\x8e\
C\xe2\xa7\x0dv\xcb\x01\x87\x85O\xb2\xb6\xed\x92\x00\x0a\
Z)\xa5}>\x93\x99\xb4\xb3s\xb3\xd5\xf9\x83{\xa6\
\xf3G\x1e\xbc\xdb)\xce\xfc5\x18\xbe\x0f\x98\xc9\xa1\xd7\
C*\xf3v\x88\x9a\x7f\x0c\xa5\xdd?\x01\x12a=\xe6\
\x00\x0c\xe4dnH\xbe\x10\x10\x02B@\x08\x08\x01!\
 \x04.h\x02\xab\xcdy\xb5\xda\x1c\x12\x7f\x84\x80\x10\
\x10\x02B@\x08\x08\x01!p\xfe\x09\xdceC\xf1\x81\
|\xb3\xbcwo\xab\xd0\xff\x0f\x10\xeb\xfd\x90\x15]\xff\
\x06#\xb4\xee&\x00\xf3S\xad\xc2\xf87\x8bS\x0f\xfd\
8?\xf1\xd0\xe1\xfc\xf8\xe1\x5c\xb5Rh\xd8v\xad\x0d\
\xdavM\x03\xb4\x81\xa8Q\x83FD\xd2\x08\xd1\x9b\x0e\
\x22\x85\x0a\xbd?\xcc\xc1\x0f\xdc\x1d\x15\x06\xbd\xe2Uu\
a\xdf\xd8H\xe4\xf4\xc4L\x8e\xb3\xb1\x93\x06\xa0\xb6,\
\xd3\xb3@\xc0\xd2\xe1\xa0\xe5\x98\xa8\xdbv\xabV_\x18\
;\x92\x9d?x\xcf\xc1\xd2\xc4}?rKs\x7f\x05\
F\xf0\x16_h\xf05\x10\x1ax'\xb4\xe1\x8f\xed\xfc\
C\xdf\x87\xdc\x83\xe3\x90\xdd[\xa6\xbe\x1c29\x85\x80\
\x10\x10\x02k\x99\x80\xccM\x08\x08\x01!\xb0*\x09\xa8\
U\xe9\x958%\x04\x84\x80\x10\x10\x02B@\x08\x08\x81\
UC\x80\x84\xc1\xc2\xbd\x85Vy\xdf^\xa7\x16\xffW\
H\xfa?\x17\x0c\xa6\xdfJ\x22\xd7\xeb\x8d`\xdf;\xc0\
u>m\xe7\x0f\xff}i\xfc\x9e\x1f\xe7F\xef\x1f\x9d\
\x1d=\x98+\xe4\xb3\x8dv\xbb\xe5h\xed\xb8\xfc\xb4\x1c\
\xb8,\xff\x918\x08$\xa5\x91(\x88\x88$\x12\x1e}\
\x1b\xc6B\x1b\xdb\xf2)/Ok\xcd\xdf\x17\xd8yx\
N{]-\xaf\xf9\xf8\xe3$X\x02\xf9\xb6d\xe4\xae\
\x17\xef\x8e\x81\xc8~\xa26\x0cC\x9b\xa6\xa9M\x9f\xe1\
\x92\x16\xe84\xeb\xf5v\xa9\x98\xaf\xcd\x1c>\xb00\xb9\
\xf7\xbe#\xb9\xb1\xfbvUg\x0e}\x83\xc4\xd0O\x1b\
\x91\xbe\xb7\xfbB\x1b_\x0f\xe1\xd8\xbb\xc1\xb1\xff\xac]\
\xdb{7\xd4\x1e\x9e\x06\x18m\x90\xa7\x9dIPdm\
\x9f2;! \x04\x84\x80\x10\x10\x02B@\x08\xac^\
\x02j\xf5\xba&\x9e\x09\x01! \x04\x84\x80\x10\xb8\xc0\
\x08\x88\xbbk\x9d\x00\x09Y\xbb\xda\x90?T\xac\xd7\x0f\
\x8e\xb7k\xfb~\xe2\xd4\xe3\xdf\x00\x08}\x06\x02\xfd\xef\
\xf4\x05\xd7\xbf\x11\xac\xf4;\xc1\x17\xf8Lk!\xf77\
\x85\xb1\xdd\xff3\x7f\xf0\xee\xfbg\xf7\xef>\x92\x9d\x9a\
\xc8\x95\x0b\x0b\xb5j\xad\xd0r\xec\xa6\xed\xda\xb6\x83\xa4\
\xb8u\x8d\xde\x90iE*\x1b\x22.1D\x5c\x1eW\
'\xcc_\xca<\xb3\x08\xcdK\xd3\xf8Z\x9b\x8a\x84?\
\x04M~\xb9\xa0m\xf2\xb3\xd5\xaaV\x0a\xf5\xb9\x99\xc9\
\xc2\xec\xe1\xfdS3\x07\x1e\xde;\x7f\xf8\xc0\x8fKS\
\x87\xfe\xbd\x91+\xfc\x99\x0aD>\x16\xec]w\x13\x09\
\xa3\xaf\x85@\x0f\x09\xa3\xfe\xcf9\x15\xdf\xb7\xda\xb5\x87\
\xef\x81\xea\xe8\x0c\xc0T\x8d\x5cs\xc9\xe4\x14\x02B@\
\x08\x08\x01! \x04\x84\x80\x10X%\x04\x8e\xbe\xb3\x5c\
%\x0e\x89\x1bB\xe0B$ >\x0b\x01! \x04\x84\
\xc0EI\x80D4\x12\x07\xe1P\x11\x1a\x87\x8f\xb4\xeb\
\x87\x7f\x02-\xf3\x1b`\xd9\x9f\x81`\xe4\x9dVx\xe0\
Mfx\xf8m\x10\x8a\xdc\x0a\x8d\xc6\x97\x9b\xd9\xa9o\
\xd4\xa6\xf6\xfdo\xee\xf0\xee\xfb\x16\x0e?tx\xee\xd0\
\x81\x99\xb9\xa9\xb1b1?\xdf\xa8\x94\x8bv\xb3^w\
\x9b\xf5\x9ak\xb7\x9a\xba\xd5j\x91\x14g\xebv\xdb\xf1\
\xe2\x9cn\xb5\xda\xba\xddhk\xd2\x12\xbd\xef\xeck\xb5\
lh6\xdb\xd4u\x0bj\xb5\x86\x17\xd6\xebM\xe8X\
\x9d\xd2\x0d\x8a\xd7u\xa3\xd1\xf0\xac\xddn\xebf\xb3\xe9\
\xf5k\xdb\xd4\x8f\xc3Z_\xd3m5\xean\xbdZ\xb1\
K\x85Bs~~\xa6<3~$\x9b=\xb4g2\
{p\xf7\xde\x85#\xfb~X\x9b\x9b\xfbgh\xdb_\
#\x91\xf36\x7f\x22\xf3v_\xac\xe7\x0d\x10\xeb{#\
\x04b7\xbb~\xf7\x0b\xf5\xb9\xf6?\xb5k\x07\xee\x85\
\xc6\xa11`\x16\xb0\xbbE\xbb\x81\xd8\xd0UN! \
\x04\x84\x80\x10\x10\x02B@\x08\xac1\x02ka:\x22\
\x06\xae\x85U\x949\x08\x01! \x04\x84\x80\x10\x10\x02\
\xab\x81\x80\x0bp\xa0\x09\x85\xd1\x02\xd4\x0fL\xb4\xaa{\
\x1f\xb0\xab{\xbeMJ\xdd\x9fC4\xfe\x09H\xa5\xde\
\x01\xd1\xa1\xd7A\xb0\xf7u\xe0O\xbe\x09\x0c\xdf\xcd\xd0\
h\xdd\xde\x5c\x98\xffZmv\xf4\x1b\xc5\xc9\xdd\xdf.\
L<\xf8\x83\xdc\xd8\x03\xf7\x16\xc6\xee\xdb\x93\x1b\xdd}\
8\x7fd\xcfTa\xec\xf0|a|4_\x98\x9e(\
\xe6g\xa7\xca\xb9\xf9\xe9J!;]-\xe4\xb2\xb5r\
i\xa1^-\xe7I\xcb+4\xca\xc5\x85z\xa5T\xa8\
\x97\x8b\xf9Z\xb9\x90\xab\x95r\xf3\x95rn\xaeR\x9a\
\x9b*\x96\xa6\xc6\xf3\xf9#\x87\xb3\xc5\xf1\x03\xd3\xb9\xd1\
\x87\xc6r\xa3\x0f\x1e\xc8\x1d\xbe\xff!\x1a\xeb\xee\xe2\xe4\
\xc3\xdf\xab\xcc\x1c\xf8\xf7\xfa\xc2\xf4\x9dN\xb1\xf6%\x00\
\xe3V\x08&\xde\x0c\xd1\xc1WCd\xf0U\x90H\xbd\
\x19|\xe6\x87 l\xfeq\xb3\x10\xfc\x97vi\xf7\x8f\
\xa1\xb4\xfb\x00T\x1f\x9c\xed|\xf7\x9f'\xfe\xd1\xdcW\
\xc3\x12\x88\x0fB@\x08\x08\x81\xb3F@:\x16\x02B\
@\x08\xac\x19\x02j\xcd\xccD&\x22\x04\x84\x80\x10\x10\
\x02B@\x08\x08\x81\xd5E\x80\x9f\x8es\x00\xa6jP\
\xde\xb3\x00\xb9\x83\xe3P\xde\xb7\x97\x84\xc2\x1fA3\xf5\
\xaf\xd0\xc6\xafC*z;DS\xef\x81`\xe6M\x10\
\x1d\xfe}_h\xf0\xf7!\xd8\xff\xfb`\xf6\xbd\x01 \
\xfcV\x00\xebf\x00\xfc\x10h\xf7vh\xb7\xbe\x08\xed\
\xea\x1fA\xa3\xf8u\xa8\xe5\xfe\x0a*\xb3\x7f\xe7\x16g\
\xbe\xe9\x14\xa7\xbf\xa5K3\xff\xa4\xcb\xd3\xff\xac\xcb3\
\xdf\x82\xca\xcc?@u\xe1o\xa1V\xfa+\xa8\xd7\xbf\
\x06-\xe7+\xe0\xc2gA\xa9\xdb\xc0\x08\xbc\x0f\x8c\xe8\
\xdb\xc0H\xbe\x1e\xcc\xf4\xeb \xd4O\x82\xdf\xc0\xab!\
\x90~-\x84\xa3o\x81\xa4u+4[_\x86z\xfc\
\x1bP\xde\xfd}\xa8<\xb8\x07\xf2\xbb\xc7\xa0r`\xbe\
#\xfc\xf1\x93\x90\xc0\xf3\x82\x8b\xe7\x90\x99\x0a\x01! \
\x04\x84\x80\x10\x10\x02B`m\x11\x101pm\xad\xa7\
\xccF\x08\x08\x01! \x04V\x8a\x80\xf4#\x04\xce\x0e\
\x01\x16\xd2\x5c\x00\x16\xd5F\x1b\x9e\xc0V\xde\x97%\x81\
p\x82\x04\xc3}m\xfe\xb8m\xfd\xe0\x0f\xc0\xde\xf0_\
\x00\xb1\x7f\x04P\x7f\x01\x90\xfc*$\xc3\x9f\x85X\xcf\
\xc7 \x9a\xbc\x15\x22\x89\xf7B8\xf9N\x08\x0d\xbc\x15\
B\xfdo\x86`\xdf\x1b\xc9^O\xf6\x06\x08\xf6\xbe\xd1\
\xcb\x0b\xf5\xbf\x0d\xc2\xbd\xef\x86H\xf4\xfd\x10\x8d|\x14\
\xe2=\x9f\x86D\xf0+\xe0\xa4\xfe\x1c\x1c\xff7\xc0\xd9\
\xf8\x1f`\x1f\xfe\x1e\xd4\x0e\xde\x0d\x95\xfd\x0fC\xe3\xf0\
\x11\xa8\x1e\x9e\xe5\xefC\x04\x98\xa8w\xfc#\x09\x11D\
\xf8;;\xdb@z\x15\x02B@\x08\x08\x01! \x04\
\x84\xc0\xf9# b\xe0\xf9c/#\xafR\x02\xe2\x96\
\x10\x10\x02B@\x08\x08\x81\xf3H`Q,\xbc\xcb\x06\
\xef\xbb\xf7X\x98\xdb]\xf1D\xba\xd2\xee\x1c\xb0pX\
98\xe7\x09w\xb5\x87\xa7\xa1\xb6w\x0a\xea\xfb&;\
v`\xc2\x0b9\x8f\xcb\xaa\xbbg\xbc'\xfa\xca$6\
\x16\x1f\xc8C\xee@\x09\xe0\xfe*\xf0G\x99\x81\xfb\x07\
\x87\xe6\xc9\xe3Q \xa7\x10\x10\x02B@\x08\x08\x01!\
 \x04.>\x02\x17\xeb\x8cE\x0c\xbcXW^\xe6-\
\x04\x84\x80\x10\x10\x02B@\x08\x08\x01! \x04\x84\x80\
\xf7\x1bV\xdc\x00\x00\x10\x00IDAT\x10\xb88\x09\
\xc8\xac\x85\x80\x10\x10\x02\x175\x01\x11\x03/\xea\xe5\x97\
\xc9\x0b\x01! \x04\x84\x80\x10\x10\x02B\xe0b\x22 \
s\x15\x02B@\x08\x08\x01! \x04\x84\x80\x10\x101\
P\xf6\x80\x10\x10\x02B@\x08\xac}\x022C! \
\x04\x84\x80\x10\x10\x02B@\x08\x08\x01! \x04\x84\x80\
\x10\xf0\x08\x88\x18\xe8a\x90\xcbZ% \xf3\x12\x02B\
@\x08\x08\x01! \x04\x84\x80\x10\x10\x02B@\x08\x08\
\x01! \x04\xd6>\x01\x99\xe1\xa9\x13\x101\xf0\xd4Y\
IM! \x04\x84\x80\x10\x10\x02B@\x08\x08\x01!\
 \x04\x84\x80\x10X]\x04\xc4\x1b! \x04\x84\x80\x10\
8M\x02\x22\x06\x9e&0\xa9.\x04\x84\x80\x10\x10\x02\
B@\x08\x08\x01!\xb0\x1a\x08\x88\x0fB@\x08\x08\x01\
! \x04\x84\x80\x10\x10\x02\x8f\x87\x80\x88\x81\x8f\x87\x9a\
\xb4\x11\x02B@\x08\x08\x81\xf3G@F\x16\x02B@\
\x08\x08\x01! \x04\x84\x80\x10\x10\x02B@\x08\x08\x81\
\xc7M@\xc4\xc0\xc7\x8dN\x1a\x9ek\x022\x9e\x10\x10\
\x02B@\x08\x08\x01! \x04\x84\x80\x10\x10\x02B@\
\x08\x08\x01!\xb0\xf6\x09\xc8\x0c\xcf.\x01\x11\x03\xcf.\
_\xe9]\x08\x08\x01! \x04\x84\x80\x10\x10\x02B@\
\x08\x08\x01! \x04N\x8d\x80\xd4\x12\x02B@\x08\x08\
\x81s@@\xc4\xc0s\x00Y\x86\x10\x02B@\x08\x08\
\x01! \x04\x84\x80\x10x4\x02R&\x04\x84\x80\x10\
\x10\x02B@\x08\x08\x01!p\xae\x08\x88\x18x\xaeH\
\xcb8B@\x08\x08\x01!\xf0H\x02\x92#\x04\x84\x80\
\x10\x10\x02B@\x08\x08\x01! \x04\x84\x80\x10\x10\x02\
\xe7\x94\x80\x88\x81\xe7\x14\xb7\x0c\xd6% \xa1\x10\x10\x02\
B@\x08\x08\x01! \x04\x84\x80\x10\x10\x02B@\x08\
\x08\x01!\xb0\xf6\x09\xc8\x0cW\x1f\x01\x11\x03W\xdf\x9a\
\x88GB@\x08\x08\x01! \x04\x84\x80\x10\x10\x02B\
@\x08\x08\x81\x0b\x9d\x80\xf8/\x04\x84\x80\x10\x10\x02\xab\
\x94\x80\x88\x81\xabta\xc4-! \x04\x84\x80\x10\x10\
\x02B@\x08\x5c\x98\x04\xc4k! \x04\x84\x80\x10\x10\
\x02B@\x08\x08\x81\xd5L@\xc4\xc0\xd5\xbc:\xe2\x9b\
\x10\x10\x02B\xe0B\x22 \xbe\x0a\x01! \x04\x84\x80\
\x10\x10\x02B@\x08\x08\x01! \x04\x84\xc0\xaa' \
b\xe0\xaa_\xa2\xd5\xef\xa0x(\x04\x84\x80\x10\x10\x02\
B@\x08\x08\x01! \x04\x84\x80\x10\x10\x02B@\x08\
\xac}\x022\xc3\xb5A@\xc4\xc0\xb5\xb1\x8e2\x0b!\
 \x04\x84\x80\x10\x10\x02B@\x08\x08\x01! \x04\x84\
\xc0\xd9\x22 \xfd\x0a\x01! \x04\x84\xc0\x1a\x22 b\
\xe0\x1aZL\x99\x8a\x10\x10\x02B@\x08\x08\x01! \
\x04V\x96\x80\xf4&\x04\x84\x80\x10\x10\x02B@\x08\x08\
\x01!\xb0\xd6\x08\x88\x18\xb8\xd6VT\xe6#\x04\x84\x80\
\x10X\x09\x02\xd2\x87\x10\x10\x02B@\x08\x08\x01! \
\x04\x84\x80\x10\x10\x02B@\x08\xacI\x02\x22\x06\xae\xc9\
e}\xfc\x93\x92\x96B@\x08\x08\x01! \x04\x84\x80\
\x10\x10\x02B@\x08\x08\x01! \x04\x84\xc0\xda' \
3\xbcx\x09\x88\x18x\xf1\xae\xbd\xcc\x5c\x08\x08\x01!\
 \x04\x84\x80\x10\x10\x02B@\x08\x08\x81\x8b\x8f\x80\xcc\
X\x08\x08\x01! \x04.r\x02\x22\x06^\xe4\x1b@\
\xa6/\x04\x84\x80\x10\x10\x02B@\x08\x5c,\x04d\x9e\
B@\x08\x08\x01! \x04\x84\x80\x10\x10\x02B\x00@\
\xc4@\xd9\x05B@\x08\x08\x81\xb5N@\xe6'\x04\x84\
\x80\x10\x10\x02B@\x08\x08\x01! \x04\x84\x80\x10\x10\
\x02B`\x91\x80\x88\x81\x8b \xd6b s\x12\x02B\
@\x08\x08\x01! \x04\x84\x80\x10\x10\x02B@\x08\x08\
\x01! \x04\xd6>\x01\x99\xa1\x108\x1d\x02\x22\x06\x9e\
\x0e-\xa9+\x04\x84\x80\x10\x10\x02B@\x08\x08\x01!\
 \x04\x84\x80\x10X=\x04\xc4\x13! \x04\x84\x80\x10\
\x10\x02\xa7M@\xc4\xc0\xd3F&\x0d\x84\x80\x10\x10\x02\
B@\x08\x08\x01!p\xbe\x09\xc8\xf8B@\x08\x08\x01\
! \x04\x84\x80\x10\x10\x02B\xe0\xf1\x11\x101\xf0\xf1\
q\x93VB@\x08\x08\x81\xf3C@F\x15\x02B@\
\x08\x08\x01! \x04\x84\x80\x10\x10\x02B@\x08\x08\x01\
!p\x06\x04D\x0c<\x03x\xe7\xb2\xa9\x8c%\x04\x84\
\x80\x10\x10\x02B@\x08\x08\x01! \x04\x84\x80\x10\x10\
\x02B@\x08\xac}\x022C!p\xb6\x09\x88\x18x\
\xb6\x09K\xffB@\x08\x08\x01! \x04\x84\x80\x10\x10\
\x02B@\x08\x08\x81\xc7& 5\x84\x80\x10\x10\x02B\
@\x08\x9c\x13\x02\x22\x06\x9e\x13\xcc2\x88\x10\x10\x02B\
@\x08\x08\x01! \x04NF@\xf2\x85\x80\x10\x10\x02\
B@\x08\x08\x01! \x04\x84\xc0\xb9# b\xe0\xb9\
c-#\x09\x01! \x04\x8e% )! \x04\x84\
\x80\x10\x10\x02B@\x08\x08\x01! \x04\x84\x80\x10\x10\
\x02\xe7\x98\x80\x88\x81\xe7\x188\x0f'&\x04\x84\x80\x10\
\x10\x02B@\x08\x08\x01! \x04\x84\x80\x10\x10\x02B\
@\x08\xac}\x022C!\xb0\x1a\x09\x88\x18\xb8\x1aW\
E|\x12\x02B@\x08\x08\x01! \x04\x84\x80\x10\x10\
\x02B\xe0B& \xbe\x0b\x01! \x04\x84\x80\x10X\
\xb5\x04D\x0c\x5c\xb5K#\x8e\x09\x01! \x04\x84\x80\
\x10\x10\x02\x17\x1e\x01\xf1X\x08\x08\x01! \x04\x84\x80\
\x10\x10\x02B@\x08\xacn\x02\x22\x06\xae\xee\xf5\x11\xef\
\x84\x80\x10\xb8P\x08\x88\x9fB@\x08\x08\x01! \x04\
\x84\x80\x10\x10\x02B@\x08\x08\x01! \x04.\x00\x02\
\x22\x06\x9e\xe1\x22Is! \x04\x84\x80\x10\x10\x02B\
@\x08\x08\x01! \x04\x84\x80\x10\x10\x02B`\xed\x13\
\x90\x19\x0a\x81\xb5B@\xc4\xc0\xb5\xb2\x922\x0f! \
\x04\x84\x80\x10\x10\x02B@\x08\x08\x01! \x04\xce\x06\
\x01\xe9S\x08\x08\x01! \x04\x84\xc0\x9a\x22 b\xe0\
\x9aZN\x99\x8c\x10\x10\x02B@\x08\x08\x01!\xb0r\
\x04\xa4'! \x04\x84\x80\x10\x10\x02B@\x08\x08\x01\
!\xb0\xf6\x08\x88\x18\xb8\xf6\xd6Tf$\x04\x84\xc0\x99\
\x12\x90\xf6B@\x08\x08\x01! \x04\x84\x80\x10\x10\x02\
B@\x08\x08\x01! \x04\xd6(\x01\x11\x03\x97-\xac\
D\x85\x80\x10\x10\x02B@\x08\x08\x01! \x04\x84\x80\
\x10\x10\x02B@\x08\x08\x81\xb5O@f(\x04.f\
\x02\x22\x06^\xcc\xab/s\x17\x02B@\x08\x08\x01!\
 \x04\x84\x80\x10\x10\x02\x17\x17\x01\x99\xad\x10\x10\x02B\
@\x08\x08\x81\x8b\x9e\x80\x88\x81\x17\xfd\x16\x10\x00B@\
\x08\x08\x01! \x04.\x06\x022G! \x04\x84\x80\
\x10\x10\x02B@\x08\x08\x01! \x04\x98\x80\x88\x81L\
AL\x08\x08\x81\xb5K@f&\x04\x84\x80\x10\x10\x02\
B@\x08\x08\x01! \x04\x84\x80\x10\x10\x02B@\x08\
,\x11X\xb3b\xe0\xd2\x0c%\x22\x04\x84\x80\x10\x10\x02\
B@\x08\x08\x01!p\xb1\x13@\x80\x1b\x8d\xd3\xb7\x1b\
L\x006\xa0\xf6\x17;B\x99\xbf\x10\x10\x02B`\xf5\
\x12\x10\xcf\x84\x80\x108=\x02\xea\xf4\xaaKm! \
\x04\x84\x80\x10\x10\x02B@\x08\x08\x01!pA\x11P\
\xe1\xde\x9f\xba\x22\xd4w\xf09\xc1\xfe\xc3\xbf\x12\xec?\
\xf4\xab\x11\xcfF\x9f\x1f\xcc\x1c|\xbe\x95\xd9\xb7h\xfb\
\x7f\xd5\xca\x1c\xfc5+}\xe0\x05Vz\xff\xaf\x07\xfb\
\x0e\xbf\xc0\xca\x94~\xd5H\xe7~>\xd0\x7f\xd5\x06\x9a\
\xb1\x08\x82\x04a\x95\x9d\xe2\x8e\x10\x10\x02B@\x08\x08\
\x01!\xf08\x08\x88\x18\xf88\xa0I\x13! \x04\x84\
\x80\x10\x10\x02B\xe0|\x12\x90\xb1\x85\xc0i\x10Ho\
\x0fW\xe7&_^\x9b\xdd\xff\xb9\xfa\xfc\xcc\x1d\xf5\xd9\
\xe9\xcfVf\xe7>[\x99\x9f\xfel=7\xfb\xd9V\
.K\xb6\xf0\xd9V>\xfb9\x8a\x7f\xa6\x95_\xf8T\
k!\xfb\xa9\xfa\xdc\xd4\xa7[\xf33\x9fq\xb2{>\
\xde\x98\x9b\xff\x15\x80-\xd6i\x8c*U\x85\x80\x10\x10\
\x02B@\x08\x08\x01!\xb0j\x09\x88\x18\xb8j\x97F\
\x1c\x13\x02B\xe0\x11\x04$C\x08\x08\x01! \x04\x84\
\xc0i\x12\x88$z\x03f2\xbd\xdeH\x0c\x0d\xc6\xfb\
\x86\xd2\xc9\xf5\x9b3=#\x9b2=\xeb7\xa7{\xd6\
o!\xdb\x94\xce\xac\xdb\x98\xce\x0co\xa48\xdbH&\
\xbd\x91\xcaF\xb6\xa4\xd3\x9b\xb7f\x8c\xc4\xe6\xe1\xe8\xd0\
\xd0\xba\xe1\xe1\x8c:\xcd\xa1\xa5\xba\x10\x10\x02B@\x08\
\x08\x01! \x04V%\x81\x0b\xe2M\xcd\xaa$'N\
\x09\x01! \x04\x84\xc0j!\xc0\x1f\xddc\xa3\xdfi\
\xfc\xdd^;,\x80-~\x18\xbe>\x08\x83;CK\
\xc6\xe9-\x94\x0f;}\x9d\xef\x0d\x03\xaa/\xdf\x03\xb6\
Z\x16Q\xfc\x10\x02g\x8b@\xd06\x0c\xcbg\xf9\x15\
\x9a\xa8\x14*\xd34\x94i\xf8:!\xc7M\x9fR>\
\xc33\xaf\xcc4\xd10\x0c\xcfL\x83\xe2J\x19>\xc3\
2L\xd3\xaf\xcf\x96\x8f\xd2\xaf\x10\x10\x02B@\x08\x1c\
% 1! \x04\xce>\x01\xbe\x11:\xfb\xa3\xc8\x08\
B@\x08\x08\x01! \x04V\x8e\x00\xfd\xee\x22A\x8f\
\x85\xbe\xf8\x15\xc9`\xea\xca!kp\xe7v_\xea\xca\
k\xcdT\xe1\xa7\x8d\x1e\xdf/\x1a\xc9\xf0\x8dF\xad\xf2\
B_\xbd\xf9bUo\xbfTQh\xd4\xca\xbfi\xe4\
\x02\xcf3\xd2\xf6\xff\x0b\xa4\x0f<\xd5\x97\xfe\xa9\xab\xfd\
\xe9'l\x0dgv\xf4Crg\x1c<\xa1\x90\xff\xc0\
\xc0\xca9*=\x09\x01!p\xfe\x09 \x1a\xda$Q\
\x0f\xe8\xbf\x0c\x5c\xd7\x05\xcf\xb4\x0d\x8e\xe3t\xe2\x8by\
\x9cv\x9c\xb6\x97\xc7q\xad5(\xa5P;.\x18\x0a\
\xddP(\xe3\x9e\xff\xd9\xaci\x0fdrB@\x08\x08\
\x01! \x04\x84\xc09\x22@7T\xe7h$\x19F\
\x08\x08\x01! \x04\x84\xc0\xe3#\xa0\xf8)\xbfp\xef\
u}\xd1\xc1\x9d\x97D\x86\x9f\xf4\xf4@?\xfe\xa6\xaa\
5\xdf\x02\xcd\xdaG\xea\xb9\xf9\xcf\xb4\xa6\x0e\xdf\xd1\xce\
\x1d\xfe\x8c\x9d;\xfc\x09g\xe1\xc8\x87\x9d\xfc\xd4\x07\x9c\
\xdc\xec\xcd\xed\xfc\xfc{\xdc\xfc\xdc\xbb\xdc\xfc\xcc\xbb\x9d\
\xdc\xcc{\x9d\xdc\xf4\xadNv\xec\xa3\x8d\xec\xe1\xdb\xdb\
\xd9\x83\x9fmf\xc7?_\x9d/~\x06\xda\xd5\xf7\xab\
\x5c\xe8\xd5\xfe\xf4\xa1g\x87\x87\xae\xb9*8x\xcd\xba\
tz{t\xf1\x09\xc2\xc7\xe7\xf5jh\xb5c\x87\x95\
\x18\xb9*A\xdc\xd2\x91\xbe+{#\xfdWg8\xee\
\xd9\xd0\xb5=\xb1\xe1\x1d)6Ns\x193\xe6z\x89\
\xc4U\x09r\xff\x1c\xbdG\xa0\x91.\x88\xf3\x06\x13\x12\
W%\xc2\xbd\x97\xf7\x85\xd2W\x0fvl\xe7\x00\xa7\x99\
Y\xd78\xcd\x1c\xc3#\xd7\xf4\x876\xec\x1c`\xae\xbc\
\x7f/\x88)\xaeQ'Q\x19\x1a@\xbb,\xee!\x22\
h\xed\x00(\x0dh\x00 RH\x06\x0a)\xadX\xfc\
\x03\x00\x174\xbat\xa5ztU\x06\x80v]\xbd;\
xHS\xa1\x9cB@\x08\x08\x01! \x04\x84\x80\x10\
\xb8\xe0\x09\xc8\x1b\xfd\x0b~\x09e\x02B\xe0\x02% \
n\x0b\x81\xc7\x22@BVl\xf8\xfaTx\xe8\xda+\
\x02v\xeb\x05\xd5\xca\xc2{\xca\xb3S_\xa8L\xec\xfb\
bcf\xf4cn\xad\xf4&\x15\xb4^\x14\xec\x1b\xf8\
\x85\xf0\xc0\xc6\xa7\xc7\xd7]\xf6S\x89\xf5;.Kn\
\xb8|Kj\xe4\x92\xf5\xa9\x0d\x97\x0e\xf6\x8c\x5c\xd2\x9f\
\xda\xb8\xad?9r\xe9@j\xe3\x8e\xe1\xd4\xc6\xcb6\
\xf6l\xbcl{r\xe4\xb2'$\xd6_zmdp\
\xd33\x22\xfd\xfd\xbfl*x\xb9[/\xbe\xb7\x99=\
\xf2\xf9\xea\xe4\xe1?\xac\xe7\xe7n+\x83\xf9\xf2`\xdf\
\xa1'\xc6\xd7_\x91\x04\xd8\xe9{,wWa\xb9\x82\
#\xed\xa7\x17&\xb2\xef(\x97\x0a\x1f\xaaTj\x1f\xaa\
\x94\xab\x1f.\x17\xcb\x1f)/\xe4n-g\xe7>X\
\x9a\xaf}\xb0\x94\xad\x7f\xb8\x5c\xc8\x7f\xa4R.\x7f\xbc\
^\xcb}\xa2R)\x7f\xb4P\x99}\x8b?}\xe5\xd6\
U8\xa7\xf3\xe4\x12\x09\x81\xf1\x99'@\xe1\xc0\x1b\xaa\
s\xd9\x8f\xd6\xf2\x0b\x1f\xad\x95\x0ad\xb9\xdb\xaa\x85\xca\
\x87+\xb9\xf2\xad\x95l\xf1V\x0a?T\xcdW>\x5c\
\xad\xe4?R_(~\xa4\x96-\xddZ\x99\x9f\xbf\xd9\
,\x97\x9f\x06@}\x9c'\xef/\xf6a\x0d\xa3\xe5j\
\x12\xf5\x98\x03\x22\x8b\x81\x9aD@\xe4\xa4gZ\xeb\xa5\
Pk\x97\xca\xc0\x13\x05\x11\xd1\xcb\xf7.H\x05^D\
.B@\x08\x08\x01! \x04\x84\x80\x10\xb8\xf0\x09\xa8\
s=\x05\x19O\x08\x08\x01! \x04\x84\xc0\xc9\x09\xdc\
`F\x87\xae\xed!\x01\xf0\x09\x81\x85\xd0\x0bK\xb9\xf9\
\x8fU'\x0f~\xa913\xf1\x01@\xf7E\x91L\xff\
\x93\xd3#\xdb\xb6\x0cl\xbd,\xdd?\xb29\xda\x9b\xe9\
\x0f\xc4\xe3q_8\x1c1\x02\x81\x80aY\x96\xf2\xf9\
\xf8\xbb\xc0Le\xf8\x94R\xa6R\x86atL\x812\
\x0d\xf4\xe2>\xd3\xa4z\x96\x11\x0a\x85\x8d(\xb5\xef\xed\
\x1b\x08\xae\x1b\xd9\x92\x18\xd8z\xe9pf\xe3\xb6'\xf8\
C\xe1\xe75\xf3\x85\xb7\xd5g\x0f~\xb18\x99\xfb\xbc\
\xaf\xa7\xf5\xaa\xd0\xc0\xd5O\xe4'\xe8.\x98\xa7\x05\xb7\
l\xf1A\xbb\xfeLpZ\xafT\x86z\x91a\x9a\xbf\
m\x98\x8a\xed\xb7T\xc0\xff\x22\x15\x08\xbc\xc4\x08\x06_\
\xea\x0b\x06_d\xfa\x03\xbf\xed\x0bX\xbfnZ\xd6\x8d\
V \xf0\x1b\xe0\xd8\xafj\x96r\xbf\x0b\x89\x91\xc4\xc9\
\xd7\xea\x22*\x89O\xaf\x83\xe2\xcc\x1b\x01B\xbfg\xc4\
\x13/\xf0\xc5\x22\xcf7\xc3\xe1_5C\x81_3C\
\xa1\xdf0\xc3\x81\xdf6\xa3\xa1\xdf6B\xfe\xdf\xc2P\
\xf07\x94\xcf\xf8\x0dD\xe3\xd7-\xcbG,+7\xda\
\xcd\xda\x93`\xb8\xe9\xbb\x88\x88\xad\xaa\xa9\xd2\xab\x9e\xb4\
\xc0E\xc5o\x99g\x88$\xf6)\x044\x14 bG\
\x004\x0c\xa0\x88\x97FDX:\x14j\x88F;\xaa\
\xe1R\xa6D\x84\x80\x10\x10\x02B\xe0\xb1\x08H\xb9\x10\
\x10\x02\xab\x93\x80Z\x9dn\x89WB@\x08\x08\x01!\
p\x91\x11P\x89\x91\xab\x12\xd1\xc1\xcau\xd5r\xe9\x9d\
\xd5\xe9\xf1?j\xcc\x8d\xdf\x06\x0a\x7f;\xd8\xb7\xfe\x89\
\xb1\xe1\x8dC\xb1d&\xaaL\xcb\xd7\xb2\xb5j\xb4\xda\
h;\x1a\xdb\xb6\x8b6\x99\xeb\x02:\x8e\x03\x9a\xee\xf7\
\x8f7\xe6\x88\x88\xde\xcd=\xc7\xbb\xe5\x1c'Cn\xab\
\x95\x81\xf5f\x0b\x9bm\xea\xcf\x05#\x10\x8a\x05z6\
l\xca$\xd6_re\xb0\xa7\xe7\xf9\xed\xd2\xc2\x07j\
\xd3\x87\xff\xb0\xbc\x90}\x87\x99\xdcw=$\xae\x22\x91\
l\x95\x7f\xbf`-n\xf8#\xb1t \xd9\x1bI$\
{\xadx2\xe3_\xb4@<A\xd9\xa9\xde@\x92,\
\x9e\xec\x09$\x92=\xfex<c%R\xbd\xbeh\x22\
m%\xd6oLA\xab\xfc+\xa1@\xf2z\x80\x8b\xfc\
\x89\xb6\x91\x1b\x02~+\xf8\x5c\xc0\xf0\xb3b\xc3\x1b\xd3\
1\xe2\x13O\xf5\xfa\x89Y \xd9\xd3G\xd6\x1b n\
\x14f\x02\xa9to \x9d\xee\x0b\xc4\x13=\xfeX\x22\
\xe3O\xa4\xfb\xfd*\xd2\x17\xf5G\x12\x91A\xb7\x85 \
\xc7y!P\xa95]\x17\x95\xcb\x83#\x9e\xde2 \
R}6n,v:\x04\xa4\xae\x10\x10\x02B@\x08\
\x08\x01!\xb0\x8a\x09\xa8U\xec\x9b\xb8&\x04\x84\x80\x10\
\x10\x02k\x9e\xc0\x0dfp\xe8\xba\xe1\xe8\xfak\x7f\xbe\
\x90-\x7f\xb4<u\xe0\x0e\xb7U{Y\xb4\x7f\xe0\x8a\
\xe4\xfa\xcd\xa9\x9eL\xaf\x15\x08\x85\x14\xa0R\x86a\xd0\
U\x91\x99\x08h\x90\x88\xe7v\x04>\xa4\xa4\xa2*\x86\
\x02P\x08\x94\xe9\x19\x22R\x94\x0c\x00\x10\x8e\x1e\x88\x08\
\x88\x08\x06 \x7fm\x18\x09\x88\x0e\xb4Z\x0dh\xb7\xdb\
\x14\xd7\xa85\xa2iZT\x09\x94\xe1\xf3\xa9p$f\
\xa6\x86F\xe2\xf1\xf5[/\x03\xa5~\xc7\xce\x8f~\x1e\
\xca\xf3\x9f5\x92\xbb_\x10\xe8\xbfj\x04\x80\xffz1\
\xac\xbac\x90<2\x0c\xd3\xb4m\x1b\xdbm\x87DS\
\xdb3\x12M\x99\x1d:\x9a\xd2nGT\xb5=a\xd5\
\xc6V\x9b\xd2$\x88\x22\x18\xe8O\x0f\xac\xab\xd5\xaa\xaf\
\xea\xddj\xaf\x87S>\xd6\x5cE\x95Dg[s~\
\xee\xd7\xac\x9e\x9e\xa4K{\xc3u]\xd5n\xb5\xb0\xed\
t\xcc\xb6)l7\x89q\x1b[\x9cOq\xa4\xc3\x05\
\xcd\x9fGE$$\x96\xe5G\xcb\x8a\xba\x14\x95\xf3<\
\x10@ej~q\x9f\xd2\xd0\x9a~\x8e\xb0-VF\
\xe4\x15\xe4\x04\xe5s &\x04\x84\x80\x10\x10\x02B@\
\x08\x08\x815@@\xde\xd9\xac\x81E\x94)\x08\x81\xf3\
N@\x1c\x10\x02\xa7O\x00!\xbd=\x1a\x1d*^\xd3\
\xaa\x17\xde_\x1e?\xf49\xd3\xa7^\x94\xdax\xc9\x15\
\x99\xa1\x91D \x18\xf3Y\x01\xbfR\xa6\x89\xa6a\xa1\
\xdf\xef\x07\xcb\xb2<\xf3Y\x16\x98\xa6\x09$\x0e\x02b\
\xf7F\xfd\xf4\x1dX\xde\x82\xfb\x0a\x04\x02\xc0\xe3\xb0u\
\xfb\xe7|e\x9aH\xa2 \xf9\x105\xd3C\xeb\xe2=\
\x1b\xaf\xb8,\x90L\xfc\x86\x93\x9f\xfdT\xfa\x86\xe0z\
\x00\x00\x10\x00IDAT#;\xff\xb1P\x9f\xf9\xff\
\x12\xde\x93\x82\xb02\xce,w\xecL\xe3h\x90\xb0i\
.\xcd\xab\xcb\x90C\x9f\xcf\x07l\xdd8\xcf\x9b\xe3\x1c\
\xfa\x88w<\xd1k\x81]\x7ff\xbb\xe5\xfc<\xdcp\
q>\x1d\x18\xe9{r\xba\x5c(\xbe\x906\xde\x15\xa1\
P\xc4 6\x1eO\xde\x1f\xcc\x8a\xc3.CN\xb3Q\
\x1d@Dp]\x9b\xf7)\x82\xa1(\xee8\xa3fP\
\x83\x1c\xe7\x91\x80\x06\xd4\xae\xb76\x88\xa7\xfeR]z\
\x92\xd8u\xf5yt^\x86\x16\x02B@\x08\x08\x01!\
 \x04\x84\xc0\x8a\x128#1pE=\x91\xce\x84\x80\
\x10\x10\x02B\xe0b \x800\xb83\x94\xd8x\xed\x95\
\x01#\xf8\x8e\xf2\xd4\xf4\x1dN\xdb\xf9\xb5\xf4\x86\xed\xc3\
\xa9\x9e\x01\xbf\xa1|\xa8\x94\xe9\xdd\xa9;\xdd\x8f\xfd\xba\
t\x03Od\x5c~\xd0\x0a\x1e\xf9k\x0b\xd1\xab\x0e\xc0\
O\xf3\x90q\x8a\x8d\x9a,\x9e.\x85l\x14,;]\
\xaa\xc4\xc6Y\x88\x94\xa0\x08\xdf\xf8\x03p]\xd7{\x90\
\xc8\xa5\xb1\xf9\x0f\x8f\x02U\xd4\x14W`\x900h\xaa\
H,ed6n\xcfX\xf1\xf8/\xd4fGo+\
4\x8b\xef\x8f\x0e^s=\xcf\x8d\xbaYU'bw\
n\x9d\xbf\x8c\xda\x9d\x1f\x10\xab\x8e\x91\xc6\xa1;\x0fN\
\xf1\xfc\xb96\xcfY#b\x22\xd5\x17\xccO\x1c\xf9\xf5\
\xe8\xbe\xcaf\x9a\x14\x17Qp\xb1\x9c7\x98m\xa7r\
\x9d\x9d\x9f~n\xac\xb7/B[\x0f\x01]OLb\
\x11\x10\x09\x9b\x02\xcaB\x03\x942\x81py\x06\x9c6\
8O\xd1\x1e\xf2>\xba\xae\xd1P\x0c\xffb\x01\xb7\xea\
\xe6\x89\xca\xa4\xad\xcd+\xd6qMk\xecDN\xe9\xaa\
\xa8\x16\x1b\x05r\x0a\x01! \x04.r\x022}!\
 \x04\xd6\x0e\x01yw\xb3v\xd6Rf\x22\x04\x84\x80\
\x10X\xed\x040<rM_\x08\xf07\x0bc\xe3w\
4\xca\xf9\xdfO\xac_\xff\x84\xde\xbe\xa1\x88\xe1\xf3\x1b\
\x88\x8a\xee\xd0\x91?\xc2J\x22\x8a\x06D\xf4L)\x16\
U\x8e\x8aU'\x9a$\xdd\xe9\x9f(\xfb\x94\xf3<\xd1\
O\x1f\x1d\xa3\xdb\x1f\x8f\x8d\xd8\xf1c\xa93\x16\xd1\xd0\
@ \xe12\x99\xea\x0d\xf6n\xbar;\xfa\xf0\x95\xe5\
\xa9#\xb7\xfbZ\xad\xdf\x8e\xf4_\x9d\x01\x00\x84Up\
hp\xe9\xf7\xbc\xa7|x\xfe\xf0\xbc\x96D\xd6e\xf3\
eW\xb9\x8c9\xd8,\xc2z\x19\x0a\xac@\x88.\xbe\
\xab[\xad\xd6\xef&F\xae\x8as\xf6Ec\xa1\xe9\xde\
f\xa1\xf8b3\xd63b\x9a\x962U\xe7\xa3\xe9]\
N\xcc\x81\xe3l\xccM{\x98Ij%\xd1\x98\xd3l\
\x5c\xc7u\x5c\x0e\x00\xac#\xba\x13\x91\xeb\xb9&\x80\xaa\
\xac\x15\x22\xad\x10\xbd\x98\x17\x07\xc7\xd3X\x0dD\xec\xb4\
\xba+s\x1a\xad:M\xd6\xc8U\xa6!\x04\x84\x80\x10\
\x10\x02B@\x08\xac1\x02t\x93\xb0\xc6f$\xd3\x11\
\x02B@\x08\x08\x81\xd5G`\xe4\x86@|\xdd\xb5;\
\xab\x0b\xc5[jSc7\x072\xbd\xd7\xf4\xf4\x0d\x87\
}\xa6\x9f\xc4?\xe0\xef\xb2\x03\xdbu\xc0\x05\x0d\x1aI\
<Qt\xcf\xedv\x8c\xc5\x16\x9e\x10R\x1e\x1b\xc7\x8f\
7\xc4\xc5\x9bu*\xa0V\xc0F\xd1S:I!\x00\
4\xe8\xd7\xa1\xa2>\xc8\x10\x11\x10\x11\x14 hO\xc8\
!\x7f\xc83\xf4\xd4\x03\xf2\x90\xc4\x1e\x04\xf0\x04K\xe0\
Z\x86\xa9\x92\xa9~+>\xb4\xfe\xa7\xda\x0b\xf37W\
\xea\xb5\xf7\xc7\x86\x9ft-\x0c_\x1f\xa4j\xe7\xf9d\
\x0d\x04\xc9\x07\xf2[k@DPJ\x01\x1f\xcc\xd23\
\xcaCD\xe0\xb82\xc0\xab\x83\x88\xe0j\x9bf\x0d\x90\
\xee\x1b\x0a6ss\xbf\xe96\x8c\xa7\x00\x00\xc2\xc5p\
\xd0\xdaE\xa3\xd1g\x83\xddxJ4\x1e\xb7h\xca\xa8\
i\xa3(0\x88\x1f\xa5\x98\x0c\xed\x15 \xd3\x9c$^\
\x1cjP\xe0==\xc8{\x95\xf2\x10\x11HE\xbc8\
\x98\xc1\xea?\xba?K\xba\xe1cy\xdc\xa9\xe7R5\
\xb2\xce\x0f\x00\x8a\xcb)\x04\x84\x80\x10\x10\x02B@\x08\
\x08\x81\x0b\x9f\x00\xbdk\xbd\xf0'!3\x10\x02B`\
\x05\x09HWB`\x85\x09\xa4\xd3\xa4\xa7\xb8\xad_,\
\xce\xce~\x16\xb4\xfb\xc2\xd4\xc8\x96u\x91H\xdcR\xca\
 \x81\x05\xc84 \xe21\xd6\xb9\x09\x07\xef@\xec\x94\
q\x82\xf3\xd9\xba\xf1\xe5!\xc7\x1f\xafq\x9fl\xfc4\
\x17\x87]C\xc4\x13t\xe9.\xf9\xca\x85\xfc\xa4\x1d\xcf\
%\x10\x8a\x98=#\x9b\x87\x10\xda/)M\x1e\xfaD\
\x04\xed\xe7\xf2\xf7\x22r\x9d\xf3aJY\xda\x1b\x97\xc5\
U/\xd2\xb9\xf0\xdc8\xc6\xa1v\x11\xbcP\x93\x08\xbb\
h@\x02\x17\x1b\x22\x82R$\x7f\xf9,\x15J\xf7\x0e\
\x96\x8a\xf9\x97\xc4\x86\xafO\xc2Ep\xa4}j}\xb9\
\x98}q\xb0\xb7/\xa3\xd0\xf0\xd6\x9b9)\xe2\xc1{\
\x84\x11tC\x8e\x1fo\x5c\xf7\xd8<R\x07\x83\xf2\x9d\
\x81\xc729\xb7)\xfe\xbf\x85\xee\xba \x9e\xe8u}\
n\xfd\x91\xd1\x84\x80\x10\x10\x02B@\x08\x08\x01!p\
>\x09\xa8\xee\xe0\x12\x0a\x01! \x04\x84\x80\x10Xi\
\x02\xa1\xf4\xce\x81\xaaQyyq\xfc\xc0-\x81xd\
g*\xdd\x1b\x04\x92V\xbc\xef\xa4\xd3,D!\x09N\
\xc09\xa4\x0aR\xc8\xf2\x15\x09T\x0a\x0c\xca\xeb\xdc\xb0\
\xbb$R\xb1\xb1p\x05Z\x91NE\xf9\x94\x87H!\
\xc0R\xbd\xa5\x1b}\x00\xe0\xef\xf7C \xd1\x8e\x8c\x92\
\xdeI\xc3\x015\xa68\xff\xeaS\xd0M+\x1e\x8b\xfb\
\x05\x04EF\x95\xa0c\x14x';\xc5\x06\x80\x88\x9e\
\x01\xf7K\xfa\x8e\x0b\x0e8\x8e\xa69\x98\xd0n;\x14\
\x1a\x98\xce\x0c\x04\xc2\x83\xfd\xd7U&\xc6\xde\x97\x08&\
_\x91\x19\xb9\xa6\x1f\xce\xd3\xc1\xba\x1ev\x8eGx\x80\
<oD\xa0\x09y\x86\x9c\xf6\xcc\x05\xa0\x05BbB\
\x01\xf0\xc3\x91\xc1p\x14\xa1\xd5x\x9aa\x1a\xbf68\
\xb83\x04k\xf8\x18\x1e\xbe>\xd8l\xbb\xcf\x85V\xf3\
\xf2@0lhO\xb4\xe6\xf5\xa7\xd5\xd66\xcd\x5cu\
\x8c\xf8\xf0~$\x82\xc4\x8b\xcb)\x9bN\xe6\xe6\x19\xef\
\x11X\xccwY\x8a\xa2B9\xcf\x1f\x01Z(D\xba\
\x90\x07\xdd\x9f\x15\x14}\xe4\xc9\xe29\x1b\x95 \x9eB\
}\xaa'\xa7\x10\x10\x02B\xe0B$ >\x0b\x01!\
pq\x13\xe0w\xb4\x177\x01\x99\xbd\x10\x10\x02B@\
\x08\x9c\x0d\x02\x18&\x11\xac\xe5\xd4\xdeX\xcf\xcd\xbf#\
:\xb4\xee\x92p$\xe1CT\xe8\xba\x9d\x8f\xac\xf2\xa0\
\xfc\xa4\x15\x87]C\xe4\x9bo\x12\xa3HH\xe9\xde\xb0\
s\xc8m\xd88\xceu\x11I\xea[\xec\x87\xf3\xd88\
\xbfk\xc7\xf7\xeb\x09\x7fT\xb8\xbc\x1e\xf7GY\xde\x89\
\x88\xd0-\xe3\xb0k^\xe1\xb2\x0b\xe7\x93\xf2Cu\xd9\
\xc7N\x01\xff5Y\xceGD\xe0q\x95aa$\x94\
4\x93\x1bF\xb6\x15\xc6\x0f\xbc\xa3\x5c\xad\xbf\x8eY\x00\
\x00O\x0e\xce\xd5a\x9a\xfeE%\xea\xd8\x11\x11O\xcf\
\x0dD\xa4y\x19\x18\x1f\x1a\xca\xe4s\xd3\x7f\xa0\xa3\xd1\
\x1d\xb0v\x0f\xac\x02l)O\x1c\xfe\x8dX\xff@B\
\x91\x10\xc8SU\x8a\xde.\xb1\xb2\xca\x092^o\x0a\
\x96N\xc4\xe3\x99v\xf6\x07\xd7C^\x05$\xf5:\x1a\
\xe5\xd8R\x1b\x89\x5c@\x04\x90^\xbbx\x01\xf9\xfb\xe8\
\xaeJ\xa9\x10\x10\x02B@\x08\x08\x01! \x04\x80\xde\
\xdd\x0a\x05! \x04\x84\x80\x10\x10\x02+K \xd0w\
\xe5H\xbdP|\x97]\xc9\xbf4\xde;\xd0\xe33\x03\
\xa8\x94A\x22\x9a\x064\x14\x19@\xe7+\xb8X4Q\
\x00\xc0F2\x1bi&\x94\xe8\x9c,\xbe\x90!\x22\x89\
QT\x8e$\x22\x82\x03\xedv\x1b<!\x8f\xea\x22\x80\
Wf\x18\x06\xb0Q\xd2;\x11\x91\xfa7(\xae\xc0e\
%p\xf1).\xe0\x90r\xf94\x94\x0f\x5c\x07\xc0\xb6\
m\xcf\xf8\x09?\xdbv\xa9>\xf9\xb8(\xfepS\x00\
$\xbfa\xd9\xc1}\xab\xa3O2\x92p\x09d\xca\xa4\
zH1\xdb\x01\xd7\xd5@\xfdcj\xe3\xd6T#\xbf\
\xf0Jh\xdaoI\x8c<i\xc3\xb2N\xceI\x14i\
\x1e,HiMs\x22&\xcb\x07E\xf2\xf9\x84\xa6\xc1\
\x9b\x1b(\x0dH\x08]\xfe\x83\x22\xc4\xda\xf2\x05\x15u\
\xb7\xadZ\xa9\xfc&?=\x07k\xf1H\x5c\x15\xcf\xe7\
\x8b\xbf\x05\xa1\xe86\xcb\x0a(D\xa4\xb5\xd7\x9e\xd1\x8a\
w\xb807\xd4K\xb3\xe7\x18\x1b\xd0\xfe\xf4\x8c\xca\xbb\
\x85\xfc=\x8cl\xdd\xb4\x84\xe7\x87\x802Lo\x89\xba\
\xa3#\xd2\x0b\xb5\x9bxD\xc8U\xd9\x1eQ \x19B\
@\x08\x08\x01! \x04\x84\x80\x10X3\x04\xd4\x9a\x99\
\x89LD\x08\x08\x81G\x12\x90\x1c!p\xee\x09`h\
\xdd\xd5\x83\xadz\xe3&\xb7Q{Ibp}\x8f\xcf\
\x1f\x22\x11\xc9D\x16\xa5(\x02,\xdaq\xd8u\x8d\xf3\
\xbb\xf1\xa3aG\x80\xe9\xa6\x11\x11\xb8\x0d\x9bi\x9a^\
\x9c\xfb!\xe9M;vK\xb7[\x0d\xdd\xa8W\xdcf\
\xa3\xeaT\xcbE\xbb\x5cZh\x97\x8b\x8bV\xc8\xb6+\
\xb5|\xbbV+\xda\xadf\xcdi\xb7\xea\x8e\xeb\xb4\x5c\
n\xa7\xc8+\x12\xb84\xf7\xc9\xc6}\xf2\x18\x0e\x09`\
@\x07bG4@\xec\x84\x94u\xc2\x13qy\xb9\x22\
\xf1\x08A\x99&\x9a>\xbf\xea\xdb\xb4%]\xcd\xcf\xbf\
\xaa]\xaf\xbd>\xbd\xee)\x83\x00\xb0\xbc2\x9c\xcdC\
\xbb\x9d\xcf\xa9\x22\x9ehH\x16<\xd8N\xee\x81&\x11\
\x90y \x1a\xe0h\x17\xe3\x89\xb4Y\x9a\xdc\xff\x9c\x85\
V\xf9jj\xb5\xd6\xdeC\xd0\x92\xe9\xab\xa1:\xfd\xdc\
D:\x1dB\x83\xd4]\x9e\xa4R\x80\xd8\xe1\x87\x88^\
\x9c\xb9P\xd1\xd1\x93\x85\xc0\xa3\xa9\xa31\x12\x9f\xdd.\
\xe2\xbb2\xdd\xd8\xd1r\x89\x9d3\x02\x8aFBD\xba\
vN}4\xda\xc9\x90\xab\x10\x10\x02B@\x08\x08\x01\
! \x04.t\x02\xa7\xe1?\xbf7:\x8d\xeaRU\
\x08\x08\x01! \x04\x84\xc0\xc9\x09\xa47<\xad_\xb7\
\xdd7\xb9\xd5\xf2\xaf'3\x83a\xd3\xb0\xbc[n\xd7\
\xe5\xefZ[lG\xeaH\xe7\xc1*\x16\xfc\x5c\x12W\
8t\xa8p\xf9\xaf$\x04\x05\xd4\x94\xeaj\xd7\x05R\
\xd7\x00\x11\x81\x05;\x16\xa7\x80r\x9av\xd3m4\x1a\
N!\xbfP\xcfM\x1c\xc9\x16\xc7\x1f\x1e/M\xec~\
\xb8:\xbbwWm\xf6\xd0\xf7ks\x87\xbfS\x9f?\
\xf2?\xcd\x85\xb1\xef\xd4\xa7\x0e\xff\xa0:\xb5wWq\
\xfc\xc1\x07\xf3c\x0f\x1e\xce\x1e\xde7\xb307U\xaa\
\x96\x0bm\xc7\xb15\x92(\xe8h\x0a\x0d\xea\x99NO\
\x14\x04J\xb8\xe4\x03y\x02\x9eQ\xc1\xa3\x9d\xe4+\xb0\
\x81Kb%\x80kk\xba\x90\xa1\x89=\x83\xebB\xd5\
\x85\xb9\x17\x97\x9b\xe57\x84\xd2W\x0f<Z7+\x5c\
Fs\xc3\x93t\xc9\xf9l\xc7\x17\x93\xcf\xa4!\xf2\x1a\
yF\x17\x97\xd6\x8f\x050C\xf9\xc0\x9f\xee\xdfd\xb7\
[\xaf\x0egv\xf4\x1e\xdf\xf2BNG\xfa\xaeL\xdb\
\x95\xc2\xcb \x9c\x1eQ\xca\xc4\xce\xb6C\xdaw\x1a\x94\
v\xbd\xa9!\xa2\x17\xf2\x85\x84d@Zk\xcf\x08\x19\
a\x02\xcf\x16\xebh\xaf*_\xd8\x08(7\x12;/\
\x04\x5c\xc7^\x92k\x11\xbd\xf5x\x14?\xb8\x9c\xedQ\
\xaaH\x91\x10\x10\x02B`\x95\x11\x10w\x84\x80\x10\x10\
\x02\xa7K@\x9dn\x03\xa9/\x04\x84\x80\x10\x10\x02B\
\xe0D\x042\x99\x1d\x91J\xa3\xf8\xb2\xfa\xfc\xcc\xcbR\
C\xeb\x93\x86\xcf\xa2\xdf1\x9d;o\x16\xf0\x5cRW\
XPB\x5c~\xa3\x8d\x80\xc8F\xc2\x9b\xd7\xa9ZL\
#8\x8bO\xe7q[6\x12\xda\xb4\xddj\xb9\x95R\
\xae57v(W\x1c}pOyr\xcf\xb7I\x0d\
\xfc#p\xd5\x07\xc1\xdf\xf3\x07\x10L\xbf\x02\x22\x03\xbf\
\x0b\xfe\xcc+ \xd0\xf7J\x88\xf7\xbe\xcaO\x06\xd1\xd4\
+\xadH\xff\xcb!\xd4\xf7\x0a*{\x0d\x04\xc2\xef\x84\
z\xeb\xd3\xd5\xd9\xc9\xbf\xcd\x8d\xde\xfb\xa3\x99}\xf7\x8c\
-\xccMW\xdb\xcd\xba\xad\xdd\xb6&\xa1\x87\x5c\xd5\xd0\
\xf5\xd9s\xed1.\x88\xe8\xd5@D\xd2.5\xb0\xcf\
\x88\x86\xd7\x07\x8b\xa2\xe9\x0d\x9b\x92\xcd\xdc\xec\xab\xcc\xa0\
\xfa\x9d\xf4\xf6\xa7D\xbd\xcag\xf9B\x1e!\x1dg<\
\x0as\xe0~\x94i`\x22\xd9o\xb5\xeb\xb5\xe7D\x92\
=7P\xc7\x8a\xec\xc2?w\xec\xb0|\x81\xd83\xa1\
Q{f\xaa'\x1d 1\x18]\xad\x81\xe7\xdc5\x9e\
$m\x0a\x0e\xbc|/\xe2]4]\xd9(Xv\x22\
\x89\xc9\xdc\x16\xbc\x83eB/\x22\x97\xf3E@\xbb\xa8\
i\xb7\xf2\x1a\xb2\x9d/7Vx\x5c\xe9N\x08\x08\x01\
! \x04\x84\x80\x10\x10\x02\x8f\x8b\x00\xbd-z\x5c\xed\
\xa4\x91\x10\x10\x02B@\x08\x08\x81\xa3\x04\xf8/\xb0\xfa\
#\xcfm\xccN\xbc\x22\xdc\x93I\x18\x06\x7f\xc4\x12=\
!\xech\xa5\xe3bJ\x812\x0d\x12\xceH\xb2Z,\
B\xd2L\xb4\xe6v\x94\xa1(\x9f\x8cd\x16\xed\xba\xb6\
\xaeW\xcb\xad\xec\xe8\xfe\xe9\xea\xec\x91\xbb\xa8\xf4\x93\x81\
\x9e\x0d\xaf'\xb1\xef\xb5\x10\xb7n&1\xf0\xcb\xd0\xdc\
\xf0\xcfP\x1f\xfd!T\x0e\xec\x86\xe6\xa1\xfd\xd0\xd8\x7f\
\x08\x8a\xfb\x0f5\x8b\x07\x0eB\xf9\xf0\xdeV\xe5\xe0C\
P;\xf4\x13h\x1e\xfe/h\x84\xfe\x02zb\x1f\x83\
p\xe4M\xbe\xd0\xe0k \x9c|\xb7.\xe5\xbf\x9e?\
\xf2\xd0}\xb9\x85\xf9b\xb3\xd9$-\xc8\xd1j\xf1\xb7\
dG<P$\x02\x91\xbf\xa0\x80\xa4> 7=\x03\
 \x0f=#\xaf\xe8\xe4\xba,\x02it\xc1\x05\x07\xb4\
C\xa1K-\xd0\xc4\xf8\xe0\xbaHi\xe2\xc8\xcbu\xcb\
\xfd\x95\xc7\xff\xbd{4\xc8i\x9c]\x7f\xbaM\x10\x0d\
\x8a*\xb2\x93\x9dH\x05l\x14\xd0\xc9\xf3\xe4u\xf2\xe6\
DSu)/\x9aL'g''\x7f\xabo\xf3\x93\
\xd3\x94\xbc\xe0\xcfd#\xd9\x9f\x9f\x9exI\xa8w\xb0\
\xd70\x14\xd2~\x03\xda\x85\xb0\xb4\x1fQQ\x1c=\xeb\
N\x96\xb9t\xe2\x08\xeah\x02\xba\x07s\xef\xc6\x89\x19\
\x91\xeb\xa6$</\x044`w\x5c\xde\xcb\xdd\xf8#\
BO1T\x8f\xc8\xe6\x1fM\x8f\xc8\x94\x0c! \x04\
\x84\x80\x10\x10\x02B@\x08\x5c\xa0\x04\x1e\xf9n\xe7\x02\
\x9d\x88\xb8-\x04\xd6<\x01\x99\xa0\x10X\xbd\x04T\xd4\
\xa9>\xb145\xfav\x7f:\xb3\xce\x1f\x08\xf1M7\
\xb2\x18\xb2\xfc\xa6[\x91\xb2\xc6\xc6\xf9\xc7[\xa7\x9eK\
\xc2\xa0\xf6f\xc9\xf5\xf8\xe6\xdb\xb5m]*-\xb4\xe6\
\x0f\xee\x1d\xad\xcc\xcc\xfc-D\x124\xc6\xba?\x80X\
\xe0\xb3\x8d\x85\x07\xfe\x1bX\xe8+\x8e\xe5\x01F\x1b\x00\
w\xf1g\x91\xb9\x036\xaf\x9f\xe3.\x9c\xcf\xe6\x00\xec\
n\xc1\xfc\xee\x0aTGg\xda\xb5\x03\xf7B5\xf8\xd7\
\x10Yw\xb3\xd9;\xf2\x07n\xdb\xb9=\x7f\xe4\x81\xef\
\xcfO\x8e\x15\xecv\xc3\x06\xc7&Q\x90\x04@\xad\xc1\
qI\xd6\xa1N;\xfeR\xe4\x04\xe7\xf1e\xfcT\x1d\
W\xd3\x88\xe0\xb7B*>44\xbc01\xfa\xb6v\
\xc8|2\xe53+\x0a\xce\xceI\x9d\xf3|\x97:G\
D\x8f1\x22\x95,\xe5>v\x84\xd7c\xa9\x96V\xe8\
\x0fF\x144k\xd7\xb7\x5c|\xc1\xe0\xe0\xce\xd0R\xd9\
\x05\x18aQ\xd6i\xd9\xbf\x02\xad\xdaU\x81PX\xf1\
w\x05\xf2\xfe\x5c>gN/\x9f\x1a\xe2\xb1\xfc\x10\x8f\
Ms]D\x04\xfd\xc8l.\x12;O\x04x\x1d\xd9\
\xce\xd3\xf02\xac\x10\x10\x02B@\x08\x08\x01! \x04\
N\x9d\xc0Y\xae\xa9\xcer\xff\xd2\xbd\x10\x10\x02B@\
\x08\xacq\x02\xe9\x0d;\xfb\x10\xf15\xc1T\xcf\xf6d\
O\x9fR\xa6\x85\x1a\x15\xb0\x98B\xf9\xb0\xdc\x18\x05z\
\x02\x89\x06\x05\xe8}\xc7\x1ai\x84\x94\xed\x82\xa3]O\
<A$\x11E;\xd0n\xb7\xf4\xc2\xdcd\xa95?\
\xfa\xdf\x10\x8e\xbe\x07\x92\xc9w@\xc9\xf8\xebf\xf6\xfe\
\xbd\x90\xdd[\x06\x00\x12\xf5\xe8z\xe6'\x09f$\x0e\
V\xee\x99\xb7\xe7\x1e\xfc\x01DC\x9f\xf0\xa57\xbc\x09\
\xec\xf6\xd7rG\xf6\xec\xaf\xd7*-\xdbn\xbb\x00t\
\x22\xf9H\xc3j\xd7^\xf2\x1fh\x1el,\xfc\xb0\x01\
\x1d\x88H\xd5\xb57?\xfe\x9eCD\x04~B\x90\xf4\
D\xf0\x07\xe2*\x10\x8bo\x9f\x9b\x9dyMf\xe4\x9a\
>\xaa~VOD\xf2eq\x04D\x8e\xd3<x.\
\x8by\x8f\x15\xa0\x06o\x1e\x06\xd2\x8aQ\x9c&\xe2\x09\
\x8a\xc9\x81\xa1T~n\xfaU\xb6?\xb1\x05.\xe0\xa3\
\xa0\xdc\x8d\xa5\xd9\xc9\x97\x043})D\x85\x9a\x16Q\
)\x13\x10\x99\x15P\xa8=\x83\xc5\x03\x91\xd6RS\x9e\
\x06\xca\xef\xd4q\x80\x12p\xf4@\xec\xd4Y\x96sl\
\x85\xa3\x05\x12;g\x04\xe8\xa7\x12\xad\xeb\xe9\x0e\xc7\xe2\
!\xdb\xe9\xb6\x93\xfaB@\x08\x08\x81\xc7K@\xda\x09\
\x01! \x04\xce\x05\x01u.\x06\x911\x84\x80\x10\x10\
\x02B`m\x12X\xbf\xfe\xa9I\xc3\x17yY)\x9b\
}V2\x95\xf1!\x18h\x18&t\x0f\xc4\x8eX\xd2\
M/\x0f\xbb7\xd8\xaeKm'\xecD\x00\x00\x10\x00\
IDAT\x02\x1b\x89+,\x9aq\xb9\xdd\xaa\xebR\
!\xd7(\x8e\xef~\x00\xd0\xff\x89H\xff%7A\xc6\
\xfe[\xc8\xef\x1e\xf3\x9e\xe8\xe3Jg\xcf4\xcc\xde_\
mg\x1f\xbc;\xda\xdb\x7f\xab\xbfo\xe4\xad\x95\xb9C\
\xdf\x5c8\xbcg\xa6\xd5\xa8:\xe0\xba\x1a\xf8$\x9f]\
2D\xf4\x04!\xd2\x8f\x8e\xf1\x88\xcb\x8e\xc9\xa0\x04\xe7\
!\x22(\xc5\xdf\xbb\x97V\xba^\xf9\x99j\xbd\xf1\xda\
\xd8\xf0\x8e\x14\x9c\xad\xe3\xb8\xdf\xf2]\xe6\x8fg8E\
r\x16\x1b\x22\x82a\x98hZ\xfc\x04\xa8\xbb\xb9\x5c\xc9\
\xfe\xd6\x05\xfbt`\xdf\x95\xe1Z\xa9\xf8k\xe03\xb6\
\x05B\x11Cy\x1f[\xd7\xde\x9a\xc2\x19\x1c\xcc\x19\x91\
\xf6\x86>\x83N\xa4\xe9\x8a\x13\xd0\xf4\x9f\x0c\xa7\xdb)\
\x22\xad#\x19\xa9\xfb\xa7\xdb\xf4t\xebK}! \x04\
\x84\x80\x10\x10\x02B@\x08\x9c3\x02\xc7\xdd&\x9c\xb3\
qe ! \x04\x84\x80\x10\xb8\xf0\x09\xa8v\xd0\xbc\
nnz\xec\x95\x89\xde\x81T\xb3\xdd\xd1\xca\xf8\x0f\x7f\
 \xe2\xa3\xcc\x0eIlQ\xa04\xff\x0aR\x147@\
\x19>\xefi3\xed8:\x97\x9b\xad7\x17&\xfe\xd7\
Hnx7\x04\x8d\xdb+3?~\x08F\xf9c\xc0\
\x8f\xd2\xe5\xca\x17\xb9\xe5\xa9]\xd9\xe6\xec\xb6\x7f\x09\xa6\
F\xde\x0cV\xf8K\xc5\xc9Ccv\xab\xe9(\xd0\xa0\
\x14]=\x05P\x916\x88\xa0]\xf4<\xe0\xa7\xe8\xba\
B\x10(\x04\x929\xbd|\xbe\x18\x86\x01\x5c\xc6\xa2\xa0\
\xed\x02\xa4\x866\xc4k\xc5\x85\x97\x1b\xbe\xd8S\xb8\xfc\
l\x98f'\x1eg\xc7,\xfc\xb1u\x9b\xf3\x14\xd9\xba\
iGk$\x018P\xcf\xce\xfcZI\xe1\xb5\x94\xaf\
\xc8.\xa4\x13C\x86\xb5\xcd-\xe4\x9e\x1f\xef\xe9\x0f\x91\
\xc0\x09\xaeC\x92\x8f\xd6\xb4\xc2\xa76\x0d^\xcf\xe3k\
\xf2\xb6`\xa3\xc5^V\xe4t6\xc8\xb2\x9cU\x14e\
\xdf\x0c\x80\x9d>\x80\x91\x00\xc0p\x102;\x22\x90\xde\
\x1e\x85\xd4\x96\x98g\x9c\x86+\xc3\x9d\xf2-\xfeN]\
\xe0\xf5\xe6\xb6\xabh*\xa7\xea\x8a{\xd2\x8a\xfc\xaae\
[^\xa1\xb3\xce\xfc\xea^\x9e+\xf13$@\xfb\xe7\
\x06\x13\x80\xf7\xd3\xb2=\xc7\xfbni\xbfQ\xbeW\xce\
{\x13\x8c3\x1c\xef\x22k~#\xf1\x22\xbe[\x88\xef\
\xc8\x0d\x01`\xdb\xb1\xc3\x22\x08\xc4\x9d\xaer\x0a\x01!\
 \x04\x84\xc0EO@~!\x5c\xf4[@\x00\x9c\x17\
\x022\xa8\x10X\x03\x04\x92\x83;\x87\xe7\xe7&\x7f\xcf\
\xf4Y\x83>\x7f\x90f\x84\xd8\x15\x02\x11\x8fj\x04\x9d\
\x1bi \xd1\xefh\x1e\xd0\xc1\xc2\x12\x0bc\x14\x05\xed\
\xba\xd0n6\xdd\x85#\x07\xe7\xa1f\xffIb\xf0\xd2\
\xb79\xf1\xf4\x7fz\xdf\xeb\xc7\x15\xce\x9b\xdd\xe9\xd4s\
\xf7OD\xd3=\x9f\x0f\xa6\xd7\xbd\xb30\xb1\xfb{\x85\
\xc2B\xc3@\xd0\xa4\x07\x02\xfbo\xdbvgnn\xe7\
10\xc4\xa3\xf3D\xa4\x8a,.\x91\xf1\x14\x10\xd1k\
\x83\xa8P\x19\x16\x06\xa3\xc9taa\xe1\xe5\xa9\xcdO\
_\xc7\xe5\x17\x8a\xf1\x9a\xb2 \x0a\xca\x84P:\xbd\xbe\
^,\xbf.\xb9i\xe7\xf0\x85\xe2?\xfb\x19\xddvC\
\x0f\xd8\xedWB(\xba\xc94}\x08h \x1d\xe0\xcd\
\x8b+\x9c\xa1q_\xcc\x89C\x00\xa3\xb39\xce\xb0\xcf\
3l\x8e\x9e\x88\xc7BK\xf8\xf2>\x7f\xf4\x92m\xbe\
\xd8\x8e\xeb v\xe9\xcfC`\xcbK\xc0Zx\x13\x98\
\xce\xbb\x00\xf4\xad0\x9f\xfb(d\xb3\x9f\x82\x5c\xf6\xd3\
\x90\x9b\xfb4\xccO}\x1a`\xe2\x93\x00\x8d\x8f\x82j\
\xdc\x02V\xfe&\x88^\xfa2#y\xf9\xcf\xfbRW\
>\xc9\x9f~\xc2\xb6pfG\xbf'\x22\x02\x8b\x10g\
\xe8\xe9YjN\x00\x00\xf0\xf4\x97B\xa1\xd7\x12\xce\xcf\
A\x82Nrg<\xdc{y_\xb0\xe7\x09C\xc1\xd4\
\xe5\xeb\xd8\x02\xc9\x9d\xeb=K\x5c\xbd!0@\xd6\x7f\
\xd5H\x80\xad\xef\xca\x8d\x81\xde'n\xf2g~j\x8b\
?}\xed6\xcf2Wm\x0d$\xae\x1a\x81\xf4\xa5\x03\
p~\xbe\xe3S\xc1\x08\x09\xcd\xd1Kz\xfc\xf1\xcb7\
\xf3\xbe3\xa2\x97\xfc\x02D\xa7i\xdf\xb5\xdfB\xff3\
\xf4\x01\x98\xcf~\xcc\xdbs\xd9\xf9\xcf\xc0\xfc\x0c\xed\xb7\
\xb1O\x014?\x0eP\xb9\x15\xccy\xdao[^b\
\xa6v<\xdb\x97\xbe\xf2\xa7\x02\xf1+7B\xff\xd5\x19\
\x18\xbe\x9e\x7f\xf1\xac\xc2{\x99\x1d$\xba\x8d$\x00\xb6\
d D\xcc=\xdb>\x08\xa1\xe3\x8c\xd6\x13R\x97\xaf\
\x0b$w\xac\xe7\x10\xc2;\xfa;\xaf!8\xdd\x0d\xa7\
\x80XD\x88Itp\xe7%\x91\xfe\xabn\x08\xf4\xec\
\xfb-\xabg\xfeM\xc1R\xe8\x03\xa1Z\xfe\xe3\xfe\xea\
\xec'\xe0p\xf5C\x81\xcc\x95\xfc\x9fO\xab\x90\x19\xc8\
!\x04\x84\x80\x10X\xdb\x04V\xe1\xec\xe4\x97\xc1*\x5c\
\x14qI\x08\x08\x01!\xb0\xda\x09x\x1f\x0b\xb5\xac\xe7\
\xd8\x8d\xe6S\x03\xc1\x90\xa94\xa2\x89\xf4+\xc5q\x01\
\x11\x81E\x90\xee\x1c\x10;\xf75\xfc\x94\x9c\xeeD\xbd\
\x22\xfe\xc8\x9ea \x89c6E[\xba0vh\x1e\
\xac\xe0W\x82\x83\xa9\x0f\x16\xa6~p/\x8c\xde\xd5\xf0\
*\xae\x82\x0b?%X\xcf\xfa\xfe\xd6L\xac\xbf\xb9\x95\
\x9b\xfa~.7\xdf\x00\xd7!U\xc1\xd5>\xd3\x04\x9e\
\x16\xcf\x8f\xedxw\x11\x11<6K\x05\xc4\x89\xe2\xcc\
(\x14\x8d\x19\xbaY\xbf\x81r^\xd0\xd7\xf7sa\xca\
^\xe1s9\xf1\xd3\xeb\xda\x13kyb'h\x86H\
\xebf;\x80\xa80\x9eH\x9bN\xa3\xfa3\xe8\xfa\x7f\
\x96\xaa\xd2T\xe8\xba\xfaO\x0c\xba\xea\xa7j\xe5\xc2s\
#\xb18qW\xc0\x824\x1b\xcd\x0c\xd8\x1ek\x0aL\
\x96\xedD\xf5xmis@WX\xa4\xdeOB\xf2\
D\xadW:o\xa7\x0f\x92\x9b\xe2\x10\xdf\xba\x11\xc2\xa5\
g@\xa1\xf6\xbbP\x9d{\x7f\xb3<}G\xbb4\xf5\
\x15(\xcd\x7f\x1e\x1a\xb5\xdb\xc0\xd5\xef\x04\xcbz\x83\x11\
\x8f\xbc\xda\x97L\xbd\xcc\xea\xe9\xffm+5\xf4[V\
j\xddo\xf9{\x86_h\xf5\x0c\xbc\xc4L$_\xa9\
B\xa1?\x00p\xde\x09\xd5\xca\xc7\x9c|\xf6\xcb\xed\xdc\
\xf4\xff\xd7\xccN}\xb9\x9a\xab|\x18\x1a\xee\xab\xcc\xc4\
\xc3O\x83\xbe+{a\x84\xc4\x1f \x94\xb0:\x0e\x17\
\x8e\xfa\xc2\xeb\x03\x8b\x07k\x83l\x8bI\x0ax\x0b\xb3\
Q\x94NDo\xe9x9\xd9(\xe7\x5c\x9e$*%\
\xe6\xae\x80\xfc\xe17W\xe7\xf2\x1f\xa9WK\x9f\xa8W\
\x1b\xb7\xd7\xab\xb5O7\xaa\xb9\xcf6j\xb9\xcf5\xea\
\x85;\x1ay\xb2\xc2\xa2\x15\xcb\x9fo\x94\xf2w4\xcb\
\xe5;\x9a\x15\x0e\x17\xeehf\xe7>\xd3(\x90\xc0\x96\
=\xf81\x98\x9ax\x12\xcd\xc0 ;\x07'\xed\xbd\xf8\
\xfa$D\xb7m\x83Y\xe3\x97\xa1\x5c\xba\xa9Y\x9c\xb8\
\xbd]\x1a\xfb\x92S\x9e\xfa\x1c\xa5?\x02Z\xbf\x15\x02\
\xd6k \x1a}\xa9\x99\xe8}\xa1\x99\xe8\xfb-_\xb2\
\xff\x85Vb\xf0\xc5f\x22\xfdr\x8c\xc5^\x0b\x06\xbc\
\x8b\xf6\xdb\xc7\xed\xdc\xfc\x97\xdb\xd9\xc9?n\x14g\xbe\
\x00\xf9\xdc\xfb\xa0\x98\xfbMH^r\x19\x90X\x0a@\
\xa2\xe99\x98\xd1)\x0ca\x02\xcc_\x070\xf6\x16\x80\
\x85[\xa16\xffQ\xa8e?\x09\xb5\x02Y\xf1v\xa8\
\x15),\x7f\x02j\x95O\xd0\x1c>\x01\x85\xe2\xc7\x1b\
\xc5\xca\xc7\xa1P\xb8\x0d\xaac\xb7\xc0|\xfeY\x00\x83\
,r\x9e\xc2P;\xac\xe8\xd0\xb5=\xbe\xf4\xa5WA\
q\xe1\xb7+\x0b\xb9\xf7\x95\xa7&\xbfT\x99\x9f\xfb\xa3\
F\xad\xf4\x19\xed\xda\xb7h\xdby\x83v\xdb\xaf&\xce\
\xaf\x80F\xe5e\xadV\xf3z\xd8\xb1\x83|<\x85\xee\
\xa5\xca\x8a\x10\x90N\x84\x80\x10\x10\x02\xab\x95\x80Z\xad\
\x8e\x89_B@\x08\x08\x01!\xb0z\x09\xe8`\xec\xd2\
z\xb5\xfc\xd2t\xdf@\xdc\xef\x0f\x02\x22z\xcev\xc5\
\x0f/\xb1\xec\xa2u\xe7>\x1a\xb1S\x8f\xd3\xca4\xc0\
v\x1d\xd0\x8e\xad\xe7\x0f\xef\x9d\x06+\xf0\xf9`8\xf6\
\x85\xfa\xc4}S\xd4\xb4\xd3\x80\x22\xab\xe7\xdc\xd5\xb6\x07\
\xf1\xffbC\x97\xbc\xab\x95\x9b\xff\xb7\xb9\xe9\x89\x9a\x02\
M\xf7X\x0e8\x0e\xcd\x83\xe6\x88\xd8\x99_\xd7\xe7\xae\
\xc8\xe0\xban7\x8b\xea\xf3\xd4\x14(\xa0\xbaZa2\
=\x10\xc9N\x1ey\xa9\x1d\xaa_\xb6Ti\x85\x22<\
\xd2\x0au\xb5\xd4\x0d\x22\x02\x22zi^o\x92D1\
\xd6\xd3\x1b\xcbM\x8c\xbd8\xb3\xe9\xe9\x9b\xbd\x82U~\
IoxZ\x7fvn\xfaw\xa2\xc9D&\x18\x08\x81\
\xcf\xe7[\x9a\xd3J\xba\xce\xfb\x9c\x16\x1c\x8e\xae\xfeJ\
\xf6\xfeh}\x91\x08\x13\xbd\xa4\xc7\x97\xd8q5DK\
/\x84<\x09u\xc5\x89\xafBu\xe2s\xd0n\xbc\x03\
\x22\xf1\xdf\x0c\xf5oyZj\xe3\xe5\x97\xf6n\xb9r\
(\xb3yk\xaawdS\xb4wp}\xb8'3\x18\
H\xf6\xf4\xf9c\x89\x8c\x15M\xa4}\xb1EK${\
\xadT\xba\xdfJ\xf7\x0f\x052\xeb6\x86\xfb7nI\
\xf4m\xbad\xa0g\xd3\x8e\xad\x91\xc1\x91'c4\xf4\
\x02h\x94\xdef\x17\xc6\xbf\x00\xb3S\x7f\x0cs\xf8N\
\xb3\xe7\x8a\x9f\x85\xf4\xa5\x03\xabC\xa8y|\xaf\x06^\
C2\xde\xf0l\x8f\x06}y\xd9\x99\xc7\x07w\x86\x8c\
\x98~\x16\x14\x0e\xdd\x06\xcaz\x8d\x8a\x84\x7f\xdd\xf4\xfb\
\x7f\xd9\x17\xf0\xff\x82\x19\xf2\xff\xbc/\x1c~\xb6/\x14\
\xfe\x7fV$\xf2,\x7f8\xf4s\xfep\xf8Y\x01\x8a\
\x07\x22\xb1\x9f\x0dz\x16\xf9\xe9@,\xfa\x0c+\x1a{\
z0\xdd\xfb\x0c\x80\xeaN03s\x10O\x1c&\xe7\
\x1c\xb2\xb3u\x22?\xdd\xe6\x8f^\xb2\xcd\x88\x95\x9f\x0f\
\xc5\xfa\x07\xa1<\xf6e\xa8\xcf|\x98~\xe8\xbd\xcaL\
\x0e?3\xda\x7f\xc9e\xa9\xa1\xcb\x86\xfaF\xb6\xa4\x06\
\xd6m\x8c\xf4\xf6\x0d\x072\xbdC\xfeD:\xe3\xa3\xbd\
\xe7K\xa4z}\xf1\x9e^/\x9eJ\x0f\xf8\x93\x03\x1b\
B\xa9\x91-\x89\xc4\xc8\xd6\xa1\xc4\xfa\xad;B\xbd\x03\
?\x0d\x86~1\x94\xa7?\x00\xf9\xd1\xafBq\xf2S\
Fb\xfaEVj\xc7\x0e\x1e\x1b\x00\xce\xedZ\xc1\xf2\
\xa3\xcf\x0f\xd0\xb8\x16 \xf0B_r\x80\xc4\xf4\x81\xe7\
[\xa9\xfe\xe7Y\xa9\xde_\x0e\xa4{\x9f\x1bH\xf7Q\
\x98y\x9e\xbf\xa7\xe7y\xfed\x92\xed\x97\xcdd\xfc\xb9\
f\x22\xf9+\x00\xd6\xf3\x00j\xd7\x03`\x10N~ \
\xa4\xb6\xc4\xac\xbe+\xaePq\xe7w\xca\x93c\x9fk\
g\xc7\xbf\x02\xe5\xfc-f8\xf0\xe2\xe4\xba\x0d\xd7\xf7\
\x8fl]\x9f\x19\x5c\x17gv\xf1D\xc6\x0c\xc7zT\
,\xd9gB4\x1e\x0a\x85C\xe1\x93w-%B@\
\x08\x08\x01!p1\x11P\x17\xd3de\xaeB@\x08\
\x08\x01!p\xe6\x04\xd2\xdb\x9f\x12m6+/\xb2\xdb\
\xcd+\x02\x81\xb02\x0c\x03\xdb\xae\x0d\xfc$\x19\x18$\
\x8f\x91(v\xfc(\x88\xe8}:\x0f\xe9~\x1c\xbd\x8a\
\x0aX\x07\xa4_B:7=\x9e\x83X\xcfW#\xa9\
\x0d_\xa8/\xdc7Im\xa9\x16]W\xe3\xb9{w\
\xab4\xb9\xfe\xc7\x89\x0d[\xdf\x0f\x0d\xfb?\x8b\x85\x85\
\xba\x81\xe0}d\xd8@\xe5\xcdq\xc9\xed\xc5\x8f\x0ds\
\xda\x9b2EHT\x00\xa5\x00\x10;SD\x97n\xff\
\x02\x01E7\xc9[Z\xf5\xca\xafB\xe7i*\xb8\x10\
\x0eE\x13\xe9\x88\xa0\x08\x81HT\x81\xdfwm\xb1\x94\
\x7f\x11\xa4\xae\x8b\xadj\xff\x87\xaf\x0f\xd6\xea\xb5\xe7\xb9\
\xa5\x85g\xf8\xad\xb0I\xf3@^\x17\x00\x17\xd0\x00\xd2\
\xee\x90\xd6\x87\x22\x8f\x98\x04\xaf\x19[\xa7\x80\x97\x90\x8d\
\x9f\x0ed\xeb\xe4\x1e\xbd\x22\x22\xad5-6\x00-/\
]\xce\xc9\xb9\xc3\x82\xc8\x95\xbd\x10\xaf\xfe4\xd4\xaa\xef\
o\x17f\xff\x10\xaa\x95\x8f\xf8\x92\xa9\x97\xc6\x86v<\
5=\xf2\x84m\x99\x8d\x9b{\x93=\xe9H0\x18\xf4\
#\x80\xa9\xed\x96\xa1m[9N\x1b\x97\x9bvm\xda\
\xd9\x0e\xb3A\xd7u\xd1v\xdb\x9e\xd1\x9a{y\xb6v\
\x91$p4\x01\x8d@ \xe4\xcb\xa4\xfbB}#[\
\xd3\x03[\xaf\xdc\x9e\x18\x1e\xf9\x7f\xa6/\xf0f{a\
\xee\xcb\x90+\xdd\x06\xd1\xb9_\x80\xc8\xd5\x19\x80s\x88\
\x82\x06;\x95\x93\xd7\x8e\xeddu]\x97\xf6\x05\xbd`\
)<\xba\xf8'\xab\xbcb\xf9[\xfcf\xa3\xf14\xa7\
4\xf7N+\xb9\xe1\xe9\xa9\xe1\x91dO&\x13H\xa6\
z\xfc\xc9T*\x10O\xa4\xfc\x89T\xca\x8a'\x93V\
2\x9e\xb4\x12\xf1\x1e_,\xd1\xb1h<\xee\x0bE\xa3\
\xbep,fF\x22Q3\x91H\x98\xf5r\xb1\x0dV\
\xe2\xdb\xd4\xe0+P\xdc;\xb6bn\x1e\xdb\x11\x02\x09\
\x98\xfe\xcc\x8e\xcdPo\xbe\xacY\xce}\xd6)\x15>\
\xa6\x22\xf1\x97\xc6\x07v<\xb9g\xc3\xe5#\xe9\xf5#\
\x89d<\x11\x0c\x04\x02\xa6?\xe87@\xa1r\x16\xf7\
\x11\xbd\x06Q;.\xed5\x9b\xf6\x17\xef;\xc7\x8b\x83\
vP\xa1FE\xafJ\x9fa*\xcb\xf2\x1b\xa1H\xd4\
\xea\xe9[\x17I\x8e\x5c:\x90\x1e\xb9\xea\x89\x81T\xe6\
\xb7\x9dz\xf5\xa3\xf4\x9f4_\x80r\xf3\xf5V\xf2\xf2\
+\xa0\xef\xca\xf0\xb1\xee\x9d\xa3T*j\x80\x99J\x80\
\xaf'\x9e\xa2\xd7D,\x91\x08\xd0\x9a\x90\xb8\x9e\xf0G\
bq\xb2\x98\x9f\xd2\x81x2\xc1\xc6\xeb\xe8O%\xd3\
\xa4\x0b\xf6\xf8\x8dxo\x14\x02\xf1^\xe8\xeb1N\xec\
\xed\x16\x7f\xa0\xef\xca\x11h\x9b\xafl\xcd-|\xd9m\
7?\x18\x1d\xe8\xfb\xd5\xc1-W_5\xb8\x8dX\xa4\
\xfb\xc2V \xe8\xa3\xd7\xa6\xe1\xf1\xd4\x9a^\xa3\x0e\xf2\
AiP`(\x85\xa6\x82`\xf0\x1c\xee\xe5\x13\xcfD\
r\x85\x80\x10\x10\x02B\xe0\xfc\x13P\xe7\xdf\x05\xf1@\
\x08\x5c\xe0\x04\xc4}!pq\x11P\xa6V\x97\xe6\xa6\
\x8e<'\x95\xea\x0d\xf2Sat\xab\x0cJ\x19\x8fJ\
\x81nF\x96\xca\xe9F\x05\xbc\xb4v`~j\xa2\x02\
\xbe\xe8_%#\xe9?\xac\xcc\xfc\xef\xfcR\xa5U\x1d\
\xb9\xd3)\x1c\xf1?\xd03\xb2\xf1C\x8d\x5c\xf1\x7fr\
\xd9l\x9b\xdc\xd5<'\xbe\xe1b\xa3\xb47\xc7n\x9c\
\xd3\xc7\x1b\x92X\x88\xa6\x016\x85\x89\x9e^\xab\x9c\x9d\
~N\xb8\x9d\xb8\x84\xea!\xd9\x8a\x9c\xd4\x11\x9d+\xd2\
\xd5R'<'\xb6n\x06*z+\x81\x06\xf6\xf4\xf5\
\x07[\xd9\x99\x17D,\xf7\xean\xd9j\x0c\xc3\xda\xd9\
V\xcb\xcf\xbc<\xd8\xdb\x9fF\xc3D\xdbv\xbd';\
y\xfd\xba\xfe.\x9f_7\xeftC\xee\x83?6\xee\
\xae\xf8\x0a\x9c\xc8\x93\x1d\x16\x890[\x8c\xb8~\x11T\
&\xef\x80\xe2\xe8g\xc0\xa7^\x14\x1b\xdcxe\xcf\xc8\
\xe6L\x22\xd5\x1b q\xceh\xb6]\xac7[\xa85\
\x1c\xe3\x95\xa25\xe4\xf9/7\xce[n\x86a\xd0\xeb\
\x5c\x01\xd7\xe9z\xe0\xcd\x91\xc42N\xb7\x1d\x1b\x1a\xad\
\x16\xf5o\xa32\xfd*\x99\xee\x0b&7l\xde\xe0\x8b\
\xc7\x9f\x0f\xe5\xf1OBe\xfc\x93F\xf2\xf2\x9f\x8f\x0e\
\xeeLS\xfdc\xc6\xa7\xf498\xf5\xe3\x1a\x93\xe7\xeb\
\x12\xb0\x8e\x83\x97\xe9Nx6\xaf[\xfc\xfeT\xf8\x06\
;7\xfe._\xb2\xef\xeap$a!(t\x1d\xf2\
_#v~~*`\xf6@\x87\xd6\xa4\xd9\x92Q\xd4\
\xcb\xe3\xe5X\xf2\x99Vznr\xac\x0a\x8e\xfe'_\
,\xfd\xd9\xd6Bz?\xd5s\xc8V\xf8$\x9f\xd3W\
n\x83J\xe5\x95\xcd\xf9\xb1\xcfCe\xe1m\xbeT\xfa\
\xe9\xf1\xa1\x0d\x83=\xe9\xfe\xa0\x9f\xfe\xd3\x88\xf6\x04\xfd\
\xdf\x07\x22\xfb\xc7\xd6n\xb7\xbd\xd7\x1d\xcf\x87\x84V\xcf\
\xf7\xaeS\x9d\xb4KI\xbd\x94\xcf\xf3\xe5|\x12\xa3)\
\x0f\x00y?\x1a\x8c\xc6\x8f\xd1x\x8f\x99\x1e\xda\xd8\x13\
\xe8\x1f\xbc\x1e\xda\xb57\xb5\xf2\xa3_\x84r\xf5\x8dV\
\xdf\x15W\x00\x90@\x0e\xe7\xf8P\xca\x0f\xa0\x0c\x00\x04\
\x9e+\xd2\xcfG\x00@>(\x1f\x81\x0e\x9e\x9dgt\
\xf1\xe6\xa6\x89\x0dR\x1b4#\xe0\xda\x8a\xaa,?\x15\
\x7fg\xa4\xaf'\xf8\x9b\x8d\xd9\x09\x12<so\x8e\x0c\
\xf4\xedL\xf7\xafK\x06Bq_\x9b\xda6\xe9\xb5\xdd\
&1\xd5qx\x8b*P\xaa\xb3G\x98\x19\x8d\xcb\x83\
\x137\x8d@.-\xefX\xe2B@\x08\x08\x01!\xf0\
8\x08\xac\x91&\xc7\xff\xb2Y#\xd3\x92i\x08\x01!\
 \x04\x84\xc0\xd9 \x90\xdc\xb43Z\xad\xd7\x9e\x07\x01\
\xff:\x175\xddj\xf2\x8d\x07x7\x1e<\x1e\xdf\xd4\
\xd0\xed\x06e to@<A\x04\xf8\xa6\x0e\xe9f\
\x04\x17\xeb\xba\xbaQ/\xb5\xa1\xd1\xfc\xcfL\x7f\xef\xa7\
\xf3S\xdf\x1b\x87\x0b\xea\xb8\xcb^8l\xdc\x1d\xc8\xf4\
~\xb2U\x98\xdd\xdbn5\x1do\xbeF\xe7\x06\x8c\xa7\
\xc2\x1c<\xd3\x1dF\x9c\xb7\xdc\x96\x8bD\xca4P\x05\
\x03[}h\xfer&\xb3\xe3\xfc<\xd1\xb2\xdc\xb9e\
qoMO0\x07^W\xf2\x9b\xd6\xb43?\xc3\xf4\
\xa3\x91H\x8eTJs/\x86\xd8\x8e\xd4\xb2.VO\
t\xf8\xfa`$!1\x8b\x00\x00\x10\x00IDAT\
\xb3Z~\xbe\x0a\x04/\x0d\x06BF\xadV\x03\x87\xf6\
&\xaf\x9dw\xd3\xecM\x85\xee\xce\x81\xed\xa8\xdb\xcc\x00\
\x00\x01\xc8xMAq\x1c\xbc\x03\xa9\x0d\x9b\x97X\xbc\
p\x7fl\x8b\xc9\xe3z\xeb\xe6\xaeH\xe8\x89\x04F\xca\
\xf8\xe5\xe6|\xf63N1\xf7!3\xd1\xf3\xcb\xf1\xa1\
\xcb\xb6E{z#\xb6\xeb\x9a\xcdF\x03[\xad&\xbf\
V\xd1\xef\xf7\x03\x9b\xc9\xdfs\x89\x08\x88\xf4\x9a\xa4w\
\x82\xf4Z\xf6\x9cA\xec\xe4q\x82\xe7\xd91\x97\xfc'\
J\xdd=@u\xa8!\x80\xd2\x80\x06\x00\x9aHI\x0d\
\x06\x893\x88\xd4\x1f5B4\xa0I\xc2\xa0\xa6W{\
4\x9e\x0cE\x87.\xd9\xe8K\xf7\xfd\xba\x93\x9f\xf8t\
9\x9f\x7f\xb3?\xfd\x84\xad\x00;}pN\x8f\xe3W\
\xe9\xc4\x83k\xcaf\xa3\x00\x10\x91\x83E#P\x8b\xb1\
\xb3\x16\xec\xd8aE\x07R\xd76sso\xf7\xa5\x86\
\xaf\x8bF\xe2\x01\xa5\x14\xa2\x02O\x04d\xe1\x8c\xc7\xee\
\xecG\x8e\x01\xed_\x07\x5c\x92\xd94qg\xe3u!\
\xd3~\xcb\x84\x5cv\xb6\x01\x86\xf1/\xe1\xde\xde\xdb\xda\
\xd9\xf8\xbd\x00w\xd9\x9dV+vE\x16w\x83\xbd\xe1\
\x9fof\xe7o\x87J\xf1\x9d\xc1\xcc\x86\x9fN\xae\xdb\
:\x18\x8e\xc4\x02\xa0\x0cEb;\x92@\x85\xb6m\x83\
\xe7\xf7\xe2\x9e\xd1\x8a\xd8\x1a\x0a\x94R\xe4\xa2\x01\x88\xe8\
\x19{\xc6yT@iE\x81\x02\x03\xb8\x8c\xae\xc8\xc6\
q\x04\xed\xb8\x00\xf4\x1f)\x5c\x9f\xfa&\x11\xba\x81~\
_\xc0\x97\x1c\x1eI\xc6\x06\xb7]G\x85ok\xcdN\
~\x0a\x92\xee\xf3!\xba-M\xf5\x90\xec\xdc\x9c,R\
\x1a\x06M\xd7\x01\xa4\xc3\x1b\x94\xe6KKDQ\xf2\x9b\
\xae\xbc\x1b\xd9(\xcauh\x9e\x00\xa6\xa9\x10M\xd3\x0c\
s\xe6\x92\xddhD\xfa\x9fpi\xb5\x5c\x7fg{a\
\xf6}\xa1\xdeu?\x9b\x1e\xd9\xd2\x17\x0cF}$\x8c\
\xaaf\xb3Ml]\x1a\x05\xa9\x0fE}i\xcfhp\
\x0a\xd13\xa0\x83*\x00\x18\x8abr\x9e\x09\x01i+\
\x04\x84\x80\x10XK\x04\xe4\xb7\xc2ZZM\x99\x8b\x10\
\x10\x02B\xe0,\x13h\xb7q]yf\xfa\xd9\xa1x\
\xd2o\xd2\x0d\x8f\xa3\xf9\xc6F\x01?\xfd\xc07\x1f<\
<\x87\xcb\x8doB8M7.\x5c\x0c\x8e\xeb\xeaz\
\xa3\xa2+\xd3c\xfb\xfc\x99\xde/\xcc\x1f\xea;D\x05\
\x9a\xec\x02;\xef\xb2\xe3\xe8\xfc\xc0\xdf\xbb\xfe\x0b\x85\xc9\
#s\xcdfCw\xe7\xe82\x90G\x99\x0d\xf3`.\
\x5cE\x99t\x83\x0b\x06FcI\x7f\xb5Z\xfc%7\
\x1c\x1f\xe6\xfcsa\xec\xc7c\x8d\xc3~\xb2q\xbdn\
\xd8\x8d+\xba\x91\xe78\xf7\xc3\x16O\xa6,h4\x9e\
\x13\x89\x06\x9ey\xee\xc5\x1e\xf6\xe4\xd1\xecF#\xa6\xdd\
'\xd8\x85\xdc/\xc5\x92\x19\xbfi\xf9\xd14-0\x0c\
\xc3k\xd4\x9d[7\xf42\x17/\xc7\xe7i\xad\xbd\x9b\
\xec\xe3\xf3\x17\xabwD\x8fn\x82+\x9d\x8dw[\xe9\
\xed\xd1@\xfa\xf2\xa7W\xe7\xb2\x1fsr\xe3\x1f\xb3z\
2?\x13\x1bX\x9f\x8e\xc4zL+\x10F\x8b\xe6\x17\
\x0c\x86\x80\xc5?\xfeN\xc4\xe3\xe7\xd9u\x8f\xe7r\xb2\
x\xb7\x8c\xa7\xd0\xad\xb3\x14\xea\xce\xa4\xb8\x0e\x1b\xe7\xf3\
\x18\x96ey\xa2\x04\x87\xa6i\x12_\x1fXV\x90\xf7\
\xb7\x19[\x7f\xc9\x08\xb8\xcdW7\x17\xe6>\x1d\xea\xc7\
g\xc2\xc8\x0d\x01n\xb7Zmq^\xc7\xae\xe7Ys\
v\xa7/R\x8a=\xb9<=v\x8b\x91H\x5c\x1b\x8e\
\xc4}`(\xe0\x1f\xb1\xcc\x9fYr\xa8\xe85\xc7\xc6\
q6f\xce!\x1b\x15\xd1O\x12\x05\xbc23\xd3\xe3\
5\xb7\xed\xfcsO\xef\xc0\xc7\xab\x93\x1b\x1e\x5cy!\
\xf0\x06\xd3\xea\xb9b{ya\xe1-\xf5\xb9\x83\x1f2\
\xe2\xd1\x9f\x09\xf7\x0d\xa5\xc3\xa1\x84\xe1\xf3\x87\xd0\xe7\xeb\
\xec\x03\x9eC\xc77\x05]_\x19!\xe7q\xc8\xd6\xe5\
\xcc\xf1\xe5\xf9\x9c>\x99q\xbd\xae1\x0f\x8b\xf6\x9dI\
\xe6\xf7\x070\x10\x8ab\xef\xe0\xfap03\xfc4\xc8\
O~\x08Z\xed\xb7\x91h\xb9\x1d\xe0\x1c\xfc\x91\x11e\
h\x12c\x11\xe8\x1f\xfb\xd7\xf5\xbf;\xc7\xe5y\xcb\xcb\
\xb8\x5c\xdb\x0ehZp\xad\x83\xd8)\xdba\x05{\xf7\
_W\x99\x19\x7f?\xb8\xf6\x8b#\x83\xeb\x87\xad@\xc8\
@\xc3\xf2\xca\x0d\xfa\xd9\xe5\xb3,0\xe8uv\xa2~\
;}\x00\xf5\xa9\xbbQ\x09\x85\x80\x10\x10\x02B@\x08\
,\x11PK1\x89\x08\x01! \x04\x84\x80\x10xT\
\x027\x98\xedz\xed\xa9\xd0n\x8c\x18\x86\x0f5\x09\x22\
\xe0j\xd0\xe8\x02\xdd\xfc@\xf7f\x84\x9fv`\xe3\xae\
8\x8f\xe3\x0a\x10\xb8\x0e\x9b\xcfTP\x9e\x9b\xcfC8\
\xfd\xb5\xa6n\xfd\x00\xe0N\x87\xeb\xae.;5of\
g\xef\xafF\xfd\xa1o\x82i\xfdG\xa5\x98o\x12\x0f\
Ml\x00\xd1\x00\x8a\xd3M9\x023X\xde\x9b\xa6\x9b\
=\x00\xed\xe5s\x99\xa6\xd9#*0|A$\xbe\x9b\
\x0c\xd3\xba\x86\xea+\xb2\xb3z\xf2\xd8l<H7\xe4\
\xf8\xa3\x99\xa65g\xe3:\x0a\xd0\x9b\x9f\xa2\x05f\x03\
:\x0c\xe5\xc3Ho__\xb5\x5c\xfd\x9d\xbe\xed\xe1s\
&j\xd2\xd0\x8fyfF\xe63-\xbb\xf1\x0a\x08G\
\xb7\x92\x08\xa8X\xaf\xed\x0a,\x9a\x16\xe1\x91\x0c\x14\xf5\
\xb9\xdc(I'M\x17\xd8\x5cZ\xc3\xce\x93>\x94y\
\xdc\xa9\x8fK+Px\x5c\xd6\x19$o4\x82\x83\xd7\
\xacSm\xdf\xef7\xb2sw\x98\xf1\xf8\x8d}\x9b\xaf\
X\x9fH\xa6Is\x0b)\x83^\x9b]1\x1aiT\
D\x9e\x03EN0\xa2\xb7\x96\xac yFu\xc8M\
oN\x14\x22\x18\xc0\x06\xc7\x1dT\x8b\xf2\x173I\x10\
\xd4@\x82\x15\x193Q^\x89K\x85d\xfcs\x81\xcc\
\x1b\x83r\x0c4\xd12}*5\xb0!\xeeO%\x9f\
Y\x9b\xd9\xf7\x01(\xce\xfd\xea\xe2\x1f|\xa0\x1ag\xf7\
$\xbf\x8f_\x96\xc7\x1c\x10\x91ZQ-D\xa4\x19\xc2\
Y<v\xfa\xcc\x94\xfb\xc4\xca\xc4\xc1w\x9a\xc9\xe4\x93\
{\xd2\xbdA\xda\x9b<8jZ\x0b\x97\xb8\xb2\xe0\xc5\
\xc6<=\xa3Ro\xad<\xcfh\x0d\x885;\x88\x88\
\xba\x90\x9bo\xeaR\xf1\xdb\xa1P\xe8\xc3\x0b\x87z\xef\
^\xf1\x9f\xb1}W\x86\xa3\x83\xe5'\xb5r\xd9\x0f\x01\
\xb8\xafJ\xae\xbbl[*\x95\xf1GC\x11$9\x0b\
\xdbm\xba\xd2\xcf\x0a\x9a\x03?\xed\x06\xb4\x95\x80\xfcb\
\xf7Nh'*\xe3\xfd\xd4\xad\xec\x22\xc7\x5c\xba\xb0Q\
\xc0\xa7\xa2\x0b\x99\xa3m@\x03\xc0T\x06\x18\xbc\xd7\xf9\
\xe7\xa9\xab\x91\xfec\x06\x83\xe1\x88\xafg\xc3\x8e\x0d\x80\
\xce\xab\xcbS\x13\x9f\xf0\xf7\xe6\x7f\x06\xb6l\xf1S\xcb\
\xb3w\xa2\xa1\xbd%\x01\x9a\xb2\xa1\xc8s\x17\x88\x11\x80\
V\x1d\xa3\x14\x9f\x88T\xc4\x112D\x04\xc5\xafA\x00\
\xe2\xc5O\x14\xf2\xc7\x84w\xfa\x12#\xb1'\xd7\xf3\x85\
[\xcdD\xdf\xb3c\x99\xbe\xb8?\x184\x88)\xfd\xee\
%\xbe\xd4\x1c\x0d\x05t\x02\x02\x8fA\x8d\x97\x9f4t\
g\x7f\x00 Re\xd0` \xbd\x04\xf4\xa2w \x87\
\x10\x10\x02B@\x08\x5c\xec\x04\xd4\xc5\x0e@\xe6/\x04\
\x8e! \x09! \x04NN |\xa4\xc7i5~\
^E\x13\x11\x85&\xdd\x90\x00 \xa2g\xb0\xecP\x8b\
75\x9an\x069\x9bCD\xa4\x9b\x1c\x13\x9cv\x1b\
\xca\xa5|\x1b\x94\xf9\x1f\xe9T\xef\x9f\xc3\xfc\xee\x0a\xd7\
\xb9\x90-;>8\x9b\x1cZ\xf7U\xbb\xb8p\xd0\xb5\
\xdb\xde\xd3\x81\x88\xe8M\x89\xe7\xce\xe6%\x16/\x88G\
\xcb8\x0b\x11\x89\xa1\x01\x1a\x11\x0d\x7f8\xdc\xa8W\x9e\
\x99\xde\xfe\x940\x97\x9dM[\xee\xd7\xf28\xb9\xb14\
\xec\xf2x7\xb3\x9b\xc7!\xb7\xeb\x0aO\x5c\xceK\xee\
\x0fFQ\xd7\xca\xd7\xb4\x9b\xad\xe7\xc1\x8e\xf3\xf0}]\
\xec\xc8#\x0d\x1d\x84\xa76r\xd9_\x88\xa7\xd2A@\
\xf4n\xcc\x0d\xc3\xa0(\xc5\xa9>\xcf\x85\x82S:\x11\
;m\x8e\xaf\xac)\x1b\x91.\xcb\x0a\x14\xdd\x7f/K\
\x9ei\x14}={\x9fX\x9f\x1a\xfb\xa8[+\xbc>\
\xd4;\xb4=\x1e\xef\xf1+\xd3G\x83*2X\x9aO\
\xf7u\x08\xcb\x0eD\xaf\xcaR\x0e\x22z\xf5O4\xf7\
\x13\xe5AW\xd0\xe0p\xa9\x17\xf0\xfa\x80\xc5\x03\x11\x8f\
y\x12\x09\x11\x97\x84\x0eD\x03|>\x0b\xc3\xd1\x84\x11\
\xec\xdfx\x15\xe4\xc7\xde\x15\xc0\xc0\xf3`\x95>!\x88\
\x88\xc0\x07_I\x90Z\xd9\x95\xe4\x8e;\xa6R\x1b\xac\
k\xec\xfc\xfc\x07U$\xf1\x94D,ei\x8d|\x00\
]\xbc\x9f\x9b\x1cv\xd7c\xf9\xbar~\xf7\xf5\x87\xe4\
\x9d\xd6\xae.,\xcc6[\xf9\xd2\x7fG\x077\xdfV\
\xcbn\xbfo\xc5\x85\xc0\xf4\xf6h\xc0\xc5\x17\x94\xa7\x0e\
\xdf\x0e\x91\xf0\xb3\xe3\xbd\x031~\x12\xd0\xf0Y\xc0\xbe\
\x90X\x05\x86\xc1\xc4:\x93\xd3\x9a\xfe\xc3\x88\xac\x93z\
\xf4+\xd7}\xf4\x1a\x8f,\xed\xf2\xe0\xb6l\xec\x83\x03\
\x9d\xf1i\xaf\x01\xfb\x96\x1e\x5c\x1f\xf6ez\x9e\xd5\x9c\
;tk\xa4\x96\xf8\x95>\x123\x1f\xd9\xd3\x0a\xe5(\
S\x83\xcb\xff\xe3\xa3\x1f\xf1:`\xff\xba\xa3p\x9c\xd7\
\xaf\x9bf\xbf\xe9\x87\x926\xe8w\xab\x152\x03\x91~\
skab\xf2M\xfeX\xe4\xfaH,\x114-\x0b\
\xe9\xa0\xdf\x13\xd4\x82^\xea\x1c\xa7\x987\x06\xc7\x8f7\
.[n\x5c\xcec\x82h\x81\xcb\xb1H\x5c\x08\x08\x01\
!\x00p\x113\x101\xf0\x22^|\x99\xba\x10\x10\x02\
B\xe04\x08`,\x92\x1a\xb1\xeb\xd5'X\xfe\x80\xd9\
\xb9q\xe9\xb4\xe6\x9bP\xb6Nj\xf9\x95o\x86\x5c/\
\xc3\xbb\x09!\x01\x81~\xe9\xe8z~a:\xd5?\xf8\
\xb5\xec\xf8\xf7\xa6\xbd\xc2\x0b\xfer\xa7\x93\xaf\xe4\xef\x81\
`\xf2[\xc5b\xae\xaa\x80\xbf\xc1\xdd\xf5n\xd2N<\
5\xa4l6\xa2\xb1xc\xe68\x0eh\x07 \x1a\x8d\
\xf9J\xf9\x85\xabM\xc7ZO\x95\xce\xfcD\x1e\xa3\xd3\
\x0d\xdf\x0cvb\x9d\xeb\xf1\xe9N.\xdf\x8e\x92\xaa@\
\x09\x9a\x01\xcd\xc4\x85\xe5kM\xd9K\xf3\xf2\xd6\x942\
\xb8\x1f\x8e\xb3\xff\x88\x06(e`$\xdd\x1b\xcfMN\
\xfcF\xa6\x9a\xbe\x8c\xab\x90\x9d\xd73\xd2we&7\
3\xfe\xdb\xc1DO\xda \xa5\xc2\xb1[\x80\xa4\xd2\xb1\
\xdf@\x07\xfb\x8d\xc8k\xc2\xf3g1\x0b\xc1\x05Z\x10\
\xaaC\xc5\x80He|\x03n(\xca\xd7\x9e!R\x1e\
\x15\x22vB\xa0rJz|8\x07\x91\xaf\x9c\xb3\x92\
\xb6\xd3l\x97K7\x80\xe5\xfb\xf9\x8d\xdb.I\x07\xfc\
\x01\xe5\xba\x80v\xd3\xf6\xd6\x89\xe7\xa3H\x87 \x89\xd3\
\xf3\x03\xe0X\x1f\xb8\x1c\xb1\x93\xa7)\xf0\x8cT.\x04\
\x03\xba\x07\x92p\xc3\xafgE\xf5\xa8\x0a \xbdn\x97\
\x8c*q\x1b\x17\xf4b\xff\x94\xb1xr\xbeg\xdc\x9e\
\xdb\x92u\x8a\x5c\x0a\x5c@\xeaT\xd3&\xe1\xbdn\x18\
&\x86CQ#\xd4\xb7q{c\xee\xf0\x9b\xa2\xad\xca\
\xcf\xc1\xd9\x16\x8e\x11\xdd\xce\xce&w\x1e\xedD\x17\x80\
\x0d\xc0cJ\xc1\xe2yJ\xad\x17\xeb\x9ejp\x83\x19\
_\xff\xd4\xabs\xd3S\xef4\xa2\xc1\xa7\xf4dz\x83\
\x9a\xc0\xf3k\x8e\x0d\x11\x97q\xe6\xf1\xd9\x80X\x22\xa0\
V@8\x81shO\x03\x99\xae\x96\xf3\xedf.{\
Wlh\xdd-\xe5\x81\xd6\x8fWZ\x08\x8c\x0e\xeeL\
\x07\xcd\xf0K\x1a\xf3\xe3o\xf7\xf7\xf4_\x9dLe\x02\
\xecM\xbb\xddD\xdb\xa6=\x88\xe0\xf9\x8bH\x118\x1a\
G\xec\xa4)\xeb\xe8\xa9(\x8f\x0d\x14\xcd\xc7\x00\xde;\
H\xaf/\xa04\x1b\x22.\xd6U\x14\xd2\x5c)\xc9u\
\xd8\x80\xda!E\x14(\xe2\x00\x1d[\xac\xaf\xe95\x8b\
\xa8\x99\x07\xd8\xae\x03\x9e_\xae\xc6H(n\xfa{7\
^]\x99:\xf2\xfe\xba\x19\xfcU\x18\xbe>\x08g\xe3\
0|\xbc$l\x9e_<\x04\x229\xcf{\x8a\x8d3\
\xc8\x10)\x8fB>\xbb\xafK\x97\xe6\xe3\xb3\xfc\xda\x0a\
\x84\x87*\xf5\xd2\x1b\xc12\x9f\xee\x0f\x86,Z[T\
`\x00M\x87X\xa1gD\x97\x9aj\xb2\x13\x9f\x84\x80\
zC\xefg\x15\xa1Z\xaaD|\xd4R\xe2\x22\x8f\xc8\
\xf4\x85\x80\x10\x10\x02\x17;\x01\xf9\x85p\xb1\xef\x00\x99\
\xbf\x10\x10\x02B\xe0T\x08\x0c_\x1f0-\xe3\xc9\xa0\
\xcc\xb4\xdf\xdf\xb9\x87\xe2\x1b\x98\xe5M\x11;7)|\
\x13\xcb\xf9J\x1d\xfd\x15\x83H7%\xda\xd6\xa5r\xb1\
\x05V\xe8\xdb\xed6\xdf\xa8\xc2\xc9\xefd\xb8\x83\x0b\xc9\
\xe6wW|>\xfc[\xb7\x94\x1dm6\xeb\x9a\x19 \
\xe2Ig\x80x\xb4\xacS\xb7\x83\xc2\xb2\xe8\xdeZ\xbb\
\xebHl\xb9\x1av\x9e\xeb?\xb0\xd0q\x97\xfd\xe1\xb5\
eCD\xe0u\xe48\xe7\x03\x1d\x88\xe8\xdd\x8c\x22\x22\
\xa5\xe08\xc1\x04hQ\x15\xf8\x83a\x05\x96yE\xa1\
\x9c}ab\xe4\xaa\xb8W\xf1\xbc]\x86\x83\xf5\xa6\xfd\
\x0bP/]\x17\x08\x85I+\xd3H\x07\xcdA{\xc6\
nq\x9a\xc3\xaeq\x9a\xe7\xcdi\xc7\xe1\xbfz\xda\xf6\
D\x8e\xe5\x0c\xb8\xec\x94\x8c\xc4\xb1\x8e\x94qJ\xb5\x1f\
\xa3\xd2&790t?-J\xad^oB\xbb\xed\
 \xaf\x0d\xfb\xca!\x8b ^\x07\xac\x04x\x11\xa09\
\x22,?:\xf5\xd0\xcb\xe7y\xb2\x1d[NkH>\
\xbb\xae\xed\xad-\xcf\x99\xdb\xb0u\xebq\x1b\xb6n\xba\
\x1br\x1d6Nw\xc3n\x9c\xd3\xdd6\x1cW\xa6\x09\
\xc1PLY\xa9\xfe+\xcaS\x07o\xf2e\xf1R8\
\xfb\x07M\x0eOy\x14\xf6\x93+wC\x8e\xaf\xa0\xa9\
X\x7f\xf5\xea\xe2\xf4\xf8G\xd0\xf2\xfdt\xaa\xa7\xd7\xd2\
\xa8\x08\x91\xb1\xb46\x8f6n\xb7\x8cZ\x80\xe3\xb4t\
1?\xd7\xaa\xcd\xcd\xfc \xd0?t[ib\xddO\
`\xd7\xae\xf6\x0a\xfa\x0a\xfc4\x9d\x81\xf0\xe2\xfa\xcc\xe4\
;\xa2\x03\x1b6Gb)e\x90\xa8KB\x95\xe7/\
\xfbC\xce{\xf1\xe5\xe3r\xfe\xf24\xd7\xe14\xe7\xf3\
\xdeb\xb3IHd\x91\xb8\xddn{\xe2\x1d\xc7\xbby\
\x1c\xe7:l\xdc\x86\xdbv\xed\xf8t7\x9fC\xfa\x19\
\x0a\xfc\xba\xe0\xf1\xd8\x94aa4\x12W\xd1\x81\xa1M\
\xa5\xc9=o\xf57\xaa\xcf:+\xdfk\xaa,M\xe3\
k8\xc16c?\xa8\xec\x11'\xfb\xc9\xf3\xf3\xf9|\
*\x95\xe9Y\x17\x08\x84^\x00\xb5\xdas\xe3=}Q\
\xd3\xf4\x013\xe6F\x86:\xfa;\x95\xd3l'\xeb\xb3\
\xcb\x86\xfb\xe6\xb8W\x0f\xd9+\x8d\xdcNL\x08\x08\x01\
! \x04\x84\xc0#\x7f\xab\x08\x13! \x04\x84\x80\x10\
\x10\x02\xc7\x11\xe8\xf5\xb9\xb1V\xbbuC0\x96\x08P\
\x11\xddW \xd0\xc5\x13H(\xed\xc59\x5c\xba\xe9\xe0\
\x04 ]\x91\xea p]\xd6'Z\x0b\xf3\xd3\x81H\
\xf0\xcf\xcb\x93?\xcaS\xe19:\xcf\xcd0m\x15\xda\
\x0f\xc1\xd8\xbf\x95\xcb\xf9:)\x0e\x9a\xe7\xcc<N4\
z'\x9fnW\xb5C|\x1c\xba\xd9c\xb9\xc8\x85\x96\
mc$\x96\x88\xd4k\xc5g\xc4\xe7\x83\x91\x13\xb5=\
[y\xec/\xf7\xcd!\xdf@\x1a\xa8\xb4v\x5crU\
\xf3\x5c4\x1a\xf4\x96Au\xd6\x92\xeb\x1do\x9d\xfbT\
\x17\x90\x0a\x9420\xd5\xd3\x1bh\xe7\xa6\x7f\xb9U\xd7\
O\x05\xb8\xd1\xa0\xec\xf3rF\xfa{69\x8d\xf2\xab\
\x83\x99\xfe\x0c\x1a\x06\xba\x1a\x00\xd1 \xee\x9d\xbd\x09t\
\xd0$\xe9z\xf4d\x06\xdaEp\xe8\x0e\xbdm\xdb\x0d\
e\xa8&E5\x82\x01\x8a\x0c\xb5\x82\xeeA\x99\x00\xc4\
\xa5\x9b>ax\xb4\xfa\x09\x8bO=\xf3N\x07m\xfb\
\x81H4\xf9?\xc5\xc2B\x93\xc4?r\xdd\x01\x17\x89\
;\xbf\xc0\xa8#r\x1b\xf8\xd9T\x8az'\xed2\xe8\
\xfa\xc8q\x9e\x1b\x17PCb\xa0=\xc1O\xbb.8\
\xb6\x06~\xf2\xc8q\xc1\xab\x8f\x86\x02\xc2\x04\x88\xcc\x89\
\xcaH\x1ct\x16\x85Q\x97\xe2\x9a\xda u\xd45\x8a\
zu\x119\x07\xbc\xa7\xa2\x16]\xf2\xf2a\xe9\xa0\x05\
\x00\x0d\x9a\x06BT\xdeG\x86\xc1\x1f\xda\xd9\xaeT^\
\x01\xb1\x1d\xa9\xa5jg5\xa2N\xde;\xaf-\x1b\xd5\
@\x5c\x9c\x8b\x17*v\x9crW\xe0\xdc\xb1\xc3\x8ao\
x\xd2U\xa5\xe2\xfc{\xcc`\xf0i\x99\xcc@P\x13\
\x0b^\x13\xdag\x80\xb8|\xdc\xeexH\xf9\xecw\xc7\
\x5cp(\xad\x81^w\xbaY/\xd9\xf5\xf9\x83?\x84\
H\xcf\xfb\x1b3\x95\x95\xff\x1e\xd6\xf4\xf6h\xd1\x86_\
+L\x1e\xfa=z\x1d\xf5\xfb\xfc!\xc3\xb2,d\xcf\
4-2\x92J\x88\xd8\xd9'^\x9e\xd6\xe4\x9bW\xec\
\x85\x88\x08\xbc\xf7x\x1f\xf2\x1c\xb9\x0e\xcf\x93CD\xf4\
>\x0am*C[\xa6O\x9b\xa6\xa9I\x14\xd3\x86a\
p\x9c\xe6\xa7\xbc>\xb8\xaeg\xf4\x02\xe6\xbd\xe3\xf5E\
CtC\xda\xb5T\xac\xc9:'\xb5\xf2\xf6\x98\xd6.\
eP>\xfd\xacE:\x82\xe1\x98\x0af\x86.m\x96\
\x17\xde\xda\xb3\xd1\xba\x9a\x0a\xa9\x17\xba\xae\xd4iNk\
\xfay\xe0v\xba\xa3q)\xa2\x89\x07\x05'9]z\
\xac\xe3\x93:\x00\x00\x10\x00IDAT\x0d\xda\xa0i\
=M\xcb2\x1a\xf5\xe6e\x85\xec\xfc\x8bc}}i\
\xd3\xf2)\xa5L\xa4\x97\x1a\xb5u\x89\x83\x06\x9e\x17R\
\xb7H\x13g\xa3\x82G=\xd1\xab\xdb\xa9\xe2\xf9\xa1\x17\
7w'K\xaeB@\x08\x08\x01!p\x11\x13P\x17\
\xf1\xdce\xeak\x9d\x80\xccO\x08\x08\x81\x15#\xd0F\
\xd5[)\x16\xb6\x87B\x11\xd4h<\xa2_\xef&\x83\
r\xe9\xce\x85\xae@7-\xe8\x19\xe7s\x1e\xdf\xf85\
\xeb\x15\x17\xd0\xb7\xab\xd1\xf2\xfd\x04\x80\xee\x0d\xe9\xb2\xa6\
\xce\xc2\xbd%3\x10\xf9\x86[\xcaO\xf3\xbc\x97\xcf\x8d\
\xeeA\x97'\xbd\x1b\xdcn\x06\xdd\xf4\xd2\xcd\xa0KI\
\xed\x893\xb1x\xc2\xa8\x94K\xd7j\xd7\xe9\xa1\xcc\xc7\
}\x9af\x90n\x03]\xb2\x93w\xc1ks|i7\
\xaf\xddn9m\xdb\x9dk\xb7Z5\x97U\xa2\xc5\x8a\
\xc7\xcf\xad[\x9f\x8by\x9e\x5c\x8e\xb4G\x94\xe9G3\
\x91YW+\xe5_\x11\x188p~\xfe\x98\xc8\x96-\
\xfeF\xb3\xfdK\xe4\xdbe\xc1p\xd4\xdb\xb8\xec/\xfb\
\xc9F\xf9K'\xe7w\x13<\x07\xed\xda:77_\
1}\xd6\xbf\xf9\x83\xc1\xdd\xcdF\xd3\xe1|~R\x89\
C\xae{|\x1f\x9c\xb7\xdc\xb0K_+\x5c\x9e\x7f&\
\xf1\xdcdp&\x14I|\xb5\x9e\xcbN I\x08.\
)\x05\xb6mC\xd7\x17\xf6\xad\x1b\xe7q\xba\xf1n>\
\xd7\xe78\x97\xf1\xde\xf3\x99\x8a\xc4\x17C[>\xa5}\
&j\x93tR\xde\x90N\xbb\xadu\xbb\xa9\xc1mk\
\xaa\xa2\xfd>S[\x96\x8f\xea\x19`(\xe5\x8d\xc7}\
\xb1u\xfb\xe3>Of\x5c\xa7k\xdd:<\xbeiY\
\x98\x1c\x18\x0eB\xad\xf0|\xc3\xa7\x9fAe\xde:Q\
\xb8\xb2\xa7\x0b\xa4[\xa9\xc7\xd5\xa7\xd6\xd0]\xc9\xc7\xd5\
\xfe\xb8F*QM>\xa58;\xf3)0\x8cg\xc6\
\x12\x09K+\x83\x96\xa9\xb3Ex\x1f2\xa7\xe3\xda,\
%\xb9\x8c\x8d\x1a\xd029\xbaV-\xd8\xa5\xa9\xc3\xf7\
Cl\xddG\xa1\x12\xf9_\x80\x03\xcd\xa5\xca+\x131\
\xfc\xe0{F#?ws\xa8w\xc3F~\xba\x16\xd1\
\x80v\xbb\x0d\xec\x83i\x9a\xde\xcf-\x8e\xf3p\x9aE\
**\xe78\xe7\xb1\xaf\xbcG8\xcd\xc6y<G\x1f\
\x89}~\x9f\x8f\xf6\x16M\xc3n8\xadF\xd5\xa9W\
\x8b6\xfd\xbc\xb0\xcb\xc5\x05\xbbV)\xb8\x8dz\xc9q\
\x9d\x86k\xd1\xbe\x0c\x05\x02\xb4\x07}\xdeX\xdd>\xb9\
_\xee\x8f\xd3\xdc\xf7r[\x9e\xc7u\xba\xa65`(\
\x92Tf(t\xcd\xc2\xdc\xcc\xeb\x22\xfdW\xa7\x97\xb7\
[\x99\xb8\xf7z\xef,\xe8)vh\x18\x06\xf8\xfd~\
h4\x9b~\x8d*\xc2\xaf\x0b\xe6\xc4~\x03\x1d\xddp\
\xf9\xbc(\xfb\xa4\xe7\xf2\xfa\xdc\x86Y-VF\xa8\xd7\
O\xcb\xb7\xc5v\x12\x08\x01! \x04V?\x01\xf1\xf0\
\xb4\x08<\xbewE\xa75\x84T\x16\x02B@\x08\x08\
\x81\x0b\x9c\x00\x9a\xca\xb8\x04\xecv\xd2\xf0\xf9\x91oP\
\xd8\xf8\xe6\xa2{\xc3\xc1\xf3\xe38\xdftp\x9c\xad\x1b\
\xe7\xd0@\xd0\xe5b\xae\x0e\xd1\xd8\x7fC~W\x99\xcb\
\xd7\xa0\xb9\xc1``/\x18\xe1\x07\x1a\xb5\x8a\xad\xb5K\
\x8a\xa7\xa6;]\x0aI\xb0aA\x8d\xcd\xa1|6\xa4\
\x1bff\xc6\xa6\x94\x01>\xc3\x07\x8eC\xa2\xa02A\
\xb7\xdb\xbd\x8e\xdb\x18YIF\x9a\xee\x82\x8f\xef\x8f\xf3\
\xd8\xd8\x07\x97\xf5\x0e\xba\x87\xd5\xa0<\xb12?7[\
V\x86\xefO\x1b-\xfb\xaf\x16\xb2\xb3u\xed8\x1a\xb4\
\x02\x83\xfc\xa4\xe9\x00\xdd\xf3\x03P\xfd\xe3\xfb\x04\xa4\xc5\
\xe6L*\x0b\xc7\xe2>\x9a\xd43\x02\xfe\xc0\xaf\x0c\x0e\
\xee\x0cq\xf694\x95\xb0{/\xb5\xf3\xd9_\x89\xa5\
\x07\x82\x88\x0a]r\x1cQ\x93\x0b\xee2\x03@Do\
\x9d\x80\x0f/n\x93pD\x8bQ\xa9\xfc\xc4\xef\x8f\xdc\
^*\x15\xf7\xb6\xdb-m\xdb\xae'\x8203\xae\xda\
\x0d9\xde5\xee\xde3Z}\x00\x1e\x0b\x90B\xb2n\
\x8d3\x0d\xef\xb2[\xba\xf8c\x7f2\xf3o\xd5J\xbe\
a\xf9}\xda\xe7\xf3-\x89$jQ\xa8\xeb\x8e\xc2\xe2\
%\xcf\x9bC\xce\xa3\xf5\xd3\xc1`P\x87\x83a\x87\x80\
\xb4\x0a\xf9\x85\xda\xcc\xd4x~\xf6\xc0\xbe\xc9\xd9\xfd{\
\xf7\xcf\x1f|\xf0\xfe\x85\xc3\x0f\xde\x93?\xf2\xd0\xae\x85\
#\x0f\xdf\x93\x1d}\xe8\xc1\xd9\x83\xbb\x0fM\x1f:8\
\xb307WjVkM\x03\xc0\xa1a4\xb1$\x1d\
\x8bR\xc4\x0c\x5c\x04\xa4\xfd\xa1\x11\x80\xf7\xd2r6\xdd\
8\x22\x82\x01\x0a\x14Ub\x9f\xd8\x90\xf6%\x97[=\
}\x19\xa7^{af\xe4\x86\x0c\xac\xf0\xa1\x0c\x93^\
u@\x8b\xc1\xeb~l\xe7\xdeZQ\xc9RH\xde\x03\
\x1e\xad\x87H\x13R\xdc\xe6\xd1\x85u\xae\xf1\x98\xb6\xe5\
9\xfe\xc4\xba'?\xb50v\xf8=h\x99O\x8a\xc7\
S\x01M\xfb\xd2\xb6[\xde\xfa\x19$\x08!9\xc2\x06\
\xc4\x09\xd18\xa6K\xe6\xa4\xbd'\xdc4\x98\x86\xa5m\
\xa7\xed\x94\xa7\x0e\xdf\xedO\x8f\xbc\x1fb\xe9\xff\x02X\
\xd9\x8f\x06\xd3\xe0*<|\xfd\x8ef6\xf7F+\x96\
\xdc\x10\xf0\x07\x15\x22\x92\xaf\x0e\x15\x01\x85\x04\x8eP\x19\
\xe4'\xfb\x86\x88@\x8b\x0bz\x91\x1f\xe7\xb1\xf1\x9e4\
P\xf1\x8c48\xae\xdbn6\xda\x0b\xb3s\xe5\xe9}\
\x0f\x8f\xcf\x1e\xbc\xff\xde\x85#\x87\xbe]\x9a\x9b\xfbF\
%\x97\xff\xf3Z\xad\xf2'\xf5j\xe9\xeb\xb5B\xe1\xaf\
\xcb\xb33\xff\x9c\x1f\xdb\xff\xdd\xe9\xfd\xf7>8yp\
\xdfL!\x9f\xab\xfa\x0ceG\x22\x11\xde\xf3\x9a\xfb\xd5\
\xf42%d4&\xf9\xc5\xe3{\x9eu.\x88\x08\x5c\
\x07\xbcC\xd3k\xdc!#\x87\x010\xd9\xd3\xeb\x83f\
\xfd\x17\xd10_\x9e\xdar]\x0cV\xf4\xa0\x0dN\xfd\
i\x1a\x9f\x82\xceI\xdb\x87\xfdtA\x83\xc6N\x16_\
\xd9?6\xae\xaaL\x85V\xc0\xef\x19\xe5y\xb5\xf4\xe2\
zw\xdb \x22#\x06>\x10\xbd*\x9du\xa0\x0c\xc4\
N\x9a\xa2\x9d1\x14\xa7\x89\xbb2\xc1\xb2\xfc\x80@\x1e\
\xb8\xda\x80\xd6\x06\xe4:k\xc9d.B@\x08\x08\x01\
!p\xfa\x04\xbc\xb77\xa7\xdfLZ\x08\x01! \x04\
\x84\xc0EC`\xcbs,\xd7v~J\x85\xfc\xde_\
\xb8ED\xef\x06\x0b\xf1\xd8\xfb\x09\xbe\xe9\x83e\x07?\
\xad\xc4I\xba\xa9\x81V\xab\x01\xd0l\xcd\x87\xfd\xfe\xef\
Q\x9ew7F\xe1\x9a;\xcbS\x9b\xf2\xc1t\xefw\
\xaa\xc5|\x9d\xe7\x8f\x88\xde\x8d\x1a\x22\x02\xe2Q;\xca\
\xaa\xf3k\x18\xb1SfY\x16\x18\x86\x89\xbe`(\x0a\
\xae\xe6\x8f\xb0u*<nRt\xf3\xb7\xd8\x16\x11\xbd\
\xd8\xd1\xb1\xbd\xa4\xb7\x96\x1cC\xec\x94s\xdc\xab\xd3n\
9\xf5F}\x7f \x10\xfa\x9c.\x95\xf7\xd8\xad\x86\xe3\
\xd86\xb0\x80\xc3u\x1e\xcd\xbau|\xa6\x1f\x12\xbd}\
\xd1\xc2\xcc\xd4\x0b\xedHl\xeb\xa3\xb5Y\xe9\xb2\xfe-\
O\xeb\xa9W*\xaf\x84Pd\x87\xcfg!x7\xc6\
\xb0\xb4\x0e<GD\xf4\xd2\xb0x\xf0^\xe5|\xdbn\
Cvf\xb2\x18\x19\x1e\xf9;\xb0+\xbb[\x8dV\xdd\
P\x86FDR@\xd41m\x16\x9bz\x01\x22\x95{\
\xb1G\x5cNZ\xf0\x88\x9a\xa7\x90Q\x18\xbd\xb7h\xf9\
|\x7fi\xd7+\x13\xcdz\xcde\x9f\x11;C0{\
\xb6v\xbb\xed}\xff\x1a\x90\x08\xe13\x0c0Har\
[\x0d7\xbf0\xdb\x1a\xdf\xf7\xf0\xc2\xd8\x83\xf7\x1c\x9a\
=2\xfa\x7f\xcdb\xf1\x1b\x00\xc6\x17|\x89\xf4\x07I\
\x90{\xbb\x19\xe9}\x13\x04\xfa\xde\x00\xc1\x817@\xa0\
\xf7M\xa6?s\x13X\x89w\x91\xba\xf0\xb1v\xb9\xfa\
\xf5\xc2\xd4\xc1\xbbf\x0e\xde\xbbwn\xf4`\xbe\xb3'\
Z\xda4\xd0c\xe38\x0ei\xbf\x8e\xc7\x07\xb1\xb3\xf7\
\x97O\x87\xfdt\x11\x80\xad#|!\xed?\x03\x90\xbc\
\x0b\xf8#\x0aj\xe5\xebl\xd5|\x22\x00e\xc1c\x1e\
\xa7U\x81\x96\x9fT\x98\xa3M\x90t\xac\xa3\xa9cc\
\xdd2Drv\xb1\x08\xc1x\x94\x16p*\x87\x0a\x14\
g\xae+L\x8f}\xc2L\xc4\x9f\x12O\xa4M+\x10\
D\xe6\xc0\xfb\x0eq\xd9X\x14G<\x9a\xf6\xb8\x91\x90\
\xcd!\x1b\x80\x06R\xd4\x9c\xe2\xd8\xe8>+\xb3\xf1\x13\
\xcdD\xed\xdf`\xe2\x07\xf5Sq\xe2t\xea\xf4\x0c_\
?\xd0*\x17\xdf\x0e!\xff\x93\x22\xd1\x84\xa2\xb6\xa4\xdd\
j`\x9f\x11\x11\x10\x91\xb2:'\xe2\xd18\xe7\xb0\x9f\
\x88H\xeb\xab\xa8\x1e\x80\xd3n\xe8F\xbdb\xcf\x8f\x1d\
\xca\xe6\xc7Gw9\xad\xf6\x9fC(\xfa>39\xf8\
z\x122_\x0bV\xf4\x0f\xc0\x1fz3\x98\x81\xb7\x82\
\x11x\x0bX\xc97@<\xf2\x1a\xe8\x19z\xb5\x19\x1f\
z#\xf8\x82\x1f\xaf\xcf\xcd\xfc\xd3\xec\xc1\xfb\xf6O\x8e\
\x1f.7\xab\x15\x97\xf74\xefs\xdew\x9aDA8\
\xc1\xd1\xf5\x03\x11\xc9\x8f\xae)BhP\xd7\xeb\x12\xe5\
\xe9\xd1W8m\xcd{\xee\x04\xad\x1fG\x96i\x92$\
N\xfd\x83\xa2U\xea\xb4G\xc4N\xe4\x04W~\xad\xb2\
\x8fl\x0a\x10\x10q\x89/\xd0\x81\xd8\xc9\xa3(h\xe4\
+\xb1\x04\xed\xbd\xce8\xc5{\xc7\xb2,\x8e\xd2\xef\xd9\
&\xbd\xe6\xdb\x14\xd7\xdan\xb5t\xab\xd1\xd0\xae\xdd\xd4\
v\xabN\xec\xab\x9a\xb4F\xc7\xb5\xb5;b\xcb\x93\x81\
\x04IN! \x04\x84\xc0EO@]\xf4\x04\x04\x80\
\x10\x10\x02B@\x08<*\x81~\xa8\xc4Z\x8d\xea\x95\
\xc1@\xc4\xefh\xbe\x1f\xe6;\x12\xf4nZN\xd6\x90\
ol\x10\x17\xeb\x90\x08\xd1j\xb5\x1d\x08E\xeeU>\
c\xe2dmN-\x7f\xb5\xd7\xba\xd3\x09\x06\x83\xff\x07\
\xae\x93\xe5\xaf\xdcc\x0eG=F\x8a\x22\xd0\xdd\xb4g\
\x00.\x09\x85\x0e\xe5Q\x8cn\xf49\xc27\xd9.\xc5\
\x83\xc1\x80Ew\xfbW\x0d\x0e\xee\x0cp\xfe\xe37<\
\xa5\xa6\xcb\xfd$\xbf\xa9\x0d\xad\xb3i(\xf2\xd5\xf2\xc7\
\x03\xfb\x12\xeb7}\xad03;\xa7\xb5\xa3\xf9\xc6\x9b\
\xfd\xa4J\xe4?\xd5\xe3\x08\x99\xeaF\xd1\x05\xee\x83\x05\
\x15D\x85~\x7f\x98\xdek\xb8\xdb\xeb\xe5\xe2Kb\xc3\
\xd7\x9f\xa3\xef\x84\x03E\xb7\xc4On\x16\x17~1\x91\
J\x85\xc8=\x82\x8ct{n@\xf7Pt\xcb\x8e\xac\
J-[\x07.\xd3@\x82\x96\xddlC\xa3\xf1]C\
\xa9\x7fV\xb5Z\xb5\xdd\xb6m\xa7es\xf1\xa3\x1as\
\xf4n\xd8Yy\xf2\x22\xa7\xc6\xffQ;=q\xa1.\
\xb7K\x0f\xaa@\xe4\xceJ.[v\xed\xb6\xf7\x94\x14\
\xaf\x8bM\x82mw\x8d\x90^{\xb4\x17u\xa5Ph\
.\x1c94\x97\x1f\xdf\xf7\xe3v~\xfe\xeb\xe0\xf3\xbf\
\xd7Ld^\xe9\x8f'_\x11\x8a\xf7\xbc\x15\x10oo\
[\xf8\xf5\xd6B\xfb\x9f\xec\xca\xde\xff\x81\xc6\xbe\x1f@\
}\xef\x0f\xa0q\xe0\xbbvs\xf8\xbf\xa0\x85\xdf\x80\x9e\
\xe8W \x98\xba%\x10\x1f|\x8d\x99X\xf7{\x00\xc6\
\xad\x85\x89}\xff\x98\x1b=4^\xafVl\xb7\xdd\x22\
\x1f@[$\x00k\xda\xd6.\x09\x164\xbe\xb7G\x96\
\xf6\xc6\xb2\xb90+N\xba\xb4\xdf\x89/\xad\x82\xc2@\
\xba?S\xca\xe7^\x10_\xff\xd4\x04\x97\xad\x94a\xce\
\xd7\xdd\x9d\x8f\xbbKE\xbb\xf8q7\xde\xb2\xc5\x9f\x18\
~\xd2\xd3\x1b\xf3\xb3\xef\xf3\xc5bOH$\xd3>\xc3\
0QQ\xa7\xcc\xa8\x1b2\x0b\xe6\xc2F\x1b\x96\x96E\
\x83R&\x0d\xab\x88\x0fM\x81\xf6\x15\xad\xb1v\xdaM\
g\xfe\xf0\xbd\x0fC,\xf1\x91\x96\xae\xff+\x1cX\xf1\
\x8f\x06\x03\xec\xd8a\xb5\xc1~~\xbbV|v\xba\x7f\
(\x08\x86\xf2^.\x1d\xdf\xc8\x17\xf2\x8a\xcfN\x9ac\
\x1dS\x80\xc0\xe686\x09V6h\xc7\xd6\xadf\xdd\
\xceM\x8d\xcf\x96\xa7&\xff\x15\xa2\x89\xf7\x862\xfd\xaf\
\x09\xc7\xfc\xb7@<\xf6Wv\xfe\xb2\x1f@i\xf7\x01\
\xa8=<\x0d\xe5=\x0b\x14\xcfya\xe5\xfe9\xc8\x1d\
\x98\x80\x85\x07\xf7\xd8\xc5\xcb\xee\x82\x90\xf9\xe5@\xb2\xe7\
-\x81\xf4\xc6\xd7:\xc5\xf2g\x0a\x13\x0f|\x7fnf\
\xb2@{\xcb\xb5\xac\x80\xa6\xff\xb4\x00\x12\xba\xe0\x91\x07\
R\x16\x1bx{\x91\x12\xdd\x13\x95\x19\xc0@23\x5c\
\x9c\x98|u\xb8\xf7\xf2\xben\xc1\x19\x87\xb4\xae\x80H\
?\xe7\x15u\xd51D\x5c\x1a\xbf\xcb\x8c|\xa7jH\
u\x80\xeaR\xe8rx\xd4X\xc8\xe7\x1f#\xdek\x09\
\x0c\xaf=\xc7\x95\xa9\x00\x0d\x05\xb5F\x1d*\x95\x9a.\
\x97\xcb\xbaZ);\xd5J\xa9I\x9c\x8bs\x07\xf6O\
\xe5\x8f\xec\xdf\x9f?\xb2\xf7\xfe\xfc\xf8\x9e\xbbsc{\
ve\x0f>xO3w`W\xb5\x98\x9d\x1a\x85Q\
\x90C\x08\x08\x01! \x04\x84\x80\x12\x04B\xe0\x82 \
 N\x0a\x01!p\xde\x08\xd8\x8e\x9bj4j[B\
\xa1\xf0Q%\xe5$\xde\xf0M\x0e\x22\xdd\xd4P\xb9\xe3\
8t#\xdb\xf95S)\x17\xeb\xc1p\xfc\xbf\xca\x89\
z\x89\x8a\xd6\xf4\xa9\xb4:\x02\x01\xff\xe1V\xbd\xa1\x11\
;,\x98\xcb\x89&\x8d\xd8)GD\xef\xa6\x10\x11\xbd\
\x8f\xa1\x06\x02\x01\xa3Q\xafm\xb4\xfdf\xf4D\xedN\
5\x8f\xb4\xa0\xa3w\xed\xd4\xa8\xebG7DD\xca\x05\
olXv R~\xdb\x06\xa4[\xd4\xd9T\xab\x19\
\x0e\x05\xff\x0c\x1c\xfd\x7f\xae\xdd\xd4N\xab\x09,Z \
\xe2\xb2\x16G\xa3\x8a[Q\x19\x8f\x81\x88$b $\
\xd2}\xe1\xf2\xdc\xc4\x8dZ7\x9fL5\x15\xd9Y=\
\xa3\x83;S\x0b\x93\xd3/\x0a\xc4\xe2\x03\x86\xe1C\xa5\
\x94\xe7,\xf1\x00D\xf4n\xaa\xbb\xfe-\x0f[\xad\x16\
\x89\x17\x8e\xaeLO\xce\x06{\x07\xbeV<\xa2\xc6\xa7\
B\xbd\x8e\xb6\xdbN\xf7\xa3\x8f\x8f\xe68\xa27\x8c\xd7\
\x7f\xb7\x1e\x02\x8d\x07t\x81\x15>\xf2\x87\x8a$t\xfe\
9\xd8\xed\x83$\x06B\xb3^#\xf1\xc5\x01\x12\x8b\xc0\
g\x90xDk\xd5\xa8\x16\xed\xfc\xe4\xf8|-;w\
\x17\x04\xc2\x1f\xf0%\x86_\x05\x89\xa1\x9b\xa0\x16\xff\x8a\
]x\xf0\x7f\x9a\xd9\xfb\xf6\xd5\xb2\xf7Ly\xe2\xcb\xec\
\xfdU\x80\xdd-\xf2\x92\xa4<RD\x81\x96\x0e8\xbc\
\xcb\xf6\xbe\x87n~w\x05*\xf7\xcc7\x8a\x0f\x1c\xb2\
\x0b\x0f\xfc/\xd8\xe1\xcf\x05S\x1b\xf8i\xae\x8f\x15'\
\xf7\xdc\xb30?\xdb\x00\xd7\xd1\x8dFm\xe9u\xcfl\
\xa9?\xf04W\x8e\x90i\xa4\x0b-G\xb7\x0c@\x81\
iZd>\xe8\xe9\xc9\xf8\x9cb\xe1\x19\xadfm;\
\xc0\xca2C^|\xe8\x1c\xea\x98WE'\xefD\xd7\
\xa3>\x9e\xa8\xf4\x94\xf30\xe1\x0c^W\x98\x9b\xfe\xa4\
\xbf'\xf9\xd4p$n\xd2\x9c\x91\xd7\x89\x7fF\x92_\
^G<\x16\xc7\xd9\xbc\x8c\xc5K7\x9f\xeb\xbb,\xf4\
\xdaM7716\xeeK\x8d|\x1aR\x83wBv\
\xef\xd9\xf8\xda\x05\x8c\xe4|[K\x13\x87_\x16\xe9\xe9\
Kh0\xbc}\xa5\x94\xa2\x90\xf6\x16\x09\xb8\x8b\xee\xc1\
\xf1\xfe\xf2\xcf\x066\xae\xeb\xda-]\xc8g[\x85\xf1\
\x83\xbb\xc1\x1f\xb9\xdd\x9f\x19z\x13\x14\x83_\xad\xcd\xdf\
wOu~\xf7\x0cL\xed\xaa\x01\xdc\xc9\xfb\xad\xdb\xdd\
\x89BZ-\xaaC\xfb\xaf\x91\xdf=\xd6\xc8\xdew\x17\
\xf4e>\xe2\x8bo{\x83.\x97\xfe:?q`Z\
\xb7\x9bn\xbbQ'T\x0e\xd8\xc4\xe8D\x9dp\x1e\xfb\
\xca\xc6q\xaaL\xbe+\x88\xc6\x92&8\xedg9\x1a\
~\x01`\xa7\x8f\xcb\xce\xdch\x83\x03 ,;x\xbc\
e\xc9S\x8a\xb2\xafl\x5c\xb9\xbbW8\xcdq\xbb\xd5\
\xd2\x86\xd24\xf5j\xbbTX\xc8V\x17\xe6\x1fj\xd5\
\xea\xff\x08V\xf0S\x10\xefy3$\x07_\x0e\x89\xfe\
\x97Y\xa9\x91\x97@\xcf\xf0\x8b\xa1g\xdd\x8b r\xd9\
+\xc2\xf1\xd8_\xc0\xe8\xe8J\x7f\xaf$\xbb(&\x04\
\x84\x80\x10XY\x02\xd2\xdbY'\xa0\xce\xfa\x082\x80\
\x10\x10\x02B@\x08\x5c\xc8\x04\x94\xed\xda\x83\xedv;\
\x89h\x904\xa4\x009$;\xd1\xa4\xf8F\x85\xf39\
\xec\x9a\xa1(\xc7vs\xc1\x80\xff'\xb0{w\x9bR\
k\xfa\xc4\xb0Q\x0e\xf8\xa3?i\xb5\x9a\x0dS\x19t\
#\x0b\xc7\x88CG'\xcfElGs\x98\x19\xdfH\
\x13ct\xda\xad\xb42\xac\x9e\xa3\xa5\xa7\x17;@\xd5\
\xb5\x86\xa5\x1b\xd2\xee\xcd(\x8fAE\xde\xd9\xcd\xf3\x12\
\xddKW\xb9A$q\x89\x96\xab\x5c\xc6\xc9=\xdf\xce\
\xa76\xac\xfbrablJ\x19\xca\xe5v\xde\x93\x7f\
\xba\xdb\x08\x96\x04\x9fn\x19\x97\xf0M+\xa7\x95iA\
0\x99\xe9/\xcf\xcd\xbf0\x94\xde\xde\xcfeg\xcd\x06\
w\x86\x1a\x8d\xe6/C\xbdp=\x09/\x86F\x85\x1d\
\xed\xc2\x05D\xf4\xd6\x82\x02\xf2\xd7%\xa5\xcb\xa1<\x83\
\xf2\x10l\x97\xe3@7\xd7\xb5\x16\x18\x81o+m}\
\x1f\x80\x84\xb0\x03s\xb4$\xb6\x22\x1d\x84\xea\xd2\x84\xd1\
%\xd7\xd9(\xa0\x93r\x80\x8d\xa2\xc7\x9d.\xd5\xa7,\
Ev\x96\xce\x80\xed\x1e\x0e\xa4\x07\xbeY,d+\x86\
\x81\x84\x9a\x96\xc6vt\xb9Xl\x14&\xd5\xbf_V\
\x00\x00\x10\x00IDAT\xf6\x1e\xa8gg\xfe\xc2\x88\
\xc4\xde\xe8\xcf\xa4^\x07\xd1\xd0\x1f\xb7\x0b\x0f=\x00\x85\
{\x0b\x8b\xdf-wb\xb7O\xcdWj\xbb\xbbU\xcf\
\xdd?\x01Q\xf3k\x90\x5cw\x13\xd4\xa7\xef\xcc\xce\xcd\
\x14\x0c$\xb4\xe4\x8a\xa9|\x1eW\xee\x0eqi\x1br\
\xd23\xc4N\x1e\xaf\x82i\x19`\xf8LZ\x03\x00_\
,\xd1\xd7l5n\x80-[:\x9f}\xf4j\xaf\xc0\
\x85<\xee\xf6B\xa0\xbc(.\xcb\x83\x93\xac\xa2W\xf1\
q_v\xfa\xa2\x03\xd7>\xb5px\xdf\xcdV$r\
y0\x1c5\x0d\x12\xa7y|6\xc4\x0e\x03\xee\x9eE\
R6\x8e#\x22\xed\x1d$~\xda\x13\xde\x0d\xc3 \xc9\
\x14\xa9\xd8urG\xf6\x1e\xf4\xa7\xfbn\x0b\xc7\xcc\xbf\
\x85\xd1\xbb\x1a\x5c\x7f\xa5\x8d\xff\xa8F\xad\xd6z-\x04\
\xe3\xdb\x94\xe9cGh\xd7\x13\xacE\x8d\x0bQy\xbe\
\xf1\xb8<\x0f\x0e\x11;\xaf#G\xbb\xe0\xf3\xf9\x80\xfe\
C\xc3-\xe4\x17\x16\xec\xe2\xfc7b\x03\x9b\xdf\x16\xef\
\x09|\xa59\x7f\xf7\xc1\xc5\xbd\xc7M\x1e\xafi \xe1\
\xba]\xbc\xff\xde\xe0\xe0\x86[!\x92\xf9\xf0\xdc\xe8\xee\
\x9f4\xea\xd5&\xd2\xf6\xe7\xb1\x11\x11\x5c\xfaG\xd0\x96\
\xc6@D/\xae\xc9?D\xf4\xfc\xd7\xf4\x03\x12\x94\x81\
\xe1\xbe\xbeX\xa3Pxif\xb3\xb5\xc1\xabt\x86\x17\
\xa5h\xa9\xa8\x0f\x22FW\xdaY<\x8e\x17;\xf6\xe2\
v\x5c:6s1\xa5\xc9y6EB,pE^\
\x01\xea\x87|\xd6\xae\xed8\x85\xdc|\xb9p\xe4\xd0\x8f\
\x9a\xb5\xca\x1d\xc1H\xfc\xb5\xe1\xbe\xcc\x8bB\xe9\xf8\xeb\
SV\xf2\x93\x90i|\x03\xf2\xdb\xbf\x0f\x85\xdd\xf7\xb5\
r\xf7\xed\xe6\xa7+=\xab<\xb8\xa7:\xf7\xe0\x1c\x0d\
\xd1u\x8d\xa2\xab\xef\x14\x8f\x84\x80\x10\x10\x02B\xe0\xdc\
\x10P\xe7f\x18\x19E\x08\x08\x01! \x04.L\x02\
;\x0d\xb0\xf5:\xa5!h\xd0\x0d\xe9\xe9\xcc\x81nZ\
\xbc\xa74\xea\xf5\x86\x06\x84\xacr`\x8c\xdak\xb25\
}\xce\xef\xce\xd4M\xd3\xfaQ\xabT\xac\xb0\x82\xe48\
\x8ew\xe3\xc9\x93f&\x1c\x9e\xcc\xb8\x9c\xdbx\xac5\
\xc6\xb5F\x16\xce\x1e\xe5\x96\xf1d=u\xf25\xd1\xe6\
>;\xa9\xa3W\xc4c\xbbD<6\xbdX\x13\xdb\xed\
\xa6\x0f:\x7fy\xd2\x05\xd3\xfd\x01\x04\xc3\x7f\xb7\xb0\x90\
\xadj\xed\x00?E\xb7X\xef\x98\x00\xb1\xd3\x17\x22\x02\
\xcf\x85\xc77\x0c\x13#\xd1\x84\x01\xed\xe6\x0d\xca\x1f\xfd\
%\xd8\xf2\x1c?\x9c\xa5#\xe2\xaa\x8d\xedZ\xe1\xd5\xa1\
\xbe\xa1^\x8d\xfc6G\x01b\xc7'\xf6\x85\xa3\x9d\xb0\
\x93\xc7O\x12\xb9\xae\xedy\xd3j7tefr4\
\xdc\xdf\xff\xf5\xea\xfc\xc8\xbc\x97\x09QM\x1d\x00\xd2\xbf\
N\xda]Z\xcfN\xfa\xe8\x95\xfb\xe5\x14\x22r\xe0\x99\
v\xb5\x17\x9e\x8d\xcb\xd4\xd4\xae\x9a\xe93\xfe\xc6mT\
\xf7\xb6\x1be\xc7i\xd5t~z\xbc\xd8\xc8\xcd}\xcb\
\x88\x0d\xbc\x01\xa2=ovJ{\xfe\xb29\xbf\xfb\x00\
\x0b(\xe4\x83K\xb6\xb2'?\x99\x96\xdf\xfd]\x7ff\
\xdb\x07\xa1V\xff\xfb\xdc\xccT\xc9q\x1dM{\xc7\x1b\
\x87hAG\x1a\xf1\x92\xc7\xb0\xd3\xbcA;\xd9\xdd+\
Fcq\xcb\xad\x96o\x88\xd6S\x91n\xe6\x0a\x854\
\x9c>\xad\xae\x10y\x1d\x15\xb5\xe9\x1aEO\xfdT\xb1\
!sgy~\xfa\xa3\xc1\xde\xde\xa7\xc7\xa2\x09\x13\x91\
\x85i\x17\x10q\xc9N\xd4\x9dK\xea5\x1b\x97!\x22\
\x10K\xad\x9d\xb6\x9b;rh\x9a\xc4\xaf;\x9an\xe3\
\xcf\x0a\xa3,\xear\x8d\x157\xb4\xac\xd0Un\xad\xfc\
\xdcdO\x86~\xee\x93\x18HC\x10<\xe0\xd73\xe2\
Q\xdf9\x0f\x11\xa9\x14\xe8g}\x8b\xe6\xa4A\x01\xea\
\xb6\xdd\xd0\x93\xa3\x07\x0a\xd0l\xffYlx\xdb{J\
\xd3?\xfe\xf7\xe2\xd8\x03y\xaaxz\x0b@\x0d\x1e\xe5\
t\xebS?\x1e\x87J\xf9\x8f \x98\xba\xad4s\xcf\
\xc3\xf5f\xb5\xddn\xb74b\xc7'\xf6\x8f\xdbs\xd8\
\xe5\xc9s y\x8e|\xed\xd4\xe1\xf2P(Bn\xbb\
W\xb6Z\xf6\xb3(\xad\xc8\xce\xf0T^\xe7\xde\xe5\x0c\
{b\xbf\xf9\xf7\x01\x22qm\xb7t\xa9\x94wr\xa3\
\x07\x0eCK\x7f\xc17\xb0\xfe\xb5\x10\x8b\xbd\xa7>\xb3\
\xebo\xaa\x13w\xdf_\x1b\xbfg*\x97\xfba\xa9\xf3\
\xb1\xf1;\x1d\x1a\xda%c\xe6\xc7\x1be\xcb)\x04\x84\
\x80\x10\x10\x02\x17;\x81\x15\xf8\x85w\xb1#\x94\xf9\x0b\
\x01! \x04\xd6.\x81\xc1A\xf0\x81\xd2\xeb\x95\xe5\xf3\
\xf1M\x09\x80K7Q\xda\xb3\xc7\x9a5\x8b\x00|\x13\
C7\xb1\x00\xbe\xc0\x8c\x91\x0c\x17\x8fm\xb3VSw\
:Z\xe1A\xb0\x9d\x92Aw\x83\xa8]\xbaA\xd6\x9e\
\x08B7tK\x93FT\x14G/\x9f\x22\xc7\x9c\xae\
\x0b\xc0w\xe4\xb6c\xaf\x07\xb8\x91+\xc2\xca\x1f\xdc\xad\
\xf2\xc6\xe7\x9b\xe5n\xffK>\x1a\x06?\x8b\xa2H\xf5\
\xa3Y\x00\xe4\x0e\xfc\xb0l\x85\xc2_\x84\xca\xfc\x83.\
\x89=-\xc7\xa6\xdd\xa0\xa1ss\xddm\x0d\xb4]:\
\xd6\xcdA\x12\xc3\xd8@\x19\x18\xe9\xefOW\x16f_\
\x9a\xc1\xfa\xa5\xdd\xf2\x95\x0c\x87\x87\xaf\x0f\xda\xae\xfb|\
0\xfc\xdb-\x7f\xd0\x00Ew\xd0$\x5c\x92\x92\xe2\x0d\
\xd3\x99\x1b\x02\x22\xcd\xdb\xe6{e\x00\x97\x84@e\x1a\
`\x9a\xa6\xae\x14s\x15\x15\xcf|\xc3\xe7\x0b\xefZ\xfe\
\xf1E\x9a#2#\xcf\x90\xda\x80\xf6\xfa;\xfe\xd2\xe9\
\x1f<\xa6G\xcb\xb8\xaeC\xad\x8e\xe6\xacd\xac2=\
s\x04\xb4\xfaziv\xf7xq\xea\x81\x1f\x81\xd3x\
7\x04\xc279\xa5\xe8\x7f@y_\x96\xc6r\xc9\xce\
\xf6\xa9\x9b\xf3[\x0fE\xfa\x87o\x87V\xf9\xdfk\x95\
R\xd3ql\xed}\xb4\xdaE\x92\x87\x887\x12\x172\
\x05H\xe9N\x5c#\x00.\x1a\xd0\xe1h\x0d>\x7f\x10\
\xa0\xd5\x1cq\xd1\x18\xa4\xacsx\x92#\x8f9\xdaC\
\xa7R\x09`\xe7N_j\xc33\xae+MM\xde\xe2\
\x8f\xc6\xae\x8eEX\x084\xd0\x00\x83\xe6\xcb\xfb\xc1\xa5\
\xb0\xf3\xda\xe7=\xc5\xc3\x22e{F\xb5\x942;\xaf\
-\xda\x97H[\x18\xb5\xab\xb3\xa3\xfb&T\x22s{\
4\x16\xfb\xf3\xb3\xf4\xd1`v\x03\x92\x9b\x9e\x19+\x16\
r\xbfmFBi\xe53\xbd\xd73\xff\xecg?\xd9\
\xbcJ\x8b\x17\xf2\xcd\x8bq>\xbdF(N\xebGm\
\xb2\xd3SE\xa8\xe7\xff\x12B\xb1\xcf\x95&~x\x80\
\x0a\x5c\xb2\xb3tN\xd4!\x90\xf8/#y\xf9'\xea\
sGv+p\x1d\xf2W+P@\x10\xbd\xd7\x22\xfb\
\x86\xf4\x9a\x07`\xe6@\x07B\xd7w\xaa\x0b\x9a\x98\x87\
\x93\xe9Hqv\xf6y\x99\x91\x1bz\xa9\xc2\xe3?m\
\x9b:\xa7\xff\x5c\xc0N\x17\xb4|\x14y\xec\xe9k\xaa\
\xbf\xdc(\x09l\xb4-\x80\x8d\xe7P\xcc\xe5J\xad\xb9\
\xf1\x7f\xb3z\x07\xdf\x12\xcd\xa4?\xd6\x9e\xbe\xfb\x9eE\
\x91\x9f\xab\xd08r\x0a\x01! \x04\x84\x80\x108u\
\x02\xf4\x9b\xf2\xd4+KM!\xb0\x22\x04\xa4\x13! \
\x04.\x18\x02\xf5\x00\xf8\x1c\xb7\xbd.\x18\x08\x98h\x18\
|or\xca\xbe#\x22\xd8v\x9b\xb4\xa4\xa6\xb6,\xff\
\xec\xaco\xa1u\xca\x8d/\xf0\x8a.6I\x84\xd1%\
\xdb\xa6\x9bB\x9a\x0b\xdfp\x22\x1e\x8b\x8fo\xa0\xd9\x10\
\x8f\xcdG\xa4\x1bV2\xc34\xac\xb6\xed\xac\x1f\x19\x99\
\xf7Q\x17\x8f\xf3t\x8f\xed\xfc\xb8^\x10\x11\x10\xd1\xcb\
e_8\xd2\x0d\xc1\xd0\xcaoY\xf4>a+g\xb3\
\xe9\xd6\xc2\x83{\xcd\xf4\xc8\xdf\xe4\xb2sup\x1c\xcd\
\xf3[\xaa\xcf5\xc8\x8eO\xf3M,bg\x8c@ \
\xa2\x94\xcf\xf7S\xd5R\xf1\x05\x83\x83;CT}%\
OUFuYcn\xfc\xf9\xb1dO\xd84}\xde\
\xa0\x88\xc4\x93D\xa6\xee@]\xff\xd8/\xc7q\x00\x0d\
\x05\xedv[;vSC\xbd\xb97\x95I\xffua\
\xf4\xaeB\xb7\xbe\x17*\xaf\xab%V\x88\x9d\xb4W\xb6\
\xec\xd2\xed\xbb\x9bu|\xba\x9b\xbf\xb2\xe1T\x0d\x5c\xf5\
\x0d\xea\xf3\xc3\x00\xc9\xdf\x07\x88~\x15\x1a\x87\x8f\xac\xc0\
\xc71\xa9\xcb\xd39\xeft*3?~8\xd07\xf2\
\xe5\xfa\xdc\xcc\xe1Z\xad\xc6\xa2\x0c\x18\x86\xe1\x092\x88\
\x8f\xce\x0c\x11A)E\xf5M\x04\xd3J\x83c?\x01\
\x00N\xdc\x08V\xf3q\xa3\x11\x1dW\xd7\xe4\x8e\xec\xfb\
\x98?\x11\xff\xe9h,a\xd1.C\x9e\x1b\x0bC\x88\
\x9d)\xf1\xcf\x048\xc1\xc1\xf9\xbco\x98\x9b\xd3\xb65\
\xb8m\xbd051o\xf5\x0c}9\x12\x89\xffqy\
j\x17\xfdl9A\xc3\x95\xc9\xa2\x17C\xfdJ\xa74\
\xf7\x0c\x1a\x8b\x7f\xee \x1d\xde\xbat\xbbg\xdf\xba\xf1\
\xe5!\xd2\xb4Z\x8d\x9a\xceeg\x9aP\xab\xffGt\
\xe8\x92OCi\xf7A\xaas\xf6\x85\xaa\xfc\xaeb\xd2\
\x88\xfd\x83/3\xf2G\x0b\x13\x13\xf3\xae\xeb\xd0\xef\x9d\
\x967.\xe2\xb1\xaf\x7f\xf2\xe7\x98\x13\x11\x01QA \
\x14U\xe04w6\x9a\xb5\xeb\xe9?`\x8cc*\x9d\
v\x02\x0dR\xf0\xf0D\xcdN\xc6\xef\xf8\xba\xddz\x1c\
\xb6\xdau=?1V\x85\xf2\xc2\xdfCj\xf0\xad\xad\
\xb9\xc4\xb7\xca\x93?Z\xa06\x8f\xad2R%9\x85\
\x80\x10\x10\x02\xe7\x9d\x808\xb0*\x09\xa8U\xe9\x958\
%\x04\x84\x80\x10\x10\x02\xab\x82\x80\xdd4\xccV\xd3\xee\
\xd5\xa0\xd0\xd5$l=\xcao\x0dE\xb7^lG\x1d\
\xa7Vts\xaf\xb5\xa3}>\xdf<\xec\xda\xe4\x1e-\
[\xdb1\x1f\x84\xea\xe0\x0b\x15\xf9\xe3},\x02h\xad\
\x01\xf1\x91\xf7\x86\x88\x8f\xcc[\xac\x8b>\xd3o\x00\xea\
\xfej\x08LX\x81\x83\xfb=\xb6\x1b\x97D\x1ag)\
K\x81A\xc3-[`r\x99\x0a\x8fw\xd0\x0d\xfa\xc3\
\xdf\x82j\xe5n\xed\xda\x8e\xdfg\xd1\xbc\x80\xfaq\xc1\
\xa5\xbb_~\xb2\x85\xe5G\x87\xe34gj\x0f\xdd4\
\x0bo\x1a\x11\x93\xa9\x8c\xaf6;\xf5+\xcd@pE\
\xff\x98H\xef\xc6\xeb2\x95\xca\xc2\xcb!\x18\xdal\x18\
&z\xf3\xe5\xa7\x12\x11\xc9\xc7\x8eyy\xe4\x14\x87\xec\
\x17\x0b.H\xf3\xd6\x8e\x0b\xf9\x99\xe9b\xb8\x7f\xf0\xaf\
\x8crp/,?v\xcc)D\x85\xdd,\xef\xe9-\
\xddM\x01p\x01\x1b\xd0\x81\xd8\x8d\x11\x13\x8a\x22\xd2\xc5\
\xab\xb1\x8c+\xd5[\xf9sz\x1c`\xe4O\x01\xb2\xf7\
\x00\x8c6V\xbe\xffS\xee\xd1\xb5|\xcd{\xc0\x0a\xff\
}\xbbT*\xd2\xe2\xeb\xee\xfeg\xe6\x88\xcc\x83\xe1i\
\xda3\x1a\x10\x11\x14\xfdC\x8d\xb4\xf7\x88\x19\xad\x83\xa6\
\xb8\x15\x8d\x85\xedV\xfdZ\xd8\xf2\x1c\x0bV\xea\xa0\xb1\
\x1e_W\xfcc\x8b\xedTZ\xdf`F\x87\x8e\x5c[\
\x9e\x9b\xb8\xd9\x88\xc6\x9e\x18\x89\xc5\xf8\xb5\x8bJ\xbb\xe0\
\xd0?\xbd\xb4\x8d\xf41\x9d!\xa2\x97v]\xd7{R\
\x95EC\xca\xd0\x8ec\xeb\xf9#\x87\xe7\xacx\xcf\x17\
c\x91\xf8\xffW\x9a\xf8\x01\x7f\xd4\x96\x8a\xce\xce\x19_\
\xff\xd4x\xadV\xb9Q\xc5{\xfa\xf85\xe4\x90X\xee\
\xa2\x0b\xec\x0f\xe2QQ\x0d\xb1\xe3/{\xc1\xeb\xcak\
Lq\x9a\x94\xeb\xb6r3\xfb\xc2\x03\x1b\xbeZ\x9e\xdc\
pn\x84@\x1a\x98\xcfl\xf6{\xe5H4\xf2M\xd0\
\xf8/\xb9\x85\x85\xb2b\xd6d\xbc\x9f\x80\xf6\x98\x0b\x1a\
hkqU\xcf8\xce\xc6e\x9c\xc1q_<\x16o\
5\xcb?\x9f\x18\xd9\x1f\xe5\xbc\xc7k\x08\x80\xb0\x8c\x11\
\xd0\xc1\xfd\xb3)\xa0\x22\x22EY\x8b''\xb4\xb7\xff\
QS\x16\xff`\x22si\xbf\xa0\x01\xa0\x0c\xd0\x85\xec\
\x5c\x19\xea\xc5\xbf\xb1\x92C\x9f\x80\xdc\xee=\x00w\xd1\
/c\xaa{\x01\x9c\xe2\xa2\x10\x10\x02B@\x08\xac^\
\x02j\xf5\xba&\x9e\x09\x01! \x04\x84\xc0\xf9&\xe0\
\xb6\xd1t\xddv\x8c\xfc@\xd0\x8anT]\x8a\xd2M\
\xbb\xe6\xbb\x16/z\xd2\x0b\xdf$j\xba\xa1i\xdbm\
\xc7\xb2|\x05\x80;;\x8dO\xdab\xed\x14X\x8d\x5c\
\xdb\x08\x06\xca\xf5z\xdd\x03\xc5,\xf8F\xfftfh\
\x18\x06\xba\x8e\x9d\x0e\xd7\x1e\xbf\x18\xb8|LD\x5c\x1a\
\x9e\xfdYJ\x9c \x82Hu\xc9s\xd34\xd4\x0e\xeb\
\x08\xc5\x8eV*\xc7s\xa3\xb1\xe1\x8d\x9f\xaf\xcd\xcfO\
+\x92tX0\xe0\xfe\x10\xa9\xcd\xd1j\x80\xd8I#\
\x1e\x0d\x0d\xc3\x04\xcb\x0a\xa0\x95JnZ\x98\x9b~y\
p\xe8\xba\x95\xfa((\xd6\x9b\xee\xb5N>\xfb\x9cx\
*\x1d4M\xb33\xe8\xa2?\x88\xb4}\x17\xf7,\x22\
\x02s\xe9\xfa\xac]W7je\x1b\x1a\xf5\x1f\x98F\
\xf0\xefgg\xff\xbd\xba\xd8\xac\x13\xb46P_\x9a\xc5\
E\x0a;Y\xa7z\xe5\x9b\xffS\xad{\x86\xf5\xe8\xb5\
\xe5\x89\x80G\xd5\xdd3\xec\xf0\xf16/M\xec.\x80\
\xcf\xfakh/\x1cq][\xdb\xb6\x0d\x8bb\xd11\
]\x22vp\xf2:,/\xe0t(\x1c\xb2Z\xcd\xc6\
\xe5Cfk\xa5\xbf7\xd0\x1b\x8a\xc7\xf0\x22\x8fqY\
\xaaGt]\x92\xe6\x1e\xa3\xba\x0a\x0d\x14\xaf*OM\
~\xc0J$\x7f:\xd9\xd3ciT\xbco\x8ei\x86\
\x9di\x1f\x93\xc7\x09D\xf4^3\xf4\xba\x07\xc7!\xad\
\xc7n\xe9\xfc\xd4x\x1e\xfc\xa1?6\xc1\xf8R\xf6\xc8\
\xffNS\xbdc^\x8b\x94^\xd1\xd3i6\x86\x9a\xa5\
\xdc\xcfFbq?\xd2\xcf\x9f\xe5\x9d#\xa2\x97D\xec\
\xbc~\xbc\xc4\xb2K\xbb\xdd\x86\xe2\xc2B\xd1L\xac\xfb\
[+\xe8\xfc\x1f\xfd\xbcw\x96\x15\x9f\x93h\xfe\xd0\xe0\
d\xa8w\xe0\x8b\xba4\xfdp\xb3\xd9r5\x1d\xbc\xf7\
\x5c\x12Y\xd9\x01\xc4\xce\x1c8\xde5\xc4\xa5<\x0c\x87\
\xa2F\xb3T\xb8\xae^\x85L\xb7\xfc\xb4C{\x80:\
<\xfdW>\xb9\xea\x0d\x85H\xcd)\x86\x88\xd0l6\
t\xa5\x5cp\xa0\xda\xfc\xef\xe8\xe0\xa5\x1fi\xe5\xef\x7f\
\x88\x8ah7\xd2UN! \x04\x84\x80\x10\x10\x02g\
H@\xc4\xc03\x04(\xcd\x85\x80\x10\x10\x02k\x99\x80\
\xf6\xb7\x0c\xd0\x10\xe4\x1b*\x9e'.\xde\xe3 vn\
X8\xafc'\xbe\xf2\x0d\x8e\xd6\xfcx\x16\x94O\x5c\
cm\xe6f\xad\x88c\x98f\xad\xd5nkM\xac\x1c\
\x0d\xde\x8d>\x9c\xd2\xc1\xbf\x9a\x91\xea+DTa;\
\xe4\xe7\x8cSjy&\x954\xba\xb4\xd4]\xa1\x17\x01\
\xd0\x00\x00\x83<\xbf\x8c\xc2e\xe7\xee\xdd\xad\x98\x86\x7f\
\x83P\xec_\x9b\x8dj\xdbT\x8a\xea  \x89\xc5l\
4a@\xafm\xa7\x8d\xd6T\xdc\x89z\x22\x1c\xb3\x08\
\x87\xa3>h\xd4~N9\x8d\x95\xf9\xc2\xfe\xc8\x95\x99\
\xf2\xec\xd4o\xfb\x93\xbd}\xa6\xe9{\x84\x00\xb38<\
 \x22\xc9\x97\xba\x13\x22x!o\xf0\xe6\xc2\xec\x9c\x91\
\xcc\xfcYq\xcc\x1c\x83\xe3\x0f\xbb\x8e\xb0\xec\xf6\x9b\xe7\
\x83H\x8d\x8f\xaf\xf7\xa8\xe9e\x10\x1e\xb5\xde\x9a(t\
\xa1\xea\x8c\x02\x04\xeeq\xdam\x12d\x1cB\xa6\x1f1\
1\xa4,\xcf\x16Y\x22\xa2\xb7\x1eT\x19\x0c\x83\xd6\xd0\
\xb1\x07\xda\x0e\xc4\x1f\xd1\xf0\xf1f,[\x02D|\xcc\
^\xd8\x0fD\x04MU9\xee\xa2^\xb6\x0b\x8eo~\
\xa3\x91\xde\xf0\xb4\xabj\xf3\xb9\xf7\x1a\xb1\xe8\x93S=\
\x19\x1f\x0b\x81\x5cK+\xa4\xff\x12\xa1\xc9r\xc23\xa4\
yv^\xd2\x88H9\x8a\xf6$z\xaf\x0d\x16\x02y\
,\x03\xb5\x9e\x1f\x1f\xcd\x83\xe9\xffj0\xd5sG-\
\xbbk\x86*\x9e\xedS\xd1\xeb\xf9I\xa0\x9d\x01\x9fi\
!\xe3\xe2\xb9w\x07\xf5\xd6\x8a\xa6\xc1\xfe!\xb2\xdf\x9d\
\x12D\xf6\xdd\x01\xed\xda\x0e4\xea\xbb\x02\xf1\xf0\x9d\xf9\
C\xbbJ\x9d\xd2s}\xbd\xd3\xa99\xd5\x87\xc1L\xfc\
S\xadZ\xae(4\xc9\x01\x17\xb4v\x00\xf1X\x9fy\
>\x0a\x10\xf8\xf5\xcf\xbf\xdf\x5c\x12\x0c\x0d\xcb\x0f\xb4\xe0\
\xbdv\xfbL\xbf\xd3T\xc1\xf1\x07\x8f\xc7\xc6?-\xd9\
\x8e\x96\xb3_\x08\x88\xe8e\xb1\x1f\xec\x0f'\x5c\xa7\xad\
\xebs3GbC\xc3_*O\x0d\xf2w/\xd2\x0a\
p\x89\x98\x10\x10\x02B@\x08\x08\x813'\xf0\xc8\xdf\
Vg\xde\xa7\xf4p1\x11\x90\xb9\x0a\x01!\xb0\xa6\x09\
\x04\x5cK\xd1]\x8a\x0f\xd1\x00\xb58S\xcdw\x89\x8b\
\xf1G\x0b\x10\x91n\xc2\xf8\xdeE\xf3=e\x9d\xear\
\x82\x82\x8b\xe0T\x96\x06\xc3h\xb8\x8e\x0b|c\x87\xd8\
\xb9\xd1;\x9d\x99s;j\x1f\xb4[5V\xe5N\xa7\
\xe9\xf2\xba\xa770\x09\x82H\xb7\xc7\xb0\xec\xd8\x1d<\
\xa4\x97%\xbd\xe8\xc4\xc4\x0fr\x99L\xea\xeb\xb9\xb9\xb9\
\xf1J\xa5\xe4}\x14\xd4q\x1c`C\xec\xae\xbbW\x15\
\x10\xd13\x9e\x0f\x22z\xa2\x87\xcf\xe7\xc7HO:Q\
\x9d\x99\xf9\xad\xe0\xd0\x95g\xf6t\xe0\xc8H \xe0\x87\
g\x83\xd3~F8\x16\xf7\xa9E1\x90\xc7c\xebx\
\xd1\xb9v\xf7.b\xc7\xa7V\xab\xa9\x8b\x85\x5c\x0b@\
\xfd\xa7\xd3\xaa\x7f{%?~\x87\x88\x9dA\xbd\xeb1\
\x09/gm_\x0eT >\xf0\xc3\xeaB\xb6\xca\xe2\
\x06\xe21,N:\xf5\xee\xb5\xa2\x02\x17\x00\x00\x10\x00\
IDAT\xfa\xf8|>\xa0\xcd\x14\xd7m'v\xd2\
\xca\xa7[p\x8c\x0f\x8f\xdd\x18\x11\x17\x7f~\x01\xef_\
MB\x8e\x0dp\xd9#^\x0b\xfc\xfdr\x99\x91\xc9+\
\xb2\x93c\xefWA\xff3S\xc9t\x80\xa5'\x16\xf6\
\x80\x8en\xd8\x9d\x1be\x9d\xf0DD\x9a\xb2M?g\
\xb5\x9e\x1b\x1f+\x98\x91\xf8\x9f%\x07\xfa\xef\xa8O\xfe\
p\x82\x1a\x9c`\x5c\xca]\xc93\xbd=\xdcnVo\
\xb0\x22\xf1\x88R\x06\xd2A\xbe \xcf}i\x94\xff\x9f\
\xbd\xb3\x00\xb0\xe3\xba\x0e\xf69w\xe61\xee\x83e\x94\
dI\x96m\xd9\x8e\xcc\x14\x85\xd36\xd46n\x1ah\
\x98\x99\xa9\xa1\x86\xa1ar8\x8e\x1dh]\xf8\xcbM\
\xda&*$\x0e)\x868\xb2-\x5c-?f\x1c\xb8\
\xff9\xf3\xf6\xadV\xbc\x92V\xb2,\xdd\xd1\x9c\xb9|\
\xee\xb9\xdf\xbd3\xef\xdd\xb3\xb3+\xce\xebJw<\x9c\
\xb6MS\x96\xd2\xf35\x08D\xfe\xbd\xba\xbf|F\x7f\
=x\xc9\xb8n$\xb3\xa3\xeaO\xc6\xfe\x0d*\x85\xbd\
\xadv\xc36\x0c\xc3y>u\x8b9\xec\xda\xce\xf1\x03\
\x82\xa0knt\x87\xc3a\xcb\xb0\xaf\x03\xd8\xca\x9e\xc4\
\x03\xc5'\x10\x13\x00\x08+<\x98\xdf\xf2\xaaB\x08h\
\x9b-Z\x0b\x96,\xa73e\xf0\x06n/\xd7\x8c\x9f\
=\x14oZ.\xb7K\xc5\x15\x01E@\x11P\x04\xce\
=\x02\xf4yu\xee\x0dJ\x8dH\x11P\x04\x14\x01E\
`\x95\x08H\x1b5\x89\xce\xc6\x867P\xfcF\x03\xa2\
\x93<\xac\x03\x9b\xb2Y\xba\x05\xb4y\x06D\x04\xc1\x7f\
1K\x02m\xa4\xe1\xfc9\xf4yI;I\x0b\x80\xdf\
\x83#0p\xe0\xe3V:\xdbz\xce;>\x0eM\xa0\
KJ\xdf\xca*\x1fI\x9d\x04\xa7\xb7C\x8b\x10\x8f\xa1\
R,\x969\x86\xa2\x0d\xa1\xd0\x11uX%\xebn\xe1\
\xf1\xfd\xa0R(T\xd0\x96\xe4\xf4\x04\xe0\xbf-f\xdb\
\xa6\x13\x02\x1d\xbcfX(\xea8V\xd81d\x91\xd3\
\xd0\xa4\xfa>?\xfby\xe4#t\xcb\xf5\xa7}}\x9b\
\x03\x5c\xe7d$l\xf6\x8d4K\xb9\x17\xfa\xe2\xbd\x09\
@\xfe\xb5L\xa4\x8d\xb4t\x9c\x8e\x1d}\xcc^\x90M\
\x9dqI\xc9\xa1\xa0\x19\xd1@Z\x964J\x0b\xbb\xbc\
\xc9\xa1oB\xed\x8al\xa7\xfe\xe1W\xda\x9f\xf3\xd0\x80\
[r\xa9\x94GD\xc2E\x8e vkr\x92\xea\xca\
\xa5\xa6\x9cq>\x88\x1d\x8a\xf6\xfc\x0el3\xaf/\xae\
'$'3b\x97\x0b\x02\x22\xc21\x0f\x1d=\x80\xf2\
\x94\xfev\xdb1\xf5\x1f\xb5PP\x09\x0b\x05|J\xe7\
\xcd=iZ\xb4\xb09}\x90\xdc\xac\x05z\xf7\x5c\x94\
\x99\x99~\x0fhbk,\x96\xf4\xd03\x10\xa5\xb4\xc0\
\xb4-@\x8d\xdb\xd2\xe4\xe3\xe1cE\xa4\xf5Gk\x91\
\xd7\x92\xa0\x05\xc6\x82\xd2\x22G\xe0d\x09t\xf7w\x82\
>\xdf\xa7\x0a{\x7f:}Pw\xa71\xe1\x15\xee$\
4[\x17\xb9<>\x0d\xe0\xe8v\x93\xc9\xf4T\xb3\xc9\
\x12\xb9(\xf4\x94\xb3\x0c\x09\xed\xd2\x14H\xf9\xdf\x00;\
\xc8\xb9NE\x0f\xe1\xa9\xa1\x98\x04_\xfc\xc7\xd5R\xa5\
\xa2i\x1a\x08\xcd\xb5\xecy \x81\xa7\xa3+4_d\
\xb6t\xc4\xa6\xe7R0\x14\xf5\x80a\x5c\x1e\x1en\x85\
Oz\x08x\xf4\x96\xdc\x1f\x0b\xd7@\xc4evq\x0e\
\x10[\x13t]'\x1bm\x80V\xf9\xb7\xa0{o\x87\
\xc2C\xf5\xa6e\xc7&uU\x04\x14\x01E@\x118\
7\x09\x88ssXjT\x8a\x80\x22pj\x04Tk\
E`\x19\x01\xec8\x94\x10\x8f\xb1\xc3YV}yT\
GgS\x89 h\xe7\x0b\xe7\xd7\x81\x82\x06\xadi\xe8\
\x12\xb4\xb7^6t\xc4\x95qd'\x01mQ\x85\xf4\
Y+k\xb0\xac\x8fS\x8b\xd2&t\x05\x0a\xf2\xf9_\
\x94\x03\xc1\xc4m\xd0l\xdcg\x98M\x9b\xff6\x5c\xb7\
\x99c;9\xcc\x10\x916\xb5\xe8d#\x1e\x08\x11\x11\
P\xd3140\x14\xad\xe4R/\xb0\x02\xb1\x0b\x9dJ\
'x\x19\x1f\xdf\xea\xb5L\xebi\x00r\xb3?\x18\xd2\
\x90\x0e\x8b\x9c\x8d\xecX\xb1\xed\x03\xe3`{\x80\x0e*\
\xa6+86\x99f\x9b\xdf\x0alB\xa0\xf7_\x12\x1e\
\xef\xaf\x8e\xf5\xe6\x0d\xd2\xf2\xed\xea\x80\x138\xd8!~\
\x02\xd5\xcf\xa9\xaa>\xb7k\x01\x02\xfe\x9ca\x18K\x13\
A?[X\x1ac\x97g7\xe4\x02\x9e\x1f\x9e7\x9e\
?\x90\xe86\xc1\x8aR>\x92\xac\xc6\xb9\xa4\x87\xfb9\
!\x85H\x0fA\x93\xff\x07\xa5\xf7\xc9e\xed0>\x96\
Z_\xab\x14\xde\x09n\xfd\x09\xc9\xc1A?\xd0\x9a\x96\
\xb4\xee\x97\xd5Y\x8a\x22.u\xef\xe4u\xeb\xf1X\xd9\
y\x08\xb6%3\xb3\xd3y\x00\xfd;\xdep\xf0\xb3\xc5\
\xf9\xbb\xf6S\xc5\xe5\xfdQ\xf2t\x9d7k\x1a\xb8.\
 \xed\x03n\xb7\x0b)t\x9cT\x88N\x94\x93G\x14\
D\x04\xd34d\xadV1\x00\xbc\xf7\x80\xa6\xb1\xcdG\
\xac{&3+\xebC\xc5`_\xf2\x9f\xecRa\xd6\
\xb2l\xc9\xcf\x04\xc4\xc3\xc7\x22\x97\xcd\x15\xf9n\x1d\x13\
\xdd^\xfa\xe1\x8b\xd9^\xa3{\xf5~'\xe3T.\xb8\
\xb4\xf4\x8f\xa8\x85\xfbG<\xd8.\xce#\xf8\xb2Q%\
\xa6\xc1\xbe\xff\x84r\xef$5>C\xeb\x80zR\xa7\
\x22\xa0\x08(\x02\x8a\xc0yC@\x1c4R\x95P\x04\
\x14\x01E@\x11P\x04\x96\x11@\xa1\xdb\xb4\xc13\x9d\
\x0d\x0a\xe5w\xdeh\x90\x14c\xa1\x00\xc8\xd9G{\x19\
I\xc2\xa9\x83\x05iOC9R\x0a\x8ay)v\xfe\
\x9c\xed\xb8\xb0L\xdb\x03\xa0\x81t\xfe\xe0\x9c\x0d\x88x\
\xc8\xf8\xf9#\x98\xe5\x90\xeceIDacC\xeb\xc2\
^V\xb2\xd2\xe8\xc1\xee(\xc4Cm8\xb2\x1e\xc4\xc5\
zH\xe6\x1f\xb9\x8a\x93[\x89\x16\xf6\xf5\x8c\xad\xf9~\
\xa1\x90\xa9\xd2Jp~\x1dO\x08A\xf3\xce\xe3\xe5*\
\x12x\xedt\x84\xf3X/\x8f\x99\x05\xc0\xedv\xa3\xf0\
\xba/\xa8\x14\xf3\x7f\x0a\xe4\xd8\xe3\x16' X\x84\xf6\
\xc6\xda\xc2\xfegF\xfa\x86\xc2\x12\x05m\xbd\xb9?\x8b\
\xfa\xb4\x00\x91\x8c\xa7\xcd>\xbf\xd2G&9j\xd9\x0e\
\x1b,\x8a\xdb \xa9\x96l6\xf7%\xfa\x12\x7f33\
s'\xff\x1a;\xe5\x1f\xf9$\x1d6\x958\xf3\xc0:\
(\xbet2a\x96\xa5\x8c\xc5\xc8\x81<\x04@\xdbi\
\x0b\xe7\xd1\xa1\xdb\x9a\x81\x80\xd5\xb6\xd1\x92\x88\x14\xa3\xb1\
Kr\xd0\x22\x22\xc5\xc0\x99\x1f\xe0\x83\x9e\x0e\xb2\x93\xc5\
)\xa0\x02\xe7\x8e\x01\x81:Xv\x04\xe0}\xcbK\xe1\
T\x8fC\xe7\xefp}<\xd5,\x00\x88\xd45\xaf*\
\xdb\x92\x96mu2\xc1902v\xd3x\xa1\x94~\
+X\xd6\xef\xf5\xf6\x0f\xf9$\x97Z&\xaf*G\x04\
 \x1cX\x03N\x1b@D'\xd2\xb1\xc1\x86\xee\xba\x14\
\xd4\x22\xb50S\x01\x97\xef\xb6\x9e\x91\xa1O6S\xf7\
\xb2\x03\xc8\xa9{&.\x83\x83{=\x96\xb4\xaf\x00\x9f\
?\xc4\xceX)-\xb2\x8dF@\xf6\x22\x22\xf0\x1b\xe1\
@w\x0c\x0bbg\x0c\x88\xe8\x8cG\xa3\xd0\xacVk\
\x22\x9c\xbc\x13\xfa\xec\x0a\x9c\x0d\xc7\xb6mf@\xf3\xdd\
O\x06\xeeag%\x9bD\xa3\x01\xb0%e\x09J\xe2\
\x92\xf0\xda\xe3\xa7\x81X\x9c,~~\x81\x80\xb8\xb4\xe5\
\x9a\xc5J\x14\x9c\xd8isG\x9dU\xbc\xd8P:\x0c\
;\x1c\x17\xb3\x16yvS\x1c\xf2\xba@)\xc0\xe7\xf1\
\x80\xd9l\x16\xa2\xc9\xdem\xab\xf9\xa7\x0b\xb8\x0f%\x8a\
\xc0a\x04T\x86\x22\xa0\x08\x9c\xb7\x04\xf8\x13\xf1\xbc\x1d\
\xbc\x1a\xb8\x22\xa0\x08(\x02\x8a\xc0\xb1\x094u\xd3\xa2\
\xcd^\x9b7)\xf6\xb1\xab\x1eV\x8a\x88\xb4\xf1B\xda\
T\xeah\xdb\x82\x7f\xe5\xea\xfc\xf9\xcc1\x1a\xc24\xdb\
>M\x13h\x91C\x8a\xf9u\x05\xe8@D\xba\x1e\xfb\
\xe4\xfa\x02EK\xd3\xda'\x8a\xfe\x80b\xf2\x87!\x1e\
\xbf\xaf\x03\x0d\x80\xdc\x12\xb2\x93$\xbb;\x91c\x5cw\
\xech\xbb\xbd\xae\x7f\x95m\xf9\x8bF\xa3b\xb2#\x81\
\x85[\xb0\xfd\x1c\x1e*\x82< \x88\x08\x5cOw{\
1\x1c\x89\xe9\xad\xfc\x9e?\xd0s\xe9+\xa9\xee\xca\xd7\
H\xf4\xb2Hq~\xf6\xcf\xc0\x17\xd8\xa0\xb9\xdcBs\
\xe9\xd4\x1c\x9c_\xb1\xe3\x08\x22:c\xe9\xda\xd1\x0d5\
Ms\xdef*\xa6gkz8\xf2\xb7P\x86\x07\xb9\
\xfeQE\xf7-\x029j\x8d\x15\x14\x88\x15\xd49\xb7\
\xaa4\xb1-u\xcdc\x0a\xa1/\xf1\xe3\xb9\xef\xce\xc3\
\x91F\xdb-CD~v\x08\xf2\xdd\x84\x00~\x87G\
\xaa{&\xf2\xd8\x1eG@\xa2m\x19.\x80\x9by\x22\
\xb1g\xcd\xf5#\xa5\xdc\xc2\x1b\xedJ\xf9\x0fc\xfdC\
A\x9b\xac\xa5u\xe5\xd8I\xe1\x11MCt\x8a\xa9\xe6\
\x81\x90\xef\x01\x01\x96\x5c\x98\x9b.\x83i\xffU$\x96\
\xfcBa\xefO\xa7H\xc1\x123\x8a\x9f\x96s\xb9R\
\xf2\xe0\xf9m\xc3\xb8\xdc\xeb\x0fx\x5c.\x17\xf2<\x01\
9iY\x10\x11l2\x19\x11\xe9Y.\x9c{\x0a\x16\
\x0f\xb6\xdf\xb2\x0c\x00\xb3\x9d\x8dD#\xf7\xc0\xee\xcb\xcd\
\xc5\xa2\x87<p\xb5*\x15\x08E\xa6\x8cV\xc3B\xf2\
\xe6\x03\x1cl\xfb\xa1\x06\xd2\xb8\x9d\xb1\xf1\x98\xc0\xed\xf1\
\xb5\xeb\x8d\x0d\xb0eK\xe7\xa1rh\xe5\x13J\x1f{\
*y}u\xd5q\x9c\xd9\xd7\x1b5[\x0am\x8f\xe6\
\xd2\xf9\xef/v\x8bU\xa8\x08(\x02\x8a\x80\x22\xa0\x08\
\xac*\x01\xfeR\xb3\xaa\x0a\x952E@\x11P\x04\x14\
\x81s\x87\x006Z\xb6e\xc9\xa5\xb7\xa6$\x1e:6\
\xda\x06\xd3^\xa7\xf3R\x05E\x80\x05\x167\xbc\x8bq\
\xf2h\xd9\xa6\xd9C\x1b\xe9\xc3Z\xc3\xb9z\x98>\xcd\
4\x0c?\x0d\x0f\xbb\x1b<\x8a/r\xe1\x18\x8bM\x17\
\x16\x0a\x0e:m\xaa\xc7N9\x0bP\xc3\x8a\xee1\xad\
\x83\x8aO$!mg\x83\xbb\xd8\xe4\xc4\x02v\x06H\
8\xee\x9c\xa5\x1e\x14\xd3\xd1d\xf2\x96z:=o\x9b\
\x86dg\x08\x22R\xbf<\x06\x16\xb9\xd8/\xe7q\xdc\
\xa6\xb4\x0dH\x9e\x1eII\xe1\xf6 \x04\xfa\xd6\x98\xd0\
x\x11\xf4^\x9c\xa4\xc2\x15\x9d.\xddZ\x0b\xad\xfa\xe3\
\x03\x91\xa8\x0f\xe9\x90\x96M\xdb}\x04\x8a:\x0eA\x0e\
yc\xcd\xcax\x0e$-^Ms\x01\x82\x06\x96m\
Hh\x14\x7f'\x10\x7f\x90\xcd\xfe\xb4\x0a\xc79\xd0F\
\xc9o\xf5\xb0t\xab\xf2\x9ag!\xb5\xc0\xd2\xcd\x17\xd4\
C7\xbf\x9b\x07\xc09p6\x1e\x02\x80\xff\xa3\x84M\
n\x80u\x1e\x80a\x1f\xf0\xdfoLn\x0a\xc2\x89\x08\
\xb7\x19\xbe\xd6\x07\x8b\x92\xdc\xb45\x18t{\x22^\xaf\
\xd7m\x9b\xce;\x98\x8bc\xa7yGt\xe2\x92\x91\x08\
\xe8\x90\xa1\xb5\x80\xd8\xc9\xe7+\xcf\x17\x00 \x0a\xe0{\
\x08N\xf5\x901\x83\xd5:j\x10\x97\xa2\x9d4\xf5\xcd\
\xf3\xba\xd8'\xad\xdb\xce=\xc3i\x81:\xd9'@\xa0\
\x06\x9a\xc7\xe5\x1b\x1f\xcf\xb8\x12\x1b\xae\x1f\xa8Wk\xaf\
\x07\xa3\xf1\xa7}\xe3\xebBB\xd7\x91\x8e\x8e\xc3L\xd7\
\x80\xd7\x1c\x0b\xe79\xa2\x09 \x05\xd4\x97t\x84\xd7\xbd\
\x06\x9d{A\xa3\xa0XH\x19\xd0j\xff\xd0\x13\x09}\
\xac4\xfd\xb3}T\xe9\x8c\x9f\xba\xd7\xebo\xb7\x9bc\
B\xd3\x05\xff\x95S\x1e;\xdb\xce!\xd1X\xb4\x87\x8c\
\xa5!\x08\xb2\x1d)\xe4L\xaecZt\xe3\x85c)\
\xaf'\x98g>\xb0\x95\xd7\x13\xc9\x96-.r\xa6\xb9\
\x00(\x5c\x12^gG\x12^{$\xebH\xc6\xc7\xbd\
\xb0$[)~\x88p\x9d#\x89\xd3\xc7\xcd\x1a}\xce\
8R\xf7\xda.\xb7\xc7Sl6\x0d\xcbq\xf0!\x02\
\xd0<\xf2x\xf8~\xed\x0aJ\x01\x024@Dg\xee\
8_\xf7\xb8]\x96m\xae\xef3\xe2n8\xe5\x83\xfa\
\x05t\xd6\x07;U\x0f\xa8\xeb\xe4#r\xd8yN2\
o\xa1iP\xab\xd5\xdb\xa8{~\xa9{\xf5\xe2\x81\xfa\
*\xa6\x08(\x02\x8a\x80\x22\xa0\x08\xac.\x01\xb1\xba\xea\
\x946E@\x118\xfb\x08(\x8b\x14\x81\x93' \x5c\
\x01\x13\x05Vl\xda\xd1#v6-+\xd5\x86H\xf5\
\x85\x00]\xb8\xd1\xb2\xcc$l\xd9{\xde|\xe6\x04=\
\xb6\x1bl+\xe0ry\xc8\x19\xd8\xd9\xe8\xc1\xe2\x81\x88\
\xe4pX\xdcM/\xe6\x1d\x1a0(\xdb\xb2\xc8\xb1\xe6\
J5,\xdd8\xb4|\xc5i\xc1n\x8e\x15\xd7^\xac\
\xc8\xbdw\xa2\x02xk\xdc\x89\x1f\xfd\xba\xcd\xb4A\xdf\
\x06\x9e\xc0\x8f\x9a\x8d\xaa\xc9\x0eA\xde\xd4v\x05\x91\xd6\
\xc1bc\xc4N\x1c\xb1\x13v\xea\x00D\xe2q\x179\
D\x9e\xec\x93\xdaV\xaa\xda)\xa4\xc8Q\xcf\xe0\xda^\
0\xedg\xf9\x92}c\x1e\xb7\x174\xda@s]\xc4\
NSA\xeb\x0e\x11\x81C\x16\xc4N\xbee\x19 i\
-\x97\xb3\x99\x1a\x84\xfa\xfe\xae\x9d\xf3\xec\x06\x9a\x1e\x92\
c\x9f\xe45\xe4\x0a\x1d{\x8f=w\x5c\xef,\x14\x9a\
Tr\xb4D/\x8b\xfab\x9b\x87\xdd\xf1G\x5c\xe8\x8a\
_v\xa5\x1e\xbb\xf81\x10L\xfd1\xf8\xed\x17@\x00\
_\x03^\xdf\x9b\xa0R\x7f\x0b\xd4\x8c\xb7B\xad\xf5v\
G*\xadwP\xd8\x91F\xfb\x1d\xd00\xdf\x01M\xf3\
\x1dn[8\xe2\xb5\xf5\xb7\xbb-\xf96w\xbb\xf9\x16\
w\xab\xf1\x06o\xbb\xf16\xb3j\xbc\xa7e\xb4_\xe3\
r\xb9\x86=\x1e\x0f\xd1\xeb\xf0g~\xcc\x06\x91\xd3,\
\x9c\x02@<\x10\x07:\x10\xb9\x89\xa0{G\xba`k\
\xe6\xe0B*?\x99S\x00\x1c\xa4\x87ma\x01:\x0e\
\x0e\x17\xab\x91\x93\xc8\xb6\xc9u$%\xd8\xe4T\xd7@\
\xb3\xdbn\x18/\xa6Jom\xe5R\xcf\x89\xf7\x0f\xc7\
\xc8\x11H\xcb\xcb\xb1\x93\xb4\x00 v\xda\x22\xa2\x13G\
D\xe0\x03\xb1\x13v\xe3Rt\xd2\xb5f\x0d\xfc\xbe`\
\xb1ob\xedw[\xe9\xfb\xd8\x11hs\x9d3.\x86\
\x0c\x83\xd1\x8a\xf2}\xc4\xffy\x05\xf7\xcfL\x10;v\
\xf2S\xa0\x9bFDgl\x5c\x07\x11\xc1\xb6,H\xc6\
\x13=.\xaf\xeb\xc9m\x0f\xbet`^\xbc86f\
</\x9a\xf3<'\x9as=;\xd0/\x9f\x1d\x18\x94\
\xcf\xe9\x88\xf7\xd9\xde\xa4\xfbY\xde\xa4\x97\x85\xe2\x9cf\
\x09=\xdb\xdb\x17z\x8e\xbf\x16\xf93\x7f+\xb6(\x89\
\xe7\x06\x8d\xea\xf3\x82F\x9d\xa4\x1bR\xbc\x11{~\x90\
$\xd2\x88>\xbf+\xfeZ\xcfs\xbd\xd4\x8f;\xb1\xeb\
\x19Z\xe2\xc1\x9b\x03\x03\xd3\x7fj\x9b\xee?\xf2\xf8\xbc\
c.\xafG\x22jl. vl\xe7\xb18\x19t\
AD\xba\x82S\x06t \x1d\xb4fi\xedY\xc3.\
\x13=\x94uFN\xb6\xc9\x22\x96\x02\x11\x1a\xa5R\xd5\
\xe3\xf1\xdf\x99\xba7\xd2<#\x9d\xabN\x14\x01E@\
\x11P\x04\xce1\x02+\x1b\x8eXY5UK\x11P\
\x04\x14\x01E\xe0|$\xa0\xd7mS\xd3\xddY\xdb\xb6\
h\xaf\x22A@g\xe3td\x16\x5c\xc6B\xde\x15\xda\
@K\x8a\x9a\xb6\x05\x9a\xcb\x85\x96a\xf4\x0d\xce\x83\xeb\
\xc8\xed\xce\xbd\x5cK\xe8^\xb0\xac\x00\x22A\xa0\xe1\x91\
\xc7\x80\xae\x9d\x93@\x02b'\x9fs\x98\x13\x8b\x13'\
nhw\xcaL\xda\x19R\xb5\x99H\xdbw\xd2\xce@\
\x84\xee;<\xac}e\x82\x88\x9d\x8a\x92\xad\x12\x8b\x89\
N\xd6\xd1\xae\xe5\x99;\x0b\xbeH\xe4\xdb\xf5\x5cf\xc6\
\xb6Mg|\x88\x9d\xa6\x88\x9d\xf0\xd0\xb6\x92T3\x0b\
\xf2\xcd\x81\xaey \x9cHF\x1b\xd5\xf2\xb3\x82k\xaf\
;\xe6\xdb\x81\xc3\xc3\xd7\xfa\x82\xc1\xd0\xd3\x8df\xf5\x99\
\xc1`$(PC\xb0\xec\x83\xfad'\x0e\x00;\xed\
X(&%Hd\xc7\x8e-\xcdv\xd3\x02\xa9\xfd:\
\x14\xf6\xff\x03\xc0\xf6\x15\xb3\x95\x9a\x04\x9bt\xc0\xc3\xea\
\xd8\xe2\x82\xc8%=\x10\xb8\xe4\x22\xf0\xe1\x1fA1\xff\
\x86F~\xee\xe3\xed\xdc\xbe/\x19\xb9\xa9\xaf\x99\xf9\x85\
/C5\xff)\xa8\x17>\x04\xb5\xea\x9fC\xb3\xf6\x16\
h6\xdf\x08\xcd\xd6\xeb\xa1\xd5x\x9d#F\xfb\xb5\xd0\
6^G\xce\xa2\xd7A\xab\xf9:hv\xa4]\xa9\xbe\
\xbe]\xad\xbe\xbeY)\xbf\xa1]\xa9\xbc\xb1].\xbe\
\xa5]*\xbe\xadY*\xbe\xb1\x90\x99\x7fEjf\xfa\
\xcf\xda\xed\xf6\x88\xe6v\x0b\x9a\x1c\x87\x9a\x10:H\x10\
@3\xe1\xacL\xe4%\xe6\x94t\xe6\x08\x11A\xd2\x5c\
!.\xae\x19\x8b\xbc\xba\x8b\xe5\xa7#@D\xe0\xdb\x8d\
\xd7\x22\xebG\xe4~\xd9\x5c\x8dLF@\xf2\xa5\xb3=\
n\x97W\x0bE\xe3\x975M\xf96\xb3Vyv|\
d\x22\x0eBC^g\x5c\xcem\x81\xd63\x8f\xcb\x89\
\xd3\x85\x87\xc6\x82\x92\x126_\x90\x22\x8b\xfd\xd1\x18)\
A\xeb\xdeMh\x8d\xa0m\xe35\x83[\x9e\xec\xe5\xbc\
\x87B\xa4&\xe3`\x19>z\xca\x1f\xb5{\x1e\x8bE\
\xce\xaa\xa5\xf1\x02\x8d\x85j\xbb}\x01\xac\xd7\x9b\xeb\xa7\
\x1e\xbc\xef\xcf\xe7&\xf7~`~\xdf\xae\x8f\xe6\xa7\xf7\
~\xbc\xb8\x7f\xdf\xc7\x8b\x93\xfb?Q[\x98\xf9xm\
n\xe6c\xb5\xb9\xd9\x8f\xd6\xe6f>\xda\xcc\xcc\x92L\
\x7f\xa4\x99\x99\xf9\xf0\xa2|\xa8\x99\x99\xfe`35\xfd\
\x81\xfa\xfc~5\xd0]\x10\x00\x00\x10\x00IDAT\
\x92\xe9\xf7\xd7\xe7\x1d\xf9\x8b\xea\xec\xd4\xfbH8$\x99\
&\x99z\x7fuv\x86d\xea\xfd\xa5\xd9\xe9\x0ftd\
\x86\xda\xcc~\xb0\xb90\xf7\xd1vv\xee/\xad\xec\xfc\
'k\xf3\x93\xd4\xf7\x9e\x0fW\xb2\xb9'\xfb\x03\x01\x0f\
\x00\xcd\x0c1g\xdby>h\x86\x9d\xf5\xc7\xa1\x94\xfc\
\xe2\xb5\x0d<\x7f<F\xf2\xfc\x02\xfd\x80\x01\xcdv+\
\xd1\xb4\xec\x93\x9b\x13\xe7\xd7\x92\x09\xce\x09\x9e\x1a\xfdP\
C\xd7\x05@\xdb,\xb8\xbc\xde\x1d\x00w\xb0q'\xa8\
EU?\xaf\x09\xa8\xc1+\x02\x8a\x80\x22p\x02\x04\xe8\
\x13\xe7\x04j\xab\xaa\x8a\x80\x22\xa0\x08(\x02\xe7\x15\x81\
\xbc_\x18\xb4I\x9a1\x0d\xc3\xa4\x0f\x0c\xdaK\xf1\xa6\
\xf6\xc8\x08\x10\xd1)\xa0J\x80\x88\x8ep\xdc\xe7\xf3a\
\xabQ\xef5\xdc\xa1\xb0S\xe1<\xb8hV+\x02\xa6\
\x19r\xbb;\xbfe\x86\x88\x87\x8d\x9a\xd9\x1c\x9a\x89\x88\
\x0e7r2H\xb3\xd9j!\xea\x93\xbbw\x07\xcdC\
\xeb\x9dl\xfaH}\x1e]\x97\x06 \xc8\xc3q\xf4\x0a\
\xcbKd\x03\xed\xbb\xc1\x1b\xbc=\x9fN\x95\x81\x5c>\
\xdd\xc2#\xf5\xd9\xcd\xe3\xd0\xe5r|\xc4\xe8\xf2\x04\x10\
\x1a\xb5\xebd\xddx\xe6\xe0\xe0\x16\x7f\xb7\xfd\xa1a\xdb\
\xef]_]\x98~^8\x96\xe8EM\x07]\xd7\x1d\
f\x88xP\xd8m\xc7}\xb03\x16\x11\xc10[P\
\x9a\x9d\x99\x0f'\x93_\xad\xf8\x06O\xe0\x7f>\xb5\xbb\
\xea\x9c\x90u:\x91\xe3\x5c\xd8\xb9@VQ\xad\x83\xdb\
S\xc6\xe9<\x05\xf4\xac\x89\xb8{6_\x0c\xde\xf2s\
\xa04\xfd\x97P{\xf0\x16h,|\x18\xd0|5\xf8\
{\x9e\xea\x8a\x0e_\xe7\xed\x9d\xb8(8\xb8v\x228\
8\xde\x1f\x1a\x9a\x88\x85\x87\xc7#\xe1\xe1\xb1Pt`\
$\x18\x1e\x1c\x0a\x86\x07F\x02\x1d\x19\x0eD\xfb\x86\xfc\
\x91\xfeaG\xa2\x83#~\xaa\xe3\xef\x19\x18\xf6Q\xbe\
/\xda?\xe4\xeb\xe9\x1f\xf6S<\x10\x1d\x18\x0eQ<\
\x18\x8e\xf7\x05zz\xfb}n\x9f_\x17\x9a\x86]^\
\x1c\x22\x22 \xd0\xda\x82#\x1f\x88\xb8X\x80(\x85\x14\
\x8b\x89\xd3\x12\xb0=\xac\xf8H\xa1\x04\x0b\x10\xd1qN\
\x06B!\xbdU-?\xb1Q)=\xa3gp8&\
4\xb7 \xc7\x8d\xe3\x0c\xe4\xf6\xbc\xbe8D\xec\xda\xce\
\xa9\xc3\x05\xf1@9\xaf\x0dj\x87^\x9f\xdf\x97\xd9{\
\xd73\xab\xa9\x85?\x84\xf1\xad'\xe5|:\xbc\xa7\x13\
\xcc1\xc9\x19\xe8r\xbbyL\x88\x07l<T\x0bj\
\x87O\x87\xae\xe9\xc2\xe3\xf3\xb9\xa2\xfd\xc3\xa1H\xef@\
\x88\xc2pdh\xac':\xb2&\x1e\x1de\xb9 \x11\
\x1d\xbd \x11\x1eY\x9b\x0c\x8f\xacK\x86\x87\x1d\xe9\x0d\
\x0f]\xd0\x1b\x1a\x5c\xd7\x1b\x1aZ\xd3\x17\x1aZ\xd7\x17\
\x1a\xbe\xa0/4\xb2\xb674Ly\x8e\xac\xa18\xa7\
'\x92\xe1\x91u\xc9\xc8\xc8\x04\xc9\x9aDdd\x9c\x84\
\xc3\x89E\xfdk\xe3\xd1\x91\xb5\x89\xc8\xe8\xdadtl\
}_dt}?\xc5\xfb\xa3ck\xfa\x22\x89dX\
\x13\xba\xa0\x03\xe98t8\xce\xdcv\xf3\xbbk\x80\x9e\
\xbd@\x1c\xc0j\xb6\xfc\xc2>Ig\xe0\xb2\xdb\xbd\xab\
\xf7\xb0\xce)\xa3\xdb7E\xe9gG\x16\x90\x9d`\xb5\
\x0dI\x91\x92\x07\xad\x14\xe7+Q\x04\x14\x01E@\x11\
P\x04N\x17\x81\xc3?\xd5OWOJ\xaf\x22\xa0\x08\
(\x02\x8a\xc0\xc3\x8f\xc0\x8c\xc7\x90\xb65e\x19\xed\x16\
\x80\xbd\xb89\xe6a _\x0e\x92\xee\xa6\x8778\x9d\
8\xd7A@M\x070\xdb1D\xb3\xef\xa0\x06\xe7l\
\xe2f\xcd\x06}\x1c\xc0\x8a\x80\xd0\xc0\xb6mg\xa4\x1d\
&N\xd4\xb9 b'$\xff*\x92\x00\x08\xda\x9c\x22\
\x98\xd2v8S\xbb\x06}H\xcf\x00\xdca;\x15\x0f\
\xbe\xac,e\xdb\x8e\xe6\x95U>\xbc\x96\x90H&\x1c\
\x9e\x7f\xc4\x9c\xd4\xbd5r\xd0\xdd\x06\xcd\xf6N\xb3\xdd\
\x94\x8e\x1f\x91|\x89\x9d\xe1\x1f\xae\xa6\xcbC8\x16\x0a\
0,\x0b|\xfd\x83\xb1Z!\xf52\xc3\x15\xd8p\xa4\
>b\xeb\xae\x0e\xb7j\xf5?\x03o\xe8B\xdd\xed\x11\
\xe4PA\x9bL\x94\xc4\xb9[\xbf\xab\x17\x00\x89'\xd0\
!\x00Q#\xba(\xdb\x8d\xba\x05\xfe\xc0\x8fu\x0f\xfc\
+\xec\xfe\xb7\x16\x15\xae\xe8$\x0c4E4?\xa4\xa5\
\xdb@\x22\x00K7}\xac\x90\xab\x1e\xab|\xd5\xca\xc6\
\xc7\xbd\x10\xdb\xb4\x11*\xf2\xb5\xed\xc2\xcc-\xd0\xac~\
X\x8f\x0c<+:|\xe9\xd5\x89\xf1KF\xe3\xe3\x13\
\xd1X_\x9f7\xdc\xd3\xe3\x0a\x06\x83\x9a\xd7\xebE\x9f\
\xcf\x83^\xaf{I\xdc\xbeN\xdc\xe3\xe1|\xaf\x93\xef\
\xf1{\x90\xd3,n\xb7\x8e,.\x97Fy.G8\
\xee\xe6\xf4b\x19\xeb\xe3<M\xa3E.i\x82Y\xba\
\x83\x94\xe4d\x83\x15,i\xe4\x06+%\xccu\x8f/\
\x88\x8e\xd2\xe3Td\xdbl\xa0\x09\x07i\xd9T\xd7\x06\
r\xd2\xa0\x0d2@NA/\xf2\x98\x84t\x9c7T\
\x08\x88\xbc\xce\xa4S_\xc0\x01\xfd\xdc\xde\x11*G\xec\
\xe4w\xd6\xa6\xa4f\x92\xeaK\x0a\x81H\x08\x88\x8d\x5c\
0Z\xce.\xbc=d\x94.w2\xcf\xec\x05-\xcb\
\x8a\xd3\xcd\xe2f\xfbX\xba\xdds\x9c\xc7\xc4\xe3\xe0<\
N\xdb\xd0\xb1\x9b\xd3@\x8f\x17B\x01\xba\xae\x933\xdf\
\x8dn\xaf\x07]n/\xba=>ty8\x8f\xd7\x8a\
\x1b\xddn7\xf2\xdaY.n\xaf\x0b=\xb4\xd6<^\
?zh\x1dr\x99\xdbE\xeb\xcd\xe3A/\x09\xa7Y\
\x9c8\xb5w\xb9\xdd\xe8^\x96\xef\xe6>\xa8/\xdd\xe5\
B\x17\xf5\xc5}\xb8(\xee\xa1z,.\xb7F\xf5u\
\xf2_\x0a\x9e \x1a^\xd7nA\xa6\xb3P@\xa7\xdd\
y@\x01bg\x8e\x105\x9ao\x1d\xa8\x01\xf9\xe3\x8c\
\x00U9-'sca\xe5\xcc\x95CZg`\xd9\
&\x80\xd7[\x92~_\x9d\xf3\x94(\x02\x8a\x80\x22\xa0\
\x08(\x02\xa7\x8b\x808]\x8a\x95^E@\x118\x1d\
\x04\x94NE\xe0L\x13\xd8f\xd1\x16i\xbfm\x1au\
\xda0\x02\x22:\xd2\xdd\xbc\x1c\xc9\x9an\x19o\xb2\x10\
\x114M\x03\xda-F\x0d\x84M\xe0\xfcqy8\xa7\
\x8fDb\xceo\xdb\xd6\xd5\x18\x08\x05ys\xc7r\xac\
\x01wyu\xebp}fG\xa0\x8b\x00Z\x9a\xf2\xbb\
\xbbX\x8a\x9e\xc1\x13\x01AH\x01\x95\x0a\xc2\x0a\x8f\x98\
\xee\x9b\x0e\x8e\x8c\xdeZ\xcc\xa6\x8b\x86a\xd0\xd0:\xa6\
S\xe40\x0d\x88H\x9bn\x01<VD\x04\xde\xcc\xbb\
]\x1e\xd4<\xae\xb5\x99\x5c\xeay==[\x22p\xf0\
!Pz\xae(-L?-\x9c\xe8\x0d\xe8\xba\x0b\xe9\
\xa0={\xa7\x8fnU\xce\xe38\x87,\x1c\xb7,\x03\
\xc8\xa1-[\xc5\xcaT\xac\xaf\xff\xbb\xf9\xdd\xbf(s\
\xfeJE\xda\x8eS\x0ay\x1c,]\xbd\xc7k\xcfN\
\x14\xb9\xdcyr\xbc\x06']\xbe\xc9\xed\x8e_|!\
\xcc\xc1k!?\xf5er\xbe\xbf\xda\xd77qe\xcf\
\xd8\xda\xdeH,\xe9\xd1\xdd^!t\x17--Mh\
B\x17\x9a\xa6\xd1\x10\x90\xe7\xb5+\xce<\xf0\xd8x>\
8dS8d\xe9\xe6q\x9c\xf3\x97\xcb\xf2<\x8e\xb3\
,/\xe78\x22w\xc3\xb1\x8e\x1c\xa9N\xa7\xe4\xf4_\
yNN\xa4\x17\xb6\x15\xe9 \x80\x88B\xa7\x18:o\
\x04\x0a!\x80\x85uQ&\x07\x87\xadE\xce\xe4\xf6\x1c\
v\xebp|\xb9\x90R\xd4]>\xe1\x0f\x87\xd6W\x8a\
\xc57D'\xae\x1b[^~&\xe2\xa6eDAh\
\xbc(\x9c\xee\x8ef3\x8f\x81\xc5\xb9\x1b\x9c\x9a'~\
\xa1\xf6\x07\x9d\xc4\x90\xd2\xdc5\x91\x10\x82\xe2G?\xa9\
7^H\x07\x09\xd7>R~7\x8f\xca\x81\xfa\x00\x0e\
Y(\xff\xa0\xf3\xd0<\x1e;\xdd\x1f\xec\x0ct\xb7A\
\x1c\xfa\x0c:\xa8\xed\xd1\x13'N\x88\xfb\xa5N\xa1\xd5\
\xa8\x83\xdb\xe3.\xfb\xcam\xeb\xe8\xfaU\x89\x22\xa0\x08\
(\x02\x8a\xc0\xf9C\xe0\xf4\x8dT\x9c>\xd5J\xb3\x22\
\xa0\x08(\x02\x8a\xc09@@\xa2\xb0\x17@\xc3\x02;\
\x04@\xf0K\x16\x07;_\x0e\x8c\x91\xf3Y:9\x02\
\x90\x9a\x09\x00\x10\xe0\xf6\xfa\x82F\xa3vMl\xa6\xe1\
\xa7\x8cs\xfb\xf4A\xc8hU\xaf\xf5\xfa|\xfc+\x7f\
\xb4\xd7\xc4\xe3\x8c\xb7\xc3H\xc8\xa5\xb7\x90\xa8\xbe-]\
\x1ew\xda2\xad<%V\xf5\xe4m*\xcbJ\x94J\
A\x13\xbe\x92\x8a\x8bu&'\xb75=R\xfc?\xda\
}\xff\xaa\xd5\xa8\x99\x9cM.\x06\x0axl\x14\x1cr\
:\x1b`\x8d3m`'\x0d\xc3\x8aD\xe2.\xa8\xe6\
\xfe\xb0,\xea\x8f\x02\xb8\xd9)\xe5\x1a\xa1\xa1\x8d=\xb5\
b\xf6\x85\xaeph\xcc\xe5r\x0b\xaa\x0b`\xf3z\xb3\
\xa9\x98\x85\x82e\xa7\xa3\x9b\xd2\xce\xc6\xde\xb2e9\x9f\
i\x80\xd7\xf77\xb2\xd8\xfc%e\x9f\xc0\xb9\x8b\xeb\x22\
\xf7u\xbc\x99\xe4\x8aG\x12\xb2\xf2d\x9b\x1eI\xdd\xc1\
y\xc9MA=\xa6?\xba\x9d\xcb~\x8a\x80\xbc=4\
\xb0\xe1\xfa\xc4\x9a5\xc9@ \xe8\x06D\xe6D}\x0b\
r`\x019\xabh\x18\xb6\x0d|/w\xf9HZ\x0c\
, \x10(\x0a\x0e\xd7\x83{pR\x02h\x14\x14\xe3\
v6U\xe4\xb0#\xd4\xee\x88i\xea\x16\xa8\x95\x94\xd4\
o\xa7-5\x07\xa7-\xe7S15\xa3,\xd1\x91\xe3\
\xf4O\x95\xce\xf0\xd9\xb1\x0b\xed\x8e\xed\xcc\xc5\x11\xd0\xc8\
z\xcd\xe1\xc4\xe3?\x9aQ\x5c\x97\xcbx\x8c,\x1c\xef\
\xe4\xd1\xc0\x81\x99u\xf4\xb2\x0ez\xc8B(D\xeb\x1e\
\xe1\x0f\xea\xc5\xe2Kb\xb1\xab\xc3\x5c\xff\xcc\xc8\xcd\xc2\
\xb2\xad\x10\x90\xc7\x0c\xb13_\xdd~\xd96\x8b\x9eK\
l\xbf\xa0L\xa4\xb9t\xee\xd3\x8e\xe9\x94\x03`-\xae\
\x0b\x9aXp\xd6\x95\x93s\xc0\x8f\xc5UmR\xc0\xba\
\xb8\x01\xa7\x01\x99\x01\xa7xMr\xdd\x03\xf7\xafM}\
X\xb4F;\xa5TN\x11\xa7\x0d\x87TFA\xe7\xe4\
w5I:\x09\xaa\xb7X\xc6uY\x87\xb4\x11\x1c\xa1\
|\xa7o\xae\xcb\x02\xdc\x17K\xb7\xe5\xc1!\xd2\x00\x91\
\x0e\x90B\xa7\x1f\x22\x84\xa8\xf4\x80\xb1\x948\xeei\xb7\
\xb9>\xcb1\xabJZ\xefd\x22\xa18P\x95\xbbe\
\xd1\x84V\x9f\xf4\xa7\x8fn\xe415\xab\xc2s\x86\x80\
\x1a\x88\x22\xa0\x08(\x02\xa7\x99\x00\x7f\xb6\x9f\xe6.\x94\
zE@\x11P\x04\x14\x81\x873\x01\xe9\x0d\x14u\x97\
o\xb2^\xafY\xbcQ\xa1=\xe3\x8a\x86\xd3\xadgY\
\x16\xfa\x03\x01W\xb5\x5c\xba\xda2<\xf1\x155~\x18\
W\x22\xe7\xd7\x88Uk\x8c\xf3\xaf`\xf20x#\xca\
\xdc8\xce\xd2Ms\xc8\xe9\xe5\xd2\xcd\xab\xd5\xeb\x96\xdb\
\xed\xd9\xe5jWN\xe8\x0d\xb6\xe5\xba\x8e\x15_n\xcf\
\xd1\xeb\xd9\xe4\xf4\xa0]\xfc\xd1+\x1c\xb1$73\xbc\
\xe0\x0b\xc6\xbe\xd2\xc8\xcc\xcfI\xcb\xa2\x937\xfb\xcb6\
\xeb\xb49\xef6\xec\x8e\x97\xd3\xecH\xa01\xd3V]\
\x03_\xb2w\xc8\xcae_\xe9\xed\xdd\xd7}KJ\x08\
\x08>\xaa\x99K=2\x10\x08i\xdd\xb5\xc5\xed\xbac\
\xe9\xea:4\xb4m\x13Z\xcd:X\xb5\xf4\xbd \xf0\
[\x85\xc2\xf6\x93a*\x80\xf6\xec]\xdd\xdc\xefY \
\xe8Ol\x19\x80\x92\xf1z3?\xf9)w<\xb15\
>4\x12q{\x03\x02h\xa0\x80H'\x82M\xf8\xbb\
N\x11\xc4N^\xd7v\xc4N\x1a\xb1\x13v\xf3\x8f\x14\
\xda\x80\x8b\xd9\x02\x10\xd1\x11\xce@\xec\xc4\x11\x0f\x0f\xbb\
\xe5\x1cve\xf9\xdcu\xf3\x96B)h\xa1\x90P\x86\
\x04\x0a-\xf2\x98P|5\xcf\x13Y\xd1<\xdf\x88\xe8\
t\xcfq^\xa3\x9cBD\xe04\x22\xa7\x9c\xe2\xc3.\
\x5c\xce\x99\x88\x9d\xba\xdc\xb6\x9b\xd7\xcdGD\x87#\x22\
\x02\x08\x0d\xe3\xf1^_\xbb\xb0\xf0\xfc\x92\xac<\x05`\
\xab\xce\xf5N\xbbl\xcd\x90\x81\xe0r\x0c\xa1\xce\x10\x91\
\xae\x9d\x13\x11\xa1;_]\xdb9D<P\x07\x96\x1d\
\x1a\x0aG\x0d\x22\xa9\xa4\xfb\x9c\xebr1\x22:\xf9\x1c\
g\xe9\xe6s\xfcPAD\xe8\xf6\x09\x87\x1c\x88\xe8\xe4\
H\xe7z\xf0\x05\xb1S\xc6\xb9\x88\xe8\xf4\x87\xd8\x099\
\xefx\x82\xcb\x94\xda\x5cY \xfd|Fx8z:\
e9\x0bD\x84v\xbb\x0dB\x13+\xfe\x13\x06\xa7\xd3\
6\xa5[\x11P\x04\x14\x01E\xe0\xdc& \xce\xed\xe1\
\xa9\xd1)\x02\x8a\x80\x22\xa0\x08\x9c*\x81\x84\xe5.{\
|\xa1{\xdbf\xabM{\x15G\x1dol\x9d\xc8A\
\x17\xa4\x14\x0b\x05t\xf2\x86\x0e\x11\xc1\x92&\xe8\x1e\x17\
\x82\xd9\x9a0\x8d\xda\x05Tt\x0e\x9f7km\xcb|\
\x04h\xae\xb8\x10:\xf2F\xcfq>\x88\x0e\x17N\xf3\
\xe0\xbb!\xc7\x01l\x0al\xe7}\x1a\xce\x17\xf4\xc9\x5c\
\xabV\xda6\x88\xdf\xce\xcdmoR\xe1\xaa\x9f\xdc\xcf\
\x8a\x94J\xe8\x18\xbe\xa2\xca\xddJwX\xbaK\xffo\
\x08\xf6\xfc\xb0^-\x19\x1a\xf9\x05x-\x08\x09\x806\
]\x00\x96\x1c)\x88\x07\xd4\xa3\x8d\xce\x9bEH\x87\xee\
&\x87V |\x0dj\xf2i\xb0n\x9d'>|\xed\
@\xb3\xd9z\x89'\xde\xdf'QC\x87)\xe9\xe1S\
#\x13Y7\xc7\xbb\xc2\xe3#5\xa0i\x1a\x80e\xcb\
J\xa5\xd8\xf2\xc4\xc6\xff\x16*\x97\xf2k~\xb2[o\
\xc5\xa1\xa0\x1e\xd1\xa6\xea6P\xcc\x11J\x1c\xf3\xc4\x13\
\xef\xe5\x98\xfa\x0e+Ll\xe9\xaf\x97ro\x81v\xe9\
\xb5\xa1\xa1\x0d\x1b\xbd>?;.\x04\x8d\xdb\x81*\xc9\
\x09\x8a\xe4Z%\x97\x068\x82\x94:\xca\x1bW\xac\x9b\
\x1d\x86\xc0\xce8\xa0\x05H\x22\x17\x05(\xe4\xf2\xae0\
[Iz\xe8\xa4\xf9\x02\x12\xfb\x88bQ\x05F\x80\x88\
\x80\x88\xc0q~c\x8b&\x1f\x90\x94!\xd0\xdcP\x7f\
\xac\x0f\xf8\xa0\xb8\x13p!GHl\x92\xd5:I\x17\
\x9b\x00\x88\xcb:8\xa6r\x9b\xeaJ\xb0\xb1\xc3\x83\xab\
rK~s\x8cF\xcdI\x1a\x8a\xa4:\x9c\x0bN\x9c\
3y<,\x1cw\x84\xd7<\x09b\xa7\x1eb'\x04\
@@\xd6-\x88\x0dr{\xeaO\xd7\xb0gx|\xc0\
*d\xde\x10\x1a*]\x09p\x08|\xca8='\xd2\
0\x05\x08\xb2e\xb9~\x1e\x07\x0b\xe7ID\xb0)\x22\
\x11\x80\xdf\x16\xa4\xe8a\xa7S\x97\xc6*-\x1bP\x82\
#\x04\x86\x06G\x1ei\xe8\x1e\x07xvs\xba!\xb7\
g94\xcdy,\x9cOj9 \x9dd/\xad!\
2\xc7IK2\x8cz\xa5\xeedG\x9c'\xaa\xe5\xc4\
;\x15\xa8_^c\xa8\x01U\x05p\xc6\xda\xd1\x86\x88\
TE\x90\xbd\x02$\x08\x8aS\xc0'\xc7NF$)\
G\xc0\x956E\xecT\xe51J\xa2\x8b(\x0c\xf0\xf9\
\xe4J\xdb\xabz\x8a\x80\x22\xa0\x08(\x02\x8a\xc0\xc9\x10\
p>\xf1N\xa6\xa1j\xa3\x08(\x02\xa7J@\xb5W\
\x04\x1e\x1e\x04&'\xb7\xb5\xfd\xbe\xc0v\xabZ\xadY\
\x86\x09\x96e\x02bg\xf3r\xa4\x11 v\xcaxc\
\x83\xd8\x89k\xc2\x05z \x10n4\xea\x8f\x86M\x9b\
\xdcGjw.\xe4\x85\x87g\x22\x85B\xe1Q\x81H\
4\x80\xb4\xa9\xec2@\xecp\x80c\x1c\xdd\xba\xa6i\
J\xbbY\xab\xd8\xa6\xf5[\xaan\x93<\xec\xce\xca\xec\
/\x0b\xe1h\xe2\x1b\xad|\xfe\x81V\xabA\xbe\xa3\xce\
0hl\xceX\xd89\xc8\xe3\xe5\x04b\x87\x0d\x22\x87\
\x02t]\x07\x97\xcb\x8d=\xb1\x84\xbf\x91N\xdf<(\
\xc6\xaf\xd4|\xc1'\xb7j\xf5+\xbd\xfe\x90.\x04m\
\xe6\xa5t6\xf9\x88\xe8\x84@\x07b'\xde\xd5KY\
\xc0o\xd9\xd4\x1bU\x0b\xa4\xf8E(\x1a\xfd'\x80;\
\x96{%\xb8\xca\xf1\xc5\x1cf\xc3\x8e\xb9\xe6\x8f\xa6\x84\
m\xc1\xd3\xb1\xa5\x0f\x5c\xdc\x07\xf9\x857\x83m>\xb7\
gl]\x5c\xd3<d#b\xbbm\x80i\xb6A\x08\
r\x94\x90 \xa2c\xb7\xcd\x8e9bv\xa8\x9d\xdd|\
\xb6\x93\xe5\xd0\xf2\x03ir\x92 \xf9_H\x10\xd1\xd1\
\x89x\xf4\x90\xfbG\xec\x94\xb3^\x16Dt\xec\x82C\
\x0eD\x5c\xcaA<\x10_\xca\x5c\xd5\xc8\xa9O\x06\x8f\
\x85\x05\xb1\xb3\xde\x98!\x9b\x88\xd8I/\x8fs=N\
wyp\x9c\xf3\x10\x0f\x8c\xb3[\xc6\xf9\x9a\xa0\xe7\xa4\
\xcb\x87\xeeX|s\xa3V{\xe7\xe0\x86G\x9d\xfe\x1f\
\x9elKJ@hK\xb3M&H6\xf1\xa4\x04\xf1\
\xc0\x98\x10\x0f\xc4\xbb\xcaH\xb9s\xaf\x1e+<\xb4n\
7\xdd\x0d\x0fm\xcb\xec\xbby\xdd:K\xa1\xa4-\x0e\
\x0be,\xaf\xb7<.\x17\xed\x94rq\xee(\x8d\x88\
\xe4\xf4d\x0e\xd2\x14\xba\xa8QsNPp\xfaOD\
\xa4\xcfW\x8b\xfa\xb7N\xfc9u\xfa\xcdS=(\x02\
\x8a\x80\x22\xa0\x08\x9c2\x81\xb3K\x01}R\x9e]\x06\
)k\x14\x01E@\x11P\x04\xce:\x026\x02>\x08\
\x12s\x96mH\xdeL\x01H\x10\xb4Eb9\xaa\xb5\
\xa2\xb3\xa9bg\x08m\xd80\x10\x8c\xb8\xedB\xfe\x91\
\xde\x9c>t\xd46\x0f\xeb\x82\x9b\xc9'\xa3_\x08\xb5\
\xca#<^\xbf.i\xfc4n\xe0\xf1\xb3t\x87\x86\
\x0d\xe7\x00\xc3\x00\x00\x10\x00IDATv\x87\x1d\x22\
:\x9bcf\x89\x88`\xda\x16\xb0c\xc0\xa6\x104-\
\x05\x9a\xbd\xaf\xdb\xe6\xa1\x09\xc9\xa8\x93\xff\x96`\x97\xbd\
\x99{<\xf1\xc4m\xe5|\xbe\x84\xfc:\x95F\x0e\xa5\
E&\x9d\xf1\xb0r\xca\x93\xb4\x90(C:\x8b\xc9\xa6\
\x98\x00D\x0dP\xd3\x85\x1e\xed\xd9,t\xd7\xbbl\xab\
\xfd\x9apO,\xa2i.\xa4\x0a\x1d\xa6\xe8D\xc1&\
\xb8,\x9c\xdf\x11A\x01\x09j\xb4\xb16e-5\x9f\
\x0a\xc6\x12_\xc8\xf64N\x9e'\x0a\x9a\xca\x8e\x9d\xd4\
\x9d\xd3?u\xb2\xb2\xd31\x93\xecYY\xed\xe3\xd7\x0a\
o\x8a\x01\xb6^\x05 \xff\xacolML\xd7\xdd\xc2\
\xedv\x81\xcb\xed\x05\xcd\xa5\x03\x12g\xd36\x80\xfc\x7f\
\xb4\xbe:k\x0c\x91\x8d\xb0\x81\xa7\x81\x06B\xf9\x8bc\
\xa1|$\xa7!\xa5\xe8\xa4\x9b\x9a\x94Bg\x22\xd8\xdb\
j\x83\xb4l\xaa\xef\x08\x81&\xcc\xce\xea\xb5%-N\
$eB\x08\xd9\x15\x14\xbad\x11\x94G\x83\xa0\xe5/\
\x1d\xa1z\xd4/\xf5\xcf\xf3\xccB\x85\x87\x9e\x5c\xe7\xc8\
y\xf6\xa1\xd9'\x9d\xa6\x19 #@v\xfb\x22\xcb\xe9\
\x19F\xb9\x87i\xec\xa28\xa4\x00\xa99\x0b\x08\x1a\x8f\
\x06\xb6\xe4\xb4F\x95\x040k~[\x8e\xd9#\xad;\
p\xea\xa0s?K\xaeGi\xe2\xe8p\xe7\x10\x16\x0f\
D\x04\xb0\xa9?\x16@Z\xaf\xe4\x03\x12\x02C\xa1\x88\
.\x0d\xe3\xd1\x95r\xede\xd1\xf1\xad\xd1\xc5\xea\xa7)\
\xb8\x83\xe6\x8d\x9d^\xe8\xc0F$\x9b\xa8'$\xb3\x96\
\x0be9g7OJ\xa7\xba\x93Gc\x94\xc4@r\
x@(\xc9'\xd0\xb0I\xa8\x22i\x04Gpq\xed\
P1)\xe1~\x0f\x16Da\x1f\x10\x8d\xe2\x9a\x0d\x82\
E\xa7xW:uh\x12m\xa1\x01\xadC\x90\x9d\xb7\
\x90\xe9\xd1KkQ,\x0ar\xa8\xb9\xa8\x9c\xf3\xe9!\
#P\x22\xaf\xd1E\x1b\x04\x95k\x9a&\x81\xd2@e\
,d\x1f\x80e\x1bB\x88\x93\xff\x1f}\xa5\xa0Q\x93\
\xd0\xc0Wz\x12\x0f\x82%A\xd0\xfd\x05\xdbCr\xa5\
\xedT\xbd\x87\x01\x01e\xa2\x22\xa0\x08(\x02g!\x81\
\x13\xfb\x94:\x0b\x07\xa0LR\x04\x14\x01E@\x118\
\x13\x04\xda)=\x18\xd9\xdd\xa8Vh#%\xc1\xa6\x9d\
\xdfJ{\xe5\x0d\x0e\x00\x92\xb3\xc2\x87\xe0um\xb0L\
\xfb\x89\xfc\xab\x9fp\x8e\x1d\xfcV`\xb5\x90\x7f\xba\x16\
\x0e\x0d\x80&\xc0\xd9P\xd2\x18;\xe3\xa7\xc8\xe2)\x84\
p6|\x9c\xcfu\x98\xa5a\x18\x80\xa09\xce\x80z\
\xadd\xb9\x02\xa1\xdf\xb6<\xb0\xea\xffy\x08\x9c\xf0!\
qScM\xc7;p\xa2mw\xefn\x85#\x89\xff\
\x07\x96\xbc\xab\xdd\xac\xdb\xce\x18\x11\x01\x11\x9d\xf5#%\
9>\xc0>L+saF(t\x88\x84\xa3\xber\
9\xff\xe8V\xab\xb9As{P\x10;\x16Dt\xda\
q]'r\xc8\x05\x91\xfa\xb0,\xd9\xacWm\xf0\x05\
\x7f\xec\xf6\xc1\x8f`\xfbv\xe3\x90j+K\xea3\x1d\
\xf7\x18\xd5F\xec\xf4K\xd1\x13<\x1d\x8f\xd0\x09\xb69\
R\xf5\xadzO<\xfe\xfbP\xcd\xbf8:8\x1c\x07\
Mw\x98XV\xc7\x91\xac\x09\x17h\x9avXCD\
t\xb8wy1C\xc1y`Ki\x9b\xd2\xb6\xdav\
\xbd^5\x8a\xb9t53\xb3/\x9f\xd9\xb77\x9d\xdd\
\xbbs\x9ed6\xbb\xf7\xfe\xe9\x8e<0\x9d\xd9\xb3s\
&\xbb\xe7\x81\xd9\xec\x9e\xfb\xe7\xd3\xbbw-\xa4\xf6\xec\
\xcc\xa4\xf6\xec\xca\xa5\xf6\xed.\xa4\xf7\xed.\xa6\xf7\xef\
-\xa5&\xf7\x96\xd2\xfb\xf7\x95\xd2\xd3\x93\xb5j\xb9l\
\xd9\xb6-\x11;\xfd\xb3a\x88\xc8\xc1\x92 \x1e\x9c^\
*X\xe5\x08\xad4)\xc9\xbd\xc2\x17\x96\x95\xaaG\x5c\
\xb4\x8f\x1as;Dt\xee_\xc4N\xd8\xd5c\xdb6\
\xb0\x98f\x1bl\xa3-9\xce\xf5\xb9\x9cCD\x04\xe6\
\x8e\xd8i\x87\xb8\xa8\x17:\x07\xd7\x11Bs\xe6\x09h\
\xed\xf7$\x07|\x95\xf9\xfd\xcf\x12\xb2\xf9\xf4\xf1\xf1\xad\
^8}\x87tk\xae\x12=|L\xb6\x81eyW\
\xe4>s\x92H\xecX\x9c\x84s\xe9\xd8O\xf5\xa5\xd1\
\xaa\xdb\x85\x5c\xa6\x9d\xcf,4\xf3\xe9\x85F.5_\
\xcf\xa6\xe7j\xd9\xd4l5;?S!)g\xe7\xa6\
\x8b\xd9\xd9\xfd\x85\xec\xf4\xfe|fz_.=\xb97\
\x9b\x9b\x9e\xccf\xf7\xef\xedJ&;\xb9'M\xe9t\
f\xdf\xeeTfr\xcf\xa2\xecMe\xf6\xeeNe\xf7\
\xefKe\xf7\xedNS~:\xb3\x7fofQ\xb2\x99\
\xa9\xc9,\xad\xb7lz\x8at\x92\xee\xf4\xcc\xfe|z\
f\xaa\x90\x9e\x9d*vd\xba\x94\x9es\xa4\x9c\x9e\x9f\
\xabdSs\x95Lj\xae\x9a\xcd\xa4j\x99t\xaa\x9e\
\xcb\xa4\xc9\xd6\x85F.\xb7\xd0,\xe4R\xad\x5c&\xd5\
\xa614\xc1*\x15\xa4mT\x9d\xa1\x9e\xf0E2\x1c\
\x22v\xc2\x0d\x17\x1b\xd0j]\x8c\xa9@\x11P\x04\x14\
\x01E@\x118]\x04\xc4\xe9R\xac\xf4*\x02\x8a\x80\
\x22\xa0\x08\x9c;\x04\xf4\x96Y\xf1\x05\x82?k6k\
M\xda\xaeJM\xd3\x9d\xbf\xc8d\xf3\x96\xe7(\xc3\xe4\
\x8d\xa3#\xa895\x90\x8ePO<l\xd4+7G\
\x8c\xd8\xa0\x93y\x0e]\x8cvs\x83\x91O=\xc1\xef\
\x0fxi\xa8\x8bd\x84\xe3\x00\xe8\x0e\x93\xf2\x81\x99\xb1\
t\xf3\xd8\x01@\x1bj\xc7\xc1\xa0\xeb\x9a\xacW\xcb\x0d\
\xbf?\xfc?\x10\x86\x93\xdc\x88v5\x9fzH\xd6/\
\x8e\xe3\xe4te<\xe9\xa9p\xdf\xe07\xca\xa9\xd9\x0c\
\xbf\xb5\xa3\x91\xa3\x8a|t\xceX\x99\xc5\xa1Z\xbby\
\xccC\xa0\xa4\xa4D\xb7\xdb\xeb\xf2x\xbc\x9a\x10\x806\
\xaf:r\xcap;\xe7\x1d5g\xbb\xcd&\xa2\xe3D\
\xe1vN\x19r\x81\x05\xcdr!\x1d\xeb\xeb\xfdn~\
\xf7/N\xe6?\x0daU\x1d\xc1N\xb0\xfc\xca]\xb0\
,\xcf\xe3\xb8\xa4\xba,\x1c_\x12\x09\x94\xbb\x94:\xe9\
Ht\xa2=T\x98\x9ez!\xff\xedD\xa1\xbb\xd0\x92\
&X\xe4\x08\xe4qKb\xc3\x84\x80\x16\x97 \xc72\
 uI\x82\xd8q>\x91\xaf\x8a\xb24\xa0\x0bU\x97\
\xd2\xb2M\xabR.\xd7\xb3{\x1f\x9c-\xec\xbf\xef\xae\
\xc6\xc2\xae\x7f7\x8b\xd9\xdb\xa1]\xfb\x02\xd8\xad\x8f\x01\
\xc0\x07\x01\xec\xf7\x02h\xef&y\x17\x80 \x01\x12|\
\x0f\xc5\xdf\x07\x80\xef\x07\x1b>@\xe1\x87\xc0\xc6\x8f\x80\
\xd0?N\xf1O\xd0\xe4\xfe%h\xfa\xa75_\xf8V\
[\xda\xfb\xcdV[\xf2\xcb\xae\xb0xP\xe7N\x0c\xc1\
\x06\x16'\xc1\x17\xb4\xf9\x0aGb\xea\x14\xac\xf2\x850\
\x01\xcb\xe1j\x91\xb2X(\xa0\x13\x1d\xe3m\xe0\x17\xc7\
\xd8^Iy\x94\x00`{ILr\xfe\x09\x01\xa0k\
n\x00[\x92c\xac\xd1\xca\xe5\xb2\xa5f\xbdn\xd0X\
%yk\x81\x85\xe2\xb0\xfc`'\x1b\x0b\x22\x92\xba\x8e\
p\xb9mKJ\x0b\x00\xa1ah`\xb07?=\xf9\
\x9a\x5c\xab~:\xff~ =\xcf\xb5\x1c\xd9\xee8\xcb\
5@`\xbb\xa0\xf3\x12\xdfQ\x18Q)\x92\xd0\xbdh\
\xb6[\x12\xc0\x9e\x13\x80\x7fg\xb7\xdb\xdf\xb2\x8d\xd6W\
e\xab\xf6\x15\xa87\xbf\x02\x8d\xf6-P\xaf|\x09\xea\
\xa5/@\xa3\xf2\x05h\x96>\x07\xed\xc2g\xa1U\xf8\
\x0c\x18%\x92\xe2g\xc0,~\x1a\xcc|G\xac\x02\x87\
\x9f\x02\xab\xf0)\xca[\x94\xec\xa7\xc1\xa6\xf2v\x8e\xca\
\xb8\x9c\xea\x1bTnP\x9c\xa5U\xfc\x0c\xb4\xca$\x14\
6s\x9f\x81F\xee\xb3\xd0(~\x16\xea,\xe5\xcfA\
\xbd\xf4Y\xa8U>\x07\xb5\xf2\xe7\xa1Z\xf8<\x94\xcb\
_\x84R\xf1\xcb\xb2P\xfa\xb2]\xaa|\xd9(\x15o\
1*\x95\xafX\xe5\xfa\xd7\x8cZ\xe3\xebf\xad\xf9\xed\
v\xadq\x1b@\xe4{V\xab1\x0b'u\xd0*F\
\x1b\x9d5r\x82\xed;\xeb\x84\x16\xc5\x09\xb6S\xd5\x15\
\x01E@\x11P\x04\x14\x81\x13% N\xb4\x81\xaa\xaf\
\x08(\x02G\x22\xa0\xf2\x14\x81s\x9b\x00\xffG\x16.\
\xdd\xb5\x0dj\x8d\xb4a\x18 x\xf7\xbb\xc2!#\xd2\
\x16\xda\x06\xf2\x11H\xf0\x05C\x02\x8c\xf6\xa5\x1ah\x8f\
\x06\xb8Y[\xa1\x8a\xb3\xbfZl]\xb8Q*\xdc\x0c\
^\xdf\x88\xcb\xa5#\x1d`\x93\xf7\x85\xc3\xae\xf1\xcb\xe3\
\x9c\xc7i\xde\xf8q=\x8d\x9cd\x9c\xd7l5$\xb4\
\xcd\x19\x8fW\xff%\xec\xd8ap\xde\x19\x15\xfe\xd5\xb6\
n\x87\xc8\x91\xc3\xdcZ\x9c\xb9r\xd9\xb1\xa3m{\xf0\
?\xc1\xe5\xfe\xdfz\xa3l\xb0\xe3\xca\xb2\x0cg-\xb0\
\x12t\xfa\xe0XG\x98\x07\x0b\xa78DDg\xad!\
\x22\xa0&\x9cv\x88\x14_\x14Xv\xb0nDt\xea\
\xdb\x86\x09\x85L\xaa!\xfc\xa1;,\xbb\xfaK8\xe5\
\x836\xf7\xe4\xf28\x195'\xd9\xec\xf0\xae\x06\xb7\xf8\
\x8df\xfb\x8f\xc0l^\xe2\xf5\x87P\xa3u\xd6\xad\xd4\
]?\x88\x07\xd8 \xa2S\xdc\xe5\x88\xc8\xf7\xa1)-\
\xb3%s\xd9\x85Z~\xdf=;[\xd9\x99;\xc0\x15\
z\x97\x1e\x1a\x7f-D\xc6_\x0f\xa1\xe8{\xa0'\xf8\
i\x80\xf8\xd7\x00\xf0;\x00\x9e\x1f\x90\xdc\x01\x10 \xf1\
\xfcM'\xee\xa2<\xf8.\x80E\xe5\xb1o\x81\x1d\xfd\
\x1a\xd8\x81[ \xe2\xfd\x02\x84\xdd\x9f\x87\xa8\xf7s\xb1\
\xe1\xf8g\x12\xb1\x9e\xaf\xb8]\xae\xbd\x8dF\xddBD\
g\xee\xe0\x04\x0e\x22~\x02\xb5WPU\xb2s\xe6@\
=\xc4\x0e\x9f\x039\xc7\x8eu9.\xaf\xc5y\xfc7\
.9\xcf\xb6\x0c\x99]\x98\xafT*\xb5\x7fO\xf4\x0f\
|\xb4Z(\xdcY\xab\x94\xccV\xb3N\xd5$t\xef\
$D\x04D\xe4&Kb\x91C\x17\xb1\xc3\x88*;\
\xf9\x12\x04\xb8\xbd~tG\xa2\x1b+\xb9\xb9\xb7\x86\x06\
\xb7\xac\xa7\x02$Y\xf5\xd3\xe5\x12Y\xb0e\xab\xdb\xf7\
\x91:`\x07!K\xb7\x0cAs\xc6A\xf3+\x0d\xc3\
\xdc\x1b\xef\xeb\xfft\xdf\xf0\xc0_D\xfa\x86\xdf\x0f\xc1\
\xe4\x07 \x9c\xfc \x84\x13\x1f\x86\x9e\xc0G\xa1'\xf4\
\x09\xe8\x09~\x12z\xa2\x9f\x01\x88~\x8e\xd6\xd7\xe7I\
\xbe\x00\xa0}\x91\xe4K\x00.\x96/Sx\x0b\xc9W\
H\xbe\xbaL8M\x92d\xa1\xf2\xf8\xa2$\xa9~\x92\
\xda%IG\x9ct\xc5Ig\x82t\xc7>\x0b\x10\xa6\
~\xc2\xb4\x8e\x83\x9f\x02`\xf1\x7f\x92\xd6\xf0'\x1c\xe9\
\xf1}\x8cl\xf90\xf4x?\x04\x11\xd7\x07!\xeay\
?\x84]\xef\x83\x90x\x0fx\xa3\xef\x02o\xe0\xed\xe0\
\x8f\xbf\x15\x86G\xbf\x5c\x99\xdb\x9e\x83\x93=$\x9c\xd0\
\xad\x8f\x88\xcb{:(\xb1\xbc@\xc5\x15\x01E@\x11\
P\x04\xce\x16\x02\x0f\x7f;\xc4\xc3\x7f\x08j\x04\x8a\x80\
\x22\xa0\x08(\x02g\x80\x80\xddn5v\x83\xd7s\xaf\
e\xb6\xcdn\x7f\xc7\xda<\x22v\xf63RZ\xb4i\
\xec\xec\x8bh?\x8e\x91\xbe\xc1p~f\xfaO\x92k\
RkHO\xa7\x12E\x1e\xbe\xe7V=\xe0\x0b]\x09\
\xad\xea\x1f\x84\xe2\xfd~\x10:\xf2\xe6\x9e7\xff\x12\xed\
#\x0e\xab\xcb\x0d\x11\x81|\x86\xc4G\x03\xa1\x014\xeb\
U\xcb\x1d\x89l7L\xef$5\xec@\xa3\xc8\x199\
\x97;\x02\xbb\x1dJ\x14\xedv\xf5\x94\xe6\xa8\xba\xe7g\
YO0|k#\x9d\x9a\x95\xb6!\xddn7h\x1a\
\x0d\x96\xfa\x90G\x18\xa1\x10@<$I\xa7[^?\
\x00\xc4\xd1\x96\xa0\xa1X\xca\xb7\xa9\x98\x05\x16\x0fDt\
\xca\x10\x11,i\xd9v\xb5\xf8\x80\xcf\xed\xffFi\xea\
\xb7\xc5\xc5*'\x1f\xa0MS&\x0fj\xdf\x99\xdf\x83\
\xb2Nk\xc2c\xc8\xc1Z9\xffL\x11\x8eD\x115\
Z84^\x9a3~c\x0d\x1c>\x9d4\x1bA\xc6\
\x02R\x84\xc5\xb1\x9a\x98HiI\xa3\xd52\x8aS\x0f\
\xee\x97\xe5\xccw!<\xfcf\x88\x0d\xbd\x1b\x0c\xfc\x81\
Y\xf9\xed/\xa0t\xef>\xa8\xec\xccBao\x09`\
G\x15`\xae\x0e0\xd3\x00\x98l\x02\xecnuB\x8e\
\xb3p>\x97\xdf[\x03`\xa1\xfa\x19\x92\xec\x83\x15 \
\xe171-\x97'\xd7h\xb6Z6\xf5+\x17'Z\
8\xc6\x80s\x08\xb2\x9d\xc5I\xd0\x05)\xcd\xf6R\x14\
\x10\xf1\x84\x9d\x87\xdc\xeehb[&)\x14]\xf5G\
\xa9&(\xbf#\x92'\x97R|v\xd7\x18\xa2\x06\x92\
\x1ctd\x18\xb0\xf0=.h\xb1\x0a\xcd\x05B\xa0\xac\
\x95\x0b50\xcc\xff\x17\x0c\x84\xde\x95\xa9W>\xef\x8f\
&>Q/\x17w\xb9]\xba4\xad6\xd0\xb3\xcfi\
\xcf\xaa\x1d!sX7\xb3a=\x1c\x22vL\xe48\
\xd0sS\x08\x0d\xc2\x91\x98\x0b\x5c\xfa\xe3,\xcb|U\
r\xfc\xca>8\x0d\x07\x82V$\xe3\x1a\xf40b3\
\xc1\xa2\x04\x1cr\xb0\xad,K\xd9d\x1f\xc7C\xa1 \
\xd6Rs1\xc34!\xb5\xe7g\x99\xd2\xd4\xff\x15\xa0\
xwqIx=-\x17\xe0\xf5\xb5\xbbLk\x8a$\
\x7f\x02\xd2ms*!\xf5\xbd\xdc\x16\x8e\xe7I\x1f\x0b\
\xc7\x0b\xdbK\x8e\xdd\x1c\xce\xdcIk\xff\x08 x\xd0\
\xab$\xce</\xd3u m/\xcbU\xd1\xb3\x8e\x80\
2H\x11P\x04\x14\x81s\x84\x00\x7f\xeb9G\x86\xa2\
\x86\xa1\x08(\x02\x8a\x80\x22p:\x09T\x17\x22\x05O\
 \xf4\xaf\xb5l\xb6B\xbb\xe1\xe3vu`c\xd3\xa9\
\xea\xa4\x85\x00\xb77\xa0\x81&\xaf\xce\xe5\xb3\xcf\xeaY\
\xb3%\xdc)}\xf8^{\xd6\x18\x83\xf5r\xfd\xe5\xae\
X\xef\xb8\xeev#\xa2p\x06C\x11'\xec^x\xfc\
\xdd<A\x1c\xba\xf9\x1a9\xc6L\xb3\x0d\xbc\x11o\x95\
\xcb\x95P$\xf6\x1f\x85\xbd\xffI\x8c\xbb5N.\x1c\
7\x1b\xc8-\x97\xf9_\x80\x9d\x10\x9c\xb7b\xe9\x0ce\
\xc5\xd5\x8fR\xd1v\xb7\xcc\x9fC \xfa\xff*\xa5\x5c\
]Z\xa6\xe4\xf13\x8f\xe5\xf5\x99\x0dK7\xefh\xe5\
\x5c\x87\xcbX\xbau\xbb!\xe7\x19FK\x16\xf3\x19\xc3\
\xdb;\xf2\x0f\xb5D\xf3\x01*[\x8e\x80\x92'~\x0a\
\xde\x9b\xa3\x83\xf3\xc4\x1b\xafN\x0b\xd4l\xfbbh6\
\xd7\xfb|\x01\xad\xfb6\x1a\x8f\xf7P\xf5\x9c\x87H\xbe\
/\xd9\x196\x22\x82e\x1b\xd2l\xb7\xac\xca\xfc\x83\x0f\
\x82\xbf\xf7\xe3\xbe\xc1\xb5\x1f\x82\xb2\xff? \x7f\xef\x0c\
9e\xc8\xd1\xc7\xde\xc4C5\x9dZZ\xb4m\xf2\xc8\
\xda\xe6\xa1Z\xd8>\xcec\xc7\x12\x0b\xc7\xbby\x1c\xef\
\xca\x91\xf2\xbae\xa7\x12\x9e\x8c^D\x84\x0eM\x00\x8e\
\x03\x1d\xbc\x86)\x00\xcbl\xc9lz\xa1\xd1\xcce~\
\x18\x88\xc5\xff\xb2\x9a\xfa\xf5\x0e\x98\xdb^\xaf\xfb\xfc\xff\
)|\xe1\xefdf\xa7\xaa`KiK\x93 w\xb5\
\x00\xc8e\xf3\xc3zX/\xe7q\xc8\xd2\x8dK\x14\xd8\
\x13K\xba\xeb\xe9\xf9g\x18\x06>sx\xf8Z\x1f\xd7\
_M\x11R+\x83\xae\x97-\xcb\x02~S\x99\xfb?\
\x9e~\xb6\x8f\x05\x91\x1c\xd3`&Z\xad\xfa\x04\xc0V\
\xedx\xedT\xf9\x01\x02\x87r\xe6\xb4\xb3B\xc4\xea<\
x\x0f\xf4\xa4b\x8a\x80\x22\xa0\x08(\x02\x8a\xc0\xe1\x04\
\xd4\xa7\xcd\xe1LT\x8e\x22\xa0\x08(\x02\x8a\xc0\x11\x09\
l3\xa5\x14\xff\x03\xb6\xb9\xcb\xb4\xda\xb6\xaek\x8es\
\xc9\x92\xe4)\x11\xb8\xac\x05\x7f\xb4\xb0\xc0\xc1\x1bK\x9b\
\x1c\x14\x96S\x17#\xfdC!\xbb8\xff\xccJ\xd1\xb8\
\x96\x1a\x9e\xad\x1bH2\xed\xd8gb\xc3\xf5!\x1a\xfe\
\x1f\xc9F\xf5F\x7f \xe4\x22\xc7\x1e\x0a\xa1\x83#\x80\
\x80\xce\xce\xae\xa3C\x08\xe18\x00\xf8\xed(i\xf2\xdb\
\x92\xc4\x83\x1c\x02\x1a\xed\xa5\x85@i\x9bm\x09\x9ak\
\x17\xb5\xf99\xb5\xb0IN\xf9\xec*a' \x8b\xb3\
\xd9\xa4>;\x8ay\x8e\x96K'\x97\xeb\xc1\xe2|\x92\
\xd7\x0e;\xb9\xa7v\xadT\x1e\xc8\xf7\xc4z\xbfi\x95\
+\xbf\xb5m\xd3f;Xl~-\x92Ts\x9c\x82\
\x83\xce#\xe5q\x05\xcegaGDG\x98#\x99I\
6K\x9a\x0c\xcbhR\x17\xe6\xdd\xfep\xf0o`\xc7\
\x0e\xf2\xb2r\xabS\x14\x9a:\xd6\xe0\xb0\xe1\xc8\x8aD\
\x00\xa2\xa0\x9ad\x1b]O\xed\xdc\xaa\x99\xb6y%x\
=~\x04\x01\xce\xf8\x81\x0ed\xdd\x82\x22\xc2\xc9\xa3\xc8\
R\xd8\x8dk\x9aF\xebP\xda\xe5\xb9}i\x10=\xdf\
\x04\xb7\xef\x07\x8d\xb9_M\x03\x9c\xe4\x7f\xa8\xc2\x8aW\
 (4I\x1d\x93\x1b\xcc\x02X|C\xd6fs\xe1\
\xc0!)\xcaBFS\xec\xc0)i\x8d\x22\x1eR\xf9\
@\xf1\xc9\xc7$\x1c\xac\x94\xfa@$>$@\xf1\xae\
\xa0\x10\xd4\xc7\x01\x914\xf1H\xae<\xbaM\x97\x9ei\
\x88\x08\x96a\xc8B.\xdd2\x8b\x85m\x91\x91\x0b>\
ZKm\xff\x1d5\xec\xdcv\x93\xdb\x9a\xa1\xb0\xef\xaf\
\xa1e\xfcW\xbdVi\xea\xc4\x83\xdbK\xc6!\x05i\
\x93\xce\xf3\x93\xc7Jm:q\xb2\x0e\x91.\x94\xc1\xcf\
\x8b\xce\xfdAFk.\xec\x19\x1e\x8b\x17g\xf7\xbc\xb4\
\xd0j=r\xd5\xff\xc4\x82n\xd5\xd0\x17\x98\xa1\xfe\xf8\
$\x0c\xe8<\xab\xc8\x8c\xa3\x9e\x88\x08l\xa3D\xe2\xe4\
\x8fD\xaa\xc5\xe2\x95\xd1h1\x08\xeaX\xa8\xd6\xdb\x1e\
\x00\x00\x10\x00IDAT$ @\xda\x9d\xb9\x5c\xcc\
8n\x80\xc8\xf5\x05\xad\x0dbz\xdc\xda\xaa\x82\x22\xa0\
\x08(\x02\x8a\x80\x22pj\x04\xd4\xa7\xcd\xa9\xf1S\xad\
\xcfI\x02jP\x8a\x80\x22p4\x02m4f\xf4\xc4\
\xc0\xbf\x16\xf3\x99\xa6i\x92oP\xd2F\x9560\xe4\
\xc0:\xac\x09or\x11\x0fl*\x119\xce\x9b\x1d\x00\
\xb7\xcb\x83\xde\xc4\xe0\x1a3?\xf7\xda`\xdf\x15\x17R\
\xe3N\x01E\x1e6\xe7\xa6Mn\xab\x097\x16g&\
_\x1a\xee\x1fJt\xde\x0a\xec\x0c\x03\x11\x9d\x0d\xf5\xf2\
\xb10\x0fN;\xa1&\xc0\xb2,\xe8\xbe\xe1e\x9b&\
\x14\x0b\xd9\x86?\x1a\xfdg\xadV>\xc9?Z\xcf\xda\
\x8f/\x88x\xccJl\x1f\x0bU\xa2\x8a\x1d\xbf\x06\xc5\
O\xf5\x94\x85\xde\xd6\x83\x81\x81\xd1\x1f\x14s\x99\x8ai\
\x1a\x92\xbc\x0e\xc0\xfd \xe2a\xac\x8e\xd5\x19\xb7a\xe1\
:\x88\xbc\xa6\xa4\xd3\x9e\xf5\x19\xe4\x9c)-\xcc\xe7\x02\
\xb1\xde/\xe7\xdd\xb9\xdd\x5cgU\xc4F\x89\xd8\xe9\xeb\
\xa4\xf4Q\xd3\x93j\xd7m4\xdcr\xb5\x9b\x8dM.\
\xddC\xbe=\x0d\x059\xab\xba\x0c\xbaU8DD\x0e\
\x1c\xaeN\x84.\x5c\xaf\x90\xcd\xb5\x00\xca\xdb\xc0\xad\xfd\
=\x14\xef.R\xf6\x19:\x19[\xc7&\xee\x90m\xe1\
\x90E\xf2\xe5(\xc2\x0es\xa7\xe8T\xb99JN\xee\
\x82\x88\xce\xbaB\xec\x84\xac\x85\xedg\xf6\xfc\xab\xd9t\
\xcf\xcar1gX\xa5\xf9\x9f\xf9\xfa\x86>P\x9a\x1e\
\xbc\x8b\xea\x1ct\xc3\x94\xf6\xffr\xca\x15\xef\xfdh+\
;\xfb\xbbf\xbd\x22\x91\x06m\xdb\xa6s\xef#\x22t\
t\xd1 \xe99\xca\xbaa\xf1\xe0|\x16\xc4N\x19M\
:\x08\xdd\x8d\xded\xdf\x05\xb5\xcc\xf4k\xbc\xfd\xbbF\
\x16\xab\xaeJ +\xa5\xba\xcf\x1b\xb8\xbb\xd9h\xb4l\
\xba7OD)\xdb\x1d\x08\x85\xbdPK\xdfP7\xab\
\xe7\xdc\x7f\x0cu\x22,\x96\xea\xa2M3\xbd\x94Zq\
\x04\xb1\xb3\xd6\xc4\x8a[\xa8\x8a\x8a\x80\x22\xa0\x08(\x02\
\xabC\xe0\xfc\xd4\xa2>o\xce\xcfyW\xa3V\x04\x14\
\x01E\xe0\xe4\x08d\x1f\xac\xf6\x04\xe3\xff(\xcb\xa5=\
\x12,\xe9\xf7\xfb\xc1\xa5\xb9a\xf1\x05/\xe7\xed\x96\xa3\
)\xb6\xc1\x02~\x01\x07l\xde\xf0\x08\x0c\x86{t\xf0\
\x87\xb6\xd6[\xe57%\xd7\xdc\xb4\x8e\xda!\xc9\xc3\xe4\
\xdc\xe2\x0aU\x82W\x17\xa6\xf6\xbd\xc9\xd7\x13_\xe7\xf1\
\xf9\x04\xf0\xdb>\x16\x10\x15\x13\xf8\xbf\xe3\xe4Mrw\
0\x88\x08\x88\xe8$\xa5@\xc7Y#A\x00\x0a\x9d\xe2\
\x9cO\x9b\xc7Z\xe5\x01\xb4\xc5?\xa4R\xf7\xd6\x9d\x8a\
\xabp\xa1\x1e\x966\xa5\xc81\xea\xa6\xab\x96\x93,\xdd\
t7\xe4z,N\xdaB\xe1\x84\xabq\xd9\xbe\xdd\xf0\
\xfb\xf4\x7f\x85\xa6uW\xabQ3\x910\xe8n\x973\
~)\x99\x01,1\x82#\x1el\x0a\x0b\x1cT\x0f\x11\
A\x08\xc2o\x81l5\xea\xb4\xcc\xe4O\xd1l\xfe\xdb\
\xaa\xbd\x15\xe8vK\x9b'\x14hyS_\xb0\xc2C\
.\xd6\x93@1\x9e\xf4\xc5\xf4\xc9\x04A\xa3\x16\x82v\
{\x10\x84\x86&Y\xc3\x0e%d\x8f\x99\xf3\xc6\x9dM\
*;\x22\xf9\xb53\xe8\xc4)\x13\x98\x0bHK\xcaj\
.\x05\xbe\xb1\x7f\x80fl\x8e\xf3\xcf\x84\xd8\x9e\xb6\x10\
\x12]\x84\xac3\xb9\x8b\x9dJ\xb2\x99\x853\x97\xcbb\
\xf1i\x0c\xe8\xe6\xa4\xbe\x0ft`\x03\x12+\xb6\x85\xa5\
\x9b\xdf\xb5\x89f\x8dg\x8e\xd6'\xc7\x00l^\xa3\xf4\
\x00\x13\x9a\xc6Ue\xb5\x5c0\xcc\xe2\xdcO\xf5\xe8\xf8\
_4R\xbf\xf9\x15\xc0\x1d\xd4\x01\x17\x1d$\x961\xae\
\xdf\x15\x1a\x5cwKea>e\x19\x86\xed\xcc\x89 \
\x9dvGX-\xd03\x81\xef9\x96\x83ZSBR\
5\x16\xd44\xf4\xfa\xc2\x02\x82\xc1\x1b\x9b\xd5\xfa\x9b\x92\
\xe3W\xf6S\xf1\xaa\x9c\xa9\xd4\x86\xa6\xee\xc6\x9fC\xb3\
^@d\x02@\xe3f\xd5\x9d8\xc7X\x96?\xd3\xba\
iK\xda\xa8\xb9<\x08Z`]\xdb\xb0\x1e\x0d\xb0\xce\
\x03\xe7\xfb!iB\x97\x18\xf03\x8b\xa5\x9bA\x13\xea\
\xac\xacn\xfa@x(\xdf\x03%*v\xda\x08(\xc5\
\x8a\x80\x22\xa0\x08\x9c\xc7\x04\x96\x7f:\x9d\xc7\x18\xd4\xd0\
\x15\x01E@\x11P\x04VH@\x06\x00\x1ep\xf7\x8e\
\xfeM\xb1\x90\xab\xd1\x0e\x19L\xb3\x0d\xfcV\x16od\
\x10\x916\x91\xbc\xd99X[\xb7\x8cs9.%m\
2\x85\xc0H\x22\xe1\xb5\xab\x95?*\x96\x0a\xafIl\
\xb8~\x80\xcb\xcf~\xb9Y\xf3\xf5\xe3\xe5\x95\xf9\xf9\xf7\
\x88P\xe8:_ \xa4#hH\x07\xf0\xe1l\xf69\
\xb2L:c\xeep\xe9\xd6\xe3\xb0\xd5j9\xfc\x8a\x85\
|\xcb\x1b\xef\xfb\xf7\x9a/\xb7\x8b\x9au*R\xe4T\
O\xfb\x14\x15\xf0\x97\x04s\xf1o\x0f\x9e\xa2*\xa7y\
\xa6\xc7\x9c\x8c\x0c\x0e}\xa9\xba0\x97\xb2,\xcbqV\
1\x1b\xa7\xf0\x04.\xdd6\x1c2G\xd34A\x9a\x06\
4\xab\xa5\x92\xafw\xe0\xf6j\xea\xde\xec\x09\xa8;~\
U\xc1\x9e\x9b\xe3W;\xb4\x86c\x1f\xd0Z?\xb4\xe0\
\x04\xd3m\xd3\x15\x03\xcb\x8a\xea\x9a\x8b\x86\xdb\xd1G\x91\
\xe3j\xe1\xfe\xdbm\xfeMi{\x06\xdc~rX\x9d\
\xde_\x0d^n\x90\xb4\x5c\xb4|\xd0\x8d\xa8/\xcf\x86\
#9\xbc\x0e\xaa@\x09\xfay\x01]\xe9\x94\xab\x00\x8f\
\xd4\x1cz\xae4\xcd\x8c\xbb\xf73?\xe3XL\xa3%\
+\xa5\x82\xd9\xca\xcd\xfdJ\x8f\x8e\xbd\xdf,\xc6\x7fF\
\xfa\x8e\xe4\x08\xa4l:\xc9\x09\x0e`\xfd\x83\x1e\x8d\x7f\
'77Ui7\x1bRCBCE\xac\x8f\x02\xe7\
\xe4\xbe\x9c\xc8\xe2EJ\xe9\xc4\xba\xfdsBs\xb90\
\x96\x18\x08B\xb3\xfc\xdcj\xab\xfd,\x18\xdf\xea\xe5\xfc\
S\x97;,\xe1r\xddOzf\xda\xed\xa6\xf3<\xd7\
4\xc7\xe9IY\x07\xce#\xd9\xc8\xf6\xb9\xc8\xae\x9e\xfe\
\xa1(\xb4\xe6\x9f\x02!}\x8cZt\x16)E\xd4y\
b\x04\x881\xb1\x93$'\xd6N\xd5V\x04\x14\x01E\
@\x11P\x04N\x94@\xe7\xdb\xc8\x89\xb6R\xf5\x15\x01\
E@\x11P\x04\xce[\x02\x93\x93\xdb\x9a=\xb1\xd0\xdf\
\x9b\xb5\xe6=\xcdV\xcd$\x10R8\x9f&\x826\xfa\
\xc2y\xe7\x81\xb7\xb1\xbc\x9dq\x04\x04\x00.\xdbX\x22\
:ux#,\xc8\xb9\x91\x1cY\x134\xf2\xe9g\x95\
r\xc5\xb7DFo8]\xff\xc30\xac\xca\xb1\xee\xf7\
<=\x13\xe9\xeb\x1a\xa9\x85w\xa3\xd7\x7f],\xd1\xeb\
\x11BG\xdb\x22_\x00m\xde\x05\x8d\x0d%\x8dw\xc9\
\x9bqx\xaf\x92\xa1\x80\x00\xc30\x00\xf8\xd7\xc9l\xc3\
\x96F{\xa7\xdb\x15\xf8\x07\x98\x9cl\xc2*\x1fR\x02\
O\xc7Q\xb5r!\xcba\x158S,z-\x0e+\
<\xc9\x0cr\x8c\xd8\xe5\xd2O\xc0\xed\xddf\xb4\xea\x86\
e\x98\xb2\xebt\xb0\xc9\xcc\x0e\x1aZ\x1fG\xdc\x0a\xb3\
k\x93j\xd1\x80\xba\xbd#\x22p{!m\xa87J\
m\xb0\xec\x7fi\xd4\xcb\xff\x0b\x00\x5c\x99\x82U:\x99\
\xc5QTq\x11K\xb7\x98\x9d]\x8et3N=D\
M\x131\x00\xe9\x03Z7\x9d\xb7p\xe9>[\xe4 \
)\x8f\xe5@7\x5c\x86\x00\xc4\xa6\xf3\xeb\xac\x86\x0d\x9e\
X*\xda\x13+\xc0\x19<\x5c\xc2rYV;\xac\x91\
\xb7\x88_\x84c\xe9t/\x00\xf9\x1e\xe9$\x96\xae\xcc\
\xd0\x112})sU#\x1aH\xba/\x11\xbb\x1d\x10\
'b\x07l\x0b\xcbR_6\xc5X\x8881\xe66\
,4\x0c\x10(%\xad\xafV\xbdZ\xfbIdl\xd3\
{\xccb\xe2\xff\x00\xb6\xf13\x90\xda\x1c\xfd\xac\xccm\
\xcf\x86\xe3\xc9/\x00\x88\x7f6\x1a5Cc\x02B8\
\x0d\xd8\xe9\x87\x88N\xbc{\xe1<\x16'-\xa8\x8c\x85\
\xfc\xd1\x028.0\xd87\x18j\xcc\xcf\xbc0\x86\xf6\
M\x007kN\xbdS\xbc\x14\xeb\xd5\xac\xf0y\xefj\
7[mDb\xc5cg\xa1.\x9d\xfb\x12\x04\xf5\xc0\
B\xc1\xb2\x13i\xd2\x84\xd0\xc0\xe5\xf1h\xe0\xed\xbd\x82\
\x9c\xd6\xcf\x08\x0f_\xdb\xb3\xac\x8a\x8a\x1eD\x00)\xc5\
B\xe0\x80\x85\x92\xce\xc9l9\x1f\x884\xc7\x9dLu\
Q\x04\x14\x01E@\x11P\x04N\x1b\x01\xf5is\xda\
\xd0*\xc5g\x07\x01e\x85\x22\xa0\x08\x9c\x0e\x02)3\
\xb0\xb3\xa7\x7f\xe4\xcb\x99\xe9\xe9L\xbb\xdd\x82\xcef\x11\
h\x1fh\x01\x22\x1e\xb5K\xc4\x03e\x826\xc3H\xbe\
&\x89\x02##\xa31\xa3\x98}a)=\xfd\x0eO\
\xf2\x11kI\xc1\x81\x8a\x948+\xce\xf1\xad\xde\x98U\
\xbf\xa903\xf9\x11\x11\x0a<\xb6'\x91p\x9c3]\
\xdb\xba\x9bw\x0e\x11\x8fn~\xb7\x9c\xc7o\xb4Z\x90\
O/TB\xbd\x83\xb7\xfbdkGW\xd7\xea\x85<\
3\xcb7\x9c\x1d\xcdlC'v\x8c\xab3\x06n\x7f\
\x8c:'QT\xa9<\x90\x8f\xf6\x0e~\xa3V(\xcc\
\x92oE\xb6\x17\xdfD\xea\xda\xc4!\xe2\xd1\xf9!v\
\xca\xba\xf5\xf8\x0d\xc3V\xbb)[\xb9\xf4\x8c7\x1a\xff\
*Tw\xaf\xee[\x81'1\xc6C\x9b\x90\xdb\x09\x0f\
\xcd;\x914\xb9@\x03\x80B\xd74\x0d\x10\x11x\xec\
N\xfb\x83\x9cX\x07\xbe\xd2!v\xba\xe3z\xed\xb6\x01\
\x9a\xcf_\xf24\xdc\xe4}vZ\x9d\x91\x8b4\x5cA\
\xcb\xb2\xa3.\xdd\xc5\xd3\xec\xd8}\xc0!x|\x13V\
\x7f\xe5u\xfad&v\x07O'\xe3(W\xc4N%\
\xd34Ah\x00H\xfe\xe5J)o\xd7\x0a\xa5\x9fE\
\x12\xfd\xef,\xed\xff\xd9\xb6\x958\x02a\xf1\xc8\xef\xde\
6\x93\x18\x1d\xfdt\xa3X|\xb0Z)\xda\xb6a\x82\
m\xd3\xcc\x92\xc3m\xb1\x0a v\xfa\xe44b'\x8e\
\xd8\x09\xd9\xeen\xbe\xae\xb9\xd1\x13\xef\xdb\x90\x9f\x9dz\
Sdt\x1f\xbf\x89\xc7E\xa7&\xa9{\xeb\xba;\xf0\
_F\xb9T\xb2,\x83\xba;\xf8\xb9\x81\xd8\xb1\xe3h\
\x9dXT=\xd6\xdb\x1f\x81z\xee\xd9\xe44\xbd\x01`\
\xeb\xc1\xaf\x84\x1e\xad\xe19\x99\xbf\xb2\xd5\x8b\x88\x87\xcd\
\xb9\x00d/\xb48'\xb1\xa8A)\x02\x8a\x80\x22p\
F\x08\xa8NVJ@}\xd8\xac\x94\x94\xaa\xa7\x08(\
\x02\x8a\x80\x22p\x80\xc0\xee\x7fk\x19\xad\xda\x7f\x00\x8a\
\xffh6*m\x94\xe4\x0f$\xe7\x1e md\xa8\x16\
\xed$\x81\xdf\xa6\x01rVp\x9c\xb2\xa8\x88\xb6\xd3\xb6\
E\x1b\x1d\x0b(\x06H\x9bG\x0d\x05X6 \x0a\x17\
\xc6\x86\xd7\x86@\xc0\x9f\xb6\x0a\xe9\x8f\x04\x87\xae\xde\x9a\
H\x5c\x1f\xe2vg\x81\xa0?\xb1e \xd0\xae=3\
\xbfo\xc7_h\xe1\xc0\x15\x9d7\x02\x05\x0d\xb6\xe3V\
@D\xe0\xb7\xb0\x80\x1c\x06l/o\xf29\xec\x08\x7f\
\xd4\xb2tR\xcb\xcb\xda\xcd:\xc1\xd0\xffG\xd3\xb5;\
R\xa9{k\x9d\x1a\xabx%\xc6@P\x81\xe6\xc1\x09\
\xbbq'}\x9c~\x90\x86\x84 L\xb3\x85\xb0\xba\x87\
\x04\xdd{\xb7?\x96\xbc5\x93\x99+\xa1\xb4\xa5\xa6!\
\x08\xd0hM\x08\x12 \x8c\xd2\xf9+}Gs\x1e\xf1\
\x9a\x227\x0a\xa0\xc6n6[\xd6je\xc3\x15\x1f\xf8\
\xe7\x10\xf4\xdcM\xad\x9dQS\xb8z\xa7\x14H\x87\xa3\
\xaf\x1b:\x09\xba0\x1c\x16\xee\xd4\x11J\x1c\xec\x0a\xb0\
\x81\x06\x87T\xf5dO\x1a\xa6p\x03\x82\xd04\x0d\xba\
\x07J\x01 \xb9\xc7N\x0e\xc7\xece\x1dKr4\xb1\
\xad\xdcFhp\xa6\x1d3\xa2e67\x83%\x13@\
F\xf0]b\x81\x05v\xf7o\xf6\x91\xedl\xefr\xe9\
\x8c\xe2\xd0+\x8d\xf1\xd0\xac\x93LS\xef+l\xc9}\
\xd2\xbaZd\xeb\xf2\xb8\xf9\x87\x1c\xb2\xdd\xacY\x8dL\
\xe6\xde@\xbc\xefc\xa5\xa9\xff;\xec?\x0bY\x89\xf2\
\xac5\xf3;-\xdc\xf3\xc1Jj\xf7\xa4\x04[z\xbd\
~\xd0P\x07\xfeS\x8f<u\xcb\x9f\x0d\x8e>\x81\xce\
\xfd \x00A\xd0\xf3\x95\xd7=\x124A\x13\xea\x0fF\
4@\xf3\xc6R\xbe\xf8\x22Hn\x0a\xc2\xa9\x1f\xb2m\
\xd9w\x81\x84\x1d\x96a\xd8\x88\xd4\xb7&\x80&\x8dl\
`\x1e\x16\xf5@k\x99\xae\xcbOt\xde\x22D \xfb\
)\xea\xc2\xd0\xc0\xf8xqz\xd7+{\xd6\x18\xd7\xc0\
\x96-\xae\xe5u\x1f\x9a\xf8&7\x04.\xb8\x0c\xc2\xeb\
\xaf\x02\x18_\xa5_\xab>\xf5\x91H\xe2\xcb\xc2\x9a\x10\
\x91\x83\x8et\xef\x91NJ]O\x84\x80\xaa\xab\x08(\
\x02\x8a\x80\x22pB\x04\xe8S\xfe\x84\xea\xab\xca\x8a\x80\
\x22\xa0\x08(\x02\x8a\x80C\xa0\xbapW&\x98L~\
\xa3\x95+L\x19F[\xda\x96A\xdbT\xda;\x92\x13\
\x82+ \xd2\x06\x916\xd4\x88\x9d\x8d\x8e\xb3\x91]\x8c\
s9\xa79DD@\xd0\x005\x0d{\x92\x83\x01W\
4\xfc\x94\xea\xec\xeeO\xd6\xf5\xc6s\x03I\xe7\x8f\xe4\
\x0bx\xa8\x0e\xda\xccF\xc7\xaf\x193\x84\xf9\xa6Zj\
\xfa\x83\x81\x81\xd1+\xc3\xe1\x1er\xcchH\x87c\x15\
\x87<\x96n\xc8\x99\x1c\xef\x86\x1c\xef\x0a\xd7\xe3|\xd3\
lK\x8b\xa4Y\xadf\xe2}C\xdf(\xee\xfb\xd9\x14\
\xe7\xaf\xbe\x907\xe1T\x94Jrc\x9dJ\xfb\xa3\xb4\
-Nn+\x86\xbd\xe1[\xa1e\xdcg\x18-iY\
\x160\xa3.\x9f\xa34;([\x90s\xa4\xddnC\
\xa3V\xb3M\xd3|\xb0'\xdc\xf3\xcdLf[\xf5\xa0\
J\xa7!\xc16\xb2\xad+U\x8d\xce\x14H\x5ci\xfd\
#\xd5C$w\x91m\x93\x7f\xcf\x06\xee\x9f\xebp\xe8\
\xdcp\x9cX\x94\xae]\x5c\xc6\xf1N\x08h4[\xb1\
\xa6\xa7\xee^\xacv\xda\x83\xf0\xf0\xb5\xd1\xc2\xd4\xe4\x93\
\xbc\xfe@T\xd3\xe8\xde\xc6C\x86O\x0e\x8fCr\x8e\
b\xd3\xf1\xb9\x1d\xa5\xe1a\xd9\xcb\x1f\x22Gs2/\
o\xc4\xecX8\xcf\xb2LY\xa9V\xe7\x02\xc3\x13\x7f\
Y\x8bV\xb6Q\x9eMr\xe2\xe7\xe4d\xd3\xea\xa9\xff\
#\x04\xfa\xff\xbaX\xcc5\x85\xb4\x9d\xb5/\xe99\xe9\
\xfc\xf0\x844r\x9c\x02\x00g\xdd8\xb1\xa59\xe75\
\xcf\xe5\x1c\xf2\xf32\xd27\xe0\x85j\xf6Y>\xcd\xf3\
D\xd8DN\xafN\xf5\x93\xbf\x06<\xf3\x9ed\xff\xdf\
\x97s\xe9\x0a?\xd3\xb9/\x96\xaeB\x8e\xdb\xf4|G\
\xc4n\xd6A!\xdb\xe4\xf1\x05\xdc\xeeX\xff#\x0b{\
w\xbd\xc9?\x8f\x17S\x85\xe5\xe8)y&\xcfu\x1e\
\x08\xb6\xaf\x85\xda\xee\x0fCy\xdf\x07]a\xff\xa5\xd4\
;\x92\x9c\xd6\xf3D\x16\x073=\xad\xc6(\xe5\x8a\x80\
\x22\xa0\x08(\x02\x8a\xc0Q\x08<\x84\x1f\xd0G\xb1H\
e+\x02\x8a\x80\x22\xa0\x08<l\x08\xb8\x5c\xf6=\x81\
\x81\xa1\xaf\x15S\xb3y)m@\xdae\x0b\xa4\xbd\x16\
mn\x11\xd1q\xf0 \x8f\x86\xd2\x1c\x00\x90\x83\x10\x04\
H\x12\xe07J8\x04\x00\xde\xdc\xda&\xe5\x0a\x0d#\
\xe1\xb8+8<~I}a\xea\xed\xb5j\xee/\xc9\
\xb1\xf0\xf8h\xf4\xb2(W#\xe1\xf3\x0c\xc8\x16\x97\x7f\
l\xcb@8\xed~zq\xff\xdc\x17\x8db\xe1\xf9\xe1\
\x81\xd1~\xb7\xdb\xa3\xa1\x14(iC\xccF \x22\x05\
6\x90\xb3\xc6\xd9\xb0#\x1eHS\x81\x93G\xeeQ\x8a\
\xda\xc0M\x90\xc6\xccce\x02\xe5\xf4|I\xf7\xf9\xbf\
\xd56Z\xffG\x15$\xc9\xaa\x9f\xb6<9g\x8a\x94\
\xa7\xc5\x9c\x83\xc6\xb70\x0e3\xb1\xc1\xb1oWK\x85\
\x22\xf1\x90\xcc\x90\xfc{\x0e'\xa0ua#\x91#9\
\xa8\x11%l\xd9YC\x024\xb0\x0cCV\xf3\xe9r\
 \xd2\xf3\xad\xb4\xd4vR\xf1i:\xa9S\xb2\x09\xe4\
\xd1\xbf6\xb1\xa9\x8e\x10:$!\xeb\xc1Y\x0e\xa7n\
\x91D\xa9\xf1\xdf\x92\xb4\x10\x91tbG#\xddk@\
N5N\xb0u\x1c\xb2p\xd7H 9dV\xba\xdb\
\x83\xd0j\xf6RY\x0f\xc9\x1987\x05\xcb\x85\xdc\x1f\
\x80]\xbaZw\xbb5I\xf74w\xca\xb6,\xb7\x93\
\xf3x$]\xe1\xf4\x99\x16\xee\xfb\xd0>\x99\x1b\x0b\xe7\
#\x22\xd0\xddN\x0e\xe7\xb2\x15\x8f\xf5\xfe\xd8\xe3\x8d\xfe\
3\xec\xd8\xd1\x86S9\xc8!\x18\x89\xf5~\xc3\xb6\xf1\
\xef\x8a\xa5lM\x08\x09\x9a\xae\x03?S$\x01B$\
\xab\x04\xc9b\x1f\x88x`\xce)\x8f\x9f\x1f\xdd\xfb\xd3\
\xa5{14\xb0v\xa4\x91N\xbf3\xd9H^M\xc5\
Hr\xf2\xe7\xdc\xf6\x86'\x14\xfa7h5\xee\xb3M\
\xcb\xe6{L#g\xaem\xdb\xc0}\xb2\x90\xb9\xb4\xec\
\xba\x84\xb8+\x9b\xec\x93 \x80\xba\xb6\x9d|\x8cD\xa2\
\x1e-\x14{L}n\xea\x9d\xc1\x81+o\x80u\xe4\
\x94\xe3\xaagR\xfa6\x07\xdc1\xcf\x93\xa0\x9a\xf9K\
w\xf4\xc2\xadzd\xe2F\xa3<\xf7vw\xcf\xc5\x97\
\x90\x19\x1a\xc9i?\x11\x89\xc9!\xbd0)\x16\xe0g\
\x09\x09b\xb7\x8eM5% \x22\xa0\x03\x93\x92\xeaT\
\x04\x14\x01E@\x11P\x04N#\x01q\x1au+\xd5\
\x8a\xc0*\x13P\xea\x14\x01E\xe0l#P\xd8\xbb\xbd\
\x14\xf0D\xbe\x03\x1e\xcf\x8f\xcb\xc5\x9c\x016m\x17\xf9\
%&)\x9d\xcd#\xdbK9\x1c,\x09\x22:q\xce\
g\xe1\xcd-gp(\x84\x8e\xe1\xf3\xaa\x00\x00\x10\x00\
IDATN\x9b!\x0d=\x1e\xbf\x1e_\xbbqH\
\xf7{\xfe\xa4<\xf3\xe0\xa7\x8a\xb2\xf9\x96@\xef\xe5\x97\
\x00m\xf0\xa8\xeei\xfc\xec\xda\xaa\x87\x86\xae\x8a\x07\x06\
qk=[\xfaDyz\xd7\xc7\xbc\x89\xc8\xe3b\x83\
#1\x97\xcbM&\x92k\x80\xc6F6\x1cv\x22v\
\xc6\x85H\xce\xaaeu\x96o\xa4\xb9\x11\xff=\xaer\
)g\x81a\xfeD\x07\xf8Je\xf6\x979\xce_m\
1O\xe1\xd7{\xc9'\xb1\xda\xe6\x1c\xaeo\xdb6\x13\
-\xeb\x87\x80\xfa\xb6z\xb5\xda\xb2\x8c6\xff:\xa6S\
\x8f@;\xe1\xb1.\x069\x02\xdb\xcd\x86\xa4\x85v\xaf\
%\xe5\xdf\xc2\xe46v\x98\x1d\xab\xc9\xa9\x96u&\x98\
\xb4\xf0\xba\xa5\xe0\xb8\xe7J\xeb\x1dG\x91\x94\x9a]\x00\
\x10-\xcb\xb2h\xb8\xf2\xa8\xd5\x97\xf7\xc7qD\x04\x9d\
\x1cM`\xb6\x92\xcdFs#5<\x8d\xf7\x0ei'\
#}\xbd\xee\xcdP\xcb\xbd\xd6\xdf76\xe2\xf6z\x90\
\x0e\xa7\x80/H\x0e\x5c\x00v,Y\xb0\xa2\xe3t[\
{\x1c#\x98!W1\x8c&yjp:\xbf\xfb\xea\
Uy\xf3\xb44\xfd\xb3\xbd\xa1H\xec\xbd\x95L\xee\xe7\
\xb5J\xc9\x96\xf4\x93\x10)-\xb0\xc9\xe9\x06\x02\xb9K\
g\x9e\x99\x1d\xdb\xc0\xe2d.^8\x9f\xa3\xa8\x09\xf0\
\xf8\x82\x9a;\x1a\xb94\x93\x9d}]`\xfc\xca>\xce\
?\x05\x91\xe5\x9e\xdad``\xe2o+\x85l\x8d\x9f\
U\xdc7\xdb\xc5k\x8f\xf5J\xb2\x8f\x1d\xf5\x1c\xef\x0a\
\xd7a\xe9\xa6Ah\x98H\xf6\x06=\xf1\xde'U\xe7\
\xf7\xbc\xc7_\x09?.\x91p\xfe\xec\x03.\xd59}\
\x11\x0c\xf6_\x9et\x99\xf2\x05\xed\xfc\xdc\xfb\x03}k\
/\x0f\xc7\x92\xdeH$\xe1\x11\xe1\xc4\xef\xb7\x9b\xd5\x0f\
\xf4\x0c_}\x11u\x7f&l\xa1nV~2C\x96\
\x95\xb7P5\x15\x01E@\x118\xd7\x09\xa8\xf1\x9dN\
\x02\x0f\xf1\xd7\xac\xd394\xa5[\x11P\x04\x14\x01E\
\xe0L\x10H\xef\xfb\xaft,\xd6\xf7i\xa3P\xb8\xbb\
\xd5\xa8Z@\xfe2\xa1\x81\xb3\x99\xa5\x0b\xb0\xeb\x82\xa5\
\xfb&D\xd7&\xde\xd0\xb2,m~\x04\xfbu,j\
B\xa1\xe3+@\x0cGbztt\xfdz\xa8\xd7^\
QK\xef\xb9\x05\xaa\xf5wy\xfb6?\xca\x17\xdb<\
\x0c\x89\x0d\xa1\xd5\xf9#\xf57k\xac\xcb\xdb{\xc9\x1a\
_o\xf9)\x95\x5c\xf6c\xb5\xb9\xbd\x9f\x02i?5\
2:1\x18\x08\x86u\xb2\xd3\xd98\xf2\xa6\x98\xdf`\
\x03rh\xf08\x96l\xa7\x04\xd5\x81\xe5iry\x00\
\xb1\x00!t\xcaG\x00$\xa11ZF\xcb2K\xe5\
\xed\xd1\xa1\xb1\xcf6\x0b;\xa6\xe1\xf4\x1e\xd4\xe9)u\
p\xaa\xed\x8f\xd9yn\xc6\x93\xd2]\xfa\x17k\x99\x99\
\xfd69D\xb8\xb2\x8e\x02\xa4\xe9,\x00N\x1e&\xfc\
\xf6\xa9\xa6#9N\x0ch\x14s\xc5@O\xec\xd6\xe6\
\x1c\xcc\x1fVq\xb52\xdam\x04\x01+\xe6\xc0\x8eT\
\x16\xe8\x1e\x92Rr\xe5\xed\xbb\xcd\x96\x87\x96\xb4\x0a\xa4\
\xa1B\xebNv\xf3q1\xc6k\xae\x1bG$3\xa5\
\x04A!\xdd\x86\x00\xe4`rR\xa1H\xb2\x95O?\
\x11B\xebc\xdd\xf6\xab\x1fn\xd5c\xa3\xd7_\xd8\xc8\
\xe6_\xe1\x8a\xf5_\xe8r{]B\xd7h\xedKG\
\xc82\xb2\x87\xe3\x08\x88\xf4\x80X}\x03\x8e\xa3QP\
9\xc1\xa1k\xf7\x5cD\xd8M:!\xd2\xd5\x11b\xd8\
\xbd\xdf5M\x03K\x9a&\xc0\xfb\x8e\xd4\x84Z\x9c\xf0\
)\xc9!\xb8/\xd0\x93\xfcd==\xb7\xd36;\x7f\
\xa3Ow\x13/^\xfa\xe4mC\xc4\x0e7r\xf8\xd1\
\x84\x02b'\xcd=!\x22\x08\xe8\xd4\x154\xac`0\
\x8c\xf4\x8c|L-_~5\x847\x9d\xda\x1co\xdf\
nx=\xbe\x7f\x87f\xeb\xaev\xb3i\xd1\xf3\x8e\x96\
\x10\x0f[\x80\xa0g\x19\x22\xd3\x81\xc3\x0f\x81\x80l+\
\x90A$<\x84@(\xec\xf1%\x87\xaf\xaf\xa7v\xfe\
E\xb6\x96~\x85'\xb1y=\x0c_\xeb;\xbc\xf1\xaa\
\xe4 \xc4\xae\x0e\xfb\xfa\xaf\xb8\xb2Z(\xbe\xcf\xc8\xcd\
\xbd-2\xb4v\xbd\xd7\xefg\x83\x10u\x0d\xe3\xf1>\
\x97\xf0hO(\xccO\xbf\xdf?p\xf9\x96\xd5\xfa\x9f\
\x98\x0f\xb3^\xf2\x1d\xc9\xdd\xb2\x1cR\xcao\xf3\x92 \
\xe2!\x05\x07%\x8fYxP\xcds5\xa1\xc6\xa5\x08\
(\x02\x8a\x80\x22p\xda\x09\x1c\xe1S\xea\xb4\xf7\xa9:\
P\x04\x14\x01E@\x118\xb7\x08\xc8\xfcd\xea.-\
\x1a\xffpyn\xdf\x1e\xa3\xdd\x90H;H$\x87\x99\
\xa4\xbd7o\xa8\xbb\xc3\xe5t7\xbe<\xa4\xfa\xc0\x22\
i\x0b\xc4u\x04\xedp9\x8d(Pwy\xb5\xc4\xd8\
D4:\xb6\xf1*\x00\xe3u\xcd\xd4\xde[\x1a\xf9\xd9\
/C\xbd\xf5F=<\xffXOh\xe3z\x08L\xf4\
A\xcf\x96\x08\x0cn\xf1\x03\xf0\xdf\xcer\xfe'K\x8d\
\xfa\x10\x8b\xc2q\x12*\x1b\x1e\xf69u\x93\x9b\xfa=\
\x89K\xd7\xeb\xb1\x9d\x8f\x81&\xbc\xbe\x99\xce|\xb1\x91\
\x9e\xfc\x94\xee\xf3>;:\xbaaS|`(\xa0\xe9\
\x1e\x0d\xc9\x06\xd2\xe1\x9c\x07\xecB\xe8\xd8\x87N>_\
\xd8n\xce\xe3x74\xc9\x7f\xc0\x824\x1eI\xee\x04\
\xfe_D+\xf3S;\xc2cc\x1f(\x86KwR\
]\xdeeSp\xf6\x9ev_\xe2\xc0 W\xdd\xccm\
\xa6\x19\x08\xfe\x5c\x84\xe3\xffY\xad\x94\x0d\xf2\x95J\xcb\
\xe2\xff\xf4\xd6v\x1c!\xcb\xbbc\xbe\x9cf\xb6f\xbb\
-\xab\x95\x82\x01n\xcf\x7f\x81\xd7\xfdo\x00\xdb\xb9\x11\
\x17\x9f\x11a\x1b\xceHG\x8b\x9d\xf8\x1aP\x02\x8f'\
m.\xb2Y\xba\xa7l\x09G\xb2E\xd2}\xb7\xd8\x14\
x\xcd\x86\xa3\xd1\x00X\xd5?\x00\xc0\xebW\xc7\x81\x0e\
\x87\x1c[\xf5\xc8Xss~f\xf2\xbd\xa0kO\x8a\
\xf6\xc4\xfd\x1e\x8f\x17A\x0a\xc7\xbe\xe56v\xe3\x924\
\xb0P\xb0t\x9e\xeeH\xb7?rT9?\xa48^\
\x7fl+\x8b$\xceBh\xdd\xe6\xc7k\xb6\xd2r\xbb\
&\xcc\xff\x15=\x03\x9f\xceN\xee\x9e\x07\x9b\x7f-\x17\
\xc9\xc9m\x1f\xd4\xbe;\x97\xddpy\xa1c\x1b\xcd\xb5\
\xd0]\x18\x1d\x1e\x89@\xb5\xf0\x0a\x9f\xcf\xf3\x04\xaa#\
HN\xfa\xccM\xce\xec\xd3zb\xb7T\x17\xf6.\xb4\
ZMG\x8f\xd04\xb0\xa9/~F\x039\xfe\x9cL\
\xba\xb0\x0d]\xe9\xda\xc8!\x0b1\xc3@\xa8\xc7\x93\x18\
\xdb\xbc\x19\x9a\x957\xb5\xb2\x0b\x1f\xf7\xb6\x9bO\xf7\x0e\
n\x19\xed\xbc\xe5M?\x88!\x1d\xa7v\xde\xacE\xa3\
\x97E\x83}W\x5c$\xec\xea\xeb\x1a\x0b\xfbo\x01\x97\
\xf6\xfc\xe8\xd8\xfaA\xdd\xeb\xd3\x85\xd0\x91\xef\x17\xb6\x07\
5\x9d\x1c\x82\x83n\x11\xf4\xfe~=\x9b\xfaHdd\
\xff\xe5\xd4\xf7\xea?\xdf\x18\x08)V\xa7\x22\xa0\x08(\
\x02\x8a\x80\x22p6\x138\xa5/\x0bg\xf3\xc0\x94m\
\x8a\x80\x22\xa0\x08(\x02g\x92\xc0\xee\x96\xa5[?\x86\
P\xdf\xd7KS\xfb\xb3\xb6iJg?D\xde\x1dM\
\x08\xe0\xdd\x96\x04\x0b\xf8\xad\xae\xaeU\xbc9\x93R\x02\
\x22:\x8e\x1f\xe9\xec\xd0\x85\xb3I\xe7]ww\x03G\
\x85@\xbbP\x14\x9a\x1bc\xc9!ob\xfc\xe25\x9e\
x\xef\xe3\xa1\xdex\xadY\x9e\xfeB\xab2\xffm\xa8\
\xb7\xbf\x08\xed\xda{\xf5z\xe3\x15\xae\xb8\xfb\x99\xeex\
\xe1)\xfe\xe4\xe5\x8f\xf7\xc6/\x7f4\x8b'\xb6\xf9q\
\xee\xf8\xc5O\xd1z\xc4\x9f@9\xfc\x12h\x96\xdf\x09\
\xd9\xea\xe7[\xd9\xb9o\x9b\xf9\xc9/C\xa3\xfazO\
<\xf1\xe8\xf8\xf8\xfa\xe1\x9eX\xc2#t\xf2\x01J2\
M\x02uO\x17\xe8\x1c\x8e\xcd4\x18\xc9B\x1b\xe3N\
\xee\xa1WA\x0d5\x10@\xe3\xb2l2\x9d\xda#m\
\xf0m[6\xf3\xd9\x99\xd0\xf0\x9a\xcf\x95\xd1\xff_\xa7\
\xfc\xb7\xc7\x0e\xed\xf6\x04\xd2\x884\x80\x95\xd4\xe7A\xac\
\xa4\xde\xa9\xd4\x99\xdb^\x0f\x04\xc3\xdf7\xaa\xb5\xdd\xad\
v\x83@\x01\xa0N~[\xe0C\x02-\xa1\xa5\xbfQ\
\x86\x88\xc4U\x03iY`\x15\xf3\xd3\x81H\xf2\xeb\xb5\
\xc9_\xa5\xe1,:\x90\xa7\x9b\xa4k\x12\x22\x92\xcdp\
JGa\xa0\xd1\xd0|\x81\x9d\xa6\xd9\xb4]B\x03D\
Z[\xb4\x08\x85\xd0\x8f\xaa\x97\xc8\xd1\xdaC@\xaa\xe1\
8e\xfa\xc6G\xa02\xfbJ\x08\xcd_\x0d\x8e\xc3\x9c\
\x0aN\xfd\xc4X\xec\xeaph\xc4\xb8\xb6\xb4\x7f\xff\x9f\
\x83\xdb\xf3\x84H2\x11\xb6m\x1b,\x8b \xd0=\xa2\
\xa3p\xe6\xb0\xdb\x15\xe5:\xf7\xf8\x91\xd2|\x7f-\xe5\
S[\xd1M\xacBh#\x1bd\x1f\xa4\x89\x10\x02-\
\xae\x8e\xc0\x91\x0f\xb6I\xd03\x8c\xb0\x93\xe9\xefc\x9c\
G\xaex2\xb9\xa9{k~\x8f\xfe\xf7\xe0\x09\xfeC\
\xb9\x5ch\xb5\xc9\xc9\xadi\x08\xf4\xb3\x14Z\xe36\xf0\
Z\xa2I\xec\x84\x0c\x83\xa5\xdb\x0f\xdd\x18D\x99\x9eO\
\xbc\x16\xc84\xa9\x81/\xde\x17m\xa4\xa6^\x13\x1e\xbe\
\xe2\x8aS{\xeb\x8d\x9e\xe7\xa6\xf1\x9f\xe0\x0a\xfc\xa8R\
.\xb6\x114)4z\x16\x82E\x17A\xf6\x08\x00\xa4\
\xfb\x10\xe8yM\xf3\xc4\x8c\x80\x9f\xdf,\x82la\x01\
\xaaJe\x1a\x8dF\x08MK\x8e\xafM\xb8\xe3\x89\xc7\
7\xd3\xfb\xde\xdb\x9c\x9b\xfe\xac0\xec\x97\x87\x06\xf6_\
\xe7\x1b\xbaz\x18\x92\x9b\x82\x00[\x5c\xd4\x84\x14\xd3\xf5\
\xe8':\xe3Z\xb7\xce\xc3\x0e@o\xdfU\x13\x81\x81\
\xc9\xc7\x15\xad\xc6;\xaa\xa9\xfd_\xb3\xab\xe5\xd7\x85\x06\
F.\x89'\xfb|\x9a \x90\xe4\xc4\xe5\x1f.0O\
V\xc9\xbf\xea\x8c(\xb079\xa8\x83\xcbuc)\x97\
~G|\xec\x9a\x8dTv\xbc~\xa9\xca\x09\x9d\x04\xc1\
\xa6\x06,\x14,?\xc9A\x0e,Ky\xdc5\xcbR\
\x06\x00\xd20\xb7T\xe8\x02\xeaP\x04\x14\x01E@\x11\
P\x04N\x1b\x81C>}N[?J\xb1\x22p\x08\
\x01\x95T\x04\x14\x81s\x8e@\xf6\xc1\x8a?\xea\xfb\x9e\
;>\xf0\xad\xdc\xbe\xddY\xb3\xdd\xb4\x05m\x1b\xd91\
\xc0\x82\x88\xb4\xc7Ag\xd8\xbcydA\x5c\xdc\xc8R\
.b\xa7L\x08A)p\xear\x1c\x91\xf3\x9d<\x14\
:\xb9\x16t\x8f\x08\x86\xe3\xee\xc4\x9a\xf5=\x895[\
\xd6DF.\xbcZ\x8fD\x9f\x02\xed\xc6\xcb\xccb\xf6\
]Fn\xea\xe3\xed\xdc\xde\xcf\xd53{\xbe\xdc\xcc\xed\
\xfdJ3\xb7\xe7\x96V~\xf2K\xed\xdc\xbe\xcfY\x85\
\xd9O@9\xfbn0\xda\xaf\xc0\xa0\xff)\xde\xc4\xc0\
\xd5\xa1\xa1\x0d\x13=\xc3c=\x81P\x84\xfc,n\x8d\
\xfcw\xd4\xa3\x86l\x1f\x1cr \xa2c\x17\x22\x1eR\
\xd2Mv6\xc7\xbc\xe9dq\xbb\xdd\x80\xb4\x9bo5\
kva\xff\xce9W(\xf1)\xad\xda>\x13\x7f\xdf\
\xaek\x90D<\x9a\xad\xdd*\xc7\x0e-\xa3uj\x0a\
\x8e\xad\xde)\xd5\xbd\xf2\xbePo\xff\xb7K\xa9\x85\xbc\
i\x19\x92\xd7\x8b\xa0u\x80(\xc8\xfd@\xfbjM\x80\
\xa6i\x80\x88`\x18-Y,d\x9bz\xb4\xf7\x9f\xdd\
\xde\xd0/H\xc1\x11v\xdc\x94\xbb\x8a'\xf9\xb6NZ\
\x1bY/\x81\xc6r\xd2\x0a\xb8\xe1\x8e\x1d\x86\xd7\xa3\xff\
\xd2\xaaW\x1b\x86\xd9v\xe6T\x1cE'\x22\x92\x83\x88\
z\xa5v\x88\x9d\xb8\xa6\xb9\xd0\xeb\x0f\xeazd\xe4&\
\xa8\x14?\x14\x1c\x0a>54\xb8%\xe18V\xa8\xde\
I\x9c\x08\x83[\xfc\xde\xbe\xcd\xe3E\xbb\xfa\xc2\xca\xf4\
\x8eO\x8bH\xe4\x89=\xfd\x03!\xcd\xe5\x16\x88\x9a\xf3\
6\x16;=\xa4\xc0\xce\x1c\xae\xb0\x93\xa5\xfb\x8e\x226\
=?V\xd8l\xd5\xab!v\x96=s\xe6\xf5Hc\
\xe9d\xacrO\xd5\x85\xbb2=\xc3\xa3\xb7\x18\x95\xea\
\x9d\xadF\xcd\xb0\xcd\xce\xfa\xa7\xe1;\xf3\x88\xd8\xe9\x96\
\xd3\x88\x14'\x9e\x92\x026\x03\x91\xd8\x92c\x5cR\x86\
\xd05\xf4\xf8\x02\xc2\x15\xed\xbd\xa2\x5c*\xbd7>\x96\
Z\xcfuNZ*;\xb3\xbeX\xdfWe\xb9\xf4\xdb\
V\xa3j\xd2\xe1,*\xcb4\x97\xecB\xec\x18\xc2\x8c\
\x10;\xf1\xe5\xfdq>\xcf\xbf\x8d\x82~\x1c\xa2\x09\x7f\
 \xe2I\xac\xb9d\xc2\xdd\xdb\xf7\xfbv>\xf3\xf6\xca\
\xfc\xfd_h\xccO\x7f\x12\x1a\xc6\xeb\xdcq\xf3\xc9\xbe\
\xfe+\xae\xa0u\xb9\xd1\xdb\x7f\xcd8\xbf=\xe8\x1b\xbc\
r\x84%:p\xdd\x98'\xf9\x88u\x81\xdeG\x5c\xe2\
\xed\xdb\xf3HW>\xf0\xec\xa2Q}W35}K\
m~\xf7\x97\xc0h\xbe288vebt<\xe6\
\xf2\x044D\x9d\x9f\xdf\x8eA\x88N\xb0d\x16\x8d\x03\
l\xd0pxt\xc2\x0dV\xfb\xf7-\xb3\xf1\x8e\xdeu\
\xd7M,UX\x95\x88t\xb4\xf0\x9c9\x91\x13\xb8 \
\x228\x9fv\xa0\x0eE@\x11P\x04\xce5\x02j<\
g\x1b\x01\xf5ys\xb6\xcd\x88\xb2G\x11P\x04\x14\x81\
\x871\x81\xfa\xf4]\xf3!\x9f\xff\xf3\x9eX\xf2\xb6\xc2\
\xc2\x5c\x09\xa5-\x05}\xd2\x08M\x03\xdb\x82\x8e,z\
V\xd8\xb9\xc3\x9bl\xc9{5\xda\xe0\xf2\xb0y\xf3\x08\
\x92*\x92 t\xdaXT\x9f\x85\xdf\x1cd\x1d\x86a\
\x01\xbfu\xd46\x0d4,\x13Q\xe8\x18\x0c\x87\xf5\xe8\
\xc0\x80/:<\x1e\x89\x0c\xadM\x86\x06\xd6\x0d\x06\xfa\
\xd6\x8e\x84\x06\xd6\x8cG\x87\xd7OD\x86.\x18\x0b\x0f\
n\x18\x8c\x0c\xad\xeb\x8d\x0c\x8d\xc5\xe3C\x83\xc1X\x22\
\xe1\xf2\xfa\x03Hv m\x10\xbb\x02\x96\xd9\x06i\x9b\
p\xe8\xc1v\xb2\x08\xc0E\x17\x85\xa0*,\x14\xd0)\
y\x0bG\x1b9D\x04\xdb\xb1\x19\x807\x83\x94\x94\x95\
\x85\xd9\x02\x04\x13_5lqk\xb1xw\x91\xaa\x9f\
\xa1\x93_\xd59\xf9\xae\xa4$\xebO\xbe\xf9\x8a[\x16\
\xf6n/\xeb^\xcf_\x81\xd0\xef\xb4\x8c6M\xb0-\
\xeb\xf5:\xb4Z\x86#\xed\xb6\x09\xcdf\xbb\xc3\xd5h\
\xd9\xb2V\xbb;\x14\x8c|\xa3\xb0\xf7?\xcb+\xee\xe4\
\x14*\xb2\x8b\x97\x9awv\xf8\x149\xd6)\x91\xe6}\
Q\x9cz65\xb3\x9d\xd8\xa9\x5c$\xb6\xac\xdf\x80e\
\xed\x97\xb6e#\xf2\x1a\xe35z@1\xaf5\xee\xa0\
\x1b\x0a\x94\xb4R;\xe56\xadG\x9b&\xd3\x1f\x8az\
\xc2\x83#\xd7Ug\xa7?X\xa9\xd6\xff\x2202\xf3\
X\xfe_\xb3\xfb\xfa6\x07\x16\x7f}\x98,g-\x87\
\x09\xe5o\xd5a\xf8Z_\xa0\xf7\xea>\xff\xc8uW\
xlx~3W\xfe\xb4].\xbe\xc9?\xb8fs\
$\x1a\xf3Q7`Z\x92\xc4\x02DjB.\xa0\xae\
=]\x8d\x94\x0b,\xddt7\xe4<Gd7\x87B\
z~\xd0u\x95N\xd2.\x0f\xdc\xafKJ9\x8f\x84\
\x88\x92]6p\xf7,\xcc\x8c\xeb\x106 _\x16\x08\
\x81Gh\xcc5N]\x0a\xd1\xca\x83\xbd#k>V\
\xcf\xa6\x1e\x00\xb0\xe9\x99\xd9\xe9\x8a\xd9\xb1p\x0f\x88\xe8\
<O8\x8dHcY\xb4\x145\x00I\x9c-\xc3\x04\
]wA8\x12\xd5\xa1\xddzL\xcb\xaa\xbf\x8a\xff3\
$n{\xb2\xd2\xf0\x85\xee\x89\x8e\xac\xfd`=5\xbd\
\x1b\xc8\x09(@\x03D$\x0b%t\xf9\x80\xa040\
\xb1\xc5^\x9c\xf5Ni\xca\xe7{\xc1\x92\xa6S\xd7\xa4\
\xf6@\x95i\x8d\xa0\xdf\x1bt\xc5'\xd6\xc5\xa3\xc3\x1b\
.r\x87\xe8\x079\xd5\xfa\xeb\xdb\xb9\xfd\x1fo,\xec\
\xf9jen\xee\x1b\xcd\x0cI.\xff\x95F\xa5\xf4\xe5\
F\xa9xK\xb1\xb0\xf0\xb5Vf\xe6\x1b\xb5\xf4\xe4\xd7\
\x9b\xa9\xbd\x9f7\xf2\xb3\xef'{^\x12\xe8\xeb}T\
\xcf\xc8\xfa\xb1X\xffP\xc0\xed\xf6\x08\xd3\xb6\xd0\xb2m\
\x16r\xf8\x91\x0d\x8eI\x02\x04\xcd\xaf\x13\xa5\x8b\x10:\
55\xa1mJ\xe8\x1fY\xe3)\xce/<\xcd4\xac\
\x97'\xc6\xb6\x0cP\xf1\xaa\x9ct\xebIg\xb2H\x1b\
\x1238\xd2As\x06,G,#\x0dG\xca\x7f\xb8\
\xe6)\xbb\x15\x01E@\x11P\x04\xceJ\x02\xe2\xac\xb4\
J\x19\xa5\x08(\x02\x8a\x80\x22\xf0p% s3w\
\xce\xfa<\xae\xcf\xeb\x81\xf07\xd3{w,\xd8\xa6a\
\xd3vQ\xda\xb6\xedl\xc2,\xab\xe3(\xe8\x86\x88\xd8\
\xdd7-\x85\xc0\x1bI)\x9d\x8d'\x22\x82\x10\xb4\xa1\
#A\xec\xc4u]\x07\xb7\xdb\x0d\x1c\x22\x1d\x80\x1a\x02\
\xd5\x06A!\x09jnt\xdeP\xd2\xdc\xc2\x06MH\
\xd4\x05\xe5\x91\x12\x8dB\x1d\xc9_\x81d\x0f.\x1e \
H7Kw\xa3\xcd\xe1r\x81\xc5\x83\xea;\x1b[\x0e\
\x17\xb3(\xe0\x8fR\x16\x00\x8b\x14\xf3\xa6\x97\xcb\xc9\x19\
#\x1b\xcd\xaa]\xd8\xbfkA\x84\xe3_\x0c$\xc2_\
\x833\xea\x08$\xd3N\xe5$\xa2\xa7\xd2\xfc\x04\xdb\xca\
\xc2\xde\x9f\xce\x84zb_\xab\xa4\xe6\xa6j\xf5\xa2\x01\
f\xdb2ZU\xcb2\xeaV\xbbY\xb1l\xb3e\xd5\
+\x05\xa34\xbbw\x16\xfc\x81\xaf\x14f<\xf7S\x1f\
\x92\xe4\xac>\x1d\x03\xc9\x9bx\xaaFV\xa5\x98\x01_\
\xf8\x9f\x1a\x85\x5cM\x92\xb3\x9c\xef\x9f\xae\xf0Z\xed\xea\
\xe7u\xcc\xf1n\x1e\x87\x9c\xa7i.\xd0]\x1et{\
\x03\xae\x9e\xb1Q4\x0c\x04\x00\x00\x10\x00IDAT\
\x89u.\x0d_P\x9b\xde\xfb\x99z\xa6\xf8\x85\x82\x14\
o\xf6\xf5\xd7\xff04x\xc5u\x81\xe1\xab7\x07\x07\
\xae\xb904x\xedF\x0e\xc9\xf9\xb7\xd9\xd7{\xd55\
\xee\xde\xf2S\xa0Rz]-;\xff\xc9\xfa\xf4\x03_\
l-\xcc\xbf\xcb\x1d\x8d<1:<:\xe8v\xf9t\
\xa1\xb9\x90\xfaA\x9d\xeeM\xee\x9f\xee/\xe7^!\xe7\
\xcc\x92\xab\x88\xef\x0b.;\x9e\x90\xcd\xe4G\xb2\x8fW\
\xed\x04\xcb\x91\xa7\x82eE\xed\x96\xdbj\xf3\x08$v\
n\xf2\x15\xb5>\xc1J\xdb\xb7\x1bi\xc3\xf8_O\xa2\
\xf7+\xb9\xb9\x99\x1c9\xc4\xa5a\x18\x0e\xbfC5\xb1\
]\xc4\x87\xb2\x91\x04\x80\x98/I'C\xc3h\xb2\xd7\
]\x9d\xdd\xff'\x88\xf29\x90\xe4_\xc1uJN\xfc\
2\xb9\xad\x19\x94\xf2G\xc1\xbe\x89[\x8a3\xd3\x19\xba\
\x07m\xee\xdf$\xc7^\xbb\xddv\x9e\xd7\x1d[\xc8!\
\xb9\xf8\xbc\xeev\xc2\xf9]\xa1\x85\x01.\x17\xad?\xcd\
MOi\xa4\xa4\x8e\xa8i\xe8\xf1\x05\xb5h\xb2\xcf\xd3\
\xb7\xe6\x82xb\xcd\xa5k\xc2\xc3\x1b/\x09\x0e\x0e_\
\xe3\xee\x89=\xd2\x1d\x08>\xce\xa5\xbb\x9f\xe8r{\x9e\
\xe0\x09\x04\x1f\xed\xed\x1d\xbc!4\xb4vK\xcf\xd8\xc5\
\x17&\xd6\x5c4\xd8;2\x11\x0aE\x12.\xb7\xd7'\
\x84\xd0\x105A\xa6!\xd0e\xc9.\xee\xdfY\x87\xd8\
\xb1\x8f\xd3|\xcfHZ]4\x06\xd4=>\x1c\xddx\
q ?\xbd\xef\xcf\x1am\xe3\x19}\x8eS\xbc;\x82\
S\x0c\x91:%\x15\xd4\x15]\xf9\x5c\xd9\xf2YZ\xa0\
\xdbCKQn\xadD\x11P\x04\x14\x01E@\x11X\
m\x02+\xfbdZ\xed^\x95>E@\x11P\x04\x14\
\x81s\x91\xc0\xd2\x98\x8a\xf3wMy\x5c\x81\xbf\xf4\xf6\
\x8e|%?\xb5w\xc6l\xb7l\x97.@\xd34G\
xS\xc6qAN8X|\x93\x84\xf3\x1c\x01\x01\x08\
\x1a \xd2fJ\xa0\x13\x22\x1e\x08)\x03X\x10\x11\xb8\
\xbd\xae\xeb\xc0\x1bM\xda\x15\x02\x8b\xc7\xe3\x03\xaf\xd7\x0f\
\x1e\x12\x0e\xbb\xc2\xf9n*s\xbb\xbd\xc0\xa2\xbb<\xa0\
\xe9\xe4P\xa4\x90\xf3]\x14vE\xd3\x5c\x8en\xd6\xcf\
\x82H}\xc1\xa2\x90\xcd\x1d;i\x83\x09\x9d\x83\xebp\
\x1e\x0090\xa8\xae\xdb\xadS\x81\xb4ks\xd3s\x10\
\x89\x7f\xc9\xefv\x7f\xa16\xf9\xab\x05\xca<\xa3\xa7\x04\
\x02\x08\x82\xfad\x01@D\xe0\xe3\xc0\x06\x95S\x07\xa4\
3\x06\xe8\xd4\x93\xb4\x17\xa5\xb1\xc2\x99;\xecJ*\xff\
\x7f\x00\xed\xcf\xd5\xd3\xf7\xfdg5\xbd\xf7\x17\xf5\xf4\xd4\
\xcf\xeb\xe9}?\xab\xa7'\xef\xac\xcc\xef\xfaY-\xfd\
\xdb\x1f\x01\x94\xbf\x00\xb5\xda\xbf\x02l3\xcf\x8ci\x17\
\x90s\x01Ah\x1d\x86\xb0\x8c'\xd0\x81\x88\x1d^\x14\
wN~\x0b\x89\x04Il^\xdbN}\xa7\xe4\xd4.\
\xc5\xbb\xcb~\x9f\xff\x0e\xb0\x1a\xfb\xc8\xc1.5M\x03\
K\xda@\xc6\x81&\x04\xf0\xdf\xe3\x94\xfc\x0b\xb9<o\
NO\x82\x8a\x10\xc88\xa0\x99\x04\xa0\xb5I\xd5\xe8v\
\xa3\x14j\x22\xd2\x13\xf7\xf6\xaf\xbf\xf0\x82Do\xff\x93\
\x84\xb4\xdf\xd0\xa8\xe4?])\x15\xbf^\xcb\xe7\xbfY\
-\x15\xbe^\xc9\xa7\xbfQ\xcde\xbeY+f\xbe\xd5\
(\xe4\xbe\xd1\xce\xe7>\x0b\xa6\xf16w\xac\xe7\xe9\x91\
\x91\x0b\x1e\xd136\xd1\x17\x0c\x06\xdd\x9a\xe6\xe2E\x86\
\xecd\xa1N@ :\xd2\xedW\x13b)m\x93m\
\xd4\xfb\xa2=@\xf6Q\x8a\xf2(\xe2\xe4Q\x0a\xbao\
Ku\xd6\x22\x0f\x10V\xe7\xb0\x0f\xd7\x85N\x87\x1d\xf5\
\x12\x88\x17\x0b\xdbCY\x9d\xfe\xc9F\xe7\xed-$\x13\
m\x0d\xe0w\x04\x94\x0aO\xc79sg\xa3%\xcd\xbf\
\x03K\xfeC.\x9b\xaez<nZs.\xea\x97\xfb\
\x96\x14v\x8c\xed\xda\xd51\x81\xcc\xa1u\x86\xa0\x01\xaf\
\x07\xa0\x83\xc7\xa1\xb9\xbc\x10\x1d\x9a\x88\x97S\xf3\xaf\x0b\
{\xfc7\x02\x00U\x84\x93:f\xc8.z\x92\xfd5\
9\xe0\xbfQ\x98\xde\x9b\x06\xcb\x94^\x8f\x07\xdc\xe4\xdc\
s\xe6\x9aT\x0b\x12\x10\xb4\xfa$\xdf\x92\x82\xfa\x11\xc0\
lY\x04\xd9\xc6\xf5\x1c\xeb\xa9\x8e\xe0\xf5@\x026\x82\
E?<\xb1m\x1b)\x8a\x94\x8f>\x9fO\x04\x02!\
\x11\x8dF\xb4\x9ex\x5c\x8b%\x12\x8eDc1-\x12\
\x89\x0a\xbf? \xdcn7\x8a\xc5_\x036\xc9)i\
\xdb\x00\x88\x1a \x22\xe8\xfcY\xa0\x0bp\x91\xb8u\x17\
\x90N\xd04\xa42\xe9\xc4Q\x13N\x9a\xf3\x80\x8ev\
\xabM?\xa0\xb2\xd0\x1d\x0a\x85j\x99\xccx\xd3\x13v\
S\xf6\xa9\x9d\xc2MCE\xfb\x80\x12\xdbY\xdb\x9d\xb4\
\xe8\x04|]\x9c\xb7\xee|J\xe02\xa4\x12\x016]\
aK\x85\x13\x1cS\xa2\x08(\x02\x8a\x80\x22\xa0\x08\x9c\
\x16\x02\xfc\xc9sZ\x14+\xa5\xe7\x13\x015VE@\
\x11P\x04\x0e# k\x99_-h\x01\xefW\x22\xc3\
k\xdf_\x98~\xe0\xeej1\xdfv\xe9B\xea\x9a\xe6\
lly#\xc7o\xbf\xf0fH\xd0\xe6\x90CD\xa4\
\x8d\x1b:\xca\x8e\xe6\xb0B\xec\x94;\x95\x8es\xa1]\
\xd9R\x8d\xe5\xf1n&bg\xa3\xcdi\xc4\x03z\x11\
\x91\xec\xd0H8< \x5c\x8f\x05Q\xe3\x00\x90B\xb6\
\x9b\xc7B\x9bZg3\x8a\xe4n)\x17\xf3Fq\xea\
\xc1\xfb<\xbd#\x1f\x0a\x05\x82_\xe1\xbf\x0b\xe648\
\x83\x17\xdbn\xd3(:\x1d\xb2\x8d\x9d\x188\xec\xbbq\
D\xecF\x0f\x0f\x9d2\x89\xb6\xd9>F\xa5\xc3\x9b\x9d\
Z\xced\x09\xa0\xef\x9b\xe0[\xf72\xf0\xc6\x9f\x0d\xde\
\xe8s\xc0\x9b|\x0e\xf8\x92\xcf\x02_\xef\xb3\x00&^\
\x04\x10\xff\x12\xc0B\xe6\xd4\xfa9\xf1\xd6\x92\x1c{\x88\
\xe8\xf0C<\x80\x84\xd9\xb2t5.\x8f#v\xeb\x09\
\x84\xad\x99n\xa2[\xf5DC;\xe6\x0d\xdc\xef\xed[\
{G~a\xaeb\x18m\xe9\xf7\xfa\x9c5\xc7\x8e\xb8\
n\xbf\x1c\x22\x22 \xe2\x92~\xc4\x8e\xdd\xbcF\xf9^\
C\xa44\x08\xb4\xa5\xd0,\x89\xe4]q\x87}\xc1\xf0\
\xa07\x10\xda\xe0\x09\x84.\xf7\x06\x83\xd7\xb8\x02\x81k\
<\x91\xd0U\xbe\x9e\xd8e\xa1d\xdf\xc6\xe8\xd0\xc8P\
$\xde\x1b\xf1\xf9\x83\x1e\xa1\xb95\xa1\xe9\x02\x85\x8et\
\x00\x0b;\xa3X\xb8\x0f\xeeX\x08\xe18`\xd8\x1eN\
\xb3p\x9c\xeb\x1e\x1a\xe7t7\x9f\xe3\x1d\xc1#\xdd\xb2\
\x9d\xa2\x93\xb8\x22\x0f\x19:N5\xf2I\x01\xd3a{\
\x0eU\x85\xc8%\x00\x88\xb8$@s/\x1158\xdd\
GfG*08\xf69rv\xff\xb2\xd9\xa8\x99@\
3\xc4s\xcb\x22\x89\x06\x0b\xdb\x82\xe4H\xea\x9a\x82\x88\
\xdd\xe8R(4\x17\xba<^\xe1\x8d\xf6\x8c\x96\xf3\xf9\
\xd7\xc7\xd7o\xdd\x00\x00'\xfd\x9d\xbf\xc6v\x05z>\
\x07\xbe\xe8w\xf2\xd3\xbb\xb3\xd2j\xdb\x1e\x8f\x0b\x5c\xe4\
\x10$\xbd`\x18\x06\xf0\xbc#\x22 \x22g9\x82\xd8\
\x893g\xc4\x83\xe3\x88\x9d4W\xe4rn\xcf\xcf\xd1\
\xceX\xd1\xd1\xc7y,\xddr\x8e\xb3H\xb0\x0e\xbb\x0f\
y\xb5\xb0\xb0\xbe\xae \xe2\x01{\xe8\x16D\xec\xa4\x11\
\xd1\xb1\xdd\xad\xe9\xb2\x98\xcf[\xedR\xe57\x91\xe4\xe0\
wJS\xffG\xcf\x9fn\xebS\x0ai\xb6:\xedm\
\xe8D;\xd7N^\xf7\xca\xe3B\xc4n\xf2\x80\xad\x88\
\x02\x1a\x8d\x03\x05K5TD\x11P\x04\x14\x81\xb3\x85\
\x80\xb2\xe3\x5c p\xd2_\x0c\xce\x85\xc1\xab1(\x02\
\x8a\x80\x22\xa0\x08\x9c^\x02\xb5}\xbfH\x95\xec\xf6\xf7\
\xfd}k\xdf\xd7\xcc/\xdc\x99\x9e\x9d\xaa\xa1mIM\
\x08\x10\x1a\x80\xa6#hB\x80mY\xc0\xce\x03\xa0\x83\
7H\x14\x00o\xecX8~D\xe1\x0d1\x89Dr\
p\x91\x00\xda\xc0\xc2\x9b.\x16X<8\xce\xb2\x98t\
\xb6f\x9cv\x9aP&\x87\xb4\xb3\xa4\x93s)\x83t\
\xd2\x15l\xday\xcbe\xfbgI\xc6p_\x5c\xc6\xc2\
\xed\xa4m\x82I\xb6#\x8dA\x08\x1dL\xa3%\xcb\x85\
l\xab\x9eY\xf8etx\xc3\xfb\xa3h\xddV\x99\xdb\
\x9e\xe5\xfa\x0f\xa5H\x1a\x0b\x22[\x0c\x80\x88@C\x01\
>8\x9f\xc3C\xa5\x9b/\xecCKN{\x9a&\xe1\
\xc1\x0a4v\xcf@sr\xb2#{\xa7\xa0\xb1g\x1a\
8\x0f\xf6\xa5\x00R\xb5\xd3n\xc5\xf2\x0e\xcc\x06J$\
O\x02\xe51\x17\x84\x8e3\x1b\x8er\x08\xe6\xbbX\xd6\
u:\xa1X\xber\x16\x0bO\x22\xe0\xb7\xb4b\xd1\xd0\
\xdf\x00\x8a\x9f\x19\x8dF\x1b\x91\xe6\x92\x84\xed\xb2-\x00\
d\xdb\xe8>\xb0\x979K\x10\xd1Y\xdbd\x03\x08\xba\
\xe7$\x95q\x88@\xb5\xcc6h\xe4\x9c\xf7x<\xe8\
\xf6z\xd0\x1f\x0c` \x18\x14>\xbf_\x04\xc3!\x11\
\x08\x05\x9d\xb8\xdb\xebB\xba?\xd1\xb6m$e\xd4\x0f\
\xd0MG\x1dJ\xcb\xb9O\x80\xfa@\xca\xe2\xfb\x98&\
\x90\xfa\xd1(\x0b\x81\x9c;\x92\x85\xdaQ)8y\xcb\
\xe3\xb0\xec\xe01pR\xc2\x81\xaf\xa6\x08\x1a\xab\x83S\
=\x049}h\xb8t\x17\x1c\xd0-\xc9v\xb6\xb9\xa3\
\x9b\xf3\xbb\xd2\xc9\xe1+\xdb\xc4\x5c)NUWg\x0e\
I\xd7\xb1NY\x9b\xf1\xdc\x1f\x1f\xbf\xe0\xf3\x95\x85\xd4\
\x14\x01\x94\x88\x12P\x13\xce=+-{\xb1\xad\xed\xa4\
\xa9\x88\xa6Cv\xf2\x04\x02\x90\x08\xa4)\xb2m\x90\x08\
\xe0\x0f\x84\x04\xe5\xdd\xd8(\x95\xde\x1c[w\xf5`\xa7\
\xe2I]\x9d\x1f\xee\xc4b\xb1\xcf\xbb{\x06\xbe\x9e\xd9\
\xf7\xe0l\xa3V\xb5M\xb3-M\x02\xc4o\xa8\x22=\
75\xd4A\xd2\xfa\xe3\xb7\x04\x1dvd\x07j\x00,\
\xc0\xf9\x8e\x90aH6\x02\x1d\x14\xd2\xa2\x80\xae =\
Gy\xbc@\x93\x05\xcb\x0e\xd6u Ic\xe3\xb9\xe3\
\xc1;\xf5l*b\x81\x03,(\xa7{2\x07\x10\xd4\
';t\x89\x9feI\xaa\x87\xd4\xa5&\xab\xb5\x8a\xac\
g\xe7'}\xc9\xc1\xcf\x95\xe6C\xf7R\x9b\x8e\x22\x8a\
\x9c\xcaI\x16\xb2\x1egbh\xe6\x1cU\x88\xdd1S\
\x11s\xa0\x5cD$\xa3EG(\xcd'\x22\x12*\xba\
p\xe2l\x14e\x93\x22\xa0\x08(\x02\x8a\xc09C\x80\
>\x81\xce\x99\xb1\xa8\x81(\x02\x8a\x80\x22\xa0\x08\x9c\x8d\
\x04\xe6\xb6\xd7\xeb\xa1\xf2\x7fD\xc7\xd6\xbfA\x82v[\
j\xef\xbd\xd3\xb5j\xa1\x8d\xb4\xc3#G\x84\xec\xbc\x09\
\x22\x81\x9d\x04\x94E\x9b4t\xe2\xc7\x1a\x0a\x22\x1e\xab\
\xf8\x84\xca\x10\xd1\xe9\x13\x11\x97\xda\xb1\x1d\x826\xa6K\
\x19N\xa4S\x8e\xb4\xb3\xe5r\xce\x22G\x07 R\xbe\
\xb4d\xb3Q6\xf3\x93\x0f.\x98\xa5\xca\x0f\xf4h\xe2\
mE}\xe1_S\xa9{\xcf\xac\xe3\x8a\x8d:H\x9c\
\xad\xb0c#\xdb\xccrP\xf1\xd1\x12\xb4\xb1\x07\xda<\
s\xb1\xb4\xc24@\x8e\x9d\xa7bv\xfe7ed\x87\
\x02!8\x1e\xc3n9b\x07\x9b\xb4m\xf2\xc3i\x02\
*\xab\xf3k\x7fs\x0f\xca=\x89\xfe\xa1\x8f\xd7\xb3s\
\xbf\xae\x16\x0bf\xbdRv\xee!A\xfdq\xdf\x88\xe8\
\xcc7\x99JN\x0f\xc7\x1f\xe1\xa4\xb9\x8c\x05\x11\xb9\xc8\
\xc9\x13\xb4\xc6\x11\x11\xdcn7\x90C\x10\xe8~\x04\xfe\
U\xcb\xaep\x9a\x85\x1bp\x1e\xd7\xe1\xb7\xc1\xb8\x1d\x0b\
\x97\xb1p\xbc\xab\x1b\x11\x81\xefi\xa3\xdd\xb4\x1b\x8dZ\
\xd5\xe5q\x15\xc8id\xb3\x0e\x16\xc4N\xff\x5c\x9fe\
y\xde\xc1q\x01\x82\x9d\xa8\xab\xc1-\xc7\x9a%\xf9h\
\xc8WE\xfds\xbf\x88\x1d;\xb8\xe4h\x82\x88\x0e'\
.\x17\x02\x05\x9c\xfa\xdb\x9d\xac\xea8\xb2\xcd\xc4j\xfa\
\xc7\x81D\xff\x97\xb33\x93ii\x99t7\x22\xcd%\
\xdbrlGtW1\x22\xd7E\x9aO\x1d{\xe2\xbd\
\xdezj\xf6\x8f\x8dz\xfb\xd9\xa7\xf4\xf7\x03\x01 ?\
\xfb\x8bYZ*\x9f\x11\xd1\xe4'\x0b\xd3w?P,\
d\xdbF\xab%\xdd\xba\x8b\xfa\xd2\x80\x9f\xe1,\xcc\x97\
\xd7\x04\x22\xdb}\xe0\xd9N*\x9c\x93\xcb\x9d\xc8I^\
\x10;\xe3\xeb6G\xc4nt)<\xb4\x0fIU\xd8\
&^\xaf\x9a\x86\xb2R*X\xc5\x99};B\x83\x13\
\x1f\xf5E<?\x5c\xf5?;@\xae\xe7%c(\xc2\
\xf6 \xe2\xd2z\xa2,\xe7DD'\xec^\xa8Y\xe7\
\xa6\xedf\xa8P\x11P\x04\x14\x01E@\x118M\x04\
\xc4i\xd2\xab\xd4*\x02\x8a\x80\x22\xa0\x08<\xbc\x09\xac\
\xae\xf5\xbbw\xb7\x8a\xfb\xef\xbc;\x10\xf4\xfc\x85\xbfo\
\xfc\x03\xf5\xd4\xf4\xaf\xb2\x0bs5\xb3\xdd\x96\xfc\x16\x89\
\xa6\xeb\xb4\x99t\x81\x10\xba\xd3/\xe2\x81\x0d\x12o\xe2\
X\x10\x97\xe5\xd1\x8e\xc9\xa9H\x17~A\x84\x05h\xcb\
\xec\x08\xe59'\xbf}A\xc2\xadX\x9c\xbce\x17\xde\
q\x1dQ\xa8\x0d\xed\xd8h\xf3-\x81\xbc8\xd4\x82?\
*IH\xbf\xb4\x11L\xcb\x02I\xb9d8\xb0\xdd\xd2\
\xb6\xecR)\xdb\xae\xcd\xef\xbdWD{?\xe2\x1d\x1c\
x\xafY\xf8\xdd\x9d09\xd9\xa4j\x0f\xd9iYq\
\x1e6\x89M6\xd8\xc4\x96\xc6@1\xde\x94R\x00T\
\xe0\x08\xc7\x8f(\x88`\x8bcW9b\xbbs1\xd3\
\x96K/Iv\xd6\xc4\xb2A\xd2\xbaX\xbe\xee\x10\x99\
,\xd0\xfa\xa1u\x22\xa5\xc3\xdd\x06Z8\xcb\x9a\x9cZ\
t\x9b\x99\xdd_\xf8\xa9\x16M|\xaa\xbc0\xb9\xd32\
[\xb6\xae\x0b`\xd1\x04\x00w\x85dS\xf7\x0d-@\
\x1b$\xf0[|\x82&S\x03\xa42\x16\xb2\x0cX\xa8\
\x05\xd9*AZ6\xb5\x95`\xd3\xfa\xa6\x0cJCG\
l\x9b\xda\x81\xe3\xe0\xe3\xba\x88\x08\x88\x086\xdd\x94,\
N]\xaa\xc3q\xa1\xb9h\xbc:\x08\x94\xb2<\xb3/\
\xa3\xa1v\x9b\x90\xe2\x87\xf5F\xdd\xb2\xa5)\xb9=\xd7\
G\x8a\x90\x06\xaeG1\xea\x878q\x9a\xf3I1U\
\xe1\xaa\x94i;\xc5\xa7|\xb1\xa3&Q@R\xba\xa8\
\x90@!\x12\x0b\x1a\x07\xf7\xc9}\x03p\x19\xcbbw\
\xd4=\x19\x02\x5c&\x9d8E\x17\x8bNw\x90\xcd>\
X\x01h\xdd\x06n\xff\xdf\x95\x0a\xc5\x06\xd0C\xd2\xe5\
\xd2\x80\xe7\xd4f\xd6$\x84\x9f\xd2d\x09\x8d\x0cXh\
^\x81E\xd00Yh\xc9Q5\xd04\x1d\x03\x83C\
\xe1\xca\xc2\xec\x8bC^\xffc\x00\xb6\xb8\xa8\xd5\xc9\x9e\
\xb2\x9a\xba7m\xeb\xf67=\x89\x0doo\xe7\xe6\x7f\
\xd1\xaaW\x0c\x94\xb6\xb4,\x83\xcd\x04\x0duB\x89\x84\
N\x02\x22\x02Jp\x04\xe8\x90\xc4Qp\x1e\xc5\xf1\x10\
\x01\x1e\x03\x0b\x08*a\xa1\xe0\x18'\xeb\xe2bD\xe2\
\xc20(\x04\x12D\xd6\x0c\x80\xd8\x09\xf9\x99\xbd$\xa4\
\x1bQ\xcaR)g\xd4R3\xbf\x8d\x8c\xac\xfd`\x08\
\xac\xef\xe7w\xff\xa2\x0c\xabu\xd8m\x1a<H\x02@\
\x17V*(\x8aK\xf6\x00\xcf\x11\x0b\x17\xb1\xf0\x98Y\
8\xee\x085\xa5&NT]\x14\x01E@\x11P\x04\
\x14\x81\xd3H\xe0\xf8\x9f\xb6\xa7\xb1s\xa5\xfal$\xa0\
lR\x04\x14\x01E\xe0\xb4\x11\x90\xb5\xf4}\xa9:\xd8\
\xdf\xf7\xf5\xafy#\xf9'\xbe\x96\x9f\xbcwG>\xb5\
Pc\x87F\xbbU\xa3m\xa3\x0d\xbc\xd9\xe5\x8d^7\
D\xcae\xe1\xbc\x15[v\xd0\xe6j\xd9\x06\xff(\x0a\
X7\xcbA\xc5\xa4\xa3\x9b\x87\xd8\xd9\xcc\xf1\xdbQ\xbc\
\x99\x05iI\x81\x96\xacW\x8b\xcd\xe2\xd4\x8e\xbdF\xb5\
\xf5\xad\xe0\xc0\xba7\xd8\xba\xf5\xed\xe6\xdc\xf6)\xd2s\
\xfcN\xa9\xd2\xe9<\xed8mJi\x0b\xda\xed\x83y\
r\x1c\x119\xa0\x0d*m:eG\x9c\x0c\xe7\xc2_\
\x0bH(\x9f\x92D^\x90s\xc8\xe84\xa0\x8c\xf3\xf1\
\xec3jB\x10\x12\xc4\x831t\xd7\xc6\xa1L8\x9f\
\x85\xf3i\x91\x00\x89\xa4\xe6\xb0\xba\x7f\x03lG\xdbr\
\x89\x1f\xb9{\xfa?\xd4\xc8\xed\xbe\xbbQ-\x1a\xadF\
\x9d\x1c2\x16\xf0[y\xdd\xb9f\x1bX\x10\x91V\x02\
\xf9(h^\xd96\x96n>\x87\xdd4\xc7\x9d\xc1R\
\x04\xb1\xd3\x86\xd3\x88\x9d8e/\x9d\x88\xe8\xc4\xb9/\
\xae\xc3\xf7\x86m\x19\xb2\xd9\xacZ\xb9}\xbb\xe6\x01\xc4\
w,\xb3\xf1\xc5l6M\xf7\x83Mk\x89|D\xec\
\x9drZu.\x92\xec\xe9\xc4\x80\xd6\xe3\x01\xfb\xc8M\
G\x19\xce\x89\xd0X\x83\xdd:'\x1bJ;D:$\
\xb2\xcf\xa8\xdb'\x87G\x93\xe5\xfd\xc8N# \xebp\
\xb5\xde\xee\x5c\xae\xffhqzV\xa6\x83\xe1\xd0\x17\xed\
Z\xf5\xbfj\xe5B\xcb\xb2,)-\x1bL\xd3<\xac\
\x09\x22\x0doYnw\x5c</\x92\x1c`n\x97\x0f\
}\xf1\xbe\x89\xca\xcc\xdc\xeb\x22\x03p\x09U=\xb8\x01\
e\x9c\xd0I\xce\xcaV\xb4\xfe\xa3\xd0\xe0\xdaw\x18\xb5\
\xc6\x1d\x99};\xe6\x1a\xb5\xb2i\x19\x864\x17\x7f\xf5\
\x9c\xf5\xf1\xda\x90R\x02\x22:\xb2<\x8f\xf3Y8\xef\
P9Z>\xd7CD\x0e\x96\x84\xebJJqH\x01\
\xf0t!\xe2R\x7f\x88\x08\x9a\xa6\x01\xf9D\xa5i4\
\xad\xf4\x9e\x9d\xb9f6\xff\xf7\xd1\xa1\x897\x05,\xe3\
\x9f\xe6\xe6\xb6\xd7\xe1\xb4\x1c4\xf0E\xbd<\x0f\x8b\xd1\
\xc3\x02\xb6\x9b\x05\xd1Ya\x9d\xf2\xce\xed\xd2\x89\xab\xab\
\x98h\x1d>\x00\x00\x10\x00IDAT\x22\xa0\x08(\
\x02\xa7\x9d\x80\xea\xe0|% \xce\xd7\x81\xabq+\x02\
\x8a\x80\x22\xa0\x08<D\x04R\xf7\xd6\x1a\x0b\xbf\xfeU\
\xd4\x17~\x7f`p\xc3\x9b\xc02\xfe\xb10\xb5w\x96\
\xbc\x19\xa6m\xb5%o\x9c4\xda\xbcq\xc8\x16.\xdf\
P\xf2\xa6\xc9\xe27\x97\xb8\xe0\x10A\xb0aIxw\
xP\xb9\x0d\x07\xde<\x81\xc3\x0e\xee\x0b\xb1\xb3\x81d\
g\x1f\x0b\xf7e\xd2\xc6\xbb\xd5n\x83A\xa1\xd3/e\
\xa2\xb4\xedf\xb5f\xa5\xf7\xee\xcc6\xd2\x0b?\xd4\xa2\
\x03o\x05\xb7\xfe\xee\xea\xfc\xaf\xfe\x0fh\x93|\x98\xf2\
\x87(CZ\x06J\xb0\x05\x99\xecX\x80\x88\x8b!\xb9\
ZP\x03F\xc4\x02\xe4,\x90\xb4\x83>\xa8\x1e\xbb\xaf\
\x08\x19\x98\xb6\x94\xf6\xf9\xed\x0c\xb4\xac\x10\xbf\x15\xc8/\
\xbb\x91\xc3\x8a\x88\x92C\x0b\x11i\xad\x11G\xd0\x1c\xa6\
\xce\x85\x99\x91\xf0Z\xe2\xb4p\xde\x92\xa3\xafYRJ\
F\xb9\xae=\x86\x9c\xbfj\x92\xd9QmGz\xff\xce\
\xdf\xb7\xf1\x03\xf5\xcc\xdc]\xe5r\xa1\x0d\x96-\xf9\xde\
a\xe1~\xf8\xde\x01\x9b\xba%\x91R\x02\x22\xc5\xbbB\
\x158OR\x88\x8e\xb7\x93\xc6\xb2\xb8.\xa8\xe2\xd2\xfa\
\xe0rN#R[\xaa\xcb'\xb7\xe3\xfb\x81C\xa1i\
\xe0\xb4\x97\x96\xb4\xda-Y\x9d\xdd7\x0d\xfe\xe8-\xfe\
\xc4\xc0g\xda\xe1\xfa^\xa1\xbb,\xd3$\x03\x80\xab\x11\
\x0f`\x1a,\x94\x81\xcbt\x02\x1d\xd4?\xf3c\xbd\xc0\
\x0e\x11\x89\xdc\x80\x0aN\xed\x94\xb6\x89 \xc0\xe9\x8cu\
#\xa23>\xa0\xb0+\x88H\xd1\x03\x02d\x0b2\x17\
\xe8\x1c\xce$v\xa2g\xea*\xab\x0b\xeb\x1e\x8c\x8c\x8c\
~\xb6\x9e\xcb\xee4\x9bM\x9a\x0a\x1a\x04\x220#\x01\
\x1a \xad7\x16\xb0\xc9n\xb0\x01I\x80\xe3\x94\x0f`\
\xd3z\xb5(\x0f\x00QC\x8f/(\xc0\xe3\xba\xba\xda\
n\xbc$\xb8\xf6\xba$\x9c\xea\xb1{w\xab2\xf7\xab\
\x9f\xfb#\xc9\xb7\xb8b\x83\x9f\xac\xa7\xf7\xfe\xaeR\xca\
74MH\xdb6i\xb5\x91\xadB\xa7^\xe8\x07\x0a\
6\x80\xb4(J\xb6\x91?\x13h \x80\x88$\x1c\xa3\
B\xb2\x15\xc9f\x16\x89\x94\xe67\x1b\xa9\xfa\xf2sy\
\x16=\xae\x80\x05\x04\x02)\xa1\x13\xc1yc\x97\xdb\x92\
\x1e\xd3\x92\xd06,ZB\x08\x828\xd9\x96!K\xf9\
\xacQ\x9c\xde\x7f?\x84#\x9f\xf2\xf6&\xdf^\x9c\xfd\
\xc5\x7f\x9f\x16G =w\xc9\x18\x04\x1a\x9a@\xb2\x8b\
\x84\xd7\x1c\xd0\xc1\xa1E\x9f_6=C(\x09\x1c\xda\
4\x10IV\x02\x09\x92\xad\x88\x1a\xd1\xa0\xd1\xae\xf6\xf3\
\x02\x8ep\xa8,E@\x11P\x04\x14\x81\xf3\x9a\x808\
\xafG\xaf\x06\xaf\x08(\x02\x8a\x80\x22\xf0P\x11\x90\xc5\
\xe2\xdd\xc5\xda\x1c\xfc\xc4\xdb\x13{\x87\xafw\xe8-\xf5\
\xf4\xc2\x1d\xb9}\xf7\xec\xca\xce\xed\xaf4\x1bU\xb3\xd5\
\xacKI\x9bJ\x9b7O$\x86a8o\xc5\xd8\xb4\
\x91\x92\xb4\xd5<\xae\xe1\xb4)\x04\x96\xe3V\x04gS\
\xc6:Y\xd8\xf1gR\x7f\xdcL#G\x87\xae\xa1\xa4\
\x9d\xacl\xd5+Vj~\xba\x9a\xd9\xb7cw5\xbd\
\xf07\xde\xf8\xc0\xdb<\xc9\xa17[\x09\xe3_\xa1\xb2\
\x93\xff\x93\x10\x9b\xdb\x9cMB\x96;\x9f\xf3\xb4\x01\x95\
\xec\xd8\xa4\xd0a\xd8&\x07'\xc7\xbb\xc2e,\x9c\xe6\
\x90\x19\x03\x22\x80$\x0dg\xd3\x80\x1e\x02[\xc8\xb1\x81\
\xb4@\x88\x06\xf1\xa0\xfe\x11\xd1q\x0e3'\xe6u\xa8\
\xf0:ea\x86,\x16{\x91\x10\xd9\x15B\xadW\xf9\
\x9c\xdc\xd6\xac\xfb\x8a?\x0c\xf5\xae}\x83].~/\
7u\xeft\xb3^j\x03X\x92\xec\x92\xdc?\xdb\xc9\
!\xf7\xcc!\x8b\x5c\xbc\x7f\xba!\x97\x1d*\x88\x9d\xf1\
r\x1dnC\xfa\xc8\xb9$\x09\x85MK\x03\x81\xef\x0d\
vJI\xdb\x94F\xbbag\xa6\xf6U\x8a\xb3\xbb~\
\xeaM\x0e\x7f0\x18\xf6\xdfR\xcf\xde5\x0f\x93q\x0b\
$\xb4Il\xd2\xc3\xa7\xa3\x83u\xb1],\x1c?T\
\xa8\x22P'\xe4N\xb1a\x13\xac\xd2a\xa3M\x0a\x9d\
\xfemz\x86\x1c\xda\xe7\xa1\xe9\x8em\x9d\xf1\x02=G\
h\xd4\xdc|\x95\x8cY\xa9\x9a;,W]\xfc2\xdc\
?\xfc\x95\xc2\xec\xbe9\xa3\xd5pF\xd1j\xb5\x80\xd7\
\x18\xdb\xccv\x1eI\x96\x971O\xa1\xb90\x9c\xe8\xf3\
Z\xb9\x85\xa7b\xcbzap\xdd\x8d\xa7\xee\x10\x04\xb0\
\xeb\xd9\xed\xf3\x86l|SO\xae}\xb5Y\xac|#\
\xbb\xf77;\xb2\xa99\xf29\xd6h\xe9\x1b\xb4\x0e\x0d\
\x87y\xd7\x1e\x0e\x99?\x13@D\xc7\xb1\x09\xcb\x0eD\
\xa4\xa9\xc7e9\x87G\x11;\xe5\xac\x8b\x85?#\xcc\
\xb6\x01F\xab\x0d\xcc\x06\x11\xa5\xc7\xadKi\x1bv.\
;\xdf\xc8\xee\xfd\xdd\xcev\xa1\xf2\xad\xc0\xe0\xf0\xeb\xa3\
\xe8\xfdrs\xe1\xee\xfd\xa4\xd5&Y\xfd\x93\x1d\xcf\xd2\
\x94@&\xf28\xbb\xd2\x9d#I\xf7\x1e\x0b?\x839\
\xcf\xb1\x9f\xd6#\xe7Q\x93\x8e=\xb2\x13\xa8\xab\x22\xa0\
\x08(\x02\x8a\x80\x22p:\x098\x9b\x84\xd3\xd9\x81\xd2\
\xad\x08(\x02\x8a\x80\x22\xf0\x90\x138\x8b\x0d\xd8n4\
\xe7\xef\xda\xdfH\xad\xfd\x9b@r\xf4M\xee\xdeuo\
#o\xd5_Wf\xf7\xec\xa8d\x16\x0a\xadF\xc3\x14\
\x02l\xcd\xad\xd9\xe4x\xe0\xb7\x06It\xda*\x09g\
\x83\xc9\x1b-\xdeD\xf1\x00%P\xder\xa1M\x17\xe7\
\x03\xe5\xb1\xa0\x14\x14\xd3x\x8f\xe6\x08)\x00\xf2\x96P\
w&\xf0\x86\x8c7g$\x94\xd5\xf1\x19\x08\xd4m\x01\
\xc26\xda-\xb3\x90M\x15k\xa9\xe9\x07\xa0\xd1\xfa+\
O\xcf\xf0\x9b\xfc\x89\xbe753\xe1\xdbZ\x99\xdf\xec\
\x86\xdd\xbb[\x9d~\xce\xae\xabm\x99\x08 \xd1\xb2\x88\
\x0cA\xd4\x9d\xbf\xcb\x88 P\x82K_\xfe\xf1o\xd3\
\x86\x1cHh\xb4T\x0f\x85 \xf7\x155\xb2-\x22H\
Q8\xbf\x0f\x195\x91(H\xa6@\xebM\xf2\x9bM\
\x88\x1a'\xa1m\x1a\xce\xfa\xe15\xd8u\xceX\xb4\xb1\
\x17\x9a\x06Hu(\xea\xb4\xa3\xf5e\xefv\xefw\xe2\
N\xc3\xd5\xbcLN6+\xe9_\xfd\x1cz\xfb\xde\x01\
\xc1\x81\x8fT\x17\xf6\xfc*=3Y\x06\xd3\xb05\x14\
\x92\x9cv\x8e\x90\x83\x04\xc8~g\xcd\xd3\x22\xef\xc4i\
\x86\x81\x84\xd3\xcb\xc5&g8\xd9\xec\xd4\xe16l.\
\xb7g\x01\xd4\xa8\x85\x90\x82\x1c.\x16\xf5Q,\xe4\xda\
\x85\xfd\x93\xfbA\xd7n\xf3\xf7\x8f\xbe\xa9\xe9\xf1~\xaf\
\xbapW\x86\xda\xd0x\xd7\xd8\xa6e\x1a\xb2\xdd\x94\x96\
aRW\x92\xee5I!\x82\xe3\x9a#\x98\xac\xbf+\
\x006\x80\xa0:@M\x09\x1e\xa5\xa0\xdd\xae\x22\xe9:\
\xa5\xd36[BJ\xba\xaf\xc9%I}\x91r\x90\x14\
\x92-\x16X\x86\x0d\xfc\xd6\x1a\xa7\x0f\x16\x93\xee\x09\x90\
\xfc\xdc!\x16\xd2\x96\x96\xdc\xb4\x0a\xbf\xb2|\xa2\x03\xc9\
f\x7fZ\xb1\xcc\xda\xdf\x82?\xfa\xf7\xb5r\xae\xcav\
 \xb3\xa792M\x93\x06\x82 iFh\x14DO\
\x02\x95\x91\xdd\x02\x84\xae\x81\xe6\xe27\xf3:=Z\x5c\
\x97\x8a\x83\xc3k\xfb*3{^\x8e\xad\xf6\x93`\xf8\
Z_\xa7\xf4\x14\xaf\x85\xbd%3s\xcfO!\x1c}\
\x9f\xa7\xf7\x827\xd1\xa4\xfdMe~\xef\xae\xdc\xc2l\
\xd56[\xf4\x0cG\xdb\xe5rIM\xd7\x89'O.\
8\x0eu\xc3\xb4\xc9\xa9i\xd1:\x03\xe0\xfbF\x92\x19\
\xc8\x17\x9a*\x8a\x1et\xda\x8b\xab\x80\x96\x853_&\
\xcd[G\x0cj\xcf\x0d\x04\xe9wK\xaf\xc7C(l\
;\x9f\xcb4\xf2\x93{\xf7[\xa5\xfc?j\x89\xe1\xb7\
B(\xf2\x8e\xda\xec\xaf~\x5c\xa4\x1fB\x91b\xee\x85\
\x82\xd3pJ\x0bm\x9a\x11Z\x5c\x12\x84\xe6\xdc{\xb4\
\x86\x80\x9f\xbf\xc4\x004\xcd\x05\x1a\x09\xc7Y\xdcn7\
\x95\xb1\xe8\xce8h\x0dJ\x8a,\x8e\xf64\xd8\xa7T\
*\x02\x8a\x80\x22\xa0\x08(\x02\x8b\x04\xc4b\xa8\x82s\
\x92\x80\x1a\x94\x22\xa0\x08(\x02\x0f\x17\x02wX\xb5\xcc\
\xaf\x16\xda\xe1\xea\xbf\xf9#\x89\xf7x\x07'^\x05\xfe\
\xe0\x87j\xa9\xf9;\xf2\x93\xf7n\xcf\xee\xfa\xdd\x5c>\
3_\x03\xbbej\xc2\x96\x1e\xb7\x90\xba\x86Rw\x09\
\xa9\x89\xa3\x7f\x94\xf1&y\xb9\xd0F\x8b\xb6i\xd2\x11\
&\xa3\x91\xd3\xc6\xed\xd2\xc0\xebqI\xbf\xcfC\x1bI\
\xda\xac\xa2\xb4j\xb5b#\xb3\xf7\xc1\x5cf\xcf\xbd\xbf\
\xab\xccM\xfd#\x80\xf6A_\xef\xf8\xcb\xfc=\xc9\xf7\
\xb4\xe2\xb5\xff\xa8g\xef\x9a[\xf5\xff}\x92\x0dZE\
\x11E]\x9aF\xab%\xd0\xb6,\xb3--\xb3e\xa3\
4\x89\x1b\xd8\xba\x066\x0d\xdd\xd6ut\xc4\x89k@\
\x0e\x1eS\xa2l\x01\xb5\xa1\x8d\xaceZv\xbb%\xf9\
M\x178\xbf\x0f\xcbl7-\xcb\xb0\x5c\xba\x90n\x17\
\x12CIk\x0f\xa5\xcf\xebr\xd6\x0c\xf1t\xe2\x1e\x8f\
f\xbbiM\x06\x03^Z\x976\xb1\xb4XL[\x9a\
\xe6\xaa\xff\x9a\xf0\xc1SbC\xfa\xbe\x14\xf8\x5c\xb7\xbb\
z\xd7\xbd\x0a\xd0\xf3\xe1\xe2\xcc\xfd\xff\x99\xdb\xf7\xbb\xfd\
\xc5\xdcB]ZM[H\xb3c+\x8f\xc1\xad\x83\x9b\
\xd6\xbd&\x0e\xbew$9\x95Xm\xd7\xa1\xc4\xf7\x87\
#\x02h< \x11li[M\xd9\xac\x95\x8c\xf4\xbe\
\xdd\xf9\xfc\xe4\xef~k\x96\x1b\xdf\xf0$\x06^\xeb\x0f\
D>\x5c_\xb8\xe070sg\x83u,\x89i\xd5\
iA\xb5\xa8;Z_\xb6\xa4\xee\xa5\x87\x18y\xbcn\
\xe9\xf6h\xd2\xeb\xd6\xa4\xcf\xa3K\x9fO\x93\x1e\x0fJ\
\x97\x8eN\x1d@\x8b\xb8\x19\xd6\x92\x9eS\x8c\xd8\xb6\xd9\
\xa2\xe7\x85\xe5\xa6{=\xe0sQ_\xba\xcd\xf3\xe5\xf7\
\xea\xd2\xe3\xa5\xbe\xc9\x0e\xcf\xa2x\xc9\x1e\x16\x90&P\
\xb3\xce\xbd\xc0\xaf\x0c\x9f\xa2\x0d'\xdb\x9c\xff~\xa0\xdb\
\xeb\xba\xc5\xae\xe5\xff\xa5R\xc8T\x02>\xb7\x0c\xfa=\
\x92C\xb6\x9f\xc3\xae\xed\xcc\xd6\xcd\x0c\x9d\xfb\xb9\xc3\x9b\
\xd9{tM\xd2\x5c\x92\xd0\xdc'\xfb\xfa*\xd3{_\
\x12\xb4\x9aW\x02l\xd5O\xd6\xaeC\xdaI(\xef\xc8\
\xb7\x12\xc6O|\xa1\x9e\xf7\x04z\xd7\xbc\x064\xf7\xa7\
J\xb3{\x7f\x98\xdd{\xd7\xce\xcc\xbe\x9d\xf9F\xb5\xd8\
\xd2\xc0\xb6\xd9V\x9d\x9e\xdf\x1a\xad+^\x826y\xf8\
$\x89E\x0eN\xcb\x92\xe4G\xb3\x1c\xe1\xfcC\x85\xd7\
\xa8\xa0F\x1e\xb7.\x03~\xaf\x0c\xf9}\x0e\x07An\
\xf9\x12\xb1I\xef\xde1\x93\xdbw\xdfO\x8db\xf5\x16\
\xad\xa7\xf7u\xbeX\xef\x9b\xadh\xfd\x87P\xfam\x81\
\xec=}N@R\xee\x9c\xb6\x85@\x0eP@\x1a\x02\
=sm\xabEQ\x93\xee\x1d\xcbY\xff\x029\xb4\xa4\
\xae#=\x83\xd1\x06iHM\x98TF\xf9`Q]\
\xc3l\x1b5\x13`\x97\xa3N]\x14\x01E@\x118\
1\x02\xaa\xb6\x22\xb0r\x02b\xe5UUME@\x11\
P\x04\x14\x01E\xe04\x13\xd8\xbd\xbb\xc5\x8e\xb6\xe6\xdc\
\xf6\x9fB\xb4\xf7K\xfe\xc4\xe0\x9b\xf5\xd8\xf8\xeb \x92\
\xf8 4j\xdf/L\xed\xfeUv\xefo\xf7\xcd\xed\
\xbc?\x9bN\xcd\xd7\x1a\xb5\xbaa\xb5\xdb&\x82\xb4P\
\xd8691l\x81\xb4\xc9B\x97-\x84F\x8e.]\
\xea\x9a\xdb\x11\xa1i\xb6\xd0t\x1b)\x1f\x85\xa0\x8d\x98\
f\x03\xd8V\xa3\xd1h\xe7\xb3\x99\xfa\xc2\xe4\xde|z\
\xf7\xef\xa6\x0a\xfbw\xdd\xd3*\xe4\xff\x01|\x81\x0f\xe9\
\xb1\xa1\x97\x07\x92\x89WCM\xffB#\xfd\xeb\x9f\xf2\
\xaf\xc4\x9d\xado\x02\x1e:3Y\xafm\xda\xe5\xe2\xbe\
fnnWqnfO~vjOfj\xff\x9e\
\xf4\xe4\x9e\xbd\x0b{v\xee\xc9\xec\xdd\xb5'\xbdg\xe7\
\x9e\xf4\xde]{I\xf6\xa5\xf6\xee\xde\x97\xde\xbfw2\
3\xb3\x7f\x7fj\xff\xee)\xa8\xcf\xef\xad\x14\x0aY,\
U\xe4\xa1\xba\xcf\xa7t\xa1\x09\x86])M\xb5r3\
{\xf3s\xd3\xfbk\xe9\xf9\xfd\xe9}\xbb\xa6\xd2{v\
M\xa5v\xef\xda\x9f\xda\xbbk\x92\xd2\x93\xa9\xbd\x0f\xee\
K\xed\xd9\xb9?\xb5\xe7\x81\xc9\x99\x07w\xecO\xef\xdf\
33\xb7\xf7\xc19\xbb<=U)\xe6\xf3\xbb\xcd\xfb\
\xf1\xb4s\xcb\xec\xa8\x1a\xe9\xbb\xee\x81>\xe3s\x9e\xde\
\xf1Wi=\x83\xef\xb4\x1a\xcd\xefe'w\xff:\xbd\
\xf7\xc1\x99\x85\x99\xc9r\xbd\x5cj\x99\xad\xb6)\xc9\xf3\
\xe2u\xe9\x169\x89l\x97\x00\xba\x1f\x80\xee\x17\xbaw\
4\xb0\x05\xa5\xe9\x9e\x22\xcf\x9fm\x1b\xe4\x07\xadW\xab\
F.\x9d\xaag\xf6\xef\xce\x16\xf6\xef\xde]M-\xfc\
\x17\xf8\xfd\x9f\xf0\xf5M\xbc\x1c\x02\xbew\xb7\xb2\xbf\xf9\
W\xbeo\x01\xee\xb0\x0e\x1e\xe3\x1d\x12j\x85Y\xa8\xed\
\xd9\x95\xdb\xbf{*\xb7\xef\xc1\xe9\xdc\xd4\xbe\x99\x85}\
;g\xe6&wM\xcfO\xed\x9b\x9a\x9f\xda3E\xf1\
\xa9\xf9\xbd\xbb\xa7\xe6\xf7\xed\x99\xa2pzn\xcf\xeeY\
hNM\xd6+\xe5\xe2\xee\xdd\xa7\xfeFe\xb9Uj\
[\x95\xd2\x8cY\x9c\x9d\xca\xcd\xcc\xec\x9f\xdb\xb7g\xff\
\xc2^\x9a\xbb\xc9}\xfb\xe7\xf6\xef\x9e\x9c\xdf\xb7kr\
a\xdf\xee\xc9\x05\x8a/L\xee\x99t\xca\xf7\xef\x9d\xca\
\xcc\xcfL\xcf\xcfN\xcd\xca\xca\xec\xfeJ\xa9\x94\xdb\x01\
\xbf;xxg.%\xdb\xf9\x1d\x0f\xb8cC\x1f\x84\
\xe6\xc2\xbf\xcc\xed\xfc\xcd\xce\xb9\xdd\x0f\xec\x9b\xdf\xbbs\
rn\xcf\xfd\x93\xb3\xbbv\xecO\xd3x\xd2\x93\xbb\xa6\
h\x0c\xc4u\xcfLjr\xef\x5cfjr>;7\
5\x97\x9e\x9a\x9cM\xcf\xec\x9f)\xce\xcf\xcc\x94f\xa6\
f\xdb\xc5B\x06\xa0\x1e\xaff\xe6\x9f\x0c\x91\x5chU\
\x87\xb1cG\xbb\x91\xbfw\xa6\x96\xfe\xf5\x7fA\xc0\xfb\
\x09O\xef\xd0\xeb\xb4\x9e\xb17\x83\xd7\xff\x85Ff\xe1\
G\xb9\xfd\xbf\xdb\xb1\xb0\xf3\xde\xb9\xec\xf4d\xb9V*\
\xb6\x84-\x0d\xbf\xc7mi\xba\xb0t\xfaI\x8f\x90`\
\xbb5\xb7\xad\xd1\xb3\xda\xed\xf6\xda\xba\xeevD\xd03\
[\xd7uK\x03\xb0\xccV\xd3\xa8V*\xadLj\xa1\
:\xbb\xe7\xc1\xf4\xcc\x03\xf7\xec\xcd\xed\xdf\xf3s\xb3^\
\xbdU\x8b\xc4\xdf\xecI\x8c\xbc\x14\xe2\x81\xf7Z\x85{\
\xff\x85m9\xa3\xcf\xec|\xdd\x84Z-\x05\xcd\xe9\xa9\
<\xcdInr\xf7dv\xdf\xce\xfd\x99}\xbb\xf6\xa7\
\xf7<\xe8\x84\x14\x9f\x9c\xdb\xf9\x00\xc9\xfd\x93\x0b\xbbw\
\xee\x9b{\xf0\x81}\xe9}\xbb\xa7f\xe9\xfeh\xe6\xa6\
\xf7\xb6\xca\xa5Y\xd8}\x82\xb3\xa2\xaa+\x02\x8a\x80\x22\
\xa0\x08(\x02'H@9\x03O\x10\x98\xaa\xae\x08(\
\x02\x8a\x80\x22pF\x08H\x98\xdc\xd6\xacg\xb7\xcf\x9b\
\xf9\x8d\xbf\x04\xaf\xfbv\x7f\xcf\xc0{\xdd\xe4|\xf0$\
'^\x03\xfe\xe8\xbb\xedZ\xebs\xe5\x99\xdd\xdf\xcb\xee\
\xbf\xe7\xdf\xd3\xbb\x7f~gz\xe7\xcf\x7f\x9b\xde\xf5\xeb\
\xdd\xa9]\xf7L-\xec\xbaw.\xbd\xeb\xfe\xd4\xc2\xce\
\xfb\xd3\xf3\xbbvd\xe6w\xdf\x9fN\xed\xbc?\x95\xda\
\xf9\xdb\xf9\xf4\xae\xbb\xa7\xd2\xbb~\xb3{a\xe7/\x7f\
\x9b\xda\xf5\x9b\x9f\x95gv\xfdS\xabP\xfc*\xb8=\
\xef\xd3z\x86_\x13\xe8\x1d~\x91?\xd2\xf7&\x08\xfa\
\xben\xe6/\xfcE-\xb3c\x01`G\xfb\x8c\x8cz\
5;\x99\xb9\xb3\xe9\xed\x1f\xfa\xba\xafw\xe2\xc5\xbeX\
\xfc\xf9\xbeX\xf2\xf9\xbex\xef\xf3|\xf1\xbe\xe7\xba\xa2\
\xc9%\xf1E\xfa\x9e\xeb\x8b\xf7>\xd7\x1b\xeb{\xbe7\
\x92xa09\xf0\x82P|\xe8\xb9\xfe\xfe\xcb_\xea\
\xf3En/\x14\xb6WV\xd3\xac\x87\x9d\xae\xb9\xedM\
o$\xf9=\xbdg\xe2\xe5z8\xf6B\xbd'\xf1B\
=J\xd2\x93|\x81\xce\x12\x8a\xbf@\x0f%\x9e\xaf\x87\
(\xcda,\xf9Bo\xcf\xa2\xc4\xfa^\xa0'7\xbc\
\xc2\xe7\xf6\x7f\x1f&'W}\x0d\x1d\x95\xe5\xe4d\xb3\
\x95\xbeo\xaf\x15I\xfe}\xa0'\xfc\xee@\xef\xc8\xcb\
\xdc\xf1\xc1\xd7\x01\xba>T\xcb\xcc\x7f+\xbb\xff\xbe\x7f\
J\xed\xf9\xd5\xffL?\xf0\x8b\xdf\xcc\xee\xfc\xd5\xfd\xf3\
\xbb\xef\xd9\x93\xda\xf5\xbb\xfd\xa9]\xf7OS8\x9d\xde\
\xbdc2\xb3\xe7\xde]\xd9\xbd\xf7\xde]\x9c\xda\xb9\xad\
\xba0\xf3\xd7V\xbd\xf1iW\xa4\xf7-\xde\x81\x91\x17\
{\xfb\x92\xaf\x04W\xf4\xcb\x8d\xd4\xda_\xf1\xdb`d\
\x079\xd6\xe9z\xf8iC\xb0\xf7\xbf\xc1\xb7\xee\xb5\x10\
L\xbc\x08\x22\xc9\x17\xeb\xc4G\x8f\xf6\xbe@\x0fG\x9f\
\xaf\xfbz\x9e\xa7\x87{\x9e\xab\x87{\x9f\xe7\x0d'\x9f\
\xef\x8d\xf6\xbe\xd0\x1bK\xbc\xd0\x9b\x1cx\x9e\x1e\xbb\xf8\
\xa5\xc1\x80\xf7\x0e\xba\xf7\x8c\xc3\xd5\x9e`N\xe6\xa2\x86\
'\xde\xf7\x1d=y\xc1\xcb\xf4\x18\xcdU4\xf9|\x9d\
\xc4\x1b\xa6\xb9\x0b'^@\xe1\x0b\xbd\x11\xea\x97\xe6\xd6\
\x1b\x8b\xbf\xd0\x1b\x8d\xbf\xc8Ks\x1c\xa0t0\x94|\
\xbe\xafw\xf3K\xdc\xe1\x9e\xef\xc1\x8e\x1d\xa7n\xcb\x09\
\x9a\xbe\xac\xba\xdd\xce\xf7\xee\xf4\x0e\x5c\xf4\x0eWl\xcd\
\x0b\xbc\xb1\xfe\x17y{\xfa)\x1cx\x81\x1e\xeb}\xbe\
\xb7g\xe0\x05\xde8\xa7\x13/\xa4\xb1\xbe\xab\x9a\xfd\x9f\
\x00\x00\x10\x00IDAT8\x10\xef{\xb1?6@\
\xd2\xff\x12\x7fb\xf8\xa5\x81\xc4\x10\xc9\xc0K\x03\xbdC\
/\x09$i\x0e\xfb/\xa45\x91\xfc\x0e$\x1b\xf5e\
}\xacfTB\xea\xde\x9a\xb3\x0e\x0b\xf6\x7f\x84c\xee\
\xcfy\xfb\xc6_\xef\xeb\x9dx\xb9\xbbg\xf8\xcd\xa0y\
>\xda\xc8\xa5\xbe\x99\x9e\xbc\xef\x1ffw\xfe\xfc'\xd9\
=?\xffuf\xcf\xf6\xfb2\x93w\xefZ\xd8\xf3\xdb\
}\x99=\xbf\xdb?\xff\xe0=\x93\xa9]\xbc6\xef\xde\
\x99\xd9\xf3\xeb\xdf\xa5v\xfd\xf2\xae\xf4\xbe\xed?\xcdO\
\xdf\xfb\xc3\xda\xc2\xbe\xef\x99\xc5\xf2\xa7\xc0\x15z\xbb\xb7\
o\xece\x9e\xc4\xe0\x8bC\xf1\xe4\xfb\xadd\xfb\x1f[\
\xd9{wBfG\x95\x06s\xb4uIE\xa7\xeb\x9c\
k\xd2\xe7\xd3\x1d\x10\xde\xf0R\x08\xc5\x9f\xabG\xfb\x9e\
\xab'z\x9f\xa7\xc7\xfa_\xa0\xc7\xfb_Hs\xc5\xf2\
\x22zv\xd0\xfc\xf5\xbe\xd0\x1b#\x89\x93\xf0\x5c\xd2=\
\xa0\xf7\x8c\xbf\xc4\x17\x8a}\x1b`\xf7\x99{^\x9c.\
\x14J\xaf\x22\xa0\x08(\x02\x8a\xc0YM@\x9c\xd5\xd6\
)\xe3\x14\x01E@\x11P\x04\x0e%p\x1e\xa6\xef\xb0\
xSY'\xc7`;\xb5\xfd\xb7\xad\xcc]?\x84\xaa\
\xef\x9b\xd0\xe3\xfb\x08\x04G\xdf\xea\x8dL\xbc\xd6\xdd\xb3\
\xeeU\x10\x1a{5\xf8\xfb\xde\x08\xee\xe8\xdb\xc1\xe5\x7f\
\x0f\x08\xed\x03\x80\xda\x87\x01\xc5\x87A\xd3?\x04.\xef\
\xfb\xc1\x1b|\x17\xf8bo\x86\xc0\xc0\xab <\xfa\x12\
\x08\x0d\xbe\x98\xda\xbc\x06\x22\xbd\x7f\x01U\xfbkV\xe1\
\x9e\x7f\xad\xa5\xef\xba\x87\xfb\xe2>\x0f\x7f\xd3\xe9a\x85\
_6\x17\xee\x9el\xa4\xef\xba\xb3\x91\xbe\xfbg\x07\xe4\
\xae;\x8d\xfc\xbd?\xefJ#\xdf)of~\xf3\xbf\
\xcd\xec\xdd\xdb\xaa3?\xdfV\x99\xff\xe5\xff\xd6\x17~\
\xf5\xabZ\xfa\x17)\x1a\xf1C\xb0\xa1\xa6^\xcf\x9e\xd3\
n\x96\xee\xddg\x16\xee\xf9?\x93\xf8\x98\xd9{~b\
\xe6\xee\xfd\xb1\x13r\xba\xf8\xdb\xff6\x8b\xbf\xfd\x9f%\
\xc9\xde\xb7\xad\x99\xbdg[3}\xd7\x7f\xb1\x98\x99{\
\xff\xaf\x91\xbbg\x96\x86s\xa69:\x0e\xf5Z\xfa\xbe\
\x14\xaf\xe9vn\xfd?B\xd2\xf8<D\xfa\xfe\x1cb\
c\xaf\xf5\x84F_\xe1\x8a\x0c\xbd\x02\x82Ct\xdf$\
\xdf\x08\xbe\xe8\xdb\xc0\x17y\x07\x04co\x83P\xec\x8d\
\xe4\xc4{\x85+:\xfabod\xf0\xa5\x10\x1c|#\
\xc4#\x1f5r\xda\xf7\x9a\xf3\xbf\xf9?^W\x90\xff\
EyE\xf7G\xf5\xde44v\xff\x1c\xaa\x0f\xfe\x04\
J\xf7\xff\xa7\x99\xfb-\xc9\xbd\xffef\x7f\xf7\x13b\
\xf6\xdff\x86\xd8e\xef\xfa\xef&\xb1l\xa6~\xf3\x93\
f\xea\xae\x1f7\x17\xb6o3\xf3\xf7\xfd\xac\x9a\xa2\xb6\
\x00\xab\xf0f\xea\x1dV+\xf3\x9b\xddf\xe6\xae\xffY\
.M\xea\xd7$q\xfa\xe6\xfe\x17\xee\xdeFc\xdb\xd6\
t\xec\xf8\xcdO\xf8o\xccUS\xbf\xfcI#\xfd\xab\
\x9f\xd5\xa7\x7f:Gs\xb8\x0a\xb6\x90\x96\x93>\xb7\x99\
\xcd\xf9\xbb\xf6\xf3\xbd\xdb\xb1\x99\xb9\xdd\xf5\xdff\xf6\xb7\
\x1d~\x0b\xf7\x10\xbf{\x7f\xdc\x9a\xdb\xfe\x1f\xb5\xf9\xdf\
\xfc\xb0\xbe\xf0\xeb\x7f\xef\xc8\xcf\xff\xbd6\x7f\xe7\x0fk\
\xf3\xbf\xfc\x91#s\xbf\xf8\x8f\xe6\xc2\xaf\xff\xbb\x9d\xfa\
\xed}g\xe0\xad9b\xb6\xa3]\x9e\xd9\x91o\xa6~\
\xb9\xaf\x91\xbe\xfb\xceva\xc3\x1d\x90H~\x16\xc2\x89\
w\xfbb\xa3o\xf0\x84\xd6\xbd\xda\x15Y\xffj\xf0\x0e\
\xbf\x0e<}o\x02w\xf8m\xa0\xd1Zt\x07\xdf\x0e\
\x9e\x9e7\x83'\xf6:\x08\x0d\xbf\x12\xfc\xe3/\xa5\xf0\
\xa5\xe0\x9bx%\x84z\xdf\x0a}\xb1O@\xb3\xffv\
\x9a\xafm\xad\xec=;+s\xdb\xb3\x8b\xe3\xa1>O\
\x1a\xf2\xa96\xb4\xa1\xfe\xe0\x1c\x94\xef\xff9T~\xf7\
S\xe7\xb9\xe1\xac\xf1\xbb\xb7u\x9e\x19\xf4\xfc\xc8\xb2\xd0\
Zs\xd6\xde]\xffM\xeb\xf0\x7f\x9a\xd9\xed\xces\xc3\
,\xfc\xee\xa7\x8b\xcf\x8b\x87r\x0c\xa7\xca@\xb5W\x04\
\x14\x01E@\x11x\x18\x10P\xce\xc0\x87\xc1$uL\
TWE@\x11P\x04\x14\x81E\x02\xe4T\xd9n8\
o~T\xef\xca\xb0\xa3\xa6]\xb8\xef\xb7P\xd9y'\
\xd4\xc3?\x826\xfe?0\xec\xef\x83-\xbf\x0dv\xf2\
\xeb$_\x03\xc3\xf8:\x18\xed[\xa1i\xfd\x00\x1a\xae\
\x7f\x82Z\xdf6(\xffn;T\x1e\xd8\x05\xf5\xfb\xe7\
\xa1\xb0\xbd\x04\xe0\xfcG \xa4{\xb1\x17\x15(\x02'\
O@R\xd3\xe5B\xc9\x87\xfa$\xa7\xfa\xe4d\xd3\xf9\
\xdbi\xf9{gZ\x95\x07w\x1a\xa5\x07\xee\x82\xea\x03\
\xff\x0bu\xd7\x8f\xa0\x01\xff\x08\x0d\xf9w\xe4\x14\xff\x7f\
P\xd1\xfe\x0d\xaa\x03\xffk\x14\xef\xb9\xa7Y\xfa\xed^\
\xa0\xfb\xac\xe3\x1c\xa7\xfb\xee\xe4\x9cs+e\xb1\xd2z\
\xa7\x1b\xe6r;8~\xba\xfb[M\xfdl\xef\x89\xc8\
j\xf6\xbd\x12]d\x1b\xad\xc5\x99;\x1bP\xde\x91\xe7\
_\xe3mU\xee\xa5\xb5x\xdfo\xc8\xb1\xf7\x7f\xd0r\
\xfd\x07\xb4\xc5?\x83E\xcf\xf1\xb6\xf6\x8f\xd0\x8a\xfc\x1b\
\xb4\x86\x7f\x0c\x95K\xe9\xf9\xbe\xe3\x1e\xa0u\x0b\x8d\xfb\
\xa6\xa1\xf2@\xae\xb3&\xb7\x99\xd4\xe9\xc3\xfd\xb9ML\
\x1c\xa77\x874\x1cu*\x02\x8a\x80\x22\xc0\x04\x94(\
\x02\xa7\x97\x80r\x06\x9e^\xbeJ\xbb\x22\xa0\x08(\x02\
\x8a\xc0\x99!\xc0\x9b(\x0b\x80\x9d\x15\xec\xd4#\xa7\x07\
\xcc4(]\xef\x08\xc7Y8\x9f\x7f\xe5wi\x03\xc9\
\xed\xce\x8c\x85\xaa\x17E\xe0\xec\x22\xc0k\x9f\x9d(t\
\xdf\xf0=\xc1\xf7MW8\xbdt\x8f\x9c]V+k\
\xceE\x02\x8bk\x91\xd7\x1c\xaf\xbd\xee:\xe4\x90\x9f\xe9\
\x9cO\x0eD\x00^\xaf\x5c\xf7\x5cdp`L*\xa6\
\x08(\x02\x8a\x80\x22\xa0\x08\x9c\x01\x02\xca\x19x\x06 \
\xab.\x14\x01E@\x11P\x04\x14\x01E@\x118\x16\
\x01U\xa6\x08(\x02\x8a\x80\x22\xa0\x08(\x02\x8a\x80\x22\
\xa0\x08\x9c)\x02\xca\x19x\xa6H\xab~\x14\x01E@\
\x118\x9c\x80\xcaQ\x04\x14\x01E@\x11P\x04\x14\x01\
E@\x11P\x04\x14\x01E@\x11P\x04\xce(\x01\xe5\
\x0c<\xa3\xb8\xbb\x9d\xa9P\x11P\x04\x14\x01E@\x11\
P\x04\x14\x01E@\x11P\x04\x14\x01E@\x11P\x04\
\xce}\x02j\x84\x8a\xc0\xd9G@9\x03\xcf\xbe9Q\
\x16)\x02\x8a\x80\x22\xa0\x08(\x02\x8a\x80\x22\xa0\x08(\
\x02\x8a\xc0\xc3\x9d\x80\xb2_\x11P\x04\x14\x01E@\x11\
8K\x09(g\xe0Y:1\xca,E@\x11P\x04\
\x14\x01E@\x11xx\x12PV+\x02\x8a\x80\x22\xa0\
\x08(\x02\x8a\x80\x22\xa0\x08(\x02g3\x01\xe5\x0c<\
\x9bgG\xd9\xa6\x08(\x02\x0f'\x02\xcaVE@\x11\
P\x04\x14\x01E@\x11P\x04\x14\x01E@\x11P\x04\
\x14\x01E\xe0\xac'\xa0\x9c\x81\xa7<EJ\x81\x22\xa0\
\x08(\x02\x8a\x80\x22\xa0\x08(\x02\x8a\x80\x22\xa0\x08(\
\x02\x8a\x80\x22\xa0\x08\x9c\xfb\x04\xd4\x08\x15\x81s\x83\x80\
r\x06\x9e\x1b\xf3\xa8F\xa1\x08(\x02\x8a\x80\x22\xa0\x08\
(\x02\x8a\x80\x22\xa0\x08(\x02\xa7\x8b\x80\xd2\xab\x08(\
\x02\x8a\x80\x22\xa0\x08\x9cC\x04\x943\xf0\x1c\x9aL5\
\x14E@\x11P\x04\x14\x01E@\x11X]\x02J\x9b\
\x22\xa0\x08(\x02\x8a\x80\x22\xa0\x08(\x02\x8a\x80\x22p\
\xae\x11P\xce\xc0smF\xd5x\x14\x01E`5\x08\
(\x1d\x8a\x80\x22\xa0\x08(\x02\x8a\x80\x22\xa0\x08(\x02\
\x8a\x80\x22\xa0\x08(\x02\x8a\xc09I@9\x03\x0f\x9a\
V\x95P\x04\x14\x01E@\x11P\x04\x14\x01E@\x11\
P\x04\x14\x01E@\x11P\x04\x14\x81s\x9f\x80\x1a\xa1\
\x22p\xfe\x12P\xce\xc0\xf3w\xee\xd5\xc8\x15\x01E@\
\x11P\x04\x14\x01E@\x11P\x04\x14\x81\xf3\x8f\x80\x1a\
\xb1\x22\xa0\x08(\x02\x8a\x80\x22p\x9e\x13P\xce\xc0\xf3\
|\x01\xa8\xe1+\x02\x8a\x80\x22\xa0\x08(\x02\xe7\x0b\x01\
5NE@\x11P\x04\x14\x01E@\x11P\x04\x14\x01\
E@\x11\x00P\xce@\xb5\x0a\x14\x01E\xe0\x5c'\xa0\
\xc6\xa7\x08(\x02\x8a\x80\x22\xa0\x08(\x02\x8a\x80\x22\xa0\
\x08(\x02\x8a\x80\x22\xa0\x08(\x02\x8b\x04\xceag\xe0\
\xe2\x08U\xa0\x08(\x02\x8a\x80\x22\xa0\x08(\x02\x8a\x80\
\x22\xa0\x08(\x02\x8a\x80\x22\xa0\x08(\x02\xe70\x015\
4E@\x118\x11\x02\xca\x19x\x22\xb4T]E@\
\x11P\x04\x14\x01E@\x11P\x04\x14\x01E@\x118\
{\x08(K\x14\x01E@\x11P\x04\x14\x01E\xe0\x84\
\x09(g\xe0\x09#S\x0d\x14\x01E@\x11P\x04\x14\
\x01E\xe0\xa1&\xa0\xfaW\x04\x14\x01E@\x11P\x04\
\x14\x01E@\x11P\x04\x14\x81\x93#\xa0\x9c\x81'\xc7\
M\xb5R\x04\x14\x81\x87\x86\x80\xeaU\x11P\x04\x14\x01\
E@\x11P\x04\x14\x01E@\x11P\x04\x14\x01E@\
\x11P\x04N\x81\xc0\xc3\xc4\x19x\x0a#TM\x15\x01\
E@\x11P\x04\x14\x01E@\x11P\x04\x14\x01E@\
\x11P\x04\x14\x01E\xe0aB@\x99\xa9\x08(\x02\xa7\
\x9b\x80r\x06\x9en\xc2J\xbf\x22\xa0\x08(\x02\x8a\x80\
\x22\xa0\x08(\x02\x8a\x80\x22\xa0\x08\x1c\x9f\x80\xaa\xa1\x08\
(\x02\x8a\x80\x22\xa0\x08(\x02g\x84\x80r\x06\x9e\x11\
\xcc\xaa\x13E@\x11P\x04\x14\x01E@\x118\x1a\x01\
\x95\xaf\x08(\x02\x8a\x80\x22\xa0\x08(\x02\x8a\x80\x22\xa0\
\x08(\x02g\x8e\x80r\x06\x9e9\xd6\xaa'E@\x11\
8\x98\x80J)\x02\x8a\x80\x22\xa0\x08(\x02\x8a\x80\x22\
\xa0\x08(\x02\x8a\x80\x22\xa0\x08(\x02\x8a\xc0\x19&\xf0\
\x108\x03\xcf\xf0\x08Uw\x8a\x80\x22\xa0\x08(\x02\x8a\
\x80\x22\xa0\x08(\x02\x8a\x80\x22\xa0\x08(\x02\x8a\x80\x22\
\xf0\x10\x10P]*\x02\x8a\xc0\xd9H@9\x03\xcf\xc6\
YQ6)\x02\x8a\x80\x22\xa0\x08(\x02\x8a\x80\x22\xa0\
\x08(\x02\x0fg\x02\xcavE@\x11P\x04\x14\x01E\
@\x118k\x09(g\xe0Y;5\xca0E@\x11\
P\x04\x14\x01E\xe0\xe1G@Y\xac\x08(\x02\x8a\x80\
\x22\xa0\x08(\x02\x8a\x80\x22\xa0\x08(\x02g7\x01\xe5\
\x0c<\xbb\xe7GY\xa7\x08<\x5c\x08(;\x15\x01E\
@\x11P\x04\x14\x01E@\x11P\x04\x14\x01E@\x11\
P\x04\x14\x01E\xe0a@\xe0\x14\x9d\x81\x0f\x83\x11*\
\x13\x15\x01E@\x11P\x04\x14\x01E@\x11P\x04\x14\
\x01E@\x11P\x04\x14\x01E\xe0\x14\x09\xa8\xe6\x8a\x80\
\x22p\xae\x10P\xce\xc0se&\xd58\x14\x01E@\
\x11P\x04\x14\x01E@\x11P\x04\x14\x81\xd3A@\xe9\
T\x04\x14\x01E@\x11P\x04\x14\x81s\x8a\x80r\x06\
\x9eS\xd3\xa9\x06\xa3\x08(\x02\x8a\x80\x22\xa0\x08\xac\x1e\
\x01\xa5I\x11P\x04\x14\x01E@\x11P\x04\x14\x01E\
@\x11P\x04\xce=\x02\xca\x19x\xee\xcd\xa9\x1a\x91\x22\
p\xaa\x04T{E@\x11P\x04\x14\x01E@\x11P\
\x04\x14\x01E@\x11P\x04\x14\x01E@\x118G\x09\
,s\x06\x9e\xa3#T\xc3R\x04\x14\x01E@\x11P\
\x04\x14\x01E@\x11P\x04\x14\x01E@\x11P\x04\x14\
\x81e\x04TT\x11P\x04\xceg\x02\xca\x19x>\xcf\
\xbe\x1a\xbb\x22\xa0\x08(\x02\x8a\x80\x22\xa0\x08(\x02\x8a\
\xc0\xf9E@\x8dV\x11P\x04\x14\x01E@\x11P\x04\
\xce{\x02\xca\x19x\xde/\x01\x05@\x11P\x04\x14\x01\
E\xe0| \xa0\xc6\xa8\x08(\x02\x8a\x80\x22\xa0\x08(\
\x02\x8a\x80\x22\xa0\x08(\x02\x8a\x00\x13P\xce@\xa6\xa0\
D\x118w\x09\xa8\x91)\x02\x8a\x80\x22\xa0\x08(\x02\
\x8a\x80\x22\xa0\x08(\x02\x8a\x80\x22\xa0\x08(\x02\x8a\xc0\
\xb9O`\xc5#T\xce\xc0\x15\xa3R\x15\x15\x01E@\
\x11P\x04\x14\x01E@\x11P\x04\x14\x01E@\x11P\
\x04\x14\x81\xb3\x8d\x80\xb2G\x11P\x04\x14\x81\x13#\xa0\
\x9c\x81'\xc6K\xd5V\x04\x14\x01E@\x11P\x04\x14\
\x01E@\x11P\x04\xce\x0e\x02\xca\x0aE@\x11P\x04\
\x14\x01E@\x11P\x04N\x82\x80r\x06\x9e\x044\xd5\
D\x11P\x04\x14\x01E@\x11x(\x09\xa8\xbe\x15\x01\
E@\x11P\x04\x14\x01E@\x11P\x04\x14\x01E@\
\x118Y\x02\xca\x19x\xb2\xe4T;E\xe0\xcc\x13P\
=*\x02\x8a\x80\x22\xa0\x08(\x02\x8a\x80\x22\xa0\x08(\
\x02\x8a\x80\x22\xa0\x08(\x02\x8a\xc0\xb9O\xe0\xb4\x8eP\
9\x03O+^\xa5\x5c\x11P\x04\x14\x01E@\x11P\
\x04\x14\x01E@\x11P\x04\x14\x01E@\x11X)\x01\
UO\x11P\x04\x14\x81\xd3O@9\x03O?c\xd5\
\x83\x22\xa0\x08(\x02\x8a\x80\x22\xa0\x08(\x02\x8a\x80\x22\
pl\x02\xaaT\x11P\x04\x14\x01E@\x11P\x04\x14\
\x813D@9\x03\xcf\x10h\xd5\x8d\x22\xa0\x08(\x02\
\x8a\x80\x22p$\x02*O\x11P\x04\x14\x01E@\x11\
P\x04\x14\x01E@\x11P\x04\x14\x813I@9\x03\
\xcf$m\xd5\x97\x22p\x80\x80\x8a)\x02\x8a\x80\x22\xa0\
\x08(\x02\x8a\x80\x22\xa0\x08(\x02\x8a\x80\x22\xa0\x08(\
\x02\x8a\xc0\xb9O\xe0\xac\x1b\xa1r\x06\x9euS\xa2\x0c\
R\x04\x14\x01E@\x11P\x04\x14\x01E@\x11P\x04\
\x14\x01E@\x11x\xf8\x13P#P\x04\x14\x01E\xe0\
\xec$\xa0\x9c\x81g\xe7\xbc(\xab\x14\x81\xb3\x84\xc0\xfb\
\xc4\xbau\xbf\xe7a!\x83\xd4\xf3\x82 \xa8\xf3\xdc!\
\xb0i\xd3&wl\xdd\xd5a\x0e\xcf\x9dQ\xa9\x91(\
\x02\xa7L@\xc0\xd6\xad\xba#\xa7\xac\xeaL)\xd8\xe2\
\x02`\x01<S=\x1e\xb7\x1fU\xe1!&\xb0\xc5\x95\
H\x5c\x1f\x82\xf1\xad\xde\x87\xd8\x90s\xb6{\xfe\xec\xec\
\xeb{|\x00\xf8yq\xce\x8eR\x0dL\x11P\x04\x14\
\x81s\x97\x80\xda\xdc\x9f\xbbs\xabF\xa6\x08\x9c\x22\x81\
\xf7\x89\xc1\x0d\xffqACT\xfe\xa4*\x8b/\xe9[\
s\xedE\xa7\xa8P5W\x04\xce\x1a\x02}}\x9b\x03\
3\x05\xcf3\x8a\x0b\x99\x8fe\xeb\xc1\x17\xc6\xc8)\xb8\
\x1a\xc6)\x1d\x8a\xc0\xc3\x9b\xc0\xcdZ\xcf\xf0#.\x8e\
>X~Jxg\xfe\xe9}k\xaf\xeb=\xdb\xc7\x13\
\x0eo\x8ai\xe1\xf2\xe3\xb5p\xe9O\xbc\xd1\x8dcg\
\xbb\xbd\xca\xbe\xd3O\x80\x9f\xef\xeeX\xfbi\xd9\xfc\x9e\
\x0f\xeb\xa5\xd4k\x22\xa3\x97\xf4\x9c\xfe^\xcf\xaf\x1e\x06\
\x07\xb7\xf8g\xb2\xee\x9b\x0b\xed\xfd\xef\x8b\xef\xab?\x99\
\xd3\xe7\x17\x015ZE@\x11P\x04\x1e\xfe\x04\x943\
\xf0\xe1?\x87j\x04\xc7 \xb0e\xcb\x16\xd7\xd0\xc6\xc7\
\xc4\x87/\xbc\xe9\x82\x89M\x8f\xbej\xcd\xa5\x8f\xbda\
\xe2\xd2G_5\xb1\xf9Q\x1b8\x9f\x7f\xaay\x8c\xe6\
+-:'\xeb%7m\xf3\x9b-\xeb\xa9\xb3;w\
|`a\xef\x83\xef\xcde3\xcfW?\xfd=\xb5\xa9\
Nl\xb8>4\xb2\xe1\xfa\xc1\xc1\xf5[\x13\x007k\
\xa7\xa6\xed\xe0\xd6\xc3\xc3\xd7\xfa\xd6n~|\xef\xe8%\
7\xf0\xa6G\xbd\x1ds0\x9e\xc3R\xa6\xc7\x7fmy\
~\xe6] \xc4\xf3\xd3\x93\xbb\xdf\xeb\xb2\xf4?Y\xed\
99\xac\xd3\x87K\xc6\xf8\xb871r\xf9 9\x85\
6GF.\xbf\x22>\xf6\x88\x0bCCW\xc5\x01\xb6\
\xea\xa7i\x08\x22\x1a\xbd,\xeaOl\x18\x0c\x856R\
?'\xfcv\x17\xf6\x91s79~e\x7flh\xf3\
php\x0b\xdd_ N\x93\xad\xe7\xb4\xda\xf0\xf0L\
\xa4\x90N\xbd\xb38\xbf\xebs\xe5\xb9\xfb\xff\xa2\xd5\xa8\
_G\x03>\x9bYj\xe5v\xf3\x11Vy\xd7\xfb\xad\
\xf2\xdc\x07\x9b\xc5\xcc3N\xe3:%\x14g\xdf9>\
\xbe\xd5\xbbn\xf3\xd6a\xfe^\xb3\xee\xf2\xc7lZ\xbb\
\xf9\xf1\x17\xaf\xbb\xf4\x09\x17-\xc9\xe5\xbf\xb7\x89\xf3\xc7\
.~\xec\x85\xcbet\xd3c6q:\xb9\xf6\xdau\
C\xce\xfd}\xee\xdc3u\xc0G\xb5\xf33\x1fF\x7f\
\xe4\x85f!\xf3\xe6V\x0d\x9f\x0cp\xc2\xcf\x15P\xc7\
Q\x08\xd0w\xeb*j\x8f*\xa7\xa7\xdee\xb4\x8dW\
\xe4\xf6\xdf\xff^\xc3\xe5z\xe4y\xf9\x19J,z'\
\xae\xee\xeb\x1d\xbdb\x0d\xdfK\xc3\x9b\xb6\xae[\x12\xda\
{\xf0\xfe\x83\xd3\xe3\x1b\xb7\x8e\xc7\x87\xaf\x1d\x8a\x8c\xde\
\xd0\xa3~\xdb\xe6(\xebJe+\x02\x0f/\x02\xe7\x84\
\xb5g\xf3\x17\xbcs\x02\xb0\x1a\xc4CC`\x9c\xbe\x1c\
\x8f^p\xc3\x9a\xf9\x82\xe79F\xa3\xf8\xd9f\xb5t\
G\xb9\x94\xf9\xbbR6\xf57\xb5b\xee\xefj\xa5\xe2\
\xf7\xd0\xae\x7f\xacj%\x9f:B\xce\x19v\x1a\x82:\
\x0e\x22\x10\xa8\x83\xae{\xbc1\x11\x8a%|\xf1\xde\x1e\
\xaf\xd7;6>\x09\xa7\xcb\x19pP\xdf\xe7b\x82\x7f\
j^\xc9d^\xba\xb00\xf7\x9d|f\xf6s\x03\xeb\
\xa6/\xa5q\xae\xca3xp\xcb\x16\x7f\xd9\xac\xbfh\
nz\xdf7\xca\xf9\xea{\xc8\xd1\x1d#\xdd\xea<*\
\x81-\xaev\xab\xfeh-\x14\x1b\x0d\x86\xe3\x1eW\xa4\
\xb7\xb7\xd9\xac>\xb1\xaf\xefA\xefQ\x9b\x9c\x17\x057\
k\xecL\x13\x05\xfd\x05\xd9h\xd1\xc0\x03\x00\x00\x10\x00\
IDAT\xf4\xc2\xb7\x0a\xd9\xd4\xdf\x96s\x99\xbf\xcd\
\xcd\xcf\xfd\xa0R\x5c\xf8\xa4\xbf?\xf7\xf8drSp\
\xd5Q\xf8\xd6\x0e\x15\x8b\xd3\x1fq\xe9\xe2{\x15\xab\xf6\
!\x08ob\x87\xf6\x8a\xbb!\xe7_<U\xa9\xbc!\
3;}{\xa5Z\xfe\x9bJ~\xe6\xf5\x89\xc4\x86\xc0\
\x8a\x15\xa8\x8aK\x04tY\xf3\xc7\xfb\x06\xd6zzF\
\xfa\xc1\x9dL\x02\xe8\xf4,\xb9\xf9,\xfe\xe1\xc2\x16\x01\
\x88!\x80\xde~Od\xa8\x1f\xbc\xa11\x80\xc9\xf3\xe9\
s\x0aM\xb7\xf1\xa8\xf9\x85\xf4\xd7\x8cV\xfd\x07\xadz\
\xf3\xfbf\xbb\xfe]\xa3]\xff\x1e\xc9m\x94w[\xbb\
^\xf9N\xab\xde\xba\xd5j7n\xb5Z\x8d[[\xad\
\xba#mJ7\xea\xa5\xdb\xc9\xf9\xfb\xad\x5c\xb3\xfc\xd2\
\x9e5[\x88\xe3\xd2Rx\x18G6\xb9\xdbF\xebq\
Z\xa4\x7f\x8c\x9e\xef>O| \xd1l6\x1f\x0d\xb0\
\xc9\xf50\x1e\xd4Yez4g\x05\x1a\xb5\xea\xe3\xf5\
h\xdfD0\x9a\xf0\x83\xbf\xef\x82F\xa3v\x0d\x0c\xcf\
\xb8\xcf*CO\x8b1\x07+\x8de\xcc\xf5\xe9\xf9\x99\
\x8f\x1bf\xf36h\xd7o3\x1b\xb5\xdb\xecv\x83\xa4\
\xfd\x1d\xdb0n\xb5\x0d\xf3\xdb\xb2m|\xbbm4\xbf\
\x89\x9a\xf1\x05\x97\xac\xbf\xbb\xdc\xce\xdf\xdc?z\xe5\x85\
t\xcfEH\x9b Q\xa7\x22\xa0\x08(\x02\x0f\x09\x01\
\xf5\x00zH\xb0\xabNO\x1f\x81\x9b5\xfe\xc9\x5c\x1d\
\x1b\xaf\x9eJ\xcd}gn~\xfa\xc3\xa5j\xfd\xe9\xa6\
\xa5_\x22\xf4\xc0\x00I\xaf-\xbd\x03\x86%.-\xe4\
\x8a\xcf\x9c\x9a\xde\xfb\xc9|1\xff\xb5\xf9\x8a\xf7\x8f\xc6\
\xc7\xb7F\xe1\xec8\x04\xd0O\x1a7m\xda\xc4_\xaa\
\x1e\xb2{\xd4\x0e\x99\xe8\xd2].\xb0\x10\x11\x5c\xe8r\
y\xd5\x17\xe9SX\x1f\x15\xd4|\xadf\xfb&\x09\xda\
M\xed\xb6\xf1\xd4J\xb9\xf6\xd2\xd0\xd0U'\xe4\xf48\
Z\xf7\xa2\xe2\xbf\xb8\xbc0\xfbB\x14\xae\xc7\xd5*\xb5\
\xc7A\xbb\xc5oW\x1d\xad\xba\xca'\x02\x96e\xb7,\
\xdb\x92\xc1`\x90\xbc\xde\xba\x94 j.W\xc0\xa6\xa2\
\xf3\xf5\xd4B\x03\x0f^\x97\x9f\x9d\xff\xac]\xae\xbc;\
\x10Ml\xedI\xf4M\x84\xa3\x89\xc1P\xac\xefB\xdd\
\xed\xb9\xb9\xbe\xb0\xef\x93\x15[\xbe\xdd\x9f\xb8p`\x15\
!!\x98-\xd2\xd7x\x5c\xcb\x90\xd7A\xa3u=\xb4\
*+\xbe/b\xb1ua\xb3\xddz\x1e\xd4\xab/\x0f\
'\xfbo0\xca\xf55\xde@\xcf\xeel6\xd8\x5cE\
\x1b\xcf\x1bU\x1ewPs{\x02.K\xd2\x90\x85K\
\xf8\x02~\x9dbg\xf5\xe9\x0b\x04<\x80\xba&%\x0a\
\xb7?\xe0\x87\xc1\xf8\xea\x7fn\x9e\xbd\x04\xb0\xde66\
\xd6J\xd5\xeb\xcb\xe5\xe6\xe6B\xa9vq\xbeP\xbd(\
\x9b-]\x94\xc9\x977\xe7\x8a\xd5\xcd\xf9R\xed\xb2B\
\xa9zy\xb1X}D\xa9\x5c{D\xb5\xd2|D\xad\
\xdazD\xad\xd6\xba\xbc\xd9\xb4/\x15.\xf7\x15B\xe8\
[\xda\xd5\xd69\xf3\xc3\x10\xcb\xb4\xa4\x10B\xba}^\
\xe0\x10\x9aMZ\xd1>\x92\xb3w\x22\x1fN\x96\x15\xcb\
\x1e\xdbhY-[\x82\xad\xeb\xf4U\xd5\xb6,\xd3\xb0\
Z\xa0\xcf\x9fo\x8cE\xabi\x0eC\xab}\x93i\xc3\
\xd5\x0d\x03\xaf\xac\xd5\xcd+\x8b\xe5\xf6\x95\xe5j\xf3\xaa\
J\xad}\x15\x85W\x97k\xcd\xab\xcb\x95\xf6\x8dt\xcf\
\xfd^\xa9T}azn\xfa#\x0b\x0b\xf3_3k\
\xd6[\x93c\xd7^\x0a\x9d\xef\xfb\x0f\xa7%\xa0lU\
\x04\x14\x81s\x84\xc0\xf9\xf4\x85\xe9\x1c\x9925\x8c\xa3\
\x12 \x07Zbl\xfa\xd2B!\xf7\xb1L6\xf5\xbe\
P tm\xa2o\xa8/\x18\x08;N\xacF\xa3i\
\xd7+5\xd3h\xb6,\x04\x01\xfe`\xc4\xdb?0<\
\xec\xd2]O\x98\x9b\x9e\xfch\xb1]|}r\xfc\xca\
~xh\x0fL\x0e?bMx\xba\xf5\x8c\xf9\xbc\xfe\
\xe2\xd8\xd0\xe6\xab\x00N\xdb\xaf\xe6\x1ds\xa4z\xcdK\
\xdf\xf3\x80\xbe\xdfH:\x90\xbfP\xa3\xae\xfb\xce\xb7/\
z\xb0Z\x874\x9bZ \x18\xf1\xe9.\xbf\x1e\x8c$\
|\xd5j\xe5\xf1\x01\x97\xb8\x84\xf4#\xc9I\x9f}\x9b\
\x1f\x1fh\xb5\xed?\xd4\xc3\x89\x0btO\xd0\x15\x0aE\
\xa3\x02\xf9\xdb\xf9I\xab<\x0f\x1an7\x02>\xff\x8f\
\xc9\x09\xb5snrw\xb5Q)\xce\x04\x83\x81\x7f\x9f\
\x99\xb9\xb3\xb5|\xf0\xe7Q\x1c\xa3\x03\x97\x0fWr\xb9\
w\xb8\x22\xd1\xdf\xef\x19\x1eN\xd4j\xf5z\xa9X\xde\
I\xb2\xbd\x92\xcfO\xba\xdd^\x11\x1d\xdbxA\xb3Z\
z\x0d=3\x9fFl\x04\xc9*\x9d:\xe9\x0a\x93Z\
\x9f&\x82arH\xb8(\xbd\x02\xd5\xeb\xd6y\xec@\
tk\xa3Ryexp\xa4\xbf\x5c(\x9aZ8\xfe\
7\x9a\x10\xff\x0e\xb0\xddX\x81\x06U\xe5\x10\x02\x88(\
%\x82\x05\xfc\xa4\xa78Ja\x01\xdc\xc1\xa9Cj\x9e\
=IA\x9fN\x80($j\xa8\xe9\x1a\xfd\x00\xcb8\
\xa5g\xea\xd93\xb2\x95Y\x22%\xdd:\xde\x80\xa6\xe9\
^t\xb9<`\xdb@\x9f\xd9`\xd9\xa6e\x1a\x86a\
\xb6\x8d\xb6i\xb4\x0c\x8a\x9b\xa6a\x928y\x1c\xa3\x84\
i\xdat\x05\x14\xc2\x0d\xd2>G\xb8\xed0\xdc\xbe\xc0\
O\x8cBj6\xb70\xd5hd\xe62\xaeP\xf8\x7f\
\xd53ae\xebiE\xb5\xf2\xbezO\x22\xf2Ov\
\xa9\xf0@an\xb2\x02\xcd\xca\xae`8t'LN\
\xb6W\xd4\xfe\xdc\xa9\x84B\xf3\xf8iC\xe1qyB\
\xc2\xe5\xf1\xd3\x93\xc8\x05\xba\xae\xd9 \xd0\xa6\xcd\x06\xff\
\x80\xd1\xe6\x1bRh\x1az}~=\xda\x93\x08\xf5\x0e\
\x8f\x0d\xc5\xfa\x92W\xd7k\x85\xd7f\x16f\xde\x1b-\
x\xae\x01\xfa<;w\xb0\xa8\x91(\x02\x8a\xc0\xc3\x85\
\xc0\xca\xbep?\x5cF\xa3\xec<\x9f\x09\x88\xc1\x8a\xf7\
\xeaj\xad\xf4I\xd32~/\x16\xeb\xf3{<>\xa4\
M\xa2U-f\xf3\x96\xd9\xfa\xad\xcf#\xfe\xa3'\x1a\
\xfc\x87\x80O\xff\x91e4\xee*\xe53\xe9J\xa9l\
h\x9a\x07\xa3\xf1\xbe\x91b.\xf3\xcaf\xcbxM\xff\
\xba\xcb\x93\x04\xf2!\xfaR\xbcE/V+7\x94\xd3\
\xbb\xdfSX\xd8\xf7Nr\x18\xfdQ,6\xe3'{\
\xce\xf8Yv5l\xcb\xb4\x0e|\xb1\x93\x02\xdd\xee\xfd\
\xf2\x8c\x1br\x8et\x18\x08\x06A\xa7/\x83\x88\x08H\
\xdf\x12Qh\x03\x86a\xdc\xdc\xd7\xb7\xf9\xd4\xe6\xb7P\
\x9d(\xe5sO\x0e\x86\x22>\xa0m\xbc\xe4}\xbc\xae\
\xa9g;\x1c\xfbpY\xd6\xf6\xfe\xe1\xd17\x84z\xa2\
\xef\xeb\x1d\x1e~\xa3\xdb\xd0\xff\x8dZ\xf0\x17w\x0a\xce\
\xaf3\x99\xdc\x14\xb0\xa5\xf9$\x90pu8\x12q\x15\
\xd2\xe9\xf9\x81\x81\x81/&\xfa\x92/\x8e\xc4{\x9e\x1d\
\xeb\x1bx\x8d\xd1j\xfeo\xb5\x5c1\xfd\x91X\xa0\x94\
\xcf>\x15\xc2\x9bV\xf1Mj$\xee6 \x22\xd0\xae\
\xc9\x02\xd4\xac\x15\xcc\x80\x88\xd4\x22\x17\x95\xf2\x857z\
\xfc\xc1\x91v\xb3%i\xfd\xff<\xe2\x0b\x7f\xa1\x96\xd9\
\x91ZA{U\xe5H\x04P\x93\xd2\xa4\x9f\x01!\x15\
\xda\x00\xe4\x1eZ\xc9\x5cP\xe5\x87\xf0\x14\x02\x81ND\
@\x81\xa8'm\x13\xe1\xfc9$\x92\x8b\xcf\x06KJ\
i\x91[P\xaf\xba\xdd\xfa\xff\xd5\xeb\xb5\x7fnV*\
\x7f\xdb\x22i\xd7j\x7f\xdf\xaaU\xfe_\xabQ\xfb\x87\
f\xad\xfa\x8f\xadF\xf3\x9f\xda\xcd\xc6\xbf4\x9b\xcd\x7f\
\xa3\xf0G\xb6\xd1\xfea\xa3^\xbd\xd3e\xb8\xcf\x95\xb7\
i\xa5\xa7\xadm\x0b\x0e\x8d\xbd\x0dZ\xcd/\xb9b\xbd\
\xef\xf1x]\xfft\xfe,\x8931\xd2mfD\xf3\
\xff\xaaot\xe2-\x81\x9e\xf8\xfb\x13k\xd6\xbf\x07\x03\
\xbe_Q\xcf\xf4\xd4\xa0\xebys\xde\x0c\x9a\xaeK\xfa\
\xe0\x02z\xe8H\xdb\xb2\xda(\xcd\xfb\xeb\xb5\xcaOk\
\xa5\xe2\x7f\xd7K\x85m\xb5j\xf9\x7f\x9b\xf5\xea\xcf\xdb\
\x8d\xda\xf6j1\x7f?9\xfff\xcb\xc5B\xdd\xb6\x84\
\x0cG{}\x9a\xc7\xf5\xd8b!\xfb\xcex+\xb8\x99\
\xb0\x91\x1a\xba\xaaS\x11P\x04\xce4\x81\xf3\xb6?\xb5\
a<o\xa7\xfe\x9c\x1a8\xf6\x8e\xde0^\xc8e\xde\
fZ\xc6\x0d\xb1X\x9f\xb7\xddl\xdb\xe4\xebK\xf9\xbc\
\xc1\xbf\xed\xed\x1fyM0\x12{\xa6\x14\x81\x17\xd9z\
\xfb\x15\x06\xe2\x8b\xfd\xe1\xe0s\xfb\x07G^\xe3\xf1\xf8\
\xff\xbe\x94\xcfgAJ\xa0\x0do\xbc\x92O\xbf\xb0\xd9\
\x12/\x0f\x0dnyH~\xcdr\xdd\xba\x92\x08\x05\x82\
1-<\xd4\xef\x89\x0f&\xc2\xd1\x9e\x01\xd3\x9f|H\
~MK\xf3\x04l\xc3\xb4\xc8\x19hK\x10\xca\x07x\
\xaawL\xadZ\x05r\xb6\xb0\xb7\x83\x96\x9b\x84`(\
\xea)\x95\x0a\x8f\xb3<\xfaF\xd2}R_\x00\xc7\xc7\
\xb7z\xeb\xcd\xc6\x1f\xe8\x9a\xbeF\x08]\xe8\xba\x0eF\
\xdb\xb0\xdbm\x9a6P\xc7\xb1\x08\xcc\xcdm\xaf/\xec\
\xf9\xe9O*\xf3\xf7|&\xbd\xf7\xe7\x7f?9\xb9\xad\
x\xac\xfa\xe7r\x99\xa1{\xe2V\xbb\xf1G\x91X<\
T\xa9V\xdb\x83\xc3\xa3\x7fe\xb4\x1b_L\xef\xb9\xf3\
\xce\xd2\xf4\xf6=\xf9i\xff\x7f\xf9<\xbew[\xa69\
\xa9i.\x80\xb6\xb1\xce\x85\xedqbrR\xeb\x96\xda\
-?\xe9\xe1B\xce'\xb0l\xbeA\xc0\xe6\xb8i-\
\xafp\xa4\xb8?qy\x7f\xab\xddz\x95D\xb8\xd2C\
?\xe9iV\xca\xd3\x89d\xf2s\xf9\x85\xd1\x07\xa9>\
\xe9\xa4\xab:O\x98@K3h\x1e\xc0\x14B\x03@\
\x94\xb6\x94<\x17g7OM\x08\xd0\x10\x04\x09\x22\x90\
7\xd3Z\x8du\x09\x0f\x97\x83_\x00\x04\xcb\xb4\x1b\xf5\
\x86E\x1f.\xbf\xd3\xbc\xda\x9bC\xd1\xe8\xcb\xa2\xfe\x9e\
W\x85{\x03\xaf\x09\xc5\xe2\xaf\x09%\xbc\xaf\x0eF\xc2\
\xf4](\xfc\xea@\xd0\xf3j\x9f7\xfcj\x9f'\xf8\
J\xb7;\xf0R\x7fo\xf2\x15\xa1\x9e\xc0-\xc5\xe2\xdd\
\xe5\x87\xcb\x98\x8fgg\xa1\xb0\xbdT\x9d\xdd\xfe\xb7p\
i\xdf;\x8d\xfc\xef\xbeQ]\xb8+s\xbc6\xaa\xfc\
\xc4\x08\xd0gf35u\xe7\x8fk\xe9\xf5\x9f\xc9\xee\
\xfd\xd9\xbffvl\xa3/9'\xa6\xe3\xa1\xaf}\xaa\
\x16\xdcA\xcfF\xdb\xa6\xef\xc8h\xd8\x06\x94\xca\x85\xbc\
7\x10\xfc`\xd0\xef\x7f\xbe7\x12{\xa1/\x12\x7fQ\
$\xd4\xfb\xc2@4\xfc<\xca{n46\xf0\xdc\xbe\
\x91\x89W\xf9C\xa1\xaf\x15\xb3\xb9\xfb\xdaF\xd3\x8c\xf4\
$\xbd\xf4\xfc\xba\xc1\xb6\xf0\xcf\xa2\xe3\x97EN\xd5\x22\
\xd5^\x11P\x04\x14\x81\x13!\xa0\x9c\x81'BK\xd5\
=+\x09\xb0\xe3\xaee\xd5^\xd9h4n\x0aG\x13\
Z\xbdR\xb5k\x95\xc2\x03\x89d\xdf\xfb@\xb4\xdf8\
\x1d\xaa\xfc\xed\xfc\xae\xff\xb9?\xbb\xff\x7f\xe7\xe7vn\
\xcff&\x7f\xb50\xbf\xeb\xe7\xf7\x07\xb5\xf4?z=\
\xee\xb7\xf6\x0f\x0c|\xa8R,N\xd9\x96%\xa3\xc9\xde\
d\xb5\x5cxY$\xe4}\x02\x0d\xf6\x8c\xdf\x1f\xcdf\
R\x04\x82\xfe\x00\xa2\xae!j\xf4\x83\xd6\x807\xe8\xf7\
\x9cq;h\xec\xa0es\xb4\x0d4\x0d\xa0\x0d!\xa7\
\xa5\x90\x0f\x89\x1d\xdc\xf7\xb9\x22\x9a\xc6\x08y\xaf\x0d \
P\x03\xe1r\x8f\xb7\x0c\xf9\xc70\xb8\xc5w2c\xac\
\x99\xad\xe1J\xa5\xf04\x8f?\xe0\x11B \x1d\x8bj\
\xc8E\xb2\x18S\xc1q\x09\xf0\x84\xc8\xe3\xd6:\x87+\
\xd8v\xab\xbf\xd9jMhnM\xb85\xad\xd8n6\
\xff-\xbb\x7f;\xbf]\xb7\xc8e\x9bY6\xea\xf7{\
u\xef\x03\x96eHp\xe9a\xdb\xb2W\xcb\x19Hd\
\x91\xfaAI?\x93\x91`\x83\x05(l\xca<\xea\x99\
Hl\x08in\xf1,r\x00>5\x16\x8b{\xcb\xd9\
T)20\xf0\x15hT~\x02p\x87u\xd4\x86\xaa\
\xe0\xf8\x04\xea\xe4\x92\x95\xec\x98e\x8c\xb6D\xdb2\x8f\
\xdf\xe8!\xac\xb1\x85\x9e\xa5\xceg\x93\x00z\x06\xd2\xc7\
\x95\xc0\xe3Zs\x8eU\xb0mi\x82\x04[\xd3A\xb6\
\x8cf\x1d\xda\xed\xf9\xca\xdc\xf6,9\xf7\x8a\xe5\x99\x1d\
y\x8eW\xe6vf\xab\xa9{\xd3,\xb5\xf4}\xa9z\
v\xfb|G\xee\x9a\xab\xef\xdf>_\x9a\xfam\x81\xb0\
\x1c\xf3\xbe\xa3\xf2\x87\xdbi\xc3v\xe7\xcf\x05\x9ck\xe3\
:\x9b\xe6\x81\x9e\xdd\xce3\x97\xc2\xb3\xc9\xac3g\x0b\
\xf2wdDz\xf6\xb0HYkU\x16\x8a\xf3wM\
5\xe6~5\xcdR\x9c\xff\xd9\xfe\xd2\xd4\xaf\xf7f\xe7\
~\xfd`f\xff\xff\xdc\x9d\xda]\xfdwS\xea\x1f\xe8\
\x1d\xee\x7fs\xbb\xd1\xf8u\xadR6\x22\xd1\xb8\xb7\x90\
^\xd8\xeaB\xf7%\x007kg\xcez\xd5\x93\x22\xa0\
\x08\x9c\xef\x04\xc4\xf9\x0e@\x8d\xffaO@\xf8|\xee\
\x1b\xeb\x8d\xea\x9f\xf9#=\xc1f\xadf7k\x95\xfb\
\x92\xbd}\x7f\x9e6\xe1;\xd9\xe9\xbb\xe6\x16\xbf\x0c\x1e\
6\xd0\x1d;v\xb4\xe7\xf6\xfet\xca(\x97\xbf\xd1?\
8\xf2\xb1J\xb9@\xde/D\x97\xcb=P\xca\xe7\x9e\
\x93\x18\xb9\xfcT\xfe~ R\x87|\x7fqH\xd1\x95\
\x9d^\xaf\xed\xd2\x84'\xe0\x02]\xb8t\x8f\xd0u\xcd\
\xe7\xd6A_l\xcd\xbaX\x16\x93+\x0e\xc8\x0e\xe7\xcb\
\x05\x85\xb0\xe2\xf6B\xb8%\xb9\x94L\xe0\x1fz\x0a\x01\
\xd2\x06l\xb7\xc7V\xdc~\xd1:\xae\xcf\xfd\xb2p|\
1\xfb\x94\x02\xd2C\xe3\xd9\xca\x7fK\x91BX\xf9\x98\
\xe0!>\x84&\x00\x11\x1d!S\xd0\xeb\x0b\xea\x95b\
\xfe\xf7C`\x8cP\xfa\x84\xce\xc1\xc1-~\x13\xcc\xa7\
\x93\x83\xf1B\xb7\xdb\x85t\xd0T\xd9\x8e\x9c\x90\x22\x00\
\x04\x00\xb1(H\xe1j\x9f\xac\x93\xf5s\xc8r2\xfa\
\x8f\xd5\x8e\xcb\xbarT\xdd\xa7\xb9\x80\xfb_\xcd.X\
\x1f3c\xe1\xf8\xd1t\x1f\xab\xechm\x0e\xcdGM\
\xd3{\x05\xa2\xdf\xb2,\xf0x<e\xcb4\xf8-\x1a\
\xfb\xa0\x8ay\xb3-5\xcc\xb4\xdbm\x09\x9a\xa6YR\
\x06\x00\xb6\xb2}\x07U;\xb9\x04\xda\xd4N\xf2\x1a\x06\
\xe88\x06\xe1\xa8\xc7V\xbd\xe5\x09<\xb227\xfd\xe2\
Hoo\xb4\x5c.\x9b\x81H\xfc?4S~/\x9b\
}\xb0r\xd4f\xe0\xacs\x04pB8\xc2q\xac\xb2\
#T_qVW/\x87+n\xf4PUDM\xb7\
\x89\x90\x14HSK\x9b\x5c[:o\x06\x9e\x889<\
Nj\xec<S8~\x22m\x8fV\x97\xf5\x1cY\xe7\
\xf6\x90Dg\xcd\x00t\xd6\x0f\xf9/\xed(\xc2\x89\x1d\
\x5c\xbf+'\xd6\xf2\xf8\xb5Y\xef\x91m?~\xdb\x95\
\xd4\x906J\xcb\x96\xe4\x8b\x91\x84\xc2\xb6\xccF\xcb`\
O\xeeJ\xda\xae\xb4\x0e\x8f\xe1Xu\xb9\x9c\xe5Xu\
N\xb4\x8c\xf5\xb1\x9ch\xbb\xd3Q\x9f\xed\xe8\xcaj\xe8\
g]\xb4&nf\xa7\x0f\x85\xab\xa1\xd2\xd1\xc1zY\
\x9c\xc4\xc3\xecr:\xecf\xb6,\xa7Cw\x17\xaf\xb4\
,\xfa\x92L))%\x08\xfa E\x9b\x9c\xf3\x94>\
\xcaI7\xeav\xa3<sg>\xed-\xff\x8f?\x14\
~O\xab\x5c\xdeG\xce|\x10n\xf7\x98e\xd8\x8f\x8e\
\x8e\xef\x0a\x1d\xa5\xed\x91\xb2yl\xdd1r\xfcHu\
N$\x8fu\xac\x96\xbe\xe5\xbaN\xc4\x86\x87\xba.\xdb\
\xcd\xb2R;\xb8.3c\xe1\xf8J\xdb\x1d\xad\x1e\xeb\
\xe8\xca\xd1\xea\xa8|E`\xd5\x08\xf0\xc2]5eJ\
\x91\x22p\xa6\x09DF/\x89\xb4\x1b\xf5\xe7\xa2\x14q\
\x97\xd0\xb0\xd1\xac\xe4\x06G\xc7?\xeb\x03\xdf\x0fa\xe6\
\xce\xc6J\xecI\xa5\xee\xad\x99\xb6\xf9\xf7\xf1X\xf2\xb6\
r\xa9X\xf7\xf9\x02P)W\xafpy\xfdO\x19\x1e\
\xbe\xf6\xb07\xb68o|\xe3\xd6\xf1\xb5\x9b\xb6\xae\x1b\
\xdax\x15\xff:\xf1\xe2}t\xb3\x96\xd8p}h\xf4\
\x82\x1b\xd6\x8coz\xd4U\xeb6>\xea\xc65\x17=\
\xf2\x8a\xa1u[\x87\x07\xc9qC\xb6\xf0\xc3\x9d\x82\xc3\
\xcfM\x9b\xb6\x067^\xfa\xfb\xeb}\xbd}\x97y}\
\xbea\x14\x9a\x86 0\x14\x8a\x0c\x86\xc2\xd1\xcb/\xd8\
\xfc\xfbWo\xbc\xec\x0f\xae\xbd`\xcb\xe3\xafZs\xe9\
c\xd6\x8f\x8fo\xf5\xc2\xb1\x0er\x94\x8d^rC\xcf\
\xe8\xa6G]\xb4\xee\xd2\xc7>\xee\x82K\x0bO]\xbb\
\xf91\x8f_\xb3\xf1\xa6\x8b\xd9\xe6-[\xb6\xb8\x8e\xd5\
|\xa9\x8cw\x18BH\xdae\xc1Q\x8d_\xaa\xbc\x14\
A\x1e\xef\xf0\xfak\x87F7\xde\xf0\x88\x91\x8d7=\
v\xf4\x82\xeb\x1f3\xb8\xee\xda\xcbz'\xae\xeec~\
T\xf3\x04\xd4Qm:7m\xda\xe4\xee_wcr\
b\xfd\x0d\x9b\xd7n\xca=~mV<y\xe2\xe2\xdc\
c\xd6^\xb8\xf5\xa2\xc1\xf5[\x13\x5cN\xd5\x10n\xbe\
Y\x1b\xbd\xe4\x0fz\xd6^\xfc\xf8\x91\xb1\x0d7M\xf0\
\x7f\xb0A\xf9\xce9N\xdcF6\x5c?8\xba\xee\xfa\
\x8b\x86\xd7^\xbb\x0eN\xf0'\xb0\xa3\xa37\xf4$\xd7\
\x5c}\x01\xb7\xe58\xc0\xca\xb1\x04\x82A@$\x98\xf4\
\x85Q\xd34\x90\x14\xa2F~^\x0d\xd6\xba\x84\xfbO\
a\xfc8s\x0a\x07\x1f\x18\x08\xad\xaf\x96\xcb\xcf\x0b\xf5\
$\x82&\xed\xe8\xe3\xd1\xf4\x00\x00\x10\x00IDAT\
\xfdt\xb1\xe4D\x91\x00\x06\xc9\xc1\xf5\x0fNu\xd6\xea\
\xf8\xc6\xad\xe3\x13\x9b\x1e}\xe5\xc4\x85\x8f|\xcc\xf0\x86\
\x1b\x1e?\xb8\xf6\xdak{/\xb8aMl\xdd\xd5a\
\xaa\xbf\xb8\xae)v\xd4\xf3fm||k\xff\xd8\x86\
\x9b&F\x88+\xc5y]\xf2\xdc\xe2\xbau\xbf\xe7\x19\
\xa2\xfbct\xdd\x8d\x17\x8e\xae\xbf\xfe\xba\xb1\x8d\x8f\xbc\
fp\xc3\xf5\xeb\x87(oq\xae\xe0xGr\xd3\xd6\
\xe0\xd8\x05\xd7\x5c8v\xc1M\x1b\x87\xd6]=\xbcl\
\xbe\x04\xaf1\xce\xe3{l|\xe3\xd6G\x8e\xd3=7\
\xb8\xf6\xa6\x91\xc5\xf9^\x81\xed x\xdd\x8c\xac\xbbn\
-\xcb\xd1l\x1a\x22{\xc9\xee\x0dd\xc3\x85}k\xaf\
\xeb%\x9bY7\xc2\x96-.^\x03\xcck\x88\xd6$\
\x95]L?@\x18\xec\xeb\xdbLN2\xe0:T\xf5\
\x04O\xd29<|mlp\xfd\xd6\x0d#\x17\xdet\
\x03\xdd\xbf\x8f\x1a\xddx\xc3#\xc6.\xbcq`\xfc\xa0\
\xf5q\xb360q\xdd\x18\xdd\x0f\x17\x0e\xae\xb9~\x14\
Np\x1d\xc3\xc1\x07Ji\xeb\xb4`\xc8\x97\x82\xb4.\
\x0f.\x5cJ\xc5tw\xab\xd9\x8c\xea:=:,i\
h\x02\x0b\x00\xdb\xec\xa5\xf2S\x8a uo\xd9\x08\xa4\
NZ6 -\xe8#\xeb\xc3\xc0P\xf1\xe2J:\xfb\
vO\xbcw\x8di\x18`\xb6\x9a\xbf\x15.\xcf\xe7\xf2\
s\xbf\x9a=r\x13\x00\x9e\x93\xde\x89\xab6\xb3$\x87\
\xaf^w\xe0\x7fn\xbcY\xe32\x9e\xb7\xde\x89\xab/\
I\xac\xb9jK||\xcb\xc60\xcd\xc1\x81:G\xd3\
z\xac\xfc\xadz\x84\x9e\x15\xa4o}\xef\xd8u\xd7$\
'\xae\xba\x81\xf5'\xc7\xaf\xec\xa7\xf9\xf5QK\xbeG\
(8\xf8\x5c\xb7n\x9d\x87\xd6Q\xef\xe2\xdc\xf2\xdf\xae\
]\xd1:\xe2\xfb\x95\xd7Ab\xe4\xfaA\xa0g\xff\xc1\
Z\x8f\x9c\xe2\xf5\xce}\x91]}\xfc\xb9E\xb5\x16m\
\xaa\x83mI\xe0\x04\xf2\x05\xa4Me\x92\xe4\xd8'=\
\x9fY\x1f\xc9E\xc3\xebn\xbcqh\xcd\x8d\x8fJ\x8e\
_w)\xa5{\xc7\x0fZ\xbb\xb0\xf2\x83\xee\x07n\xcf\
z\xfa\xd7^\xff\x84\xbeu\xd7?)6v\xed\xb5\xf1\
\xe1k\x87\x06\x97>Si\x0d\xda\xe4L\xb6LI\xf6\
\x22 \xb2\x83e\x05}l\xd5{\xd6l\x89\xf4\x8d]\
51\xb0\xe6\xfa-\xc4\xefz\xee'1\xb6e`\xfc\
`{1:~Y\x94\xe7\x8e\xfaL\xf0}\x0f+:\
\xb6\xea\xa1\xa1\xab\xe2d\xffE\xbdk\xaeytr\xcd\
\xf5O\xec\x1d\xbd\xe6\xba\x9e5[FI\x8f\x9fT \
\xc9j\x9c\x8e\x1e\xc9\xfe\x08\xc7yK,VC\xab\xa3\
\xe3f\x8d\xb8\x8c\x0e\x5cp\xcd\xc6\xfe\xf1k\xc6\x17\xd7\
\xaeS\xc2\x1c\x98K/=?\x07\xd6]s9\xad\xa3\
KbCW\x0f'\x93\x9b\x82TaE\xeb\x96\xea\x1d\
t\xf2\xfa\x1f\x5c\xbf%\xd1O\x9f\xcf\xd4\xef\xf54\xdf\
W'\xe9s\x9a\x98E\x96?\xe3x\xedR\x7f}\x83\
\xf4\xbc\x1f\x1d\xbd\xa1\x87\x948\x0c(\x5c~\x8a!\xe2\
\xcf\xf7\x12\xe9\x1a=\xda\xfd\xcc\xba\xbbu\x16m\xef\xe8\
\xa2\xb5G\xdf/{\xf8\x1e\xee\x1b\xbf\xfa\xea^\xfal\
\x8c\x8d^}ahpK\x02\xe8>]\xde\xd1\x8a\xe3\
\xa4\xb3\xbf\xff\xf2d\xef\xc4\x0d\x9b\x07\xc6\xaf}\x5c\xdf\
\xc4\xf4\x1f\x10\xd7\x9b\xe8\x99t\x01\xdf\xc3\xa4\xe7d\xb8\
\x09\x9e\x17^\xb7}k\xae\xbd\xb8\x7f\xe2\xda+\x89\xcd\
fN\xaf|\x9d\xbdO\x0cozBl\xec\xc2'\x0c\
\xac_\xbf5\xb1\xf5\xc03\x04\xc7\xe9^\xe8\xa3\xcf\xbd\
~\xfa\xae\xd0;\xf1\x98>\x00\xe8\xf0\x01\xe7\xc0\x91\x0d\
\x8f\x1b\xa4\xcf\xa9\x8b\x86\xd7?z\x88r\x8e`\xff\xcd\
\xda\xc4\x85\x8f\x1e\x1b\xbb\xf8\xb1\x17Nlx\xd4\x86u\
\xeb\xae\xe6\xef\x16\x1d\x1d\xd4\xcf\xf8\xf8\xd6\xe8\xf0\x857\
]0\xba\xf1Q\x8f\x18Z\xff\xa8K\xf9{cr\xd3\
\xd6 \xc0I~\x86\xc2V\x9dx\xc4\x06\xc7\xaf\xdd8\
\xb8\xe6\xea\xeb\xfa\xd7]s\x13\xf1\xb8\x84\xb9/_\x03\
\xbc\xd6\x92\xc3\x8fX\x17\x1f\xdf\xb2\x91\xcay\x5c\x82\xfa\
<\xb9\x13\xe9\x9e\xa3\xef\xca\x88\x08\xfc\xb5\x0eLJ\xaf\
D\xd3\x8e\x1dm\xad\xe1\xfa\xb5\xbf'\xfe3\xb3\xdd4\
\xbd^\x9f\xd74\xdb7z\xc1{\xbc\xbf\xc7+\xfa\xe8\
{\x86s\xbf\x8d]q\xd9\xc0\xc4U\xd7\xf7\xd1\x1aM\
\x0c]u\x01\xafY\x00\xfeA\xf9J\x0c\xe8\xd4\xd9D\
\xcf\xeea\xfa\xcc\x9b\xd8p\xfd\x86\xd1\x0d7^\xb7f\
\xd3\xa3\x1e\xb5f\xd3\xd6\xebG\xd7]\xbf\x89\xd9P\x99\
\x8fj\x22\xc9JN\xc1\xf37A\xdfO\xc66\xdet\
\xed\xf8\xa6\xad\x8f\x1f\xddt\xe3\xa3G\xd7\xdd\xb8ix\
\xd3\xb51~n\xacDI\x1f\x8d\xafo\xc3M\x13\xfc\
\xdd+I\x9f\x9b\xd4fE\xfd\xafY\xf3\xd8\x08\xef\x91\
\xd6\x5c\xf2\xd8K\xd6m\xdeJ\xdf\x19\x0fZ\xaf\xa4\x06\
h\x19\xdc\xec\xe6\xb25[\x1e;z\xf1\xc5\x8f\xe9\xdb\
B\xf7%\x158\xdfY\xd7n\xbe\xaew\xdd\xa6\xc7\x5c\
\xb8n\xd3M\x97\x0d\xae\xdf\x9a\xe0|\x92#\x9e\xdcn\
\x1d\xedI\xd6l\xbc\xe9\xe2\xb5\x17=\xf2\x91\x17\x5c\xfc\
\xc8\xc7\xac]\xfc\xbev\x82\xcc\x00\xe8^\xe0g\xc0\xd8\
\x86\xab&\xe8\x1e\xb8rt\xfd\xf5\xd7\x0f]p\xe5\xa5\
c\xf4y\xb4\xf2\xfb\xf8\x88f\x9e\xaf\x99j\xdc'@\
@\x9c@]UU\x118\xcb\x08\xdc\xacyD\xf0\xaa\
r1\x7f\xa5?\x10\xc0J\xb5\xda\x8aE\x13\x7fG\x1f\
\xaa\xff:9\xb9\xed\x84\xfe\x10vj\xcf\xcf2\xb6\x89\
_\xd5\x84\xb6\xa3\xddn\x83/\x14\x8c6\xaa\xd5g\x18\
\x01\xab\xff\xa0A\xd3\x03\xdbt\x8bG\xcd\xcc\xec\xfbZ\
\xbe\x98\xfe\x81\xb0\xb4\xb7\x0f\xad\xbbzp\xe2\xc2\xeb\xc6\
\xd6\x5c\x98}\xa2\xab\xd5\xfe@\xa9\x98\xbd\xbd\x98\x9a\xfd\
n:5}kjf\xe6\xd6jy\xe1k\xba\xdf\xfd\
\xba\xf1\x0b\xae\xbbt\x1d9H\x0e\xd2G\x89uW\xff\
^\xb8)\xe0E\xe9\xcc\xcc\xad\xe5l\xe1\x1b\xe5|\xf6\
I\x81pP\xf7\xfb\xfd\xa2T,^R-\xe5\xbeQ\
\xaf\x15~P\xab\xe5\xbe_\xcc\xa6\xbfW\xcc\xa5?\xaf\
G\xf4\x0b\xa9\xe9\x11>\x1co\xd6\xc67m\xedgG\
\x194\xed\xcfW\x0a\x0b\xdfO\xcdN\xde\xba07\xf5\
\xd5\xec\xdc\xcc\xb7r\xb9\xf9\xefAK~\xb1\xd4\x0a=\
\x83m^\xfe\x05\x9b\xf4\x1dv\xda\xb6M\x9b@I\x9f\
\xa6\xd4\x95\x90r\xb7\xfb\xd8\xff\x81\x08\x7f\x00\x0eo\xb8\
\xf1\x12-\x1c|y\xadZ\xbb%=?s\xfb\xc2\xcc\
\xbe\xaf\xcf\xceM}=3?\xfb\x9dJ.\xfb\xd5\x16\
4_;0v\xcd\xe5}\xf4a\x7fX\x87G\xcc\xe8\
lH\xca\xed\xc4\xcd\xcdJ\xf1\xd3s\xa9\xb9\xdb\xa6\xa7\
\xf7|ufj\xef\x97f'\xf7}m>=\xfb\x1d\
\xd9\xae}\xb6!\x93\xcfXw\xf1\xa3\xd7\xac\xdf\x99\xeb\
\xd7\x8c\xea\x9b\x17f\xf7}'\x93\x9e\xb9\x9d<\x18\x8f\
!\xb5\x82?l\xcbF\xf9\xb2\xe9\xdd\xbb\xbe03?\
\xf9\x83\x99\xfd{?3\xbc1\xb5\xc9)\xa3\xcb\xf1N\
\xdet\xa4\xea\xf9?\xcf\xccO\xff\xf5\xcc\xe4\xfd\xdf\xcf\
\x1b\xa5?\xa1\xf1z\x8f\xd7ny99P\x90\x0e\x00\
\xda\xb9\x85#\x91\xb2e\x99V8\xdc\xe37\xda\xf5g\
\xf6\xa2\xb9ay\xddc\xc5\xa9_\x9fi\x9a\x7f\xac\xb9\
\xb4\x09\xda\xaa[.\xafo\x8f\xeev\xd5%}\x13e\
1L\xcd>b{Z\xbf\xbc1\x9a\xb8(\xf7\xfb^\
\x0b>R\xae\x14\xbe\x9bN\xcf\xfc`zn\xff\xb7f\
\xa7&\xbf>7\xb3\xff\xd6\xf4\xd4\xbe[[\x85\xd2\x07\
\xe8K\xe0cy3Ezh\xf2\xe9z\x84sh\xe3\
\xfeh\xa9\x95}\xed\xdc\xec\xbeo\xa5\xe6g?\xd3\x10\
\xb5\xeb\x876^\x15\x1b!\x07mST\xff\xac\x92\xaf\
}.\x95\x99\xb9=\x9d\x9a\xbdu~v\xff\xad\x99\x99\
\xd9\xdb*\xd9\xea\xa7K\xad\xf03\x87\xd7\x5c}\x01\x7f\
\x09=\x82\xdan\x16z\x8d\xf6#\xf6\xef\xdd\xfd\x85\xe9\
\xb9\xbd?(U*\x1f\xeb\xbd`~\x8c\xbf\xa0\x8dm\
\xb8i+x\xf4\xbf(\x15K\xb7/\xccO\xffUz\
v\xea\xb6\xf4\xec\xbe\xef\x96\xf3\x0b\xb7\xbbj\xa5\xf7N\
\x5cx\xd3\x0d\xe3\xb4\xc9\x00\xa0\xa5\x0bG>\xe8\x0bf\
\xef\xc2\xcc\xde\x0f\xe5\xf2\xd9\xdb3\xf9\xf4\x17s\xad\xe8\
\xfa\xc3j\x12\xafv]>gaf\xea{\xe9\xec\xcc\
\xed.\x94\xaf\xa2/j\x03\xf4%u|\xa4\x16|z\
\xd5\xaa\x7f\xaa\x9c]\xf8^fa\xe6\x07$\xdf\xcff\
\xd2\xb7V-\xe3\xbd\x89\xb1-\x8f\x0c\xd3\x97k\xd2w\
TvT\xb6\xec\xbcY#\xbdCC%\xdf\xd3\xcav\
\xf5S\xb9\xcc\xf4w\xe7f&o\x9d\x9d\xda\xfd\xcd\xb9\
\xd9\xa9\xefd\xb3\xf9\xaf\x18n\xeb\x154\xf6\x8d\xfc\x0c\
\x19\x5c\x9b\x1a\x5c\xc8\xce\x7fra\xcf\x8e\x1f\xcc\xed\xfd\
\xed\x87\x93\xe3\x93\xc9e\xcaN4*\x010G\xeb\xb2\
\x81\xa8C\xab\xd5\x08k:\xb2\xbee\xb6o\xd5}\xa0\
_$k\xb5\x0d\x1e\x8f\x0f\xc1hf5)\xf6\x01\xc0\
\x91\xd7\x19\x15\x9c\xd0\x89\xfcw\x02\xd9!H\xad$\xad\
h\x14G\xd4\xeb\x8d^8Z\xcb\x95\xde\xa8\xf9\xfdW\
\x06\x02~\xad\x96\xc9\xa4\xa2\xb1\xde\xcfW\xa2\xb5_S\
\xcb#\xb6\xa1|\x90\xba\xb6.=\xbd\xef\x0b\xe9\xb9\xfd\
\xdf\xcd\x97\x16>\x16\xab\x86\xd6\xf5\xd3\xa6\xbc\x7f\xdd\xfc\
\x8dMM{W\xa1T\xfcNza\xe6\xaf\xb2\xf3s\
\xdf\xcd-\xcc\xdd^-\xce\x7f9Rr\xbd\xb0wd\
\xcbZ\x80\xad:\xebX\x91\xd0\xa6\x82\x9dK=\x83\xa5\
\x9b\xab\x85\xd9\xcfd\x17\xe6\xbf\x9f^\xd8\x7f{va\
\xee\xd6\xcc\xc2\xdcm\x85|\xe1+5z\xfe\x91\x83a\
K\x22q}\xe8P\x9d\x85f\xe4\xb2\xd4\xe4\xae\xcfe\
\xd2\xb3\xb7\x16s\x0b\x1f\x1c\x98\xb8\xee\xb8o\x0c\xb33\
\xa3\x9c\xce\xbeunf\xcf\x0f\xb23\x0f~\xa3w_\
\xed*\x00\xe7\x8d\xa3C\xd5/K\xdf\xace\x9b\xe1'\
\xa5\x17fo-\x15\xb3\xb7\xb6\x8a\xc5g$6\x5c\x1f\
\xecV\xa0-\xad\xa08\xcd?\xd2\x93\x8a\xbdL\x94:\
\xea\xb9Ug\x87\xf8`;\xf6\x9cF\xb5\xf2\xf9B6\
\xf5\xbd\xd4\xc2\xccw\xe6S\xd3\xdf\xcc.L\xdfV\xcc\
\xa5\xbfQ6\xaa\xaf\xe8_w\xe5E\xfc\xdc:\xaa\x9a\
\x83\x0b\x04;\xfczK\x9eg\x94\xcb\xc5/\xe52\xb3\
?H\xcdM}35=\xf9\xd5\xfc\xdc\xd4w\xf8s\
\xac\x86\xf6\xbb\x92\xe4l$\x9d\x1e\xf2\x22\x1b\xa0i\xbc\
\x8eA\xa0\xd0e\xf4X\xff\x81\x08}\x9e\xac\xbdr\xa4\
o]\xfb\x0f\xa0-?T\xae\x96n\xcf\xe5\x16\xbeG\
\xcc\xbf\x9b\x99\x9f\xfaA6\x95\xba=\xdf\xcc\xbf=9\
v\xc5\xe5\xec\x1c\xea\xeb\xdb\xec/\xe7*\xef\xc8f\xd3\
\xb7\xcf\x17\xb3_\x8b/\xc8\x1b\x8f\xbd\xa1\xa5\x1f\xb4\x8c\
\x5c>\x98\x9ch\xfe\x91m\xd6\xbf\x9cI\xcf\xfdU&\
=\x7fkfn\xfa\x1b\xf4\x9d\xe0\xf6B*s{\xc5\
6\xfe\x226v\xd55\xa4;p\xf0\xb0O!E3\
f\x91\x1f\x9d\xc4D\x14\xc4\xe2\x14t-6\x1d\x1e\x9e\
\x89\x10\xeb\xf7\xe4\xd2\xf3\x7f\xbd0;\xf5\x8d:\xb4\x1e\
\xc9N\xee\xbe5\xd7^\x12\xcf\x89\x177\xcb\xcd/g\
y|\xf3\xb3\xdfO\xcfO\x7f/\x9f\x9f\xfdN\x1d\xe1\
\xbd\x89\xf1kn\xea8%\x80\xd6\xd0\xa2\xb2c\x044\
\x87>v\xde\x94\xcd\xc4\x0b\x8b\xb9\xda-\xb9\xcc\xfc\xf7\
3\x99\x99\xdb\xb3s\xd3\xdf\xcb-\xcc\xfe\x95Yo}\
\xbewl\xeai\xec\x94\xe2\xe7\x1f\xaf\xddz\xa5\xf8\xdd\
V\xab\xf0\xb7m\xad\xf5\xce\xf1\xf1\xad\x118\xe4\xe8\x9d\
\xb8:9[X\xf8P\xb1\x92\xbd-\x93\x9f\xffz\xbc\
\x11\xb9\xec\x90*\xe4\xd3[\xe7\xb1j\xcd\x17d\xb33\
\xdf)\x972\xdf\x16\x81\xd0\x93\xc8\xeeh\x1f9\x88{\
\xb3\xe2O\xec\xba\xf9\xd92}\xe7*\xe4\xd3\xdf\xcd\xa5\
fn\xcb\xa7\xa6n7j\xc5/\xc6\x9a\xa1\xe7D'\
.\x1f;\xfe}\xd6\xed\xf1f-N\x0e\xec\xbe\x9c\xeb\
\x8f*f\xeb3\xd9\xf4\xccm\x0b\xa9\xe9\xaf\xa7\x17f\
\xbeL\x9f_\xdf\xc8\xe4\xe6om\x97\xeb\x1f&\x9b\x1f\
\xcb\x0edj\xb5\x12n\xc8\xf7~\xdf\xf8\xf5W\x95\xcd\
\xc6[\x8b\xf9\xe27\xd3\x0bs?\xa0{\x8f\xd6\xf1\xdc\
\xf7\x8a\x85\xc2wj\xd2zW\x92~\x10\x11\x1d\xbf\xec\
\x98\xce\xa5\xf1M\xdbzk\xc5\xf9\x8fV+\x0b\xdf\xad\
\x1a\xf5\xafOe]\x97\x0dozB\x8c\x9c\xad\xd7\x96\
\xac\xca{J\xc5\xc2\xed\xa9\xe9\xbd\x7f\x95\xcbL\xbe+\
\xb6\xee\xea\xa5\xe7\x16\x95\x0f\xcf\xce\xee\xfaK\xfa>|\
\xfb|j\xe6\x9dC\x1b\x1f\xd3C\xb6\x1ft\x8e]\xb8\
\xd0[,\xa4?\x96\x9d\x9f\xfa\xabta\xe6;M\xcd\
s\xf3\x10\x7fGX\xf7\xe8\xb5C3\xf6\x1f\x15\x9b\xf9\
\xcf\x15\xd2\x0b\x7fE\xcfI\xba\xf7\xa6\xbe_\xcc\xe5n\
\xc3z\xf5\xddC\x1b\xae\x7f$\xd5\x8b\x932$Y\xc1\
\xb9U\xef\x1f\xbff\xbc\x7f\xa2\xfe\x87\x05\xa3\xf0\x97\xd9\
\xfc\xdcwS\xa9\xd9\xef\xd0}\xf7\xed\x0c}\x0f-\xb5\
\xab_\xe9\xad\x04^\xcc\xeb\x8c\xef\xebB3pif\
f\xef\x97rS{\x7f\x90\x9e\x9f\xfdPo\xef\xc5\xfc\
\x99\xb7\x82~\x8eT\xc5\xa6\xfb\x8dN*B\x044)\
\xa4\xb3\x93A\x91c\x9d\xf9\xfch\xcd\xe7\xf3\xfdw\xa3\
^\xaf\x09\xb7[\xd4j\xd51SB\xec(m\x90\xe7\
29\xba\xe5\xba\x9am\xbd\xbdRM\x7f\xb3\x90Y\xb8\
=\xbd0\xcfc\xfcV.3\xf5\xedV\xa5\xf9\xd1\xde\
\xb1\xf2S\x06\x07\xaf\xa4\xcf\x8e\xe3|\x0e\xd0\xf7\x9b\xfe\
\xf1k\xc6\x0b\x8d\xd03\xaaf\xe5\xd3\x99|\xf6{\xb9\
\xcc\xdc\xed\x0b\xf3\xfb\xbfErk.7w\x9b\xd5\xa8\
~Uz\xe1\xf5\xc3\x17\xdcp\xd5h\xc7\xf1~\x14\xd3\
\x00y\xbeF6]\x7f\xbd\xa7\xd5|w\xa9Q\xb8-\
\x9b\x9e\xfdnzn\xff\xb7\xb3\xf3\xb3\xdf\xce\xe7\xe7\xbf\
\xd7*\xd5\xbf8R\xf3<{l\xc3M\x13\xc7~\x86\
\x8204|Rjj\xcf\xb7\xe8\xf3\xe3\xaf\x1a\xd5\xf2\
\xfbH\xf7\xd1\x98,\xd9\xc3\xcf\x91&V\x9f;\xb9\xfb\
\x81;\xd2\xb3\xfb\xfe_\xb5R~\xc7\xa6M[\x03K\
\x15\x16#u\xc8^\xbe\x7f\xef\xdeo\x16\xe6\xe6\xfe\xba\
n7?j\xeb\xc3\x17\x5c~\xd5\x936\xeb\x81\xf6\xf3\
\x1b\xd5\xd6-\x99\xdc\xcc\xf7w?x\xdf-na\xfc\
\xc1\xf8\xf8V\x0f\x1crl\x22\xe7\xe9\xf8\xfa\xad\x1b\xb3\
\x15\xef\xf3\x8a\xf5\xe2\x17\xf2\xd9\xf9\xef\xd3~\xe3\xd6\x85\
\x19\xfa\x8cZ\x98\xfbN%\x9f\xfd\xba\xf0\xe2k\xd7\x92\
c\x90>W\x97\xee\x97C\xd4t\x93\xd8;qu\xdf\
\xf0\x9c\xf1x\xac\xd7?\x98\xcb\xe4\xbf\x9b_\x98\xa3{\
x\x86\xd6\xee\xec\xed\xb9J\xe9[\x96\xcb~\xe3\xe0\xba\
k/\xeb\xebs~\xd0\xdcm\xa7BE`\xd5\x08\xd0\
\xd7\x87U\xd3\xa5\x14)\x02g\x94\xc0\xe0\xfa\xbd=\xa8\
\xc9?v\xfb|\x09\xfa\x02\x0c\xb6eM\x22\xea_K\
\xef\xfb\x05\xff\x8a\xdb\x89\xda\x22\xb3\xfd\xd6\xbe\xfe\xfe\x81\
\x7f\xb1\xcd\xa6\xe1\xf6\xf8D\xa3\xd5\xb8\xcc#|\xeb\x96\
+\x1a\xdcYqk\xc2\xda@\xfdm1\xda\xf2R\xda\
4=2\x12\x8cn\x11\xc2\xfb\xae\xd9\xb9\xe9/\xe5\xf2\
\x85\x97\x08\xdd}\x95\xdb\x17\x9e\xf0\x06\xa2#\xfe`t\
\x03H\xfd1s\xf3so\x9dOg>\xd1\x12\xd5\xdf\
\x1b\xec\xbc\xd1\xb0\xa4\xd6(W\x03\xadZ\xf3\xbaf\xbd\
uy\xad^_\xd3\xb6!$\x84\xa0\x1f-J\xac5\
L\xadRk\xf7\x9b6\x8e\xd5\x9a\xc6\x08\xa0{\xdch\
\x9b\x8f0\x1a\x06;)qII'\x22&6,\x5c\
d\x19\xc6\xfb\xa6\xa7\xf6\x7f!\x9d\xcd\xfe\x09\xa2\xf7\x22\
\xaf7\xd6\xeb\xf3Dc^_\xb8W\xd3\x02\x9b\xf2\xa5\
\xe2\x1fNNN~\xb2\xd90?2\xb2a\xee\xf2\xe3\
}\xa1Egc!;=\x1c\xe3J\x1f\xc41\x11\xf6\
>\x99\xbe\x94~\x96\xfa\x7fw\xad\xd1~\x82?\xd0\xb3\
>\x1cI\x0e\xc5\xa2\xfd\xc3\xe1p\xf2B\xdd\xe5{B\
&\x9b!\x16\xd3\x9f\x95\x1e\xf7\xb3\xe9\xc3\xad\xf7\x18*\
\xa9\xe8fm`lz=}Az\xcf\xcc\xec\xe4'\
\x9a\xad\xd6\xd3\x03\xe1\x9e\x8bH\xe7`0\x98\xec\xf5G\
\xa2\xc3>ohs\xa5Z\xfb\xa3\xe9\xe9\xfd\x1f\xadW\
\xab\x1f\xe8\x89\xc4.\x8a\x86{.\xd1\x84v\x8dK\xd7\
/w\xbb\xf5Q\x1a#\xc2\xb6m\xb6K7S\xba\xdb\
3\xd6\x13\x89_\xa8{\xbd7z5\xf1\xfb\xf4\x93\xea\
\xa5M0ux\x94\xf3f\xcd\xf0\xd8\x97\x18F\xeb\xe9\
\x9ePd\xb37\x12\x1fu\xbb\xf4\xdcL\xb8d\x1d\xa5\
\xc1a\xd9\xd2\xb6Ph\x82\x0f\xa85\xca\x86\xd0\xf5\xbf\
\x06\xc09]\xd7\xd14\xac\xb5.\xb7\xfb\xc9\xf4#K\
7\xac\xe0\xb0\x03\xde\xd1\x5cn\xe1\x0f|~\x9f^*\
\x96R\x86\x05\x9f-\xe4s\xf3B\xa3\x15)\x04\x1eE\
8\xd1\x0b\x86\x00\x00\x10\x00IDAT\x05\x8e\xcc\xc3\
e\x1e\xaf\xf8\x14\xcd\xcf-\xe9t\xeaE\xb4\xae\xae\xf6\
x#c\x91@b \x1e\x1f\xecO$\x86&z\xe2\
\xbdW\x1b\x86\xf9\x82\xf4\xbe\xbd\x9f\xa9\x81\xf1\x8a\xc4\xc8\
\xe5\x03\xa4\xef\x88:\x8d\xba\x1d\xf1{i\xbd{\xbc\xd7\
\xb4\x9b\xed\x1bt\xd4\xd7\x86|=[\x8dV\xed3\xb3\
\xb3\xfb?$\xa5\xfc\xe3P(\xbe9\x1a\xe9\x1d\xef\x89\
&\xd7\x06#=\x97\x1b\x96\xf5\xf4\xd9\xfd\x93\x1f\xce\xe6\
\x8b\x1f*\x9b=\x8f\xa55p\xd8\x975\xea\x8f\xce\x9b\
\x85i\xd9#\xe8r_\x12\x09\x85/\x8aEz\xae\x8b\
z]\x1b\xfdn|\xc3\xc2\xc2\xdc\x97s\xf9\xfc\xab<\
\x9e\xc0\x0d\xe1p\xefX$\xd6;\x18\xed\xe9\x9fp\xfb\
\x02\xd7\xa5\x162\xaf\xdc?5\xfdE\xd3e\xbddd\
\xe4z\xb6\x9dt\x1d~\xda-\xab\xc7n\xb7o\xd24\
}K\xbb\xd9\xdab\xdbF\xec\xb0Z33D\xd4\xba\
\xd0\xed\xf2]bK\xd7%\x81`\xf0\xca`0\xf4\x08\
\xd9j\x7fpz\xdf\x9e\xbf\xac\xd4k\xcf\xf4\xfa\xc3W\
\x84\xc3\xf1\xf54\xbe\x0b#\x91\xf8M\xf5Z\xed\xe5\xd9\
\xfd\x93_\x04\xb3\xfa\xfa\xe8\xc0\xe5\xa3\x87\xe9<,\x83\
\xd6\xf8\x9a\xb9\xcb\xf3\x85\xe2\x87g\xa7\xf7~\xa6\xd5j\
\xfei \x18\xbd,\x12M\x8eFzz\x87I6\xa2\
\xe6z\xc2\xec\xcc\xf4\x9f\x17\x0b\x0b\x9f3\x5c\xad\xdfw\
\xf9\xf4\x91\xa0\xc7wE\xb8\x7fp\x13\x08\xdfE-\xd3\
8\xde\x17\xce\xc3z]\x96!\xa5%gu\x97;e\
\xd9\x964m;\x8c\x9a\xfb\x12Z\x8b\xaen\x9d\xf0p\
q\x02\x84x\x9d\x16\x89\x8e\x1b\x86!\xc1\xeb\xbf\xa7\xed\
\xd5\xa6\xba\xe5\xab\x10J\xd6A\xeb\x85\x02\x94\x80\x8d\xc3\
\x1c{==[\x22\xb6\xc0\x17\x80m=)\x16\x8b\xe9\
\xf9\x5c\xd6\x08\xf7%\xff\x86n\xc0\x7f\x86\x1d;\xda\xd4\
\xf0\xa8g\xdb2z\xdc~\xff\xa6@(\xba!\x12\x89\
^\xe9u\xbb\xd6\xfa\x13\xb1\x17\xa7\xe6f\xbeP*\x16\
_\xed\xf7\x87\x1e\xd9\x13\xef[\x9f\x88\x0d\xac\x8b\xc5\xfa\
/\xf3\xfb\xfcO--\xcc\xbf/\x9dI\x7f\xa4g\xb0\
r\x0d\xc0\xf1\x1d\x82}}\x9b\x03\xe1\xb4|t*\x93\
\xfel!\x95\xfa\xb4\xa6{\x9e\x11\xefI^\x96H\x0c\
\x8e\xc7c\x03c\xb1\x9e\xbe\x8b\xbcn\xcf\x13\xc9\x19\xf4\
\xf6\xec\xcc\xdc\xe7\xa5\xaf\xfd\x9c\xd0\xd0U\xf1\xe5Fk\
\xd2n\xd2<\x5c\x1e\xa5\xb5N?'\xf8C\xb0\xcdG\
P\xf9\x11\xef=\xcawN\xaf\xe5ZkV\xebO\x8b\
%\x06\xaev\x07C[Q\x8a'\xc5\xd6M\x1d\xe5\x9e\
r\x9a\xc0\xd0\xd0\xfe\xa84\x9a\xcf\xd1\x05>\xa6\xd54\
\xb6x|\x81ZV+\xb4:\xa5\x00\x12PCD@\
D8\xe6\xdf\x1d\xd8\xb4\xc9\xdd7\xde\xb8\xa2\x98\xcd|\
xnz\xfa\xa3m\xcbzZ \xd8sQ8\x9c\x18\
\xee\x89\xf4\x0d\x87{\x92\x17\x0a\xb7\xe7\xf1\xf9L\xea]\
\xa9T\xeeK-\x97|r2\xe9\xbc9\xd6\xed\xeaH\
\xa1\x88\xf4]5Vo\x94\xdf\x99\x9e\x9a\xfc\x04-\xc9\
\xa7D{z/H\xc4\x87{c\xc9\xa1d\xbc\x7fh\
\xa2'\x96\xbc\x8e\x1c\x14\xaf\xaeV\xb2\xb7\x98\x1e\xb1U\
\x17`\x80\xb4\xa5\xa6\x09\x00I\x1fX\xf6Q\xfe\x03\x11\
r\xd6\xf6NL]T\xae\x1a\xefI\xed\xdd\xf3\xf9R\
\xa9\xfc\x22\x97+p5\xd9\xbc6\x1cN\x0e\xf7$\xfa\
/\x08\xf7\xc4o*\x97Jo\xcce\xb3\xb7Y\x9e\xe0\
\x9f6\xbd\xde^\x8f\xd7\x7fU8\x10\xba\x09m\xeb\xd1\
4?\x97&\xa7B\x87m\x10\xc19n\xd6\xc81\x7f\
I\xbde|$3;\xfd\x19[\xca\xa7F\xa2\xc9\x8d\
\xd1H\x7f\x7fO|\x80\xec\x1f\x1e\x0d\x87\x12\xd7Vk\
\xd5W\xe4\xa7\xf6\x7f\xa9\x86\xe2y\xa1C\xd6\x80\xa3\xe6\
D/t\x13\xd0\xb8\xa5@\x1a?}\x04\x9ch\xf3\xa3\
\xd5\xaf\xd9\xed\xa0\xa6k\x8f \x9b/\x04t]\xeav\
{\x07zB\xfaSr\xb9\xcc\xb7r\x0b\xf3\x1f\xa4\xee\
\xfe(\x18p\x9eU|\xdfl\x0cG\xe37\xd6+\x95\
\x97g\xa7\xf6}\xd6\x85\xde\x17%\xc7\xaf\xec#\xdd\xb4\
\x88\xe8z\x943\x99\xdc\x14lk\xf2\xf7r\xc5\xdcW\
\xc89\xf6A\xd4\xb4\xa7\x84\x83\xd1\x8b\x22\xe1\xbe\x91H\
\xaco,\xd2\x93\xb8\xd44\xe5\xcd\xe9\xd9\xe9\xcf\x95\x8b\
\xc5?\xaf\xc8\xd2\x05^w\xe0\xe2v\xab}C\xabi\
=\x82\x1c)\xd7Ve\xc5w\x98z\xd3\x0c\x82%o\
pi\xeek\xccf\xfb\x1a\xcd\x86\xa1C\xebT*~\
\xdd\xa5\xbb6\xbb\x5c\xdek\x1a\x8d\xe6\x95\xba\xaeOD\
\xbd\xb1k\x8a\xa5\xd2'\xd2\x0bs\x9f\xb0\xc1\xfe\x93p\
$vY$\x12\x1f\x8f\xf5\xf4\x8d\xc7\x13}\x9b5\x97\
\xfe\xd4\xfc\xfc\xdc\xfbk\xd9\xe2\xfb\x13c{/%\x9d\
\x04\x9d\xaeG=o\xd6b\xa3S\x1b\x1a\xcd\xd2\x9f\xa7\
\xe6g\xff\x92\xe6\xe8\x8f\x13\x89\xdeM\x89\xf8\xe0`,\
6\xd0\xd7\xdb;<F\xeb\xfb\x8aV\xbb\xfd\xfc\xf4\xdc\
\xec\x17]\x9a\xfd\x9a\xf8\xf0\xa5\x83\xa4\xee\x98\xdc\xf8s\
\xd9n\xca\x97\xa5\xe6\xa6\xbeZ\xaf\xd6\xde\xe8\x0fD\x1e\
\xd3\x13\xeb\xdd\x10K\x0cN\xc4\xe3\xfd\x1b\x83\xfe\xf0#\
\xab\xb5\xca\xab2ss\xb7h\xb6\xfb\xa54\x17G\xfa\
\xceH\xdd\x00\xb85w\xd4%\xe0\x09\xd2\x947\x1a\xa6\
y]4\x12\x19\xed\x09\xfb^\x99N\xcd~\xadV\xab\
\xbd\xde\xe3\x0d=:\xda\x93 \xd6\xee+\x84\xe1\xee>\
[P\xd7\xdcc\xb6i\xdd\x18\x0aF/\xa1\xf0J\x0b\
\xac\x90\xa3p\xd9\xc5l\xc9\x90\xdf\x17\xb8\xd2\xe5\xf2l\
2\x1a\xc6f\xbf?\xb8.\xe0\x8b_\xd5h\x97?5\
;;\xf5\xb9\xa6a\xfe\x89\xdb\x17\xbc4\x18\xee]\x13\
\x0c\xc77\xe8n\xff\x8d\xc5|\xf1\x95\xf3S\xd3_\x12\
\x96\xfb\xe5C\xeb\xae\xe6y;&\x8b\xc1\xc1-\xfe\xe4\
D\xed\xbaR\xb5\xf4\xf1\x85\xf9\x99\xcf\xb5\x9b\xd63\xfd\
\xa1\xd8e==}c\xb1\xd8\xd0H\x221\xb4Is\
\xf9~?\x9dM\xbf\xbfP)|\xd1\xdb\xd3\xf3\x07n\
\xb7o\x18<\xa1\x0b\x83\xc9\xa1\x8b\x82A\xdf#\x1b:\
\xf6,3\xfb\xc4\xa2\x16\xd0#s\xd1D\x8a\x01Zr\
\xe5\x0a\xee\xe0\x0f\xdd=T\x9f\xfc\xe8\x08\x96i\xfa\xcc\
V\xeb0\x8eT\x8e\xc1\xbe\xcdI\xd9\x86\x97d\x16\x16\
\xbe\x5c\xadT^K\xdf}\xb7\x86\xa3I\xfaL\xeb\xa5\
5\x94\x5c\x17\x8a&\xb7P\xfbg\xa5gf>]1\
\xab\xefN\x8c\xee\xb9\x0c\xe0(\xbf\x05D\xcf\xc2\xbe\xc9\
\xc6\x15\xc5R\xfec\xe9\xd4\xc2\xc7-[>#\xe0\x0d\
_\x16\x0c\xc4FC\xc1\xf8P0\x10\x1f\xf7\xf8\xa2\x9b\
i?\xf2\xc4\xf9t\xfa\xad\x0b\xe9\xe9[\x9a\xb2\xf6\x8c\
\xf1\xf1#\xfd\x06\xcb\xcd\x1a9\xd0\xc7\xd1\xd4_\x93_\
H\x7f#\x9dJ\xbd\xda\x94\xdau>od4\x18\x8c\
\xf7\xfa\x83\xb1A\x97'xq\xbd\xd9\xfa\xc3\xd9\xa9\x99\
\x8fV\xaa\xa5\x8f\x0dU\xbd7\x00\xd9\x00G<n\xa6\
\xfd\x8f\xd8@\xdf\xe7\xaer\xb9}\x17G\x22\xd1kk\
-#x\xc4\xaa\xcb2\x85\xa8z\xe9\xfb\xfe\x85^\x8f\
\xffB\xda\x87\x8d\x07\xbc\xbeM\xd5\xaa\xe9ZV\x85\xa3\
\xe8\xf5\xb8\x87=n7}\xcfm?\x22\x1aO^\x14\
\x89E6\xd1$|jr\xff\xe4\x87j\xb5\xe6\x93=\
d\xab/\xd2s\xa1\xd7\xe7\x1dk\xc7+\x07\xdd\xdf}\
\x9b7\x07\x1a\x90xb\x96\xbe\x8b\xcd\xccN\x7f\xa4e\
\x9aOs{C\x17\x06C\xbdC\xfePr\xd0\x17\x88\
l\xb0\xa5\xf6\xd8\xb9\xf9\xd9\xb7\xa5\xb3\xa9/Fu\xf7\
\x9f\x0d\xae\xdf\x92\xa0\x8e\x17\x17\x08\xc5\x0e\x9c\xa2w\xf4\
\x8a\x090[o\x9b\x9f\x9d\xfeb\xad\xdex\xb1\xcb\xe3\
\xbf\xd2\x1f\x8c\xaf\x09\x84\x13\xa3\xe1H\xefFMw=\
*\x9b\xcb\xbf)\x9f]\xf8\x0a\xfa\xbd\xf4\xec\xd8p\xa4\
\xb5q@\xa3\x8a)\x02'A\xe0\xa0E~\x12\xedU\
\x13E\xe0!#`\xdb\xfe^0\xedGy|>W\
\xab]\xb7c\xf1\xf8\x9dn\xc3x\x80\x0c\xb2IN\xfc\
\xdc\xbe\xdd\xd0\xbd\x9e\x1f\xb9t\x91\xb5,\x0bLi\xfb\
\x1a\xad\xe6\x16Rt\xd0}\x82\xe8\xd2Q\xb8i\x7f\x1e\
\x10\x1b\xd6_\xb8&\x1c\xedy\xf3\xfe\xfd\xfb\x9e\x11\x0a\
\x85\x86\xfd~\x9f\xbbR\xaa\xd62\x99L:\x93\xcdf\
\x9b\xcdV\xc3\xe7\x0b\x88x| \xec\xd2\xf4G\xe63\
\xe9w{\xc2\x81\x1bH\xe7\xd2\x07C\xb1Vlf\xb2\
\xf9=\xf5\xe2\xc2\xdel:;\x07\xb6\xd5\x12B\xd0\xc6\
F\xa3\xbd\xb1e\xe6\xc8\xcb\x93ZX\x98\xc9gr\x93\
\x99\xf9\x85}\x95\xf4\xec\x9ej\xb5f\x90\x0eI\xb2x\
n\xd5\x87'\xae\xbd\x82\x1c$\x1f\x9c\x9f\x9f~^8\
\x1c\x1e\x08\x05\xc3\x1a\xf5o\x16\xf2\xf9R6\xe3\xfc+\
\x18\x86\xd9\x0a\x06\x22zO\xa27\x99\xce\xa6\xfe\xb0^\
\xaf|d\xcd\xa6\xcc\xb5\xb0u\xab\xbe\xa8\xe8\x90\xc0\x06\
)\x17q\xda\xb8d\xf3!\x95 2zI\x0f\xf8\xb4\
\xe7L\xed\xdd\xf3\xfe\xa6\xd1\xba>\xd1\xdb\x1bv\xbb]\
X\xc8\x17+\xb9Tv\x8e\xec\x9e\xca\xe5\xb2\x19)\xa5\
\x95L\xf6G\xa2\x91\xe8\xd5\xe9\x85\xd9w\xb9\xc3\x81\x97\
\xf5\xf7_\x9e<T\xdfb\x1a\xfbG'7\x16\x8b\xd9\
\xf7VJ\xc5?\x89'\xfa\xfb\xc3==n\xa3\xd9\xb6\
\xf3\xf9B5\x9f\xcb,\x14\xb3\xf9i\x1asZJ\xb4\
\x92\xf1d_6\x93z\xaa\xcb\xe5}\xed\xd0\xc0h\xd2\
\xb6\x84\xae\xeb\x1e\x8d\x9c\xb54\xb6\x8b\x98\x95\xed\xb2\x02\
\x0b#\xe3\xa3;\x9am\x13<\xde\x00}\xa95\x9f\x0c\
\x91\xc0\xd1\xfa_4\x03`hc>\x1a\x0c\x04\x9fl\
\x83\xde\xe7q\x87\x90\xfa\x98\x8f\x06B\xf7\x90\x13\x82\xe7\
a\xa9\xde\xb1\x22\xe4\x09\xe49E@\x1b\xacvK6\
[\xc6\xaf\xe9\x8b\xf1\xdf\xd4j\x95\xb6\xdb\xe7\xd3h\x9c\
O\x1di\xf7\x8f\x1cK\x07\x97\xf1\xaf`\xd8\xd2~\x86\
i\x9ak-\xd3\xb24\x97\xeb\xa7\x88\xf6\xcfk\xd5r\
\xd7!\x82\x5c\xefP\x09\x0f_\xdb\x93\xcd\xcd\xbfyv\
z\xea\xc9\x89xb \x10\x0e\xbb\x8dv\x8b\xd7G.\
_\xc8\xef\xcb.\xcc\xef\xcc\xa6S\xd3\xadf\xab\x1e\x8d\
\xc4}\xbd\xa3\x13\x17\x14\x17\xe6^.A{~xx\
\xd3\x11\xbf(\xeb\x1a\xb8\xbc^\xbf\x0fP\xd7\xfc\xa1\x1e\
_oo\xff\xe54W\xef*\x17K7\xf6%\xfb\x12\
\x12\x01\xf3\xd9ly!\x95\x9aO\xd1Q\xabTj~\
\x7f@\xef\x1b\x1e\xeb\x93\xd2z\xca\xfc\xcc\xec\xfb\xdc\x91\
\xe8\x93\x86\x87\x0f\xffu|\xd8\x9aA\xaf\xcf\xef\xd74\
\xb7N\x8e8\x8cF\xe3=C#\x13/\x9c\x9d\x9d~\
e(\x10\x5c\x17\x89D=\x8dZ\xb5\x95\xcf\xe6R\xe9\
lf*M\xf7\x1c9\xb5\x8cd_\x9f/\x1eO\x5c\
83\xb5\xf7\xcd\xe8\x13\xaf^\xdc\x04\x1d\x8a\x03,!\
\xdd.\x7fX\x07\xe1\xd6<^\x9f.m\xa1\x1dV\xc9\
\x1cFA\xdecM\xb8\x059\xfc\xb55\xe3\xeb.\xf0\
\xb8}o\xa7{\xe7i\xd1D\xb2\xdf\xa3\xe9X\xcc\x15\
J\xd9\x85\xec\x5c.\x95I\xb5\x0d\xb3\x95\xe8\xed\xf7%\
\xc6&\xd6\x97\xf3\xd9W\xb9\xdd\xda\xeb\x12c[\x06\x0e\
\xd3\xbb\x94\xb1U\x8f\x0d\xed\xb9r~v\xea\xfdF\xb3\
\xf1\x8c\xe4\xc0`\x7f0\x10r\xd5\xe9\xfe\xceg\xb3\xf9\
|*3\x97[XH\xb5ZF\xab\xb7\xbf?\x82\x02\
\xb7NMO\xbe\xaf\xa7\xa7\xff\x0f\xa3\xb1x\xc8\xb2u\
\x04\xcd\xe5\xb5M\x8f\x0bN\xe1@\xbf\x9e\x0b\xf8\xc3\xff\
\xd3\xaa\xd5\xda^\xaf\xcfS\xa9W~o\xb0\x1eq~\
]\xbcw\xe2\xea\xcd(]oh4j\xbf\x17\x0c\x06\
<\xf5Lj\x7f8\x9a\xb8\x1d\xb2\x0fVO\xa1\xcb#\
6ED\xce\x97\x80\x9a\xcd\x91%Y\xb7\xce\xd3v\x19\
Om\x97K/\xee\xe9\xeb\x8b\x14\x8b9Sw\xb9\xff\
C\x0a\xf8be\xf6\x97\xf9\xa5zG\x89\xa0N\x13\xac\
{t\x1bPD{\xe2\xc1\x91\xb1\x91\xa7\xcd\xcdL\xbf\
\xce\x1f\xf4o\x08\x85\xc3\xdeJ\xb1\x5c)\xcc\xa7g\xe9\
\x1e\x98\xabV\xebU\x1f\xad\x8b\xbe\xb15I\x8f\xdf\xff\
\xe4B.\xfd\xe7\xfd\x13-v\xca\x1d\xf49pPW\
\xe4\x08\xac\x0b\xf1\xac\xf2\xec\xf4\xa7u\xb7\xfe\x84\xde\x91\
\xb1\xa4\xcf\xed\xd3r\x85B5;77\x9f\x9d\x9d\x9d\
\xc9e\xb29\x00\xcd\x8e\xf7\x0f\x85B\xb1\xd8\x15\xb9\x99\
\xc9\xb7\xba5\xf9R\xba\xb7b]]\x16\xda\xd9X\xbc\
\xef\x81f\xcb\xb6\xddno\x044q#\xc0\x16\xbd[\
~h\xc8o(\xd8\x087\xa0\xc7\xdb/\xd1\x85~\x7f\
\xd4mZ\xc6#iAD\x0f\xad\xbb,\x8dm\x97\x1c\
)\x97\xcb\x97\xe8\x1e\xbf\xa6\xbb\xbciC\xc2\xcf\xe9Y\
\xd6y~\xd86\x22\x82\x00A^%)%\x1c\xf5\xb8\
YK\xd4B\xd7\xa7\xe6\xa7?L}>\xb5w`(\
\xaek\xba(\x16\xf2\xa5\x5c&3\x95\x9b\x9f\xdd]Z\
\xc8\xccKK\x98\x89\xfe\xc1H\xc0\x1f\xbc.33\xf9\
\x1e\x19\x0c?\x93\x1d\xbbGQ\x8b\xe1\xe1G\xac)\x95\
\xd2\xefjTJ\x7f\x16\xef\x1f\xec\x0d\x06BZ\xb3\xd6\
\xb0r\xb9T\x89\xee\x89\xf9\x5cj>]\xa9\x96Z\x89\
D\xdc\x8f\x9a\xd8R\xab\xd6\xde\xeb\x0fF6\x0b\x97\x97\
o\x06\xa0\x8fN\xc1?x9\x5c?\xd9[\xd0.-\
\x95J\xef\xab\x96r\x7f\x1a\x1d\x1c\x1b\x8a'\x92\x1e\xae\
G\xf3\xdf\xc8e\xd2\x99\xc2\xfcB\xaaV\xaeU#=\
1o\xac\xa7gc~f\xf7[\xe3\xd1\xdeg\xf4\xf6\
\x0eFM[\xd7\xdc\x1e\xbf\x8b\x9e\x15^\x193\x90\xdb\
\x1d,\xa4\x7ft\xea\xb2|.\xf7\xa1F\xbdvs\xef\
\xf0H\x9fK\xb8E!W*\x15\xd2\x0b\xfb\x0as\xb3\
\x0f\xe4gf&k\xf5z-\x1a\x8d{#\x83\x83\x97\
T\xd3\xb3\xef\xb5\xcc\xe6\xcb\x8e\xc1\xe3\xe0.\x8e\x96\xd2\
\xa8\xc0F\x1a\xbb\x00\x14H_\x1c(\x01\xa7~x\xdc\
.\xa1\xe9^\x8d>.1\xd4\x13\x0f\xf4\xf7\xf7\xffq\
z~\xfe\x03\x1e\x8f\xfb\xb2pO<\xd2h\xb6\xda\xe5\
Lv!7\x9f\x9a\xccgs)\xabm\xb6\xe3\xf4\xfc\
\x8b\x0e\x0em\xcaNO\xbf\xda\xa3{\x9e\xc7\x9f;G\
\xb3$:~Y\xd4v{\x9f\x9e\xde\xbf\xe7\xdd\xc2\xa5\
]\xd778\xd8\xe3\xd1u\xfa,,6\xb2\xa9\xf9\x85\
<=\xec\x0b\xa9l\x8e\x1e\xbe\xd074\xd2\xd7\xa8W\
_@\xcf\xf8\x8f\x0f\x0d\x8d\x5c\xe1r\x05u\x10.A\
\xeb\x97F\xef?\xac\x0bKs\xbb\xdc\xde\x90\x864\x07\
n\xaf\x1f\x05\x8d\xe4\xd0J\xb6m\xa2\x9b\x9e\x0b\x9a\xe6\
\x11\xbe`\x8fkxh\xf8\x8ar\xb5\xf0\x01r\xc9\xfc\
~\xb27\xd9kK\x1b\xb2\xa9\x85\x129\xd4R\xb4<\
r-\x1a_ \x14u%G\xc6\xfa\xe9\xd6x:9\
d\xde\x92\x98\xb8\xe2\x02\xd2+H\x8et\x8aX\xff\xee\
\x0d\xc5L\xea\xcf\x9b\x8d\xdas\xfa\x86\x86\x065\xb7K\
K\xa72\xc5\xcc\xc2\xc2\xae\x5c*uOzf\xe6\xfe\
b>\x97\x0b\x85\x82\xae\xe4@\xffD>5\xf7\x0aZ\
go\x89\x0d^9|$\x85\x94\x87T6R\xccW\
\xdfR\xcad\xde\x9c\xec\x1d\xd8\x14\xeb\x89\xf9\x9b\xf5F\
3\x9fJ\xcf\xe4f\xe7vf\xe7\xe6'\x9b\x8df\xb5\
'\x9a\xf0\xd3\xbd\xb7!\x97\x9a}\xa3.\x5co\x19\xea\
8\xd6H\xc5\xc1\xa7\xd7\x13\xd0=\x9e\x80\x06\xe8\x16\xbd\
\xbd\xc3\xbe\xfe\xbe\x81\xa7NO\xee~\x1d}\x8f\xdc\x18\
\x0e\xc7\xbc\xa6i`\xb9R\xb2$\xca\xba\xa6\xd3\x97\xe3\
\xc5\xe6\xe8q\x85\xbc\xbe\x80\x0f\xd0%<\xde\x80\xd7e\
\x0am\xb1h)\xb05\xa1\xb9\xe99c\x83[\xe8\xde\
\xa0>22z\x9da\xb4>N\xf7\xe1\xe3\xa3\xb1\x9e\
\x04q\xb4K\x85r.\x9b\xc9,\x14\xcb\xa5\xa2\xd0\x5c\
2\x96\xe8\x0b\xf4$\x13\xebg\xe7\xa7_\xe5\x0d\x84^\
\xd6\xb7\xf6\xba\xa3\x7fG\x1b\x1f\xf7\x9a^\xfd\xf72\x0b\
\xf3\x7f\xd9j5\x9e\x9c\xe8\x1f\xee\x0d\x84B\xfc\x19\xda\
\xcafHmj~\x86X\xa7\x0c\xc3\xa6\xb5\xd9\x17\xd1\
t\xed\xc6|.\xfb\x17\xfd\x83\xa3\x8f\x0f\xc6\xfa<\xb6\
\xd4\x85\xcf\x17\xf4\x05h\x9d/\x19}2\x11\xa4\xa1\xd3\
\x07\x92\xd0\x04=85<\x11\x156\x1au\xd44z\
\x0c\xf3\xe3V\xa2a\x83\xeb\xd0\xf6\xfe\xc4\xe5\x03\xe4p\
}M)=\xff\xbaH\x22~a\xbc\xb77\xd0\xa87\
\xda\xf9Tf&\x9fZ\xb8/\xbf0\xff\xbbr&7\
\xe7v\xbb\xb1\x97\xd6Y\xad^\xf9\xd3V\xa3\xf6\xc1\xc4\
\xb0}\x1d\xe9\x22\xe3\xe8\xbat\xde\xac\xc5Sxyj\
n\xf6\xbd\x02\xe4\x93\x06\xfa\x87z\xbd\xf4yU*U\
j\x99l6E\xc7l:\x9dIU+\xb5\xaa\xae\xbb\
\xb1\xa7'\x16\x16\x9a\xb6)\x9d\x99{d\xceX\xa0\xef\
\xcdK\x8a8\x22\x86\xd6\xcf_\x0c\xb6\xf1\xc1\xd9\xd9\xa9\
W\xbb=\xbe\xb5\xd1X\xc2\x07\x16@\xa9\x5c\xa9gs\
\xf9\x5c>\x93/\x1a\xa6\xd9\xf6\xf8\x83zO\x22\x99l\
6\x1aOK\xcd\xcf~\xb0\xbf\xa0?\x0e\x00\x5c\xa9\x1b\
\x00\x00\x10\x00IDAT\xe8\xb3\x9d\x95\x1c,\x19t\
y<\x1e!<\x9a\x04\x1d=n\xaf\xc7mi\x87\x8c\
\xe1\xe0\x16\x9c\xb2,\x9fp\xbb<n\x00\x17\xda\xa8\xa3\
\xe6\xf6\xb8 \xc2%\x07\x8b\x87\xe6\x1b\x85\xa6\xe9\xbaG\
\x1b\x1e\x1c\x1e\x02\x09\xef\xda\xb7o\xdf\x8d\xe1pO\x8f\
\x14B\xd4\xeb\x0di\xb5\x0dKG\xb4\xfc\xa5^\xab\xdb\
:\xb1\xe1\xfa\x90\xa7\x11x\xf6\xf4\xfe\xc9\x8fH\xcb~\
T_\xdf@\xccO+\xa7\xd1h\x1a\xf4\xc3\xdcb.\
\x9b\xc9\xd2\xde\xac\xa2\xeb:\xf4\xf6\xf5G\xdc^\xef\x15\
\xfb\xa6v\xbf%\x16\x8c\xbfl\xbc\xf3\x83\x91\xae*\x0e\
qh\xcdU\xeb\xe8;\xec\xbbi?\xf3\xa2x<>\
J\xdf\x8d]\xe5J\xb5\x9c\xcdg\xf7\xd0w\xf1\xdfe\
S\xd9}\x86!\x1b=\xf1x\xd0\x1b\x0c<baa\
\xfa]\xaep\xf8\x85\xe1\xe1MK\xdf\x19X\x91\x12E\
\xe0T\x09\x88SU\xa0\xda+\x02g\x88\xc0a\xdd\x04\
|\xae\xb1\xb6\xd1\xec\x17\xa8\x83\xb0e+\xe8\x0fn\x9b\
\x9b\xdb\xbe\xa2\xbf\x13x\x98\xb2\xc5\x0ci\xb4\xf6\xd3F\
\xf0>\xd3j[n\x97Ko\xd6k\x9b\xc6\xc7\xb7\xd2\
\x87\x0b8\x87\xdb\x1d\xa2\xef\x87\xf4\x0d\x91>\xb3\xf9\x81\
\x9f\xcd\x17zv\xef\xdeym$\x12\xf1\xd7\xe8\x93\xd3\
\xe3v\xfd\xef\xe0\xf0\xe0\xa7\x06\x87\x87\xde\xd1\xdf?\xf0\
\x11\x9f\xcf\xfb\x8f\xe5ra\xceh\xb7d0\x14\xd5@\
\x88\xcd\xa5Z\xed\xf9\xf4%8\xe2(\xa4Kijc\
9\xda\x13\xfezrt\xe3K\x87\x86G^\x11\x8dF\
~\xd5\xacU%}H\xc8`\xc0\xb7wbt\xe2\xbd\
\x89d\xef\xab\xe2\xbd\xc9\x97$\x92}/\x8a\x0d\xad{\
\xbd\xf4k\xbf\xa4\xa6d\x05]\xe9\x9c\xd8`\xac\x05a\
\xbd\xbfV\xaf>>\x1e\xef\xf5\xb4[M\x1b\xecvf\
\xb0?\xf9\x8f\xe3c#\xef\x1f\x1e\x19z\xd3\xd0\xd0\xd0\
\xfb\x83A\xff\xbf\xd4\xab\xe5T\xab\xde\xb0{\xe2\xbd\xee\
r\xb1rS\xb3\xddzs\xdf|\xfd\x98N(D\xfa\
nC\xe7\xba\xf6\x18]\xa9\xc3e\xe7\xf0\xf0\xb5\xbe\x88\
/\xf6\xd8\x99\xe9\xc9W\xf9\x82\xe4\xa4\x09\x87\xb5Z1\
\xdf\x0c{\xdd\xbf\x1e\x9f\x18\xfb\xc2\xe0\xd8\xc8\x9b\xfb\x86\
\x06_\xdf\xdb\xd7\xf7\x09\xdbj\xff/}b\x96\x11]\
\x22\x1cO\x0e\xd2\x1e\xf9\xf9\xeep\xe8\xf7\xc6\xc7\xb7z\
\xe1\x90#2zC\xd4\x92\xf2\xc54\x90\xa7${\x87\
\x03`\xd9\xb2^,\xd4BA\xef/&\xc6F>7\
::\xfa\x16\xfab\xf9\xba\x89\xb15\xefM\xc6c\xff\
\x5c\xab\x97s\xa1H\xd8\xbdk\xf7\xae\xc7\xe5J\xf9\xcb\
=>\x8f@\xd4%\x08\xd7\x92\xe6\x99\x99;\x9b\x9a\xe6\
\xf9\x11}\x907=n\x0f\xce\xcf/\x5c\x80m\x9cX\
\xaap\x94H\xd0m'\xea\xd5\xd2c\xbd\x1e\x9f\xbbZ\
.\xca\x89\xf1\xb5\xf7\xd4\x5c\xde9\xaa\xbe4\x07\x14?\
\xe6\x89\xa8ID\x94t\x80\xcb\xe5\xd2l\xd9\xb6\xd0%\
\xbf\x85`\xa7Q\xb8d\xbdV\xdb\xa8{\xb5\xa7m\xd9\
r\x94\x9f\xe4.j\x17\xad\xf6x\xadX\xfc3\xfa\xe2\
\x12(\x17\xf3\x15\x7f\xd0\xff]l\xb7\x8a\xd26\x85m\
\xdb\x80h#yp\x0f\x9b'\xdd6\x03\x8drm,\
\x16\xef\xd5j\xd5\xa2\xe5FH\x0f\xf6\xf5\xff\xc3\xe8\xf0\
\xf0\xfb\x86\x87\xfa^E\x1b\x91\x97'\xfa{\xdf\xe1\xf5\
\xba\xfe>\x93]H#\x02\xf6\x0e\x8d\xf6WJ\xc5g\
E|\x89\x8b\xa9{$9\xe8\x14H\xc3\xa0\x01i\xd4\
kO\xa4'd\x19\xed\xe7\xd4\xeb\xb5\x8b\x03~\x9fV\
(ds\xf1h\xe4Gk\xd7\x8f\x7frb\xcd\xd8;\
i-| \xd6\x13\xf9~\xa5\x9c\xdfY-\x95\xacH\
\xa4\xc7\xe5\xf6x.\x9b\x9f\x9by\x95\x01\xed\xcd\xa4X\
\x90\x1c8\xb7%\xa5\x90l\x05]t\x81-\xc3\x0cM\
N\xee{J\x80\xbe\xe9[t\x7f\xea`\xec\x1f\xe8\xef\
\xfdF\xdf@\xdf\x9b(|E2\x99x\xaf\x00\xf9_\
\xa5B\xae\x22$\xd9\xde7\x98\x98\x9b\x9byQ(\x10\
\xfe\xa3\xc1\xc1-\x87\xed\x16].\xfa\xb2\xa8iH\x07\
\xdd\x96\x9a\xad\xbb\x5c\xf2@\xe7\x9d\xd88\x05\x02\x04\xa0\
\xa0o\xe7\xf4\x1dsf~a|zn\xf6\xaaP0\
\xe0\xb6\x8dV6\x1a\x0d\xff+\xddW\x1fN\x0e\x0e\xbc\
)\xd1\xdf\xf7>\xcd\x85\xff\x94\xcf\xa6r4\x0d\x90\x18\
\x18\x8ef\xd2\xa9\x9b\xe9\xcb\xe2\xe3a\xd3\xa6\xa5g\x08\
\xa9\x5c:\x93k\x1a\x13\xadv\xf3].\xb7\xfb\xd1\x89\
\xbeAw\xab^\x97F\xbd\xb1\xd0\x97L\xfc\xfd\xe8\xd8\
\xf8\xfb\x07\xc6\x86_?8:\xfe\xaeh(\xf8\xb7\xa5\
\x5cfF\xa0&C\xe1\xf0\x85S\x93{^\x01B\x8f\
\xd03\x88\xe6Z\x80G\x98\xf6\x92\xd2\x93\x88\x14'\xef\
.\xfb\xdd\xde\x7f0\x0dc\xde\xe5r\xa1\xd94\xaei\
K\xed\x8d\x11\x7f\xcf\xcb\xea\xb5\xe6\x17\xaa\xd5\xca\x9f%\
\x12\x83\xfe\xd2\xcc\xfeY\x7f<\xf9\x89\xa0\x10\xffM\xdd\
\x1c\xc6\x8b\xf2N\xf6D`\xce\x88\x9d\xf6\xe2 g \
\xba\x8a\xdeKj\xe9\xb9\xd7\x84\x92}\xfd\x86a\x80\xd5\
j\xed\xf6\xf9\xfc\x1f\xaf\xcc\xde\xb3\x8b\x1a\x1c\xdf\x0eM\
\xd0$\x22\xe8\xba\x1bQ\xb8B\xa5R\xf9O\xa4\x861\
\xb3\xddnz\x5c\xda\xcfFF\x86?\x99\x1c\x1azc\
|h\xe8\x9d\xbe\x80\xef\x8eLjn\xba\xddh\xda\x91\
h\xc2\x8d\xba~c\xab\xdd~A\x7f\xff\xe5q\xea\xeb\
\xb0s\x9c\x9e]\xb4\x92o\xaad\x17\xde\xe8\x8f\xf7\xad\
\x8fE\x93z\xb9\x90m\xd9v\xf3\xee\xbe\xde\xde/%\
F\x87\xde\x1a\x1f\x1e~}$\xd9\xf3\xa9\xb6\xd1\xf8\xef\
Bn\xa1\xa4i:F\x06\x86Gr3S/va\
\xe0)\xb0\xb8!\xca\xe9\xa5\x1c\xad\xf6\xffl4*u\
\x1f\xfd\x80\xa0Z-_\x1a\x1d\xb7\x0e\xdd|A\xf7\xc8\
\xe5\xf4h\xbdY\xbd\xc9\xe7\xf7\x85\x10\x04o~\xb0P\
,\x8c\x1a\x86=\x0eG;\xd6\xads\xd3\xae~K\xab\
\xd5N\x12nIm\xf7\x94\xf6[3\xdd\xea\xb6\xa5k\
\x00\x12\x85\x83\x0c\xbb\xd9\x87\x86\x18\xe9{p4;?\
\xf7\x06\x977pm\x22\x9et\xe5s\x0bm\xb7\x06\xbf\
\x18\x1a\x1e\xf8\xf8\xc0\xe8\xc0+B\x03\x89\x17D\x07\xfb\
\xfe\x1c\xc1\xfe\xb7lj\xae\xe0r\xe9\x22\x94\xe8\xdbX\
,e\xdf\xac\x87]\xd7\x91BAr\xf0\x19\xbd,R\
/U^\x0cF\xfb\x8f\xfb\x86F\x03V\xbb\x05\xedz\
9\x1b\x8f\xd1}68\xf0\xe1\x81\xbe\xe4\xeb\x92\x83\x83\
\xef\x8c\x87\xc3\x7fU\xca\xe7\xf8~\x00\x09\xf6#\xbc\xba\
\xf6\xaax\x22\x11\xa5\xe7\x1f\xda\x94#\xed\xe0a\x86\xf3\
\xaf\xd6\xeb\xc2\xfd\xcaV\xb3\xf1\xb8\xe4\xc0\x98\xdfEs\
P-\xe4\x1b\xba\xb0\xef\xeb\x1fH~\xabop\xf0\xcf\
\xc9\x81\xf7\xf6hO\xf8\xab\xcdZ\xe5\xbeZ\xa5bD\
\xfbG'*\xa5\xfc;\x03>\xdf\x85\x1a=+\x04\x22\
M\x8ffj\x9e\x80}\xb0\xe1\x00\x03\x13\xb3\xc3\xf5Z\
\xfd\xedBh\x8f\xa6\xcf~O1\x97k\xea\x9a\xfc\xf9\
@\x7f\xe2\x83=\xfd}/\x08\x0c&\x9e\x1d\xec\xeb{\
I \xe0\xbb\xb5\x5c,,HzHDG\xc6\x12\xf5\
b\xe6\x15\x9e\x84\xe7\x0f\xf9s\xf4P\x9d+N\xd3\x84\
\xa2@\x1a\xb9\x0d\x1a\x0aM\xd2g\xdf\x8a\xdb\x1e\xa3b\
\xbbmY\x96a\xd0\x98%\xf8\x02~\xcf\xec\xfc\xfc\x13\
]^\xcf\x90\x90\xd2F\xdb\xba\x7f0\xd9\xff\xe5\xe4\xf0\
\xf0\x9bbCC\xafL\xf4'\xdf/4\xed\xdfK\xf9\
lI\x13B\x84\xfb\xfa\x86S\x99\x85g\xfbu\xb8\x84\
\xba8|\xaea\xab\x8e\xa6~m.\x97~{\xb8\xb7\
\xff\xe2H8**\x85\xbc\x01\xd2\xdc\xd9\xc7\xcf\xf5\xe1\
\xc17%F\x87_\x15\x8e'\xdeo\x99\xed\x1f\xe7s\
\xa9rO<\xe6\xaf\xd5j\x8fK\xa7SO\xf4\x05\xe9\
)$\xe8\x89/\xe1\xff\xb3\xf7\x1d\x00v\xddT\xda\x92\
n\x7f\xbdO\x1f\x8fK\x9a\xd31\x90Bs\x80\xe5\x87\
e)[\xc2\xd2\x09\x84@B\x09\x84\xb6tBYZ\
\xe8\xbd\xf7\x120\x10z \x84`Hu\x12\xc7\x8e\x93\
8\xb1=\x1eO}3\xaf\xf7w\xbb\xf4\x1f\xbd)\x9e\
j;\x09\x0b!H\x96\xee\xd5\x95\x8e\x8e\xa4OG\xd2\
\xd1\xb9w\x9e\xfd\xe0\x8a\xd5\x1d!E\x96\x09&\x08\xe4\
\x00#\x8c1\xa5\x98\xf8\xd0\x8e\x15\x9eH<\x1b\xe1P\
(\xa2\xd4\xaa\xb5\x7f\xa5\xbew\x9a\x11\xd0\xe5Z\xad\x9a\
\x8fE\xe2\xbf\xea\xe9\x1f\xfc\xdfL_\xff[\x93]\xa9\
\x8fCu\xd7UK\x85*\xf5|\x16Kft\xab\xdd\
z\x8a\x8c\xe5\xe7\xc6\x86\xce\x88\xac`\x0c\x09\xa9\x813\
\xbb}\xe2\xbf\x1a\xe0zz\xa6\xbb/P\xaf\x96\x1c\xdb\
l\xdf\x9a\xe9\xca|\x08\xf6\xdb\x8b\x12\xbd]/\x86\xbe\
\xbf<\x1e\x8b~\x02d\xe2\xcev\xa3\xe5\x82\xf1.Y\
)\xe6^\x1c\x08*\xcfF\xab\xec\x1b\xe1\xde-I\xd7\
\xf7.\xf1<\xfb\x85\xd0\xb6\x84eY~\xb5Z:\x10\
\x09\x87\xbe\x92\xec\xeez}\xa2\xa7\xe7\xc2xW\xf7k\
\x03\x81\xc0\xb7\xea\xe5\xd2!j\xdb\xb4\xbb\xa7?],\
L\xbf\x14c\xe5?\xf9o\xe5A\xd3\x96x*\x11B\
\x99\xcf@r\x90\xa4(\x81\xd1\x89\xb1\xff\xc6\xb2\x1ag\
\xccG\xccm\xb5\xd6\x0d\xf4\xde\xd3\xdb\xd3\xf3[]\x0d\
\xfe\x5c\xb1Yc\xb6\xf0\xe5\x98`\x98D\x18@\xc6\x18\
!\x22!\x1bc6\x9b\xb7\xf4\xeaS\x00\x8c1f\x18\
A2>1~N\xb1T=\x91h\x12a\xd4\x1d\xe9\
\xeb\xee\xfa\xf6\xc0\xe0\xba\xb7\xf5\xf5\xf5\xbf\xbe\xa7\xab\xeb\
\xb3\x9ek\xee\x06\x1d\xc1\x95$\x15\xc5\xe2\xa9\xae\xc2\xf4\
\xf4\x8b\xc3\x01\xed\x1c\x84V\xfb\x93\xd7\xadr\xdaM\x9f\
X\xca\x17.\xd3\x03\xe13\xd3\xe9\x1e\xb5]\xaf\xfb\xcc\
\xb1\xc6\xd2\xa9\xc4\x8f`]\x7fo7\xc8Q\xa6\xbf\xef\
\xbd\xa1\xa0\xf6\xd3F\xa54%!\x86eM\xdfX\xad\
U_\x18\x0c\x85\xe3\xbc\xa5\x94\x22\x98\xcf\xa05\xf0\x87\
\x07\x1e\xf0|Qe\x0d\x1c\xe6\xf3\x97\xdf\x1d\xb0\x5c\xc1\
z0[\x1eC;\xb0\xbf\x14G\xd0_\x14\xc5}f\
\xbb\x5c\xb8 \xd9;\xd0M\x18f\x8dri*\x11\x0b\
\xff\xa8\xbb\xaf\xe7-\xc9\xae\xf4E\x91\xee\xeeW\xc4@\
\x07b\xae\x7f]\xb5Z\xb5\x12\xb1d\xc0\xa3\xfey\x98\
\xa0Kb=gr\xc3\xf2,\x7f\xa8\xbc\xafo,F\
\x1d\xf3\xc2@ \xf8\x84d\xaaK\xabUK|\x1d\xdc\
\xd5\xd3\xd7\xf5\xa5\x9e\xbe\x9e\xff\xe9\xe9\xe9\xb9\xac\xb7\xaf\
\xf7]\x99L\xf2[\x18\xb9;k\x95B\xcd\xb3\xcd\xfa\
\xa6\x8d'\xdc\xd0\xe8\x0e\xd6\x81\xc5\x82O\xf6\x9f\xde\xe3\
{\xce\xa5\xe5z\xe5\xd9\xa9T\x17\xc8\x0cC\x8e\xd5\xaa\
g\xd2\x89\x1b7m\x1c\xfa\xc2\x86\xa1u\xef\xe9]\xd7\
\xf7\x11\xd0\x99~\xdbn\xd4\xa6=\xc7\xa1\xc1HLV\
$\xe5Q0\x17\xde\xdc\xef'OX`\xb6\x10I3\
J\x19e\xc8\x07U\x96A@K\xf1X\xa0[\x1a\xc1\
\xa0\x1fy\x94z\x8cQ\x86\xf1lwI\x03\xce\x00K\
\xc9\x10\xf2\xf9\xfe&aU\xd5\xd1\xc1C\xa3\xdd\xf7\xde\
{\xdf)\x81`X\xb2\xed\x863\xd8\xdbs\xf0\x11g\
\x9erK2\x11\xbf\x8d\x222:|f\xc8\xe3\xc57\
mz\x9a\x16\x93\xe5\xad\xf9\xfc\xcc\x1bC\xa1\xd0\x09\xc9\
DJ2\x9buF\x1d3\x0b}\xbdjh\xa0\xef#\
}\x03}\xef\xed\xe9\xee\xfa\x96D\xd0\xaej\xa5\xdc\xc6\
\x92\x8a#\xd1\xe4\xc0\xc8\xe8\xc1\x973]y\xccb\x19\
\xee\xeb{t\xc2\xb6\xadKL\xab\xfd\x1f\xc9T2\xd4\
l\xd4aZ\x9b\xb7w\xa5\xd3\x1f\xea\xe9\xe9zy\xa6\
+\xf3\xa2Do\xe65\x86\xae\xfe\xb0V*g\x09\xc5\
(\x91No\xa8\xd5\xcbo\x0a(\xa1'A\x9b\x08\x04\
\xe1\x05\x02\x7f\x15\x04\x840\xfdU`\x14L\xfe\x1e\x08\
`LN\x80\x85_\xa3\xb0\x93\x83\x11\xae)\x13r/\
\xb4\x83Ax\xc0\xbeU\xc87m\xea\xdfnY\xb6\xa3\
\xc8\x1an6[]\xb5Z\xa3\xf3\xf5\x00g:*O\
2\xc7\xf7\x5c\xd8\x9d\x18!\x04Ofg\xb0\xef\xfb\xa8\
T*\x8d\xc1\xdb\xb0\xcb\x19\xc3\x17yM\xf3\x8a\xa9\x83\
\xea\xf74\xa4}I\xd1\xa5\xb7t\xf7\xf6\xbf\xa7e\xb5\
\x0e\xba\x9eM\x03\xe1\xb0T\xceN?\x9a\x99\x94\x7fq\
8\xbb[\xa1m~~\xfc\xf6\x91\xc2\xf8\x8e\x1b\xb1\xee\
\xdf\x04l\xa7\x18\xec\x7f\xa0\xa32\xea\xdb3\x96e\xfd\
\xaa8~\xcboJ\xe3\xb7]W\x9c\xbc\xed/\xe5\xa9\
;v\x94\x87w,l\xc8\xfc\xeb\x10I\x92\x9f_\xc8\
\xe5\x1f\x9fL\xa6\xd4F\xa3\xe1\x11\x84\x7fg\x04\xc2/\
\xaa\xb5\xdb\xafUq\xee\xf3\xe3\xc3\xdd?T\xf1\xcc\x97\
\x89\x82/\xeb\x1dX\xf7F\xcf\xf7v\xb9\x96M\xa3\x89\
\x94\x92\x9d\x18\x7f\x8c\xecK\xcf\x1a\x82C-Z\xd51\
\x04\xfc0\x91\x10\xf2<s\xae\xcd\x0b\x84\x98\x05\xa4\xe3\
\xab\x95\xd2\xeb\x8c@p}\xd0\x08\xa0Rn&\x9b\xe9\
\xea\xfd$\xd1\x03\xaf\xac\xda\x8d+\xb21\xebg\xb9\x89\
\xc1_\xc3\x0b\xe5/E\xd2\xddoHv\xf5|\xb2\x92\
\xcbg\x09\x91\x91\xae\x07\xfb\xeb\x8d\xea\x8b,jn@\
\x8b\xdd\x96-\x8a\x8a\xad\xb3\x0b\xd3SO\x0f\x85b\x9a\
\xebZ\x0c6\xd7\xb1h\xb2\xebC\xd4'\xaf\xa8\xb8\xe6\
\x15c\x91\xd6\xb6\x89\xe1\xee_K\x9e\xf6\x1d\x99Jo\
\xea\xe9\xdd\xf06\xd3r\xf7;\xae\x85\xc1@\xab\x12I\
\xc1\x8cQT\xad\x96\x80\xf3\xe5\x10:\x9e9\xd4\xbeC\
R\xa41\xdf\xa7\x0c\x0e\xc4a\xdb\xb6\x1f\x83\xa0\xbeN\
\xee\xea\x17l\xf9\xe8\x94B\xa18 a\x8c\x03\x86n\
Y\xa6\xfd\xc7\xdc\x9ek\xcc\xd5\xc9\xd7N\x85\xf6P\xc6\
\xf8\x99\x84\x02\x98\xael\x98h8\x12M\xfc\x16\x0e\xfd\
n \x18\x0a4\x1a\x85\xf3gZ\xc6\xda\xc6\xc9\xcd\x9b\
U\xdf\xf3\x9ef:f\x1f#\x18\xa9\xaa6\xacbi\
\x97\xe3\x82\x10b\x0cb\xc9y#~'\xcb[\xa1#\
Z\xea\xee\xef\xbbfftx\xda0B\xdb\x02\xd1\xd8\
K\x9c\x86sYP.|mb\xf8\xe6?\x14&n\
\xbb\xbe\x98a?UU\xe3\xbd\x99\xee\x9e\xcf\x97\xca\xc5\
\x0a\xc3\x12\xa2\x94\xf6\xbb\xae\xbd\xb5\xbf\xff\x1c}9O\
\x0f^i\xfb\xbe\x0b\xca\x17\xe3tdzz&\x08\xf2\
K+\x95\xea\x9eL\xa6\xef\x7fl\x87\xbd\xb6b\xbb\x9f\
1p\xf1JdK\xdfd\x8a\xf6\x9e\xbe\xfe\x8d\x97)\
Z\xe0\x0f\xf5j\xd5\x0cE\x13\xdc\x9a\xb8E\xd2\xd4\xff\
\x02\xe5\xa8\xa3\x98\x1f\xaec\x1b\x1f\x9f\xce|\x86\xb9\xc6\
\xe7\x18n\xb4Z\x12\x07?\x10\x08\xfdP\x0b%\x9e\xeb\
\xb6\xd9{&\x0e\xf4\xfcx\xf2\xe0\xcd\xd7\xc4\x03\x8do\
\x05\xc2\xc1\xd7'\x12\x99+\x8a\xc5|\x0ec\x8cB\xa1\
H\xb2P\xcc\xbf\x14\x07\xb5\x15\xbf\x07\x88Aa\xc7\x04\
#\xb8w\xaa\xc4>\x81A\xe9D\x97\x5c(\x02\xcd\x92\
!,I\x12\x86\xc30\xb1-\x8b\x02\xda\xb7$\x92=\
\x97\xb6M\xfaZ\xc5\x97?_\x18\x1f\xf8i1\xd2\xfa\
v8\x10}{w\xff\xe0\x87\xcb\xc5\xd24F\x123\
\xc2\x91L\xbd\xd9|v\xaf\x1d\xecB\xcb\xdc\x10\xcc7\
\xb0\x5c<\xcf\xb5\xad\xf3\x92\x99.\xa5^\xa9\xba\xb6\xe3\
]\x17\x8e\xc4_\xd1\xb2\xcd7\xa8\xde\xd4W\xa6\x0f\xa8\
\xbf\xc8\xaa\xe5\xef\xc10\xbc5\xd33x\xb1\xe7\xa1\xdf\
C\xff-@\xdbh\xb5M8\x09c\x84|\x8f:\x8e\
\xb7j\xdb\xd1\xb1;j6\x94\xdd\xd1x\xd7\x0fJ\x85\
B=\x91\xea\x0a\xbbv\xfb\x85\xd9\xc9\xf1w\x10\x85\x9c\
\x15\x0eG\xb4\xe2\xd8\xd8X\xa8{\xe0\xe3a\x09\x7f?\
\x9b\xdd\xd9>v\xd6\xc7B\xa9\x00\x11\x99\x1d\x0b\x06\x8a\
??\x10A\x0ax\xac\xc6O:\xd9-\xe6\xdf\xa7%\
R\xa7\x80\xbc\xe3f\xb9\x9cO\xa4\xd2\x9fjH\x1a\xff\
\x9d@\x064G\xf5\xb0tq\xde\x18\x1c\xaaT\xabx\
rbJ\xb3[\xe6D$\x91\xfe \x93\xf0+\x9dz\
\xfdS\x85\xf1\xc1\xabJi\xefJE\x95\xde\xdd;0\
\xf8\xf6j\xadzW\xbb\xd9\xf2\x13\xa9\x8cQ)\xe7\xff\
\xc5\x92\xe5\xcdP\x11\x00\x0e\xd7E\xde\x94\x9cMf\xbb\
\xf9V5\x1c\xd9\x10\x0c\x06p~r,\x1f\x8a\xc4\xbf\
\x18\x8a$/v\x88\xf7\xe1b\xca\xdfV\x9a\x5c\xf7K\
\xdd\xf7?\x17I\xc6/Mfz?V\x9d\xc9Nq\
\xd9\x0b\xa6\xd2\x03\xcdF\xedei/~R\x87\xe5\xe8\
\xa8\xcd0\xbd\xd9\xa7~\x85\x10\x84\x1b\xf5\xda\x00r\x18\
_\x0fV\xd4\xcb\xe9m\x09\xf7\xb5\x9b\x8d34U\x95\
\x10\x86]\x03\xe4\x19\xe6J\x0c\x84\xe1\xf1\x08m\x959\
\xcd\xf2\x10\xac\xeb1U\x22OVU=@]\x97\x1a\
\x9a\xbe\x1b\xa1\x9d\x9d\x03\x0f\xa7e\x88B]\x0c\x13\x84\
\x11\xc7\x0b\xf1\x08\xcfX\x14\xa2\x83\x8f\x8d\xc1\x1az\x01\
\xd4\xf9\xb8h<\xae\xe4\xc7'\xf2\xd1x\xe23\x8a\x11\
\xba\x986\xad\xcfL\x1f\xbc\xf9\x9aFv\xf7\xcd\xd5h\
\xfbJ]\xd3\xdf\x90\xe9\xed\xffH\xa5\x90\x9f\xc6 \xc8\
\x18\x91!\x1f\xb9/\xca\xac\xb6\xbe\x03F\x00\x00\x10\x00\
IDAT?k\xe9\xd7>\xb0\x06\xa7\x22\xfa\xe3\xbc\
f\xed\xbfS}\x83\xa1f\xbd\xe1\xda\xb6wK:\xdd\
s\x19\xd0\xbf\x96\xd9\xf4\xf3\xd3c\x83?/\x8cz\xdf\
c\xb6\xf4\xf6L\xf7\xc0\xab]\xdb\xfd\xb3\xedXN\xa5\
RJ\xf8>\x8c$\x866\xc39\x10-s\xbdp\x98\
&2{\xc2\xcc\xc4\xe8\xd3\xe0%X\xc0\xb5MZ\x98\
\x9e\x1c\x0dEb\x9f&\xb2va\xcdt/\xcf\x05k\
\xdf\xcd\xa7\x9d\x1f\xc2\xa1\xed\x7fS]\x03/\x0dFR\
\x9f\xaf\x16\x0ay\xdbr\x023\xd33\xaa,\xcb\x88\x1f\
MM\xdb\xf2\x95r\x03 >\x5c\x09\xac\x8d\x06,\xc1\
\xff\xdenV\xb7\x82\xbc\xa8\xb9\xe9\xe9Z,\x91\xfc\xa2\
&\xeb\xaf\x98&\xf9\xcfW&n\xbd\xa15\xb5{w\
3w\xc7vF\x94\xf7\xc5c\xa9W\xc1|\xbf\xd7\xb6\
m\x14\x88\xc5{\xdcv\xf3\xb5((\xf3/\xcc\x0e3\
\xbd?1\x02N\x22`\xf1b\xd80\x02Z\x80\xe0H\
*uB8\xb5($6\x9d\x15\x89o\xd8\x12\xe5!\
6\xb45\x06c\x18\xef;\xf1\xd1I\xfe\x8cV5\xb4\
 d9\xd4\x03y\x04D)\xf6(\x04\xcf\xe3_\xcd\
\xb4%\xc5\xf8\xbe\x1c\xd0/t\x1a\xe5\xf7\x17F\x07~\
R\x9e\xb8\xf5\x0f1\xb5\xfa-=\x1c\xfc\x9ft\xa6\xf7\
\xeb\xd5R\xb9\xa1i\x1a\xf6]\x7f\x9dO\xe9S\x13\x89\
\xb3B\xcb\xba\x83\xbb\x87\xac~\x90\xddK\x82\xc1\xd0\xfa\
@8D\x0a3\xb9f(\x1c\xfdv \x14\xbf\x80\xd8\
\xf8\xbd\xb9\xd1\xc1m\xc5\xb1[\xaf\xae'\xac\xaf\x1az\
\xe8\x92X\xaa\xfb\x0d\x95l\xee.Y!\xa8\x5c.\xc9\
x\xd6\xf1\xd5\xd9k\x9b\xd2\xaa\xeb\x00\x90\x10^/\x03\
G\x19\xf2x|y\x80,\x1f\x02\x82\x80\x0b\x95\x22\xbc\
\xb4\xc1\xb4Zi\xde\x90Lu\xbf\xc6\xf5\xdc\xd7iT\
\xffB>\xed\xffP\xf3\xd0gC\xd1\xf0\x9b\xfa\xfb\x07\
>V)\x17g\x18\xa3(\x12OE\xea\x8d\xea\xd35\
I\xe6\xc6\x96\xa5\xaca\xafV4\xe3I\xcdZ\xf5?\
\xd2\xbd\xbd\xc1|>\xd7\xa2\x88|?\x14\x0e\xbfFv\
\xbd/\x16@&\xca\xe3\xb7\xddS\xcf\xed\xbcUe\xf4\
\x0b\x99L\xe62\x82\xc9v\xab\xd5v\x02\xc1p\xa4X\
,\xfew\xb2ml\x00\xa6\x18\xc2\xbc'AM=\xaf\
\xd5\xac^\x90\xea\xea\x89W\xabe\xa7\xdd6\x7f\x19\x8d\
'_\xe1)\xee\x07J\x13\xeb~U\x9e\xba\xf5\x96\xca\
\xcc\xfak\x02\x92\xf6\x81\x9e\x9e\x81\xcb,\xd3\xbe\xdd4\
-/\x16KF\xca\xa5\xc2\x0bM/\xc3\xd7\x9a\xc5<\
\x11\x18X\x11\xdf\xd4\xa0\x12\x5c*\x95p\xb9TR\x1d\
\xc7ue-\xf0\xe7\xde\xc1\x8d\xaft)\xfa\xefP0\
\xf8j9\x91\xfc\xc6\xe4\xe4\xcd&\xd0\x81\xbf\x9ca\x86\
:\xd8!\x86\x11\xa3\x14a\xe22\xc8X\xe2\xb1\xe7S\
\xcf\xf7\x01{\xa8\x12\x13\x5c,\x16d\xcb6-B\xb5\
\x1fij\xe4%v\xad\xfd\xce\xb1@\xf5;S\xc3\x99\
\x9f\xb9\xb5\xea\x15\xd1h\xf2\xd5\xaa\x12\xf8m\xbbQw\
TE\xc7\x9e\xe7w\x9bm\xebi\xf1\x0d#\xcbe\x08\
%\xfb\xed.\x9f\xd9\xaf\x82yyZ$\x9a \xc5\xdc\
LKQ\xb5_\xc5\xe3\x99W\xdb\x9e\xfbv\xc9\x93\xbf\
1s\xc8\xf8y^.|\x1b\x13\xf4\xf6\xae\x9e\xbeK\
\x1d\x9f\xdd`Z\x96W\xae\xd6\x02\x96eJ\x08Q\xe4\
S\x9f:KZ}?\x1f@7\xe0%0\x86>\xc2\
\xa2\xe8B\xe0\xcf\xc7\x18\xb0\x82i\x82RO\xc3\x08#\
I\x22\x8e&K\x8b\xf7W\x12\xc3\xf4\xb8Z\xb1\xf4\xa2\
(X\x88\x5c\xdb\xf1\xaa\x95\xda\xed\xd0\x97\xb7\xfa\x04\xbf\
s&M\xaf*\xcd\xec\xbe\xbd>s\xe7m\xd5H\xfb\
G\x91X\xfcm\xf1x\xe2\x9b\xd5j\xb5\x16\x0eFe\
x!\xf9\x84H$\xf8,\x98\xffa4\xeb0\xd5\xf1\
P\xadV=;\x1a\x8d\xab\xa5b\xd9\x02y\xbbRU\
\x83\x177\xa8\xf7\xfe\xa9a\xf5\x87|\x9d\x8d\x19\xb5\xef\
\x22\x1b\xbd/\x11\x8b\xbe<\x15O\xbd;`D?g\
1\xf7\xf7h\xe7Nw\x96\x0dB]]\xa7\x05\xc3\xc1\
\xd03`\xbd{j8\x12\xd7\xe1E\xb0o\xda\xce\xee\
\xee\x9e\xfe\xb7PF/\xb2\x1b\xe5\x0f\x22W\xff:m\
\xb4?\x87\x09\xbd\xac\xab\xbb\xff\xf5\xbe\xef\xdf\xdc\xac\xd5\
\x9c@8&\xb5\xdb\xed\xb3=L\xfe\x93\xaf\xcf\xf3<\
\xe7\xef\x8c\xf9\x1eb\x8c\xcb\x18\xa2\x18\xacw\x98\xac\x90\
\xady\xda\xf9{\x83H\xcc\xf7\x99\x87`\x1c0\xc6\x88\
\xb2\xd5\x8bpy\x07\xd6\x80\xb5\x84\xf3\xf9<\xe6\xaeV\
\xad\xe6\x07\x876]\x81$\xf9\xf9\xf9|\xe9e\xd1x\
\xea5M\xb7\xfd[\xb4m[G\xa9vqeC\xa3\
Q{\x8d\xaa\xaa\xeb\xa3\x918)\x15\x0bmYV\xff\
\x10\x89\xa5.u\x18{c\xab\xd6\xfc\x9cBg\xben\
c\xfb\x03\xe1D\xe2U\xc7\x1d\x7f\xc2\x97]\xdb*\x12\
F\xfdv\xa5$\xcf\xe4f\xd2\x08\x8d\x90N[7m\
\xd2\xa8\xca\x9eV\xae\x94\xff;\x91L\x06\x8b\x85b]\
\xd1\xb4o\x84\x83\xf1W\xaa\xcc\xf8\xdc\xf4\xa1\xdb\xae\xcf\
O\xde\xb1\xa7<q\xc7\x1f4\xac\xbc\xab\xab\xbb\xf7\x1d\
\xcdfs\xd8u<Fd\xa5\xdb4\xeb/\xeb\xdd\xf8\
\xa8\xbe\x0e/q\x11\x08\xfc\x15\x10\x98\x15\xcc\xbf\x02#\
\xc1B \xf07F\x00{\xcc\x1f\xa4\x88\x12\x97\xfa(\
\x14\x09\xd5\xb1&W\x1el\x1b\x8a\xc5\x90\xe5\x9b\xfe>\
\xe4z6\xe7\xc5l+jK\xed\xc3\xef\x9dUP\xdb\
|\xdfE\xb0K\xf1|\x1e`c\xa9\xf5t\xf7}N\
r\xf0\x17\xf3\x13;\x0f\xce\x1e\x94\xb7{\xa3\xa3\xdb\xad\
\xa9\xe1\x1d\x93\x15\xab\xf6\xb3T\xba\xeb\x93\xa6\xd5\xac\xc0\
\xd6\xc4\x94` C\x089\x1bm\xda\xa4\xf2\xf2\x8b\x02\
\xb3|\xe8\x8e\xe7\x98\x8c\x1f;\x90\x8fAK\xa1\x1a\xb5\
\xb9\x9eB\x81\x0e\x8a\xa3\xf9\x00\x8f\xb3\xbej\x06\xd6g\
\xa7\xb3\xff\x19\x8aD4Pn\xa8\xae\xabwFS\xc9\
w\x8f\x1f\xb8\xf1\xda\xc2\xe8m3{\xf7\xf2\xdf\xd3\xda\
\xe6\x0f\x0f\x0f\xdb\xbc=n\xdd\xbd*\x95\xce\xbc\x8fQ\
w\xc2q\x1c\x16\x8e\xc7\xe3\xf5z\xed\xdf\xdb\xb2\xb3\xca\
\xe6\x02K\x04\xd7P\xa0*\x8c@\xe3\x83\xfbb?4\
\xb4U\x93\x10\xfb\xd7v\xbb\xb9%\x1c\x8dH\xd5r\xa1\
508\xf4m\x97\xb5>5\xb9\xef\xfa=\x95\x91\x9d\
\xb5Y\xe5a\x9b\xcfq\x99\x19\xbe~/2\xad/u\
\xad\x1b\xfcN\xbbQm\x87Ba\xa9\xd9h<\x1a\xec\
\x82g!\x04\xc7N\xb8p\xdf5\xe9\xc6\xa1\xdb\xcf\xd5\
\x8c\xe0\x00`\x85\x1a\xf5R\xb9\x7f\xa0\xff\xe3m\xda\xfe\
\xfc\xcc\xf8\x8e\xbd\x1dchG)\xe1\xfd\xba\xda\x1e\x1e\
\xde>Y\xce\x9a?N\xa6\xd2\xef\xb7\xccf\x11\xf6_\
\x861\xe6\xca\x00v<g)fM\x9c\xd54\xe3z\
\xcbj:\x9a\x1ePk\xad\xe6Y\xddS4\xc6\xeb]\
-\x80\xc2\x03\xe3O\x9e\xc8\xb0\x14&\xf0\xfe<\x14\xd4\
\xa7-\xaf\xb9\x13h)\x84\xfb\xe1\x9b 5\x94b\x0c\
\xed\xa2\x94\xc7\xe5\xd1\xd1\xb4\x8b|\xe9\xdb\x0c\xd1\xb2\xa6\
)\xa8Uo\x9dN]\xb4\x15\xa1\xd5\xde\x82#\x94\xac\
+\xe9j\xa5\xfcl\xc3\x08\xaa\xcdF\xdd\xd2\x03\xc1+\
Kz\xa1\x881\xf4\x91R\xe83\x02\xbe\x08\x1c\xc3p\
Y\xe29\xfe\xf0\xd6x[z`\xfd\x9b(\xd2\xdft\
\xe8\xee\xeb\xfe01qcvV>\x10\xef\x0b\xe3c\
53z\xcb(R\xd5\x1f\xa6\xd3\x99\xeb\xdbf\xcb\x09\
\x85#\x06(5g8\x0a\x8d,a\x08\x0f\xb2\x87]\
\x9f\x22\x8f\x10\x0c\xf52\xa4(\x12\xaa\xd5jc\xc9\xae\
\xaewO(\xe5\xefs^\xc5}76x\x1d\xa30\
\x1fr\x07o\xca\x1f\xba7q]8\xa0\xbfW\xd7\xb4\
]V\xbbI\xe3\xc9\xa4^\xcc\xe7\xfe\x9f\xa4\xabC\xc0\
r\xb1g\x14S\xde.\xc4e@\x921v\xed\x96\x1f\
\x89F\xaf\xd5t\xfd\x03\x87\xf6^w\xeb\xf8\xf8\x0d0\
\xe7;\xca\x1a\xe5uL\x0c\xdft\x90\xd9\xfe\x17{\xfb\
\x06\x7f\x04r\x00\x0ag\x884k\xb5\xe3\xa8O\xcf[\
n\xf0\xc5\xaeD\xb9`\xccW\xe8a\xe8\xc9\xfc\xc3\xdc\
]\x06\xe3?\xc1\x98b\x0cp\xc2\xc9\x87\x81~\xea8\
\xd6\xbeD2\xf5\xae\xd1@\xf5g\xe5\xa9\x1d\x93\xbc_\
\x08A\x1b`\x9eM\x1f\xbai\x8c\xb1\xf6\xf7\xba{\xba\
\x7f\xd1n\xd6\xec\xa0\x11\x96\xcdf\xf3Q.#\xeb\xe6\
X.\xdc\xca^\xbd??=\xf3\xecx\x22\xad\xdb\xa6\
\xc9$B\xf6\xa6R\xe9wO\x8d\xdctuql\xe7\
4\x9f\xaf\x08m\xf7\x10\xf0\xcd\x1f\xda\x91\x9b\xb8/u\
mH\x0f\xbe\x111\xb4\xdd\xb2\xda\xae$I\x88@\xb3\
\xf8\x88;.\x98'\x178?\xb0H\xa1\xb0\xbdi\x04\
\x03?\x1d\x5c\xb7\xee\x90\xed\xb4\xb1\x11\x0a\xe9\x89d:\
\xac\xca\xb2\xdc\xac\x96\x86\xe3\x03\x03\xef\x8c\xc9\xda7r\
\xb9=\xad\x07V\xc3\x11J)\x08z\xc2`\xb4a\xb8\
\x15YB\xbe\x0e\x874\x84\x02\xa9\x93\xba=\xc7~\x87\
\x91\x88?9\x1aM\xa8\xf5j\xd1\x0e\xc6c?\xc6f\
\xeb\x87h\xe1Pz\x04\xbe\x0bY2\xc2\xe0\x88\xa4 \
\x0a\xc3\xdcnV+\xc9\x9e\xbeOz\xc8\xf9Bit\
\xe7}\xb3}\x821\x845\x85cOL\xff\xe7=\xdd\
\xfdW\xb4Z\xf5<g\xa1\xaaZ7b\xfe\x99+\xd7\
\xec\xf3A,\xa5'{\x8e\xf3\xa8X4.5*e\
\xa7gp\xfd\x0f%U\xfe\xc8\xf4\xc1\x1b\xee\xa8,Z\
\xffx\x1d\xc5\x91[\xf7;\xb4\xf9\xa5d\xdf\xe0\x17\xea\
\xe5b\xdd\xd0\x83\x92\xefy[\xa0q\x8f\x9d\xfb\x0a\x88\
\xf9\x0a9\x10\x0a\x87\xc7|\xdfG\x12\x91\x93\xb2\xac?\
je\xbd\xbcU[e8\x18\x9eB]\x9a\xf4}\x8f\
%S\xf1\xba,+\xae\x114t\xc6\xd89\x91~{\
\xc5|\xe5\xa54=\x98\xb4\x1d\xe7\x91\xaaaH\x9a\xaa\
8X\x22K\xbe2g\x1a\x88;4\x88\xd3v\x82?\
+e\x9d\xf8\xdcE\xc1\xe6\xfar\xa1\xf0_\x89\xae\xee\
p\xb9TtC\xc9\xe4\xcf\xe0\x9cr\x05\xcc\xef\xbb\xb3\
\xb3\x86b\x18H\x90T\x90\xddJv\xe78\x1c\x10\xbf\
\xd5;0\xf4\xd9z\xadR\x0b\x05#2\x94=G\x96\
\x8dS\x81\x1d\x81\xd0\xf1]U-\x0er\xfd\xbc`\x22\
\xd9\xc7|\x079\x8e\xb9?\x1eK\x5c>\x12\xaco\xcb\
\x1e\xbcmb\xd6\x08\x01c\x84v\xba\xf9\xfc\x8e\xdc\xd4\
\x81\xee\xdf\x85\x02\xe1\xd7 \xcf\xbb\x95z\x0e\xe3kD\
\x87\x11E\x841\x1f\xe4\xa9\xf3\xd4\xb9X\x88$\xddV\
\xeb\xb9\xc1P$)\x13\x097j\xe5\x99\xbeu\xeb>\
\xea\xc9\xdeG\x8a\xe3;v6\xa6n-!h+_\
\xff\xf8\xde2\xb5\xffOwR\x8d\xbd/\xd9\xdd\xf7y\
\xd7i\xda\x9c7\xc1\x5c$\x09\xa2 @\xb2\xac\xb1\x0e\
\xe3\xb9\x8b\x8dP\x9fe\xd6^\x94\xc8d\xb8\x81\xc6\x8d\
\xc4b\xbf\xa2\x9e\xfd\x89\xe9\xb1[\xeeE\xb0\xef\x02\xd9\
<=\xe5u\x157\xea\xbf\xdd\xb0\xe9\x84OJ\xcc\xe7\
_\x80\x92z\xa3~\x22\xc2\xe4\x09@\xb7\x80\x07\xc4\x8f\
\xd9\x13\x22\xf3\xfe\x12M\xd1%EU\x8fCX{\xbe\
c\xc4^\xef\x05\x12\x97y\xc1\xf8\xeb|#~)u\
\xd0\xeb1U_\x87\xa9\xf2\xfa\x80N^\x1f2\xb4\xcb\
\x18\x0d\xbc\xd6w\xc8K\xd2C\xa3pPE+\x1c&\
6\xe5+0A\x12\x22\x90\xeb{\x16\x0a\x84\xc27\xc9\
\x12{G\xe9\xd0\xed\xb7\x15\x8b\xfb\x1a\x9d\xb5\x0f!\xca\
\xd7\xab\xc2\xc1\x9b\x0f\xc2N\xf2u8\xe0\xde\xeaZ\x8e\
\x1f\x8e&\x02\xf5f\xe3\xd1j\x04'\xa0\xf8\x82\xef\xed\
\xddb\xc0\xc3V\xbb\xdd<7\x1cK\xc8\x95b\xce\x0c\
G\xa3?&\xc4\xff\xe0\xe4\x81\x1bn\x85\xb1.\xcf\xf3\
\xe5\xe3\xc2e\xa80\xea~?\xd2\xd7\xf3VX\xcf'\
\xa1\xb7\x0cc\xdee\xa8\x18\xf4?\xe0\xb5\x86g\x1d:\
\x90\x07\x840\xef\x09Z\xe1(c\x94@\xe7\x18\xf3A\
p(k\xb4Z\xf7uw\xf7\xbdgzD\xffeq\
bW\xb6\xb3\xbe\xef\xdc\xe9r\xb9\xce\xee\xbf\xf9\xbe\xb6\
S\xffZo\xff\xe0\xcf\xecv\xdb\xd6T\x83\xb8\xb6\xb7\
\x890m\xc5\xcb\xa6\x8c\x19\x8e[\xed\xf6\x7fD\xa3\xf1\
\x94\xd3nS\x99\xa87\x86\xf5\xf0\x15\x85\xb1\xdbws\
^\xd0\x90y\x99`|m\xc8\x1e\xd4w\x18\xb1\xe8\xfb\
\x10v\x0fbX\x02]\xc79\xd1P\xb4\x7f\x99\xc3\x0a\
\xc8\x11\x02\xc3m\xd8\xf3\xcc\xff\x8aF\xa2i\xcfw\x19\
C\xde\x9ex:\xf9\xa1\xc2\xf8\x8e\x1b\xab\xa3\xbb\xabs\
\x98\x01\xdfm>\xc7Pa\xfa\xb5\xe9\xae\xae\xf7{\x9e\
\x9b\x05\x19\xc6\xbeOO\x90T\xf5\xd9\xe9\xcd[\x83\x1d\
\x86s\x17\xcf\xb7(E\x04K\x04\xd6G\x889V\xdb\
\x0f\x05\x82;\x82\x81\xf0\x1b\xee\xba\xf9gW\x1e\xb8\xe3\
7\xf7\xde\xbb\xf3\xf7\xd3\xb9=\xd7,Y\xfb\x1d\x9fR\
\x8a\x19\xac\x16\x18&;#\xd8&l\x8e\xe5\xc2\x0dc\
\xcc(\xf5a\x1cPg\xc0\x1c0\xc4\x07u\xfd\xe6x\
\x22\xfe\xc1\xfc\xd8M\xb7L\xf1\xb9\x07\xf8\xf2\xb6\xe7`\
o\x99\xd8\xff\xe7\x9dF$\xf21I\x96`\x1f2\x99\
\x16\x08\xc8\xb5z\xedt\x03\xe9\xd1\x05\xa6s\x11M!\
\x9b[\xcd\xfa3\xf9\x9fI\xd7ke?\x18P\xaf7\
T\xf5\xdd\xa3\xfb\xd2\x7f\xe0\xebxg\xec\x10\xec\xa10\
\x07\xf9\xf3\xc4>\xf2\xdbX<\xfe\x1e]V\xf7\xfa\x8e\
\x09k\x14C\xb2,#i\xe5\x127W\xc3\xb1\xde\xa0\
\xef\x18\x84\xe8X\xc9\x17\xd3m\xde\xac\xc0@\x9e\xac\xc8\
Z\x10X0YR\x1a\xa0q\xc0X\xce\x12\xa5\xd3\x9b\
\x03\x12FO\x85y}\xb2\xaa*\xa4^\xad\x8c\xa7\xbb\
2\x1f\x05\xfd\xea\xa7\xbcO|\xcd\x02J\x8e;\xe3k\
\xcd\xcc\xf8m\xf7\xc2K\xf6O\x0e\xf4\xf6^\xef8.\
\x8b'RI\xeaY\xff\x11\x93C\xdd@\x07\xfe|B\
\xb0\xbc\x91\x109\x09FP\xa4\xaar!\x12\x8a|g\
l\xb8\xfb\xce\x22\xe8j\x1d\x9d\x03m\xf3\xb9>\xc5e\
hx\xef\x8d\xf7\xcc\xac\x0f}i0C>4\xb9\x17\
\xe67p\x98\xf7rP\xef\xf3\x9c\xf6K\xa1|\x06\xc1\
\xbe\xea\xb9\xe6X&\x9dx\xbfUs\xbe3r\xdf\x0d\
\xfbG`\xff\x1b\x1e\xbe\xda\xe6\xf2\xce\xd7\xf0\xb1`\xfd\
\x97\x89T\xfa\xfd\xaa\xa6\x1c\xf0l\x93\x85\xa2Q\xb5P\
,<\xd5V\xd5\xc1y\x9e\xb3\xf7m\x0c3\xe6K\xb3\
\x0f\x08\xc3\xbf\xb9\xe8\x11o\x984\x19\xf5A\xad\xe3h\
\x00%\xa5\x8c\xd5Hc\xee\x09\x12\xe6\xbcKm\x0ar\
\x09O\x04)0\xf6\xcdf\xb5\x9d\xcet\x7f\xaeU\x98\
\xf9\xf8\xdd\xb7\xfe\xf6\xf6\xfb\xee\xfc\xe3~\x1e\xc6\xef\xe2\
\xfa%\x02w\xbe\xc4({\x5c\xb1X~T8\x12\x97\
@\xf7\xf6\xc3\xa1\xd0\x0d\x81@\xe0\xed\x07\xef\xcd\xfcr\
b\xdf\x8d\xd9,\xec{|\x0d\x9c\xba\xef\xd6\xd2\xf0\x9e\
\xebv\xb5Z\xe5/\xa6S\xa9\xaf\x97\xa6\x0e\xee\xed]\
\xbf\xf1\xfb\x89X\xf4jx\xe9\x06gG\x84\xfaP2\
\x0d{\xd6\x8b\xc2\xe1H\xa6\xd5jS\xc3\xd0\xae\x95$\
\xf9\x83\x93\x87v\xec\x99\x95Y\x98NP+x\x0a|\
\x8bn\xa3y\x15\xe8b\xef2M;\xa7*\x1ai\xb7\
[\x8fRd\xf5)\xab}\xe5\x0be\x84\x17\x08\xdco\
\x04\x1e\xe0\xeau\xbf\xeby\xc0\x05DA\x81\xc0\x1a\x08\
`\xc7\xb6\xc3\x14aP\xf1(S\x14\xb5\x81$\x06:\
\xf9\x1a\xd4\xc7\x9c\xbc\xd3\xf7\x18-\x22\x84]B:[\
\x91F=\xa6\xa1y\xb7\xd7`\x8c\x81\xb9\x86 \x06\x0e\
\xb9\x9eM\x8d@x\x17e\xf4\xe7\xb0q\xce\xbd1\x9d\
'\x9e\xbdWFv\xd6\xa9\xe7_\xad\xea\xc6nh3\
\xd5\x0cM\x03\xc5\xf4\x94\x88\x95^\xa2\x90qjIk\
P\x9b\xfa&\xa5.l`\x14\xc1\x8e\xe8\x9b\x92Jy\
\xde\xaaa\x13\xbca\xc2\xf8I\xae\xeb\x0c`h\xafi\
\xb6J\xban|Rq\xa7\xef\x01z\xe0\x01\xd7e\x9e\
o6\x0d\xa7\xf9\x97x\x22\xfd\xf5V\xa3QWU\x03\
\xdb\xa6y\xaaD\xd1\x19\x08\x1d6B\xf1\x03\x0f\x01\xb5\
AB\x18A{\x11\x06M\x05-s\xael\xa6\xda\xcd\
\xfaS\x03\xc1\x90b\xb7M\x16KD\xefb\x92\xff\xa3\
\xec\xfe\x9d\xa5e\xa4\x0b\x8f33\xbb\x8a\x08\xe3\x1f\xe9\
z\xe0\xce\x96e\xfa\x86\x112Z\xad\xc6c\xd1\xa6M\
\xca<\x11\x95\xb5^\xdbn=\x16\x0c\x9cj\xbd^w\
\x83\xe1\xd0\xd5\xa6k\xff\x04\xb0\xac\xcd\xd3,\xbf\x17\x0a\
\xdb\x9b.E\x7fL&\xd3\x7fr\x1c\xc7\xe7\xe3\xc3\x98\
\x07\xa7\x05\xb6\x04\xbf\xf1\xf1\x9e\xba\x84\xe4\xdf\xda\xcdv\
YQ4\xdc\xac\xd77\x93\x80z\x02\xf0\xc3\x10Vx\
\x16\x89t5\xeb\xb5Gkz@j\xd4k\xae\x16\x08\
\xfd\xb6\x06\x06\xc5\x15\x84GI\x00,\xa1I\xacsh\
\x85\x08\x82\xc1Q\x11*`\xa2\x98\xc3\xf1p\xf4/p\
\x10\xf6\xb1,\xab\xadv\xf3Y\xe1\xde\x91e_\xc9!\
44\xb4UgH{\x9ag\xb6O\x90%\x8c\x99\xeb\
\xdc\x8b\x15\xf9\x87\xc1\xae\xa3\x00\x00\x10\x00IDAT\
\x97\x08\x14]\xc4\x1d\xf3\xe6\x14\x1c\xe8.c\xab\xf6%\
7q\xfb\xdeB\x06\xff\xac\x08F@(\x02M\x80\xeb\
*>\xec\x07\xb3z \xf2\x1b\xd3\xb2\xeb\x92\xac\x82\xf2\
\xe1\xf4\xa8\xc4\x08/'\x05\x05\x86B_\xa0\xde\xce\x84\
@\xcdv\xdd\xed\xe9\x1d\xf8\x0djY\x7fB\xfcp\xbd\
\xbc@\xe7y\x9b/Q\xf5\xaeH\x22\xfee\xc7nW\
\x18C\xcc\xb1\xac.8T\x9c\x81\xb6n\x95;$s\
\x17\xdf\xa5\xa0e\x13L(A>(\xb6\xa0\x0c\x1d\x94\
%\xe3\x8a\x91{\xbbF\xe6HV\xdc`\x1eV<\x84\
\xbe\x0b\xf3\xe1\xdev\x1b\x0e5\xb1H\xa0\xd5n\x9d\xd3\
;\x8d\x96\x1c&\x1c\x0cs\x8c!h\xfb,T\x18V\
\x92\x15\xcc\xd0q\x88\x83\xc4\x15G\x1e\xea\x8dJ;\x16\
M])[\xe8\x969%|E\x91,\xc8>\xc3\xca\
\xcf(\xf5\x0b>\x88\x1e\xc3R\x14\xceK\xfc\xeb\xae\xc3\
\xfb-\xcc[\x89\xa1'!B\x06!\x1f5\xeb\xd5Z\
$\x9e\xfc\x02\xb6\xe8\x9d\xc0\x10\x06\x10\xae+\xfc6\xbf\
0\xb9\xe3\xa0a\x04>c\xd6\xeac\xaek\x03\xf4\xd0\
:\x86`\xe1\xb3!\xb2\xa2\xc0\xfdJ\xe8\xdaxn\x86\
 \xfa$XC\xba5M\xe3\xa0`\xd7u\xe1\x8e\xbd\
\x93O\x7f\xc4\x95F&\xf3K\xc0v\xd55\xee~U\
\xb461@\x8c\xb1*+*\xd8P\x03\xc1\xcc)]\
XR\xde\x0aJ\xf3\xd3\x82\xa1\x98l\x99&\x88\xbbR\
\x8d\x84\xa3\xbf-\x14\xf6.9\x94\xae\xcdr6\x07#\
\x18\x01\x88\x02`\x08\xd6\x06\xa6\xe9\xc6\xad\x12\xa2\xdb\xd6\
ZOx?-\xcb\xbe!\x1c\x8e\xdd\x01\xf3\xd2#\xb2\
*{\x1e=)U\x95`\xce\x02\xa39\x1f\xee\x1b\x8b\
U\xca\x85'\x1b\xa1\x90\xdan\xd9\xcc\x08\x06wk\xba\
\xf2\x1d0\x8aq#\xe2\xaacR\x1b\xbf\xabB\xa8\xf7\
S]\x0f\xde\xdc2\x9b\xbe\x11\x0aiN\xab}^_\
-\xd4\x99_\x95\x91\x0d\xcdP8\xba\xcb\xb2MO7\
\x02AE&[3~26W\xe5\xc2-\x9d\xce\x83\
\xd1\x8f<\x16\xe4\xc1h4j\xd5r\xb9\xf6a\xd36\
\x0fp\x10=\xd79E\x93\xbde\x07\xac\xd9\xa2\xc0o\
C\xb3\xdeL\x10,#XW\xb3>\xf2\xf7\xcf\xe6\xcc\
^u\xd6\x19{\x84\xf0\x9c\x18Jh\xa9\xdb\xbcYE\
Xz\x02\xc2\xa8\xc7\xf7<n\xc4>\xa4\x05\xb5\xef4\
\xb2;\xd7\x5c\xf3y\x9e\x87\xd1\xb6X<y\xb7\xe7\xb9\
\x88Hr\xdaq\xad\xc7$6\x1d\xfeb\xccw\xfd\x81\
f\xb1pz\xc0\x08K\xadf\xd3\x8a\xa7\xd2\xdb\xac\x9a\
\xb7c\xady\xc6\x8d\x07\xa5\xec\xce\xfd\xc9L\xf7wl\
\xd3\xaa\xfb>e\x94B\x9b\x09\xc6\x88\xf9xQ\xa3\x89\
\xa2\xe0\xe3\x0a\xa5\xfcf0nHp\x98\xb6\x93\xa9\xcc\
/]\xcf\xb9j\xad\xf1\xe7e\xb9Q\xd0\x93\xd1\x0f%\
I\xbb\xb1ev~\xa3\x176}\x9fA\x97\xfdQy\
\x92q\x9aN\xd8\xb2E!\x1a~\xa4\xe7\xbap\xc0&\
0g\xbc\x09U\xd2\xbeR\x9c\xd85\xdd\xc9_\xed\xb2\
}\xbbg\x99\x95?\xc4c\xa9\xab\xcd\xb6\xe9\xaa\x8a\xa1\
\xc1\x10>1\xb1\xf2\x0b\xba\xd5J\xafH\x93$\x09\xc1\
B\x89\xf9~\xd6j5{\x8a\xd3\xd3\xaf\xad\xe7\xa6_\
_\xcdC\xc8M\xbd\xa1R\x98zc5?\xf5\xfar\
v\xfcu\xe5\xec\xc4\xa5\xd9\x83\x07^;uh\xffk\
\xb3\x07\xf7\xbf\xa6>y\xd7\xf3Z\xb6\xd5\xb7\x82i'\
!\x88\x00N\x0c\x0eQ\x8f\xaf\x97~3\x1e\x8b\x7fc\
\xaeo\x871\xe8\xd0v.\x8c\xb8t\x5cU\x03W\xd5\
\x1b\x95\x1a\x96dl\xdb\xd6\x80GY\xb2\x93;wq\
\x14\x14\xb5m\xd8\xe7b\xf1\xb0e\xda\xc8s\xe9\x1eL\
\xc8gfFw\x8f\x03\xc9j|!y\xa7\xab\x85#\
7\xa6\xbb{\xbfQkT\x1a\x94z0\x9d\x19\x22D\
B\x18\x9b+\xca\x10\xcf\x03\x05\x0a\x96o\x82!\x1f\x02\
_\x8c\x81\xcbr\xbfP\x10\xe4\xbdZ\xad6\xe3\x89\xcc\
\x0f%\x97\xde>k\x14YN\x8d\xd0\xcc0\xe8/\x94\
\xfdL\x92p\xce\xf3\xb8\xfc\xcb\xaa\xeby|\xae\x91E\
\xd4\xd8Gd]\xa5T:AQu\xdcj\xb5\xaa\x99\
t\xfa\xfb\xb1@z\x14h\x16\xaa\x84\xf8\x22\xbf\xddc\
\xaazWWW\xdf\xefa\xedq\x83\x91p\x08\x8cr\
\xe7\xe1\x80\x9c\x98#\xc2\xc8A\x83`|?EUU\
b5\x9b\xf5x4\xf9-\xdd\xc7k\xfeE\xcc0\x18\
b*mg\x07\x18\x8f~g\x9am\xc7\x08\x85\x8d\xa6\
\xd9x2v\x9c\xae9\x9e\x9d\x9b\xeb\xf2\xb1\xa5\x1d\x9c\
<\xcfA\xa6iN\x10Y\xf9\xd0\xa8Q\xe6z$\xed\
\x10\xadr\xf1\xa9\xc3\x18e\x08C\xcf\x09\x06\x8c\xf1J\
c\xa0\x83\x08\xc3X\xc2\x5c\x11c\xe0\xa8\xe7\x17C\x91\
\xd8\x97\xb3\xe1\xc6A`\xc9 ,\xf7\xb4e\xba{a\
\xed\xfd\x95\xd52-\x89(\xa8\xd9h\xc6@\x15\x98\xc7\
a\x96\x1e\xd6!\xd3i\x9fG$9\xce\xe7=u\xdd\
\xe9D:\xf3\x95\x99\x0d\xc1}|m\x98%Z~\xdd\
\xeeQ#\xb43\xd5\xd5\xf59\xd7j\x97}\xd7\xe1\xf5\
c\x8c\x09\x06\xa3\x18\xb4q9\xfd\xfdx\x9e/\x8dy\
\xc4=\xd6\x828Q\x933\x8dF\xf3\x09Z\xc00\x98\
\xebQU\xd5F\x90\xe4\xd7\xe7\x19HA5e\xb7[\
O\x8aDA\x8fi6\xdcx\x22\xf1G\xd3\xf5\xaf_\
[\xbfBt}\x0f\x99\x88%S?\x92%R\x91%\
\x854\xea\x8dM\x92\x82\xb8\x8c\xe2-[F\x08\xf3Q\
\x18aL(\xf3\x90\x04\xef\xfa\xa8\x22s\xe3\xfb\x9a\xe3\
\x8c`\xbd\xe2\xc6Ah\x13\xc7\x0bn\x1dO\x0c\xdd8\
\xbdYo\x9c\xa0i:1\xdb-\xbb\xb7g\xf0\xe7-\
J\xaf\x1b\x1d\xddnu(\x96_\xc0\xe8\xdbt\xad\x1d\
\xa9t\xd7g\xdbf\xbb\xe4C\x8d\xbec\x0d\x22\xea>\
\x0a\xa1\xa5\xba\x1f\xa5>\xe5\xc51\x86\xe5\x9c1\x0a\xcd\
]\x5c7\xcfZ5pj\x8c1\xc2\x18b\x14\xadZ\
\xc6\xb5}\xdfg\xb3Y\xa6iA+\xc8-\xa6\xd5\xfa\
&7^\xae\xc6\xb4\x17\xf4q\xa0\xff\x17#\x10\x08\xda\
\xb6\xc3l\xd7\x1e\x01#\xf5g\xc6\x86\xb5\xbb\xd6\x905\
6\x9cR\xc7\xfc\x96\xfb\xe5\xde\x8d\x9b_\xadR\xf2\xa9\
\xe9C\xbb&\xe6xc\x89\x90\x13\x8a\x85\xc2\xf1\x0al\
L>\xa5\x85x<\xf5\xb5\xf2\xd4\x09k\xee\x17\xdcH\
.\x1b\xf1?\x0e\x0e\x0c]\xef\xfb\x94\xa9F0B1\
}\x16\x0a\xf4\xa7\xe7x\x8a\x9b@\xe0A!@\x1eT\
iQX \xf0\xf7D\x80Q\x19S\x0c\xaa\x06B\xa0\
Hz\x92\xe3\xc1\xa2\x8e\x1e\xacc\x84\xd1\xd9\x8d\x8co\
\x16\x0c+L!\x8b\x0c\x14aF\x19\xebT\xc40e\
.hmF0t\x8d\x81\x03k.\xe4\xd0 6\x9d\
\xb0\xb3F x\xab\xe3\xd8\xbe\x04\x0e\x8c9C2\xa3\
\x01\xc8[\xe2\xa5\x22\xbc$\xf4\xa9\xc7\x13)\xeb4\xe0\
\x88}\xca\xf8zL\xc1\xe8I*X\xaa`{C\xba\
\xa2\xedky\xe6\xd5\xfc\x0d\x15\xe7\xb1V\xe0\x87 \xdb\
7\x7f\x0e\x87\xfe\x11\xe6yHV\x94\x90\xeb\xfbg\xc1\
\xa6\xa7\xcd\x97\xf1<\x1b`\xe5G\x0c\xcc\x1d\x22\xb0\xbd\
\xce\xe7\xcd\xdd\x09\x92\xf4\xe3\x1a\x8d\xe6\x06M\xd5\xb0\x09\
\xa7\x9a` \xfa\x0b\xbbT;\x04\xf9\xb3;-DV\
\xf1\x8c6j\x87\xf4@\xe0\xfb\xadF\xb3\xa6\xaa\x0a\xae\
\x95\xab\xc7\x85\xcdDh\x96\xf6|\x89b\x7f\x83\xcfh\
\x9aW\xec\xd8f\xc3\x08\x86\x7f\x9e?\xb4#?\x9b\xbf\
\xf6uf\xf8\xfa\x12\x91\xd4_\xb8\xbeUG0>\x94\
Q\x04\x8a\xe2\xb2\xb6l\xf3\x91JnA\xaa|\x00#\
\x09IX\xeeB\x14\x9f\xdb\xdf\xbf\xf2\xcf`\xb9qT\
\xc5\xec\xc4\x1a\xf4\x11\x13\x19<\xa9\xb8\x96\xf5\xeb\xda\xf8\
\x0d5\xf4\x80\x1c\xee\xb4\x05cPV\x18R\xd0\x96\x06\
\x86\xc3E\x89\x11\xf2\x15\xb3\xd5,\xaaZ\x08\xd5\xcb\xa5\
\xd34]:\x9b\xd7\xbd\xb8\x8a\x0ak\xf7x\xbe\xf3\xf2\
`<\x11\xb5\xcd\xb6\x1bM%\xae\xab\x8d\x87\xf8\xe1i\
\x96\x8ca\xf8\x07Q\x9f\x22\x10\x1d\x0c\xb1\xd5<]\xfb\
p}\x98\x1c\x0e\x11\x8e\xcf\xd8}\x94\xfaM\xd0\xe4\xb1\
\xc7\xdc0\x92\xa5\x00P,\xe1k\x12\x872J;}\
\x82\x038\x08\x0b\xa9H\x92\xf2\x0b\xae\xbc\x00\xed\x9a\x9e\
+\x8b\x8e\xed\xde\x10\x0a\xc6v\xbb\x96\xe9i\x01#\xe4\
\xf8\xde#\xd2y\xa4/*\x04U\x03w\xe0\x0f\xfdA\
\x9e\xe7\xd0x4\xf1g\xda\xb6w\xae\xa1\x80\xcd\x17e\
\x16m\x1f\x0c\x86#\xbf6\x9bMSQ4\x09\x14\xd5\
\xe3\x1c\x0d/9\x90b,Q\x06\xfa\x22\x22\x18\xc1Y\
\x00!\x0f\xcf\xf6c\x9e\x0b\xdc\x87\xd51H\xa3\x10\xe0\
\x81\xfaL\x91\xe5\xa2\xa2\xa8W\xf3\xf6C\xcaZ\x9e!\
\xcf:\x14\x8e\xc6\xc6]\xd7c\x12h\xe3>\xa5\xeb\xd0\
\x96-\xd2|\x81P3\x1c!\x98\xfd\x0b\x18c\x22\xb6\
\xddf\xbaa\xec\xb5\x9d\xf6\xaf\xb8\x11j\x9ef\x8d;\
\xa5\x0ds\x17\x18\xa4\xffb\xdb\xa6\x8b;\x1c)C\xd0\
\x975\xe8\x8f)\xb9{\xd3\xe3\xd2`\x90\xbdtb\xec\
\xe0[]\x8fvC{\x99m\x9a\x14\x94U\xe6\xb8\xae\
T\xcc\xcf\x9c\x8a[m\xe3\x98\x98= \x22\x19#\x84\
\x09!\x08y\x8c\x81\xb1X\x09+\x92\xf6\xdcV\xb3~\
a\xa2\xab7\xe2C\x0f\x89,!\xdbu\x22\xa0\xbc/\
\xf9Z\x06\x1d\x83\xf31\xa5\x94\xb1\x0e\xa5\xe3\x98`d\
\x0b\xdd\x08\xebI\xa1\x93\xb0\xc6E\xf1\xed\xb2\xaa)\x7f\
i7\x9a\xa6,\xa9\x92\xe7:}\x8e.)\x8b\xc9\x15\
\xc9\xeen\xb7\xea\x9bT\xd5\xc0\xedf\xbd\x15\x0cG\xaf\
4e\xf5\xc0b\x9a\xd5\xe2\x05\xbd>\x11\x0a\x85~\x08\
kfS\x96eT\xabV6\xda\x1a\x9a\x93\xcfm0\
\xf5\xe8v\xcfs\xdbz\xd0P|\xe6\x9d\xadKrj\
9\x1fO1\x12\xedv\xeb\x0c\xcd0$fZc\x9e\
\xdd\xfa\x11\xf6\xfc\x1d\xc8\xf7(\xa5~\x8a!|\xd2\xf2\
5\x04x\xc0A\xd0;\xd3g\xd4\xb0l\xdb\xa3>\xb9\
\xc1\xa3\xce\x8au\x95c\xd5\x19\x0c(\xc0\x10\xcc\x12\xb8\
\xcf\xfbp\xd5\x88x\x8e\xf3\xc4P(\x12\xb2Z\x0d7\
\x1a\x8b\xdd\xe4\xf96\xef3\x9b\xa7Y\xe5\xce\x02\xae\x9c\
\x8d\xc7\x12\xd7\xfbP/\x1895\xd7v\xce\xc5\x16\x09\
\xcf\xd1\x12\xcfwNFDJQJ\x91*\xcb\x05\xcc\
\xd85\xe5\xf2\x8e\xc6\x5c\xfeZ7\xea3\xffFY\xd3\
&\xa1\xdf\xb0L0\xe4\xfb\x14\xb6pP\x0c\xe6J\xf4\
\xf7\x9f\xa3a\x22=\x821\x9c\x00\x02\xe4\xf9^\x9e`\
\xf2\xe3\xa3\x8d?/^\x1b\x0bL\x10\x22\x7f\xcbl\xd4\
\xab\x08\x96\x07^\x9eb\x0f\x1a\xa8.\xf45^A\x01\
\x82\xf0VE\xd1\x83\xdc\xd0\x1c\x8d\xc4\xee\xb3\xe8\xda\x06\
\x1a\xce\x97\x87\xec\xc1\xe0\xb4\xef\xa3\xefq\xde\x0a\xbc\x94\
j5\x1a'\x12\xdd\xef\xe1y\xf730\xbe\xc9\xf12\
\xbc}\xb2\xacb0\xa4F\xe2=}\xd1p:\x15\x09\
\xa72\xe1P2\x13\x0e\xc6\xbb\xc3\x91TO4\x9c\xec\
\x8e\x86S]\xd1P\x22\x13\x8ew\xf7\xc6\x90\x9c\x8cK\
X\xd2\xa0<\xccA\xb8.\xf2\x86\xe1\x11\xd8L:\xb3\
\xc7\xa7.\x8bE\xa3\x07M\xd7]\xf2%\xe9\x22\xf2N\
\x14\xd60\xcb\xa6\xdemDR\x8a\x180C\x18\x85)\
\xf3\xb8l\x93\x0e\x01\x5cd&\xc7M\xb3u\xb2\xaa\x05\
$\xcbly`$\xfec%b\x82\x11\x07Q\xc8^\
\xd3\x17\xf6no2\xa4\x5c\x85\x11\xe9\xe8[\x5c2)\
l\xde\x8c\x19+\xda\x8e0\xe1c\xd4\xe1\x07c\x8f|\
\xe8\x05Z\xe6`l\x81\x06\xb39ia\x92\x84\x0b\x84\
\xb0\xdfC\x1f\x8e\xf4\xd2\x83y\x9e\xc7\xff\xc4|\xd8q\
m\x8a$\x22\xf9\x9e\xd3\xbdx}G\x9b7+\xd8w\
\xcf\xc0DJz\xae\x8btC\x1bu%t\x13\xec\xab\
G|a\x0d\xfdk1\x84\xb6\x03\xe8\x0dU\xd5e\xdb\
\xb1O\xf3(\x99{1\xb8U\x92\x10:\x153\x92d\
\xe0TU\x19\xf7}\xf2\x87\xa3\xb4\x15\xd5'o\xaeR\
\xca~\x8b\x10\xadKD& \xa3'J\x18-1\xfe\
\xf2\xef\xfbA\x88\x98\xc7(\xf3\xa9G\xb5\x80v\x87W\
\x93n<\xb2\xaep9\xee\xc0\x891\x88\x08/M\x11\
\xc6\xab\xbc\x94\x82\x97n\xb3\x84\x08y\x9e\x83@\x97\xdb\
\x0f\xed\xf9\xf3\x91x\xd7\xe0\x85-\xf3\xd15\x96\xe7T\
`\xadb\xc8\xf5U\xc6|\x8e\xc3<+\x14k\xab\x81\
j\xb5v\xbaa\x04e\xc72\x1d#\x18\xba\x91\xb5\xd0\
\xad\x08\x0cW\x9dv\xadq\xe1_7\x82\x91\xf1\x8fz\
0p7\xa5.\x052\x80|N\x02\xe0\xe1\x01yF\
@\x88\xe6x0\x8ae&-\xc8\xfa\x91\xf8\x85\xba\xcf\
LQ\xac\xfc\x07\xb3\xacGj\xbaAL\xabm\xaa\xba\
\xba\xc3\x97qk\xa1\x9c'gZmk\x00#\x99\xf8\
\xbe[WT\xed\x9aF6\x5c]\xc8_%\xb2\x1d0\
\xb0\xad\xf6\x9d\x89db\xc4u-\xea\xba~\xd8\xf7\xfd\
M\x08\x9dOLx\xa9\x86\x08j\xfa\xd4\xf70\x91\x91\
e[aB\xe8\xba-[\xb6,:\xe7\xac\xc2tY\
\xd2\xd0\xd0V\x15!t6\xc58H\x99\x8b\x14U.\
x\x8c\xfe\x92\xbfD\x81\xf45=\xcf\x07\xf5\xf5\xeap\
(t\x97\xef\xf9T\x0f\x86\xa2 \x17g'6\x99\x5c\
\xbf<\x5c\x8e\x22\x86\x11\x0c\x0d\xe6C\xc4#\x87\xb3\x8e\
\x1c\xeb\xd0wH(,\x8c\xd0G`\xd2y\x9c\xbf\xc0\
\x081P)\xb8\xd8\xfa\xc8\x85\x8d(\x1c\x89^]<\
\xd2\xcb\x1b\x15\xa5\x9a\x8d\xca\xc9\x86\xa1\xcb\xadV\xc3\xd1\
\x03\xfao\xb1\xd3\xba\x09\xa1\xed\xde<\xd3\x15w\x18\x83\
C\x87n\x1a\xcb\x1e\xbc\xed\xe6\xd1\xd1\xdbf \x7f\xb6\
a[\xb7J>egaY\x89\xc1\x5c\xf4\xa3\xb1\xe8\
^\xcb\xf3\xe0%0\x9cK\x80h-?\xb9\xf7\xf7U\
]U\x7f-1\x1f\x0c\xe4\x12\xe8\xb4\xed3\x11\x96\x85\
1p-\xc0D\xfa\xfdB\xe0\x98\x16\xac\xfb\xc5Q\x10\
\x0b\x04\xfeF\x08`\x84\xe1\xb5$\x83\x15\x1d\xd6X\xcc\
\xcf\xe9D\xfa+T\x8d\x19\x01>\x98`\xc4\xe6\xa6\x87\
\xd3Q*\xe7X\xa7\x19\x9cU<\xc40\x03\x87<\xea\
\xd6\xa9\xef\xdd9:\xba\xdd\x9e#X\xfd\xb6s'l\
\xbcd\x04S\xdf\x95$\x09\xcb\xb2\x14\x97\x0dI[\x8d\
\x18\xf8\xfa\xb0\xa9\x82.\x04{\x184c5\x9a\x854\
\x0f\xacG\x88\x9e\x00\x87\x09\xe2y\x1e\x0b\xc7\xe2w\xd5\
\xc6\x93G;@u\x8a\xcb\x96<\x1dO\xa4o\xb7m\
\xd3\x83\xb7\x91\xc4u\xacSQ\x08-\xd9\x90\x09\x91q\
\x87x\xee\xe2\x81\x81p.\x8az{\xb7\xe8\xaa$\x9d\
B\x11\x0b3F\x91$+y\xd8\xe4\xfeR8\x86\xaf\
v\x80\xa6\xed\xb8\xce-D\x92\xf2\x84\xf7\xd15c\x8c\
\xb63\xb3\xbcG\x08\xf4e#fD\xa1`\x17\x05\x83\
I\xc5v-~P`\xb3\xf9G\xbc\xc2\x0b3\xe7.\
U\xd1\xe1\xa0\xe53\x1f\x1aD)\x18K\x96\x15\x09\xe3\
|-\x1c\x89\xdf\xdc6[\xae\x0aZ5e\xdey\xa0\
\xfd'\x96\x91\xa1\xf8\x86\x91\x10E\xf8\x89\x08\xe1\x10\xf5\
}\x14\x0d\x87\x0fx\xbe\x0f\x1b7\xa2\xe8~:\xdc\x92\
\xd8\x9c\x83\xf3\x03\x01\xc5\x99\xa9\xf0\x0a\x9e\xe3K=\xa6\
\xee\x8aD\xe2;,\xabM\xd5P(\x8d)~aj\
\xdd\xc8\x1c\x1e\x9d\x8ap\xd4\xd0\x1f\xdf6\xcdS$Y\
%\x14\x0e\xb4\xaa\xaa\xfdj^\x19aL\xc5\x88\x10\xc4\
\x1d\xc60\x0dd:\xfb\xc0\x13\x8e-\xf0v\xcc\x07\xb2\
y\xf3\xf9\x0aa\xd8\x93%\xd5G\x90\xca(S}\xdf\
Y\xa1,b\x22A\x16\xa3\x942\xe68\x96\xaf\xeb\xda\
}\xd8v\xb81\xf8\xa8\xb5\x12\xc7\xcd\x87#\x91?\x81\
\xa1\xae\xadi\xba\x02\x0a\xfa\xfa B\xa1\xc5\x05}\x04\
\x8c\xf9\xa8c\x8a<\xdf\xb3A\x09\xfb\x0b\x1c~\xac\xc5\
4\xab\xc5+#\x1b\xe0\xd0\x88\xaew\x5c\xb7$I\x12\
\xa2\x94\xa6\x11S\xba\x81\x16z\x03\xd7\xc3\x1e\xb8\xcf\x0e\
%\xc6\x18\xe2\x873:1xY\x0f\xf2\x0ds\x912\
\xd7wX(\x14\x98rl?\xd7\xc9;\xc2\x85bf\
\xca\xb22\xee8\x0eE\x18\x06\x86\xb1\x0c\xaa\xd5\x16\xc6\
\xc4\x90\xf5(\xd8\xb6N\x06\xd1\x93\x80\xc6\x87y\xbb\xab\
\x90\xa4k~Y\xb5\xb8\xaaF#X\xd7\x02\xc1\xeb\xcc\
F\xa3\x05\x0d\x9e\xf5\x8b\x09\xeeg<6tF\x0c\x0c\
Z\xaf\xac\xe4\xa6/\xcc\xf4\xf6$\xe1\x80\xeb\xea\x8az\
\x97\xa6\xc9\xb75\xea\x15;\x14\x0a\xe2\xec\xd4\xe8V\xe6\
Y\x97\xf6\x1e\xbfe\xb9Q\x8a\xc4\xfaN>=\xd6}\
\xe6\x13\xba\x87\xce\x1ez`\x7f\xb6r\xb8\xc1\x94\x22\x14\
O\xc4#\x91X\xfcI\x8df\xe5\xb5\xe1H\xd4 D\
F\xb6\xd9f2\x9c`\xc3\x91\x88Q\xcd\x8e\xfc\xa7\xab\
\xa9O\x87\x03\xb7z\xb8\xe4Qb>p\x06\xa48\x15\
H\xab\x0d\xcb7\xff\x9a\x06j\xe3)\xab\x87\x5c\xbf\xe2\
\xb8\xbe\x7f\x88\xb9\x8e\x85%\x8c}\xcf\x8fPW\x96\x0f\
S\x9f\x0f\x86\x0c\xba\x0e6\x810\xf0d \xa9\xb9f\
4\x09\xdb\x8b\x00\x00\x10\x00IDAT\xb3\xb1\x1d\x0e\
\x9b\xed\xc34k\xc4\x86\x87\x1dI3v\xaa\xb2<\xd5\
\x11;\x9fE%$-\xfc'N\x92*\xedW\x15m\
\x1a\x9a\xccZ\xcdf\x06+\xea\xd02ND\xd5\xd5\xd3\
`R\xf4y\x9e\xcf\xd4H\xf8@\xdcHLcBn\
\x845\xa2M0Q|\x8f\x9e\x93J\xedY\xb2\x9e\xa7\
R\x8f\x096\x9a\xcd3u]W\xe0\x00]w\xa8\xf7\
\xdb\xea\xe8qK\xf6\x0b\x0b\x13\xa8\x16L\x07\x0cn<\
,\xab8\x1c\x0a\xa7|\xea\x1d\xa7\x05\x02\xc4v\x9c\x96\
\xac\x86nH\xab\xfdG\xed\xf3h\xb2\xe1\xc3\xfaw\x0f\
B\xd8R\x15\x1d\xc3a\xb5\x9f\xa0\xb9\x17b\x9b7\xcb\
\xbe\xe7\x9cD\x0c=\x00/\x05\xa8\x11\xd0\x87e\x97M\
!\x84\xa0\x11p=\x82\xb7,\xafb\x18\x81]m\xb3\
\xe9\xce\x92\xc1\xec\xa3*\x99\x8d#TG5\xc3s\xbd\
\xe34\xddPm\xdb\xa6\xban\x1c\x84v\xf35\xea\x88\
\xe3?[~\xbb\xc7<\xe7\x0ehF\x85\xc1*\x00\xed\
G\xd4_ZL\xa6\xc4p]\xf78E\xd7\x09\xf0\xf5\
dE\xd9\x11A\x08\xb6\x93Y\x0ek_\xb7S\xc7\xb4\
\xee\x93\x15\xbd\x80\x88\x84|X\xa3|\xcc\xe0\xc0\x8e\x16\
\xda\xbev\xd9\xa59\x14\x11\x9f\xc0B\x85Ak\xf1<\
\xd7\xa9\xe4r\xfb*c\xa3;\x1a\x13c\xd77&'\
nnNM\xde\xda\x9a\x9e\xdaY\x9f\x9e\xbe\xa3\x91\x9b\
\xb9\xb3Q\xc8\xdf\xd5,\x17\xef\xadL\xcf\xecE^{\
\x1f\x91Tg)\xc7%O\x9d5\xd3\xb2l\x8fai\
\x8fe\xd2#\x1a\x22\xa0$#\x9e]\xd6T\xb9\xe1\xfb\
\xfc\xac\x0c\xfb8c\xb0\xae\x9f\xdf\xe1\x03\xf9\x08\xd6\xf2\
.\xd8N#\x14\xf9\xf0\xc8\x9a\x9a\xa1]\x7f\x84/\x9d\
\x80f\xb1w\xf2\x89Lf\xc4q\x1cF\xa9\xc7\x87d\
\x81\xef\x12*>\xb1x\x80DN\x04U1\x88\xae\xf0\
\x14SF)c\xae\xeb\xb2@0\x98\xa3\x9e|\xc4\x97\
\x04\x9cA\xd3l\xb7}\xdf\x1f\x86\xf1v\x09!\xd8\xa7\
~\x94\xa7\xcf\x87hS\x0az\x9e{\x9an\x18\x81\x96\
my\x91`t\xdf\x1cn\xab\xb6u\xbe\x1c\x02c\x0d\
bR.\x12\x89u^6:\x8e\x17\x85\xe6qC*\
J\x9d\xe0\x1a\x98\xe1\xcd\x8a\xaa\x18\xb6e\xfaF |\
\xb7\xa7\xf9Gm+\xe7M|w\x22\x12\x89\x14)l\
\xe6\xd0U\x03\xb6\xd3^H_h\x0b&\x12\x05p\x00\
&\x86,\x98P2Q\xf7\x16\x0a\xdb\x8f:\xa7\x19%\
\x04\x0au\xf8\x80\xec!\x0b\x86\x1a\xf8.\xf1\x98\x8f\x01\
4\x9c/%\xa0#p\x8c\xc7\xb3r\xbe\xbe\x84h\xc5\
\xc36\xdf\xf2\xdd\xac$I5\xe0\x8f`\x03\x97\x1d\xdb\
\xe3kY\xa7.Nn\xd5\x9c\x08\xb3\xdai\xc0\x9f\xb5\
\x1b\xcd\xb6\xa2\xc8\xdb}\xdf;\x9al\xf2\xa2\x888\xb4\
\xa0\xe9\xfa\xad\xb6\xed\xd8>,1\x94\xf2\xee{\x00A\
'\xfb~_\xa0 \xb4\x8bb\x84\x19\x92\x88,1\x0d\
)0\x96\xa0\x88\x01\xe0h!\xc0\xbc\xe6\x7fy\xb3E\
I$\xce\x8a$\x87\xb6\x9c\x180\xd4\x97TK3\xaf\
\x8dd2\x19\x06\x03\xe3\xb5\xdb\xc3\x12&\x7f\xa9\x8e\xc6\
\x9ah\xd6a$\xb14c\xd4@PZ7\x8c\xb2\x82\
\x19_\xbb\xd0\x22\x87\x17\xc5\xe7\xa3\xa4m\xfamU3\
\xb8\x8cz\x98\x10\xd5\xb1\x9d\xf5CC\x05eo&\x03\
5\xa1\x83\xcc\xf7jX\xc2\xbcq\x99r>wa\xb5\
\x15|Tz\xf3V\x98\xa7\x08j\x9ags\x84{\x0c\
\xe9\x8e\xe7l\x04\xbd\x9f\xc0\x5c\xf4\xa3\xd1\xe8}\x8a\x8c\
\xc6\x8ePb!+\x80\xb3y=`\xdchYmK\
\xd34\xc5s\xec\x93`\xc5\x84es\x81\x04!\x90\x1b\
\x18\x16\x80\x16!B\x19\xb5\xb0\xdd\x89\xa3\xa38\x0a\xe5\
@\xe6\xa08\x06JL\x89$\xaf(\x07s\xca\xc7\xac\
\xe3\x10\xc8\x0f\xdf/w\x03\xf1\x0a:H\xe3\x9e`I\
\xee\xb1\x1d\x0f\x8c\xd1\x18\xb9\xaeS\x92\x15\xe3\x0f\xa3\xa3\
\xbb\x8f\x22\xc3\xbch',\xe1\xbbi\xd2\x0c\xb8\xae\xbb\
\x19\xc6R\x87\x17\x9b\x8en\x84v(\x0e=\x06^\x97\
#\x22\xa9\x87\x82\xe1pC\x965\xd4nYA\xea\xb3\
%F\xfdNm\xe2\x22\x10x\x00\x08\x1c\xdb\xa4\x7f\x00\
\x8cE\x11\x81\xc0\xff1\x02\x14K\xa4\x8e0\xa5H\x92\
0\xf3\xbc\x10b\x92\xfa\xe0\xeb\xdcJ\x08\x22a\x84\x19\
a|/\x91d\x97Hh\xa9\xa2\x8c\xe1T\xc0w)\
8\x14HX6)\xa5E\xa8\x97A8\x92g\xcc\xf3\
+\x18\x13 \xa7\x08ab\xc8\x1e\x03\x85\x01\xad\xe6\x18\
\xc6\x18\xc1V\x850\x02\xb5m5\x8a\xb94\x0c\xbb\xbd\
\xe3:1I\x22\x18!\x06\x1b\x9ft\xdf\xbc\x81h\x8e\
d\xcd\x1bl(mYU\xee\x04\x05\xca%\x8aJ\x5c\
\xcf\xcf\xe8r<\xb0\xb8\x00\xc1\xe0\xa0\x15\x9d4\x02U\
t\x22\xb3\x17\x1c\x91\x0c\x86\xe9\x06I\x92\x14\x9fz\xcc\
0\x8c,\xa8\xd4\xc7t\x80C\x08Q\x82h1\x16\x89\
\xe4\x1c\x87\x9f\x9b\x88\x81\x5c\xcc\x8d_\x04m\xaa\x11\xea\
\xd14\x8c/\x81M\x93\x85\x83\xa1\x02\x0csG9\x9e\
\xad\xf9\xc8WJ\xa4Z \x18\x9er,\xab3&>\
\x05\xbc\x97\x15\x19\x86\xc3\xb8\x22\xa9\x7f\xf2|\xbb\xa5j\
2\xae\xd5*'\xc92\xeb_F\x86T_J\xd8\xed\
\xc6\xe3\xc1\xc8\xa5X\xa0\xcdG\xc3\xc9\x9b\x02\xcc8\xe6\
\xb6,\xe7\x87\x10\xee\xb4\x09\xee\xb0\xb1\x13y\x93\xe3t\
@\xad\x8d\xdfP\x85C\xf66\xcbl\xd7C\x81\x80\xe2\
\x98\x8d\xa7\x06\x8c\xf0\x164\xe76l\xd8\x12\xb1-\xeb\
92h!\xb6m\xfb\xd1X\xe2\x06\xd0P\x16\xfe\xbc\
OS}X\xcb9+.7\x08\xad%Xs\xec\x10\
\xda\xb4I\x0b\xf7=:\x19\xeb9s]\xa8\xe7\x11'\
\x05\xbbN=%\xd6\xf7\xe8\xd3b\xbd\x8f<#\xb1\xee\
Qg7P\xf1\xa9\x92,=S\x91\x95\x18\xa6\x0c1\
D%P\xc8\xc9B\xf9\xb9\x08\xc6`\x0c\xa4\x941\xd0\
\xacZ\x96\xe5\xf8>\xde\xcdX\xfb\x98\xf0\xc9f\x9fa\
izh/\x22\xa4-I2\x01\xc52\xed;\x04\xec\
\x81s\xcc\xe1\x86)\x085h\xc9\x10E\x86\xae\x99\x9e\
\xe7\x8f@|\x0eC\x88\xad\xe9\xb7\xf9pL\x1c\xd1T\
#\xef\xfb>#\x08\x07\xa0\x1f]\xa0\xa0\x93\xf9\x22 \
\xd9\xd0l\x848j\xa8\xe3\xe6\xc7\xa6\xf30{\xd9\x19\
\x86i\xc8(\x05\x0c@\x16\xa9\xc7p\x16\x8e\xa0\xd6l\
\xe6\xdaW\xdb\x93\x1d\x17\xd6\x050 \xf9\x12!\x04\x00\
\x8c\x0ey\xfd\x0bU1\x89E0\xa2I\x98;\xd0,\
\xe6IX\xbe\x0f\xc1\x0b\x83\xb59.\xce\xd9\xe9!\xa2\
\x1cD\x18\xb7\x81/dHH\x87\x7f\x10\xb9\xff\x1e\xe4\
\x80\xb8\xe4)\xf5B\xee\x95\xa9\xbe\xdet\xbdZq0\
\xa5\xbf%\x92\xf2r\x18\x97\x0b]\xc7\xfeK\xa3Q\xf3\
\xba{\x07\x12\xc5B\xee\xd5>U\x9f\x85\xd0\xe1?\xe7\
\xe9\xea:\xcd`.z~u\xe6\xd0\xb7fr\xd9o\
\x94\xdb\xa1\x05\x99\xbd_\x8dq\x5cN\x8e\x01*\x9cJ\
\xa5\x07B\x01\xf5\xa3\x81``} \x10@\xb5Z\xc9\
\xea\xeeJ\xef\xb1\xdb\xad2B\x18\x052]\x03\xd5j\
\xe1\x8d\xc9\x96\xbe\x11\x1d\xa3\xf31\xf5)\x82A\x04z\
E\x96=\xe2\xe3\x02D\x8f\xecw\xee\xf4\x11EuD\
\x98\x07\xcb\x15\xa2\x98)\xba\xaeH\x0b\x856\xed\x92]\
\xdf\xedC\x92\xa4y\xd4E\x9a\xa1\xcd\xf8\xc8\x9c\x84\xfc\
c\x90O\x90k\xea\x95t=|\xc8\xb4,\x8add\
\xd8\x1e\xedE\x08:\x88\xa06\x9f\x94\x8d`p\xb7m\
\xb9\x1e\xc2X\x05\xfb\xce\xe9\x90L t|:\xbd9\
\x80}o\xab\xaci\xb1\x86\xd9\xb6\x03\xc1\xf0\xad\xa3\xa3\
\xdb\x1d\x99\xb1\xdd \xade,\xab\x04^\xf2<\x02\x19\
\x81p\xa7\xc0\xdc\xc5V\xed^\xab\xdd:\x09\x0e\xce\x04\
\x13<\xed[\x08\x0c]K\xbfH\xc0x\xf6\xd0\x851\
F@\x83A\xc6\xf0\x5cq~\xc32\xc6I\xcfq#\
>\xecR\x92\xaacEV\x03mb\xae\xef\xdd\xf8\xf8\
\x81d\xff9}\x89\xbe\xb3\xfay0\x92\xa7\xf7\x05R\
g\xf6\x1a\xbd\xa7\x0cD3[6\xa6\x8a\xca\xa9 \xef\
\xfd\x9an\xc0|\xc0\xd8u<\xc3tM\x8d3M\xcc\
\x84u\xcfu\x8f\x87\xedLu\x1c\xc7\x95\x15\xf5\x80\x1d\
\x92\x8fi\x1d\x81\x0e\xb6}F\xf7\xd8\xae\xe5`\xc2\x10\
\xa5\x14\xda\x0c\x813\x86\xa0Z\x86\xe6S\xbfOQU\
\x09h|EV\x0e\xb1\xb6_\x87\xacc\xf2Tb\x15\
]\x0f\xd4a\x1dA\x5c\x8a\x08\xa0\x82\xe6\xd6m\xce\xc0\
w\x90bYV\x0c1\x82\xa1\x7f\x882\x0c\xccm\xe8\
\xfb\x96\x9e`\xfaQ\xdd\x81\x813{\x03\xa9-=(\
pR\x0f\x0a\xae\xefB\xc1\xa1n\x8e\x0d`\xb2\x1e)\
RO\x22\x99\xa2m\xcb\xc6\x0ca\x0316\x84\xd0\xe1\
/\x889\xffc\x09>\xb5)e\x94\xd9\xb6\x85\x98\xe7\
\x8f\xa7\x07\xfa\xdf\xa8G\xd3/\xd4\xe3\xe9\x97\xe8\xd1\xae\
\x0b\xb4t\xe2\x02\x14\x8e\xbe\x18%\xe2/Q\xa3\x91\x97\
\x04\x13\xc9\x0b\x82\xe9\xf8\x8b\x82\xe9\xae\x17D\xd2\xeb\xde\
\x14\xf4\xfd\xbdP\x0f\x83\xb0\xc4c\x00\x94\xb2\xd9d\x0f\
\x163\xd3\xb2G\xc3\x14\xa4f\x09\xd5\xca\x07\xcf\x97\x1c\
IV,J)\xa0\x85%\xea\xa3\x00\xda2\xf7\xe3\xf9\
@\xeec\x06\xb2\xce4h2\x02\xbd\xa1\xc2\x5c:\xff\
't\x90{d\xefb\xdf\x92\x15m\xc4q-\x8a1\
\x0c5b\x84\x19\xfeb\x19\xed0\xc00q\xf9\xe2\x8d\
\xc0a\x0c\xd9\x18\x1a\x03\xf1\xc5^\x92\x14\x06m`\x08\
\x11\x18R\x97!L\xf2\x0e;z\xff$\x8d\xb9\x8ec\
\xe7\xc1\x80\xed#D\x89\xef\xbb\x062M<\xcf[a\
\xb2\x01\xf3\xf38\x15\x84\x0e\xe6\x0f#\x9a*i\xc8\xdb\
\x1c\x1fx\xe4\xc9\xc9\xde-'\x86S\xa7\x9d\x10I\x9f\
t\x9c\x9e9uC\xf7\xd0\xd9C<\xf4o<gS\
\xdf\xf1\xd3\xa7\xc4\xa2\xb1\x13\x22\x91\x98\xe2\xfb\xd0'\x86\
d\xcf\xf7\xb8\x91\x04\xa6\xa5\x13\x94T|\xa2\xaa\xea\x1a\
H\x1a\xd2`\xee\x11\xd7\xdb\x14\x1d\xd8\xb21\xd1\xfb\xa8\
\x01#qZ\xbf\x91<\xbe\x8f\x87@\xea\x84\xde\xbeM\
[\xfb\x87N\xdc:4\xb8\xe9q'FS\xe9\xf5\x89\
T\x1a\xbb\xae\x0b\x22\xc6$\x22I)\x84\xce'\xf3\xed\
\xe5w\xcc\xa0\xa5\x10\x81\xb9\xe2\xbb\x94q=\x8e\xc2\xe3\
\x91=\x035n\x8ebVL\xb8.7\x97\xb0\xe8\xc6\
\xf3\xf8f\xcb\x18G\x9b\xd6\xd0\xde\xccQyS\xc9m\
\xc9Dn\x82\x0c1`E\x5c\xea\xa9p_\xf0\xd4u\
B\xc8\xf7\x0d\x8aaI\xf6\xfd\xbam:\xf7NN\xf6\
/\xd5\xd5\x17\xa8\x97F8\x1d\xf6\xd1\x01\xdfs-\x06\
\x8d\xe3\x01\x1dS\xc9\xa5|\xe6\x9e\xb0D(\x91\x10F\
\x12BX\xd3\xb4\xa0\x82\xd5\xa7\x86\xba\x0f<.\x90:\
\xed\xcc`\xe6\xe4\xd3\x82\xe93N\x8f\xf6\x9c\xf9\x88P\
\xf7\xf0c\x13}\xf8Y8\x8c\xde\xec;\xfeW\xcb\xe5\
\xe2\xdb\x93]\xdd\x1b\x0c#(\xd5\xca\xc5V\xac\xab\xfb\
j\xdaR\xefZ\xa4\xc3c\xcf\xf7c\xc8\xa7\xb2\x0b\x93\
(\x1a\x8d\x11)`\x1c\xdf\xb3\xa1}Fr\xdd#N\
J\xf5\x9d~|\xba\xff\x8cM\x99\xc1Gn\xe0\xba\x5c\
\xac\xfb\x8c\xa1t\xff#6\xf5\xaf?\xeb\x14I!'\
y\x1e\x85%\x5cF\xaa\xaeK.\xf5\xfa\x9a\x9a\xab\xa0\
\xed\xdb}\x8a\x1b\xe3\xc1P\xf0\x1e\xb3\xd9rC\xd1\xa8\
f\xd9\xce\xd3f\x8a\xf9O\xe3f\xf3\x8d\xe9\xc1-\xe7\
v\xad{\xf4\xfa\xee\xee3\xd3\xe9\xf4\xe6\x10B\x87\xf7\
{\xb4\xc8a\xcf\xd4L\xb3\x9d\xe2{\xb6\x07\x1b\x82\xa6\
\x1a\xbb\x90ul\xba1\xd7\xbf\xa9\x8f\xefa\xbegK\
\x12\x81\xfd\xc0\xef\xc7\xb2\x0bK\xf9\xe1\x0a\xf8~\x8d1\
\xcco>>\x08v\x1b\x9b\xb0\xc3\xb9G\x88y\x88\xcb\
x'`:+\xd3\xcb\xa9)\x81)K)\xe7\xc7`\
\xbcl\x98\xfe\xa0[,\xa7\x9a{\xde\xb2E\xa2\x94\xf6\
1\x8a\x0c\xc60\x92U\xad\xe2c\x97\xeb\xdet\x8e\xe2\
~\xdd,B\xc2\x1e\xa5C\x92\xa2*D\x91\x11\x91e\
\x8dD\x82\x1b{7>~ \x05{Ej\xdd\x96\x9e\
N\x80x\xdf\xa6\xb3\xfa{\xd6\x9f\xbb.\xb3\xe9\xdc\x8d\
\xebO\xb9\xfe\x14I\x93OT\x148:\xc2\xd2\xe03\
\xa4\xb4\xdbM\xfee\xe0\xc2\xbas\xbf\x1a\x22\x88\x05\x02\
\x8b\x10 \x8b\xe2\xff\xe7QQ\x81@\xe0\xaf\x89\x80,\
)S\x942_\x92$d\x99N\xc8\xa5\x12l\x5c\x0f\
\xb2\x86\xde\x86*\xc9\xa4\x1fa81z.\xbf5\x14\
\x8f\x1e\xfed\x1fm\x83\xed\xa0\xb3\xc50p\x08#\xea\
\xfa\xcc?\xf2W\x81sMb\x8c\xdaP\x80aL\x10\
\xecq2\x95\x0f+Rs$\x9d\x1b\x81+\x86}\x0a\
S\x8a0\xfc\x83\xc75=\xc1T\xa5\xd4W8\x01!\
\xd8\x87p\xd4\xaf\x968-\x0f\xa3C\xc8\xc3D\xca\x12\
\x898\xfc\x99\x82b\x85\x18\xd6x\x9c\x07\xd8\xa3\x18\x92\
\xa0\x15\xd0]\xfe\x0c\x87\x02\xcc\xef\xf3\xc1\xb1\x98\xc2(\
K\x12\x8c\x89\xeb\xb8LU\x95\x9c\xe4(\x8b\xb0\x9a\xa7\
\x5c\xfd.\xab\x86\x1b\x0c\x85\xea\x94BgeI\x07X\
\xe0\xcd\xdb\xf9\x98\x1bM(\xa3*b\x12\xf6<\x8f!\
L\x1a\xc4v\xfd\xd5\xb9\xacLU\xb5 \xff\xa2\xadJ\
\xa9\xcf\xa8O\x81\x80-i7$p\xcf@\xf7\xdd\xa7\
\xeb\xc6\xb0\xef9\xccu\xdd\x84,\xe3s \x83\xc3\x0f\
\xb7Y\xcf\x88\xb2\xa9R)\xf7q\x19\x0b\xe8j\xd3v\
\xdd?\x8d\x1e\xed+\xd0\xd9\xa2\xab^\x09t\x12!\x02\
]\x920\xc6\x92\xecy\xfdx\x8e\x90y\x92wS,\
\x1a\xdd\xe9\xda\x16\xf5<\x1a\x82\xb1|Q\xea\x84\xc7\x84\
\xd1\xd6\xad\xb2-\x05\x1e\x9b\xcbe\xcfPU\x15\xd9\xed\
v\x01\xb4\x88\xef\xe5\x06\xd4\x05\x05\x861\xe8#F\x98\
\xf3\x82\x17\xa3\x0cF\x96\xf1\xf8*\x81\xf0\x83C\xca\x8d\
\xbe\xc6j\x16~X-N_\xd5\x9c\x9e\xf8q+7\
\xf5\x83\xea\xd4\xc1\xefU\xb3\x07\xbfW\x1e\x1b\xf9\xd6\xc4\
\xf0\xfe\xcf\x8d\x8e\xdcwI0\x18H\x00\x0f\x0cr\x81\
\xe1\x1c\x01\xd1\xe5\xbe\x89(\xc8)\x0f\x8em\xdb\xbeO\
\x0f\xc9rs\xf5\x13\xc1\xf2\xa2\xe8r&\x11Z\xd6\x15\
\xc5\xa6\x18\x83^\xef\x05\xb1\xca\xf4\xc5d\x92\x84y?\
\x98\xe7\xb9LQ4\x8b(\xca\xfc\x1b\xf3\xc5d\xab\xc7\
}\xbf\xa9\xe9z\x99y :\x04\xb0\xf6\xdd\xc4\xe2\x03\
\xe9\xe2BPK\x07\xbb\xc5i\xf3q\x06b\x84\xc0\x88\
\x0b\x18\x83\x9c\xf8MIu\x80!:\xa2\xe34 {\
\x0d\x18\x15\x8a\xa0o\x18acq\x01\x22#\x03DS\
\xa5@@0\xa2\x08Q>\x96\xbc\xaf\xe8\x18\x1c\xa3>\
k\x10\x98\xb7\x94BQ\x0c%4\xca\xaf\x10\xb9\x7f>\
M\x93\x83\xedV\xf5\xe2h&\xd3\x0d\xc3\xc7dE\xfd\
s$\x1a{\xff\xc4\xbe\xedw\xcc\x0c\xdfxo\x22\x91\
~G\xbb\xd1\xba\xad\xd5n\xfb\xd1x\x22\x96\x9b\x18\xbf\
\xb4{\x83\xfb\x14\xb4eKg\xcd\x91BZ\x22\x12\x8d\
<\x22\xd2;\xd8\x87|\xef$FP\x0c=\x10\xa7\x00\
\x100%\x08\x1c\xec\xca\xe5*\x99\x99\xc9kF \x84\
K\xc5\x9c\x87\x91t\x95I\xd1\xcb4#\xfc\xf9j\xb5\
\xdcV\x15\x1d\xbb\xb6}Z\xcb4/\x0b\xa67\xf3\xaf\
=\xd1Q\x1dX\x1f\x18\xe3\xe7\x03\x860!\xd4\x97\x8f\
i\xcdf0\x97\xe0h\x81(\xee\xcc[\xc6\x0d\xe2\x0b\
8w5\x022\xf3q\x02\xcb\x8a\xec\xb9\x0e2t\xa3\
\xd6`\xc1c\x94}\x04\xef>|\x0b\xe6x\xces<\
\x1faI\xa1\xae\x9b\x9c?\xa0\x87\xd0t\x1dc\xf9O\
\xadf\xa3)I*i\xd6\xebgn\xda\xb4\xa9\x839\
\xef\xab\xa7\x18\x09\xc76\x1f\xa7\x06u\x15y^\xcdC\
d'\xa4S\x1b\xa3q-`\x1c\xf0\xa8O\xdb\xedv\
/Q\xb5\xf5\x90>\xeb7oV\x03\x86z&c4\
\xed\xba6J\xa42\xc3:vV\xec\x17:\xd308\
\xc4;\x0a\xb4pc\x10fY\xc0\x153\xec\x85<F\
e\x89\x10\x0c\x86\x8bh!7\xfe\xf6\xe9\xc9\xb1m\xd9\
\xec\xa1\x9f\x97f\x0e\xfe\xb4<3\xb2\xad\x9c\x1d\xf9\xb1\
Y\x9a\xfcq\xbb8\xbe\xcd\xcc\xcel\xab\x15\xb3\xdb\x8a\
\xb9\xe9\xefN\x8c\x1d\xba\x94\xc8\xc4 \x84 \xdf\xb5\x88\
m{\x9d>Y\xa4\x1e\x84\xd1\xe9Q\x14Y\xb2\x01\x10\
\x86H.d+.\xd4wT\x9f\xcd\x22\x17\xe6\xe8\x14\
\xa2\xbe\xc5\xdbM\x19\xc3\xb3\xed\x9e-J5W\xf2\x5c\
?H0\xc1\x1e\xbc\xf1\x02\x19\xadh\x1aXog\xb3\
\x8fz\x95\xd4\xb0KT\xd9\x99\x9bk\x98@\x07\x16\x17\
\xa2\x9a\x02\x02\xe5)\xbcO\xa1@Xi\xd7\xcb\xaf\xab\
\x17\x0a\xbfh\xd7\xb3W\xb7\xca\xe3\xbfjg'\x7f\xde\
.\x8d\xfd\x1c\xb5\xb3W\xa1V\x09B\xe5\xe7fy\xfa\
\x97\xb5J\xee\xaaV\xbd\xfei\xcc\xe8\x06\x15\xd6u\xe8\
?\xa1\x0c\xc5P\x7fNF\xf7\xd3Q\x0a\x08\xf8>\xc3\
\x041IB-\xc7s\xf6Y\xb5=\x87\xac\xca\xdeq\
\xabv\xd7\x88]\xb8\xf7\x00j\xdc\xb7\x1fd\x80.#\
\x00\x00\x10\x00IDAT\x95\xee\xbe\xd7\xa9\xdc{O\
+\xbfkOkj\xf7\x9d\xad\xdc\xce\xbb\xeb\x85\xdd\xc3\
\xd9\xec\xceU\xbf\x02k\xb7M\x06\xd3\x06 e\xb0\xce\
3\xea;~sR/\xd0\xa35\x8f\x10\x87b,\xf9\
\x9c\x0e\x84\x87\xc0\x88\xa8<>\x170\xf5Q\x10\xfaJ\
|\xdfA0\xe6-\x9fy\xf6\x5c\xdeQo\x92jP\
\xcah\xcd\xf3|\xca\xa0u\x80\x1bB\xab\xb6~\x11K\
\x86P\xa71\xabp\xf7\x19\x03F\x94Q\x983\x1e\xa5\
uI9\x86\xf5\xbdi\xfa\xbe\xeb\xdb\xc0\x16\xfa\x890\
l\x0fK\xc6\xcc\x03u\x88a\x1a\x93`\x96D#1\
\xb5Q-=\xa3P\xc8~\xb7R\x98\xf9i\xa90\xf9\
\x93Fy\xf2G\xf5\xc2\xcc\x8f\xad\xfc\xe4\xb6\x99\x89\xe1\
m3S\x87\xb6MN\x1e\xfa\xd1\xf4\xd4\xd8\xf7\xee\xdb\
w\xd7\xe5\xd5j\xb1[\x93\x15\xc4\x10\xc2\x94\xb2\x8eN\
&cE\x83\x84\x8c\xac(\x92\x11\x0c\xc8\xadf\xed\x19\
\x95R\xf9G\x8dJ\xfe\x97\x95\xca\xf4/\xcd\xfa\xf4U\
f\xadr\x95Y-]\xd5\xaeV\xae\x9a\xc9\x1e\xfc\xe9\
\xf8\xe4\xa1\x9f\xce\x14\xb2W\x8e\x1d\x1a\xf9h1_X\
\xaf\xeb:F\x08\x11Fi\x04\xee\x0b\xde\xc5\x1e\xf5\x19\
\xc7\x80\x22\xa8\x8f2\xcc\x1a\x0b\x99kF.\xef\xe4`\
\x0c\xfd\x87\x18\xecc\x08[\x04\x9a\x0c\x0f\x8b\xbdC`\
\x94p'\xbdsA\x18\xe6uz6\xba\x98nY\x5c\
r\xa9\x87\x08v`\x9cy\x0e\xf6=&\xf1\xc8|p\
(\x02\x5c\xa8\xe4S\x10G\x8cm\x8b\xb9\xa0{n\x83\
\x87y\x8a#\xdd\xb7\xf1\xde\xd6\xa0\xe5\xd0\x16\x84\xa0\xbf\
\x0f\xc2\x16\xd8\xa9\x07\x83C<H\x8a\xa2\xd6k\xa5W\
7\x0b3\xdfn\x97\xf3?j\x15\x8aW\xb6\x0aS?\
\xa8Mg\xbf\xdb\xccM}\xad\x9c\x9f\xfcD\xa5\x98\x7f\
\x0d\xc3\xf8\xecx\x22\x1d\x95\x88\x8ar3\xe3M\xa2\xa8\
\xbf4\x14\xe3\x87\xc5\xe2\x8d\x8b\xb0?\x1f\xbb\xae\xa7#\
\x09\x81m]\xc3\xa6\xd5^79v\xe8\xc3\xd3S\x93\
\xdf+ML\xfc\xb88=yeaz\xe2\x07\xf9\xe9\
q\xd0\xe5\xa6\xae\xacVg~T,L\xff(_\x9e\
\xf9\xfe\xe4\xd8\xe8\xa7\xa6\xa6\xc6\x9f\x1c\x0a\x05UI\x22\
\xc4w\xbd\x98\xd6t\xf9<d\xb9\x83\x89r8\x12\xfb\
v\xa3\x5c\xbc\xdbl\xd6\xddh4\x02K\x90|z\xb1\
\x90\xbb\xb4\x90\x9d\xfcF\xb9\x98\xfd\xb1\x8d\xcc\xef\x12]\
\xfbP\xdf\xfa\xe6\xf3{\x87\xb6\x9c\xb8\x19\xf6\x8fNO\
\xe7.\xb4\xe1\x11\xcf\xf3\x0d,\x11F}\xeaz\x8c\x1e\
r\x9cV\xe7,1G\xb2\xe4\xb6\xec\x81!\x09\xe5\x01\
*\x87c\x06\x22\x14\x02\x09\x09,\xa6!\x08\x03Dx\
.\x09\xe2 \xb6s\x0fG\xbc\xf1S\x15\x9d+\xc6\x08\
\xa5\xb8\x5ca\xcb\x0bH\x08L{\x90\xea\xc1\x0dK\x92\
'1i\xcdv\xf7N#\xc5\xf7p\x06\xe8d\x0a\x0b\
W@3\xda\xc8\x97\x8e]\x0f]^\xb9\x8f\x0c\xe6\xa1\
\x88$)8\x12\x89\xea\x95\xc2\xcc\x85\xf9\x99\x89\x9f\x14\
\x8bc\xbf-\x97f~U\xc9M\xfd\xa2\x92\x9f\xfay\
\xa9\x90\xfd\xf9\xd4\xd4\xd8\xcfffF~Z\xcc\x8e\xfd\
\x14\xc6\xf8\xca\xf1\x91\x03\xefi5[QX31_\
\xfbl\xbb3\x9e\xcbk\x10\xcf\x02\x81\xfb\x8d\x00\xb9\xdf\
%D\x01\x81\xc0C\x04\x01\x82\xa5a\xc6|\x87+\xe1\
\xcdV;\xe0\xf8^\xcf\x83mZ\x18\xa1\x80\xac\xc8\xa7\
\xc2\xce\xdb1JH\x8a\x92\xabg\x1cP2\x16q\xc6\
\x98\xc2\x13l%\x08\xc1\x06\x01\x0a\x80\xc4\x9f\xd1\xd1\x9c\
\x8fI\x87\x0ec(\x82\x89\x84\x90\x8cW+C\x08\xa8\
\xf4\x08#\xd0\xa0xv\xa7\x1e\x1eY-(L\x06v\
P\x80\x10$K2\x02b\x0b\x1d\xab\xdb\xbe\x952$\
\xd9\xd0\x07\xd8W &I\x04\xa9\xf3\xdb\xe8\x1c\x13\x8a\
\x10\x85\x0d\x93?ah\x13\xbf\xcf\x87\x80\xa1c\x8c\x91\
\x86\x09\xe1\x1b\x13c\x98\x98m\xbe\xcd\xcd\x13\x1c\xe5N\
$\x95B\x95\x0eT\x8e\x10\x96\x15\xa8*\x88P\x01\x8f\
\x06\xf2\x14a\xc9\xa6\x08\xb4?8\xd90D5\xa6k\
\x04\x1d\xa3\xc3\xfc\x00\x83\x19\xa5\x94\x01\x1c\x08I\x04\xa0\
^\xa5lT\x0d\xe75=xu\xbb\xd52\x0dp\xa0\
t=.\xbdy\xeb\x22\x85\xe4|I\xd5\xa4\xc7HX\
\x8ey\xaeI\xe3\xf1\xe8\xbdX\xa5\xf7\x02\xab\x0e_\xb8\
\xdf?\x0f\xc2\xc5\x15\x15^\x18:\x880\x96\x974,\
\xe4\xc5\xa7#\xb1\xd8w\xda`\x01\x08\x80!$7\x9d\
}L@R\x1f\xdd;\xee\xf6b\x8c.\xd6\x83\xa1\xb4\
\xe7\xda\x14\x0e\x02w\xd4\x1dz\x0b\xbc\xe1\xe5\x86\x8aN\
\x1bl\xa4`\x1e\xc1\x12\xc8\x0d!\xc8#\xb3\x071\x9e\
\xb68\xc4\x86\xce\x18\xb4\xec\xc6{\x8b33\xef\x0a\x04\
\xa3O\x8c%\xd3\xa7\x05\x93\x89\xe3\x95Pt\x83\x1a\x8e\
\xacSB\x91\x015\x1c\xea\x09\x06\x02I\x19\x93\x00H\
\x17\x96\x10F\x14\x94 \xd7[y\xe2b\x0d\x1f\xea\xe5\
=\x82Z|\xdf\xa3p\x88\x18\x8eF)<\x1d\x93w\
1s\x90D\xfc\x0e1F\x0a4_\xee\xc4\x17.\x12\
\xe3B\x8d\x10A\x18\xc4\x0ccw\xae\xb2\x05\x825#\
\xb2\xe2\xf9\xb2\xa2\xb6=\xdfg\x04c\x89\xfa(4T\
\x0aK\x8b\x0b\xe0\xb9\x87\xd9J\xd8\xfc\xe3\x5c\xea\xdc\x8d\
\xc2|gp\xca\x06e\x14\xc4\xca\x93\xea\xfaQ\xfb\xc7\
i\x98\x0f\x06\x07F\x11\xa0\x87\x11\xa1\x0aZ\xe1\x18\xa2\
P#\xaf\xd5'\xfc\xba\x82`\xcd\x04\x8e\x03\x9b\x93o\
\x84\x08^\x93\xf0H\x19`\xd0S%\xe5<\xd7\xf1O\
\xd1\x15\x95\x80\x0d\xa6\x10\x89$>\x9f\xed\xfc(6\xa2\
P\x94N\x1f\xbcaW \x1a}s=7s\xa7\x0b\
\xd6\xe0X*sR\xb5V~wOE:\x1d\xf2\x91\
\xeb\xc9)0\x18\x1c/\x11Y\x0a\x84bm\x8dh\xa3\
<\xfd\xfe\x07\x80\x87H\x98\x10\xc2\xfb\x82u=\x80Z\
\xcd:\x93drO4\x1a\xbcb\xfa\xde\xebv1J\
\xbe\x22\x13\xf9\xcf\x96\xd9\xf2\xe2\xc9\x8cf\xd5\x1b\xcf\xd1\
\x03\x81\xffB\xfd\xe7\x18G\xab\x0f\x96l@\x0bF\x0f\
\xb8w\x86\x12\x04\xefhex\xbe\xc7\xd7l\x18\x1aJ\
\xe1\x90\xcc \xc2\x13\xe7\x02\xa5\x1eF\xd8\xd7\xe0 \x89\
\x11\x08\xa9\x22\x11\x0flX\xc7,\x9fR\xad\x01lA\
FfWz\x891_Ch\x84p\xf6\xfc\xcb\x09\xc7\
uv \xcf+\xc0I\x0e5\xea\xe5\xf5\xd9j\x18\x8c\
\x85<\x17\x82\x8c\x06m\xc7\xdc\xa8`DB\xe1\xe0\x8c\
\xa4H\xfc\x8bD\xd4\xc8n\xa8\xc8\x8a~\xa3\xd5\xb6L\
EU\x92\x04a\xfe\x82\x03\xda\x87P?\x8a\x860\x92\
\x9e\xa0i\x81 \x18n\xfd`$\xbc#\x97\xdbc\xa2\
U\x1c\x0c\x03\x18!(\xc2\x98@\xd7\x00\xb1E4\xae\
C%\xe4S\x0c\xeb6\x00B\x08E(\xadk\xea&\
C\xd77\xeb\xc1\xf0\xe9z(t\x86\x16\x09\x9f\xa9E\
\xa2\x8f\xd0\xa3\xb1G\x18\xf1\xf8\xe9F4\xbcY\x0b\xea\
\x1b\xc1\xe0\x90j\xd4Zn\xa3Q\xb3\x91Sh\xb9\xad\
:\x0c<\xc2\xaa\xaci\x04\xe3\xa0,\xcb\xbcF\xc0\x05\
Y\x9d}`Q\xbdkG7\xc0HP8\x9c1\x1f\
\xda\x84`\xca-!%\xb6\xc4\x1b\xebC\x22t\x07\x16\
\x11\x06k\x01\x94\x80\xe7\xfb\xe3\x19C>\xc2\xe0\x88\x84\
d\xfe\xc2j\xbe0\xc66#Db\xbc\xd1\xbe\x0fh\
\x10\x9c\x0c\x85\xa3\xc7\x07\xc3\xd1\x93\x8d\x08\xe0\x11\x8e\x9c\
\xae\x86\xc3g(\x91\xc4\x99j$\xb5E\x8b\xa6\xce\x94\
#\xe1S\xa4\x80q\x02\x1c\xeeO\xaa\xd4\x9a*\xbcL\
\xf3\x91\xd9\x82-\xc8\x81E\xa1\x0b\xcf\xf3>\xd6\xbb\x84\
\x19\x85\xbe3h\x03\x03y\xf4\x89\xeb\xfbG(\xcbe\
tyX\x95\x1cc\xc2\x10c\x9c7\x97\x03\xc6\x18r\
\x91\xaa\xf2\xb2\xab\xd2/$\x12\xc20\xc6\x00\x06B\x00\
\x19p\xc1\x8b\xd7]\xc8c\x1e0\x83|\x90/\x8c\x01\
<\x05\x22\xe8\x98\x1c\xf3a\xf22*\x01\xdf\x0e\xbd\xcf\
\xe8\x9axq\x1a\xa8\xa7C\xb7\xd6e\xb6s\x14\xf1N\
\xf9>\x08FM\xe2\xd1\xb5\xc8;\xe9|\xbc\x01\x90\xd9\
B<\x85\x22\x82\xf6\x1a\x8cGy`\xd0&@M\x02\
\xec\xa0\x09\xbcyR \x12\x89\x0cD\xa3\xb1\x0d\xe1X\
\xfc\x84P\x22\xbd9\x90H\x9d\x0c\xe1\xd4P<yZ\
8\x1a;5\x12\x89\x9d\x1c\x0c\x04\x8f\x93\x88\xd2\xdfl\
\xdb\x88\xff\x09\xa1U\xad6\x1c\xa7\xb3\xe7a\x13\x99\x08\
#\x0682`\x0b\x01\xa3\xa0\xa1\x07\xd7\x85\x83\xb1\xe3\
\xa0\xdc\xe6@8z\x9a\x16\x08\x9fn\x84\xe3\xa7C\xfc\
\x0c\xcd0NWu\xed\x14\x98Z'\xb8\xae?Xm\
4%\xcb2=\xb3\xd9\xb0\x9b\xad\xd6B[y{\x11\
7\xd8q\x96\x98\xb7\x15\xc1\x84'V'\xfd(\x97Y\
\x05\x84 \x18H^h)\xcf\xb9\xb2\x18\x83L#\xc6\
I\x10\x03\x01\x82\xe4U\xe9 }\x897-\x19\xf4S\
\xecw\xca`\x0c\x0d\xf3\x97\x95s!\x8d!\x8c\xe1\x86\
\xb8\xb8S.C\xfca\x09\x9f\xb5\x1e|\x0a\xfc:\xd3\
\x84\x22Lx\xd1\xb5(\x8f%]B\x5c\x0a}\x90\x22\
\x8c$\x1cMt\x85\x93\x03C\x03\x89\x81u\x1b\x13\x83\
\x83'$\x06\x87 \x0c\x1c\x9f\x5c7\xb41\xdd\xbf\xae\
?\xd5\xd5\x13\xd54C\x82\xbe\xb1|![\xd4\x0d\xe3\
\x07z@\xff\xdf\xe9\xb1[\xf8\xcf\xe1\xa0\xc3\xae\x80]\
8\xe2 h\x22\xc6\x18Q\x1f+\x86n\xf4Fc\xf1\
\xf5\xa1D\xf2\xf8P*\xb5\x19\xe4\xe7\xd4P$zz\
(\x1a;3\x14\x8a\x9c\x1e\x0c\x87OVd\xed8I\
\x91\xd7Q\xdf\x8f\xb4\xcd\x96\xdfl5\xdcz\xad\x08o\
\x8d,\x90\x1f\xce}\xbb\xc7,\xe7/\xe9\xee\xee+\xda\
\xad\xc6M\xd9\xa9\xc9\xa2c9^,\x1e\x0bgzz\
6\xc4\xe2\xc93\x09Q\x9e\x0ce/\x9a\x9e\xc9~,\
;3\xf3\xf1\xb2\x19|vb\xd3Y\x11^\x9a\x876\
\xccjXo\x08b\x009\xa6\xbe\xe7{\xadH\xa4\xc6\
\x07\x82g\x1f5P\x97\xda\x92$qz\x8c\x09\x91\x19\
\xc5\xf2\xe2B\x14\x1e\x80?\x5c\x8f\xdd3\x00\x08\xdaC\
x\x09\xc6/k\x8c\xab\x8f\x81\x0a&p\xa7\xe9@\x83\
u\xdc!\xe7E\x96\x07\xd75\x09E~\x10\xd21\xa5\
\x14\xc9\x8aB\x09?\x9e@\xc2\x03\xf1\x94\xba0\x06\xbe\
\xcc`.\x80\xc7\x1e\xf5\xc3\x9a\xa6\xad\xd7t\xed\x84P\
0|\xaa\x11\x0a\x9dn\x04#g\x04C\xd1\xd3#\xb0\
w\x84\xc3\xb1S\x03\xa1\xd0I\x18K\x1b-\xd3\xeej\
\x9a&\xb3-\xd3u\x9au\x8b\xf9\xee\x9aF\xcc\x07\xd2\
6Q\xe6\x9f\x17\x81\xce\xa4\xf9\xe7\xed\xbe\xe8\xf9?4\
\x02\x18\x8f\xa9\xaaQ\xe1\x8b\xaa\xe3\xf9\x1a\xf5\x9cG \
\xc4\x7f\x93\xe3\x81\xf7*\x121\x12\x18\xd3G\xeb\xba&\
{\x9eO5C\x1fF\xc3\xc3\xeeb\x8e\x12!0o\
\x18\xe6\x9a \x91 \xba8\xf3\x08q\x09\xf6\x1f\xd8\xe0\
`\xe7D\x08.\x18\xda\x0d7\xb4\xc4\xf9)\x17c,\
\x11\x8c\x11\xc6xI\xd6\xaa\x0f>\xa1>\xc2p\x01\xa5\
\x066*\x8c\x11Q\xd1\xb1\xba\xad\xdb\x09F\xbe\xc6(\
Wc\x10\x92$\xe82E\xde\xe2\xe2\x18\xc3\x16\x8dp\
'\x89!\xb6\xa4\xb3\xb6\x8b@\xa1G6\xf4\x83\x11B\
0AD\xf7]k\x09M\xa7\xe0\x1a\x17MA\xb0\xf9\
c\x0du\xf83\x0c\xceG\xdc\xed\xcdP\x85\x90\xbc\xef\
y\x14\x94\x05\xec\xbbn\x0a3\x16\xe4Y\xc7\x12|]\
%\xaec\x87%E\x05\x96\xd0\x03\x84g;\xb0\xac\xf0\
\xe8\xe8v\xdb\xd0\xd5\xdf\xbb\x8e\x97\x97d\x8d\xd4j\x95\
SB\x18o\x9c'\xeb;\xb1\x1c3\xdb\xe6c\xb5`\
P\xb3\xcc\x96\xa9\x1a\x81_\xa8m%?\x9f\xff@\xee\
\xd0\x0f\x0cn^)^\xc2bx\xf8j\xdbl\xb7\xae\
\x0d\x87\x02w:\x8e\x03\xad\x96\xd2!UyY<\x15\
\xdfZ\xaeV\x1e\x13\x0cF%\xcf6-P\xd8~\xc3\
\x7f\x14|I\xe1\xb9\x07\xc6@\xc2\x80\xfb\xdc\xe3\x92[\
:\xbd9\xe4\xdb\xf4\x15\x96\xdd\xfe\xcf\xbe\xfe\xa1\x90k\
9\xb6\xe7\xb3\xbb\xc3\x91\xe4U\x99\xae\xbe\xaf\xa6\xba\xfa\
>\x9f\xce\xf4}!\x91\xe8\xfer,\x91\xfeV\xdf\xc0\
\xfa_#\x8c\xea\x08\xc3q\x091\xaa\x18\x81%\xfc:\
\x0f\xa1\x10blN.\x08\xc6\x5c\x0e:\xe9\xc7x!\
\x98u4~>J ?\x14\xce\xb0\xbc\x03KK\xc3\
\xe8a\x8c@}C*F\xd21\xcb7nI\x0cJ\
\xcd\x0a7B\xa0O3\x0c\xb7\xa5~.\x05#\xa8a\
i\xce\xc2\x13\x85\xfec\xc2\x10\xa3P\x9eAd!g\
\xed\x88$5\x80\x9a\xcd\xca3\x90A\xd9%\xf3\x82a\
\x0c\xba\xb4\xe4@\x16\xf2=&+D\xe9\x818\x86p\
L\x1e\xda\xc4\xe7-\xcc\x1f \xc7\x0c\xb0\x81\x00\xd1\xfb\
\xe3\x87\xccp\xd2\xf7\xbcgD\xa3\x91h\xcbl\x83\x81\
-\xf5gD\xe4\x9b\x11Z\xf2\xa3\xd8\xb41\x15\xbd-\
\xd3\xbf\xee\xc3\xd5Ri\x02\xe6#!\x12:\xb3R\xae\
\xbc\x8a\xff\x99\xb9\xe3X\x1b\x9a\xadf\xd4\xf7}\x16\x0c\
\x87\xf6\xb7<\xef\x81\xcd\x0f\xec\xc1Xq)@\x88A\
'<\xd7D\xadjuD\xd5\x02\x97\x17F\xe9=\x90\
\xc4J\x937g\x8dP\xf0CV\xa9r\xc0\x03\xc3d\
0\x1a\x0f\x97K\xc5\x0b\x93\xd8;\x05\xf2\x8f\xe8=\x84\
9\xdb#\xd2\xac\x96\x09\xafW0\x9a\xfd\x87\xf8\x00\xb6\
\xd8\x828\xa1\x82b\xc0\x16\x80-\xc4 \x11c\x8c$\
b \xda\x85\xd11:/\x0c\x87A\x82\x0d\x84a\xe9\
d\x8cQ\x0a\x86\x96\xc3e\x99l[#XR\xf6Q\
\xcf\x85<\xd6+c\xfb4\xc8\x06\xfe[e\x05I\xe7\
R\x86\xc2\xb6my\x81p\xf8\xf60U\xaa\x90\x07~\
\x9b\xaf\xaa\xc6_|\xdb\xac\x1apj\xb4\xda\xads\xba\
\xbaN\xebL\x5c\xd7W\xa2\xb6\xd5>K5tY\xd1\
\xb4\x06L\x88\x1b\xa0\x00\x85\xb0\xc43M\xc50\x95\xa1\
\x1e\x8408\x22\x91N\x1c\xcd:\x06\x86GK\x92%\
\x9fR\x1f\xf9\xccoF\xa2\x89\xeb\xb5@\xe47\x8a\x16\
\xfa\x85\xa4h\xbf\x22\xb2\xf1kE\x0b\xfcV\xd5\x02W\
+\x9a\xf1[\xa8\xec\xb7\x92\xa2\xff\x86 \xe5\xd7\x04K\
Wy\xd4\xbf\xd2m\xb7\xbf\x8b\x90\xb1\x0d@\xad p\
\xba\xae#\x22\xe1\xce(aB\x88\xaa\xca\xc6&g\x1d\
\x86\xacc\xf0\x05,\xc1\x0e\x84\xb0\x84\xc1\x01=f\x98\
OX\x88qok\x8a\x0d\xd9\xfc?\x22\xa0\xb2*K\
\x12A\xdd\x96Ja\xdf\xe1\xb9G\x0f\xd4\xb3$D\x99\
\x22I\x12\x02\xfe|\x09\x97\x17\x97\xc2D\xa6D\x22\x9d\
\xb9\x0e\x0d\xf1\x82\x81\xd0]\x92\xac\xfe\xd9g\xe4\x1a\x86\
\xe4k\x10Q\xff \xcb\xc1k\x15\xd5\xb8VV\xf5?\
`I\xfd\x83$A\x5c\xd2\xae5\x8c\xe0\xefeY\xf9\
\x9d\xef9\xd7\x22D~\x09\xf3\xe86\x94]\x22\x07\x8b\
\xab:z\x1cch*\x97Gy\xc5\xb8\x1e\xbd\xf0J\
\x0a,)|\xf1\xf71\xc6s\x99 us\xb1c\xbe\
a\xcc\x0b\xf3\xb0P\xc4G\xb8\xc0\x10\xf5$I\xc2\xae\
\xebD\x90\x8cC\x0b\x99G\x89x\xb6\x22!\xc4\x92\xb2\
,\xc1\x94$\x08.k\x96\x80\xfde6\x1b#\x0c\x0b\
\x0b^N\x98%`\xd8\xe4=\x84\x0c\x0a\x06%\x0c\xa6\
\x0d\x88\x1e\xa3\x07j\xe0\x08\xbd\xc3\x08\x93\xd9z\xe6J\
\x12\xc9\xf3\xa1k6\xcc\x11j\xdb\xb6\xdb\xd3\xdb=\x9c\
L\xa5o\x09\x84\xa37\x04\x82\x91\xbf\xc8\x8a\xf1g\xd5\
\x08\xfeY\xd5\xe1\xae\xea\x7f\x96\x15\xfd\xcf\x92\xacn\xc7\
\x92~\x1dE\xd25\xb0\x9c\xfe\xc6\xb4\xcc\xab\x10!\xdb\
\x80s\xe7O\xa8e\x0f\xb9\x94\xb2&TA=\xcf\xf3\
\xd3\x99\xee\x91Lw\xcf\x9f\xc2\xf1\xf85\x91X\xf2w\
\xc1`\xe47\xe1H\xfc\xea`(r\x8d\x1e\x0c\xffA\
7B\xd7\x1aZ\xe8\x0f*\xc8\x1c\x91\xd5k\x08\x96\xaf\
\xf6=\xe7\xb7\x80\xc3\xcf]\xd7\xdb\x83\xd06\x06\xbc\x0e\
{\xc6\x18\x85L\x06\x0e\x13i\x89\xce{\x98hi\x0c\
SX\xb5`!\x81\x22\xb0\x0c2\x84\x17\xcd\xbb\xc5\x94\
\xf3\xf9\xb3i\x04#T\x800\xfbtLWh\xd9\x0a\
:\xa2\xd8\x90\xe6u\x18ad\xa8XJ!\xb4u\xc9\
8@\xfe\x1a\xfe|h*\x09!\xd2Y4\xe0F\xb0\
\xaa\xaeAz,\xc9\x12B\x18\x1cb\x9d\xeaY\xa3V\
\xb1\xcb\xc5B\xabZ.\xb4`\x8fj@hV*\xe5\
F\xb5\x5cj5[u\x8e-\xe3\xd0\xf9\x94\x99'\x9f\
|\xe6\xf7\xe2\xe1\xe4\x87\x1b\xd9=\xab\xfc\xe9i\x9a\xa9\
\xaa\x06\xdb\x17 \x0dB\x11\x0a\x85\xab\xf1d\xd7\x0d\xaa\
\x1e\xbc\x16c\xf9\x1a\x8c\x95?J\xb2\xf6'X_\xff\
\xa4\xc8\xcavIV\xfe\xa4(\xcau\x90v\xad,k\
\xbf#\x92\xf2kX\x0c\x7f\x8e\x18\xfe\xa9\xa4j\xd7\x11\
\xc5\xf3\xd0\x9c\x83\x17A-\x85\xc9\xbf\x8e\xa7S\xaf\xef\
\xef]\xf7N\xd8/~\xd2l4v\x16\x0a\x85C\xc5\
B\xb1\x08:\xa8\x15\x08\x86\xa4\xde\xde\xfed2\x91x\
\xd2Lv\xe2}\x01\xc4\x9e34\xb4UG\xe0T\x17\
\xbb\x84H>\x868\xc6\x12D\xea)\xd9\x00\x00\x10\x00\
IDAT\x81\x7fz\xbb\x9d\xe9\x00\x00IG\xf5\x12\
A2\x81R\x8cq\x0e\xd0B\x0c\x1b\x0a:\xec0e\
>\x83\xe5\x861\xc6\x13%\xaayG\xe5M}\x83\x10\
\x99i\x84\x8b\x18/u\x84@gi\xf0l\xf5k\x13\
r\x86\x0c\x13.g\x8c\x00c\x86\xa8\xe6Z\xc6\x03\x96\
\x16]\x0fPE\x91}\x84`\xb6\xc1\xe6\xde\xdf?\xb8\
\x170\xbe.\x91\xca\xfc>\x10\x0a\xc1\xfc\x0d\xff.\x18\
\x0a\xfd>\x18\x8c^\xa3\x19\xa1k4\xdd\xf8\xbd\xae\x85\
\xaeVU\xfd7`\xd8\xff\x95\x84\xc9U\x88\xd2\x9f\x11\
E\xdbF\x99\xcf\x7f\xdea\xed\xc6\x8b\x1c\x81\xc01\x22\
p\xd4\xc9u\x8c|\x04\x99@\xe0o\x8e@\xdd\xb3\x8b\
\x9af\xdc\xeb\xd9\xae/+\xaaR*\x97\xce\xe9=~\
$\xfe \x1a\x82e5xj\xb3\xdd\xde@\x14\x85\xf8\
\xbekkz\xb0\xf3\xe7W\x8by\xc2\xfe\xc5w/\x1e\
\x10\xec\xff\x9d\xfb\xe2\xfc\xb5\xe2>\x1cu0\xc1\x9d\xcd\
\x07\xcaI\xa0=\xadR\xb6\x1b\x11\xc27I\x82\x08\x86\
\x00\x0fG\xd2\x92e\xd4y\xbbf\xc3&\x05\xec(o\
Z\x17Bh\x15\xbeh\x85\x1b\x1aE2\xf5\xfd\x0c\xf5\
i\xe7-\x95,\x936\xf6ds\x9eP\x96\x8d\xce.\
\x8c\xd0\xdcm>c\xee\xee\xab\x92\x09zt\x8e\x82V\
\xa3(*\xa6\xd4KK~\xa0s\xf0\x9c#9\xe2\xcd\
6]\x0d\x8c\x10q\x8e5\xc2\xd4\x83\xfe\xd6\x11JC\
e\xdb)\x93\xd8\xa8\xef\xfa\xb6\xa2(\xb8\xd1l$%\
Y\xee;\x22\xb3E\x99\x9ee\x86Z\xedf\xbf\xa6\x1a\
\x04#\x09\xc0\xc0\xc0\x13\xad\xe6\x18#\xea\x81P,r\
\x901\xe8\x09\xc3\xbd\xbe\xef=~\xd3\xa6\xa7i\x9cX\
\x92\xe8\x89\xcdZ\xeddI\x92\xb1\x22+9x=\xf8\
\xa7\xd1\xd1\xed\xc7\xf4\xc6\x9c\x97_-PXq}\xc0\
\x937\x08j\x5c1N\x85\xd1\xdb\xf2\xd1D\xfa'\xb6\
\xdd\xb6\x0cC\x87j\xa5g\xa5\xe2\x89\xb7 $\x87}\
\xd7C\xe1h\xec\x90\xe3\xf8\x7f\x06\xdeK\x0e{*\xeb\
\xa84pP\xe5\x9c\x19\x5c\xb8\xbe\x09T\x0b\xfe|\xc9\
S\x02\xa77\xf2\xf9\xf3S\xe9\xde`\xa5Tl\x01\xaf\
\xafE\xa2\x89\x97\x9a>\xb9\x84\x99\xe6\xdbUO~\xaf\
J\xd5\xcbCJ\xe2\x1d^(\xf4\x16U\xd7>\xc4\x10\
\x1d\x87\xc3\x0c\x83&\xa3\xb5\x1c!\x12\x883\x87\x1aF\
I\x92\x12\xcb\xbf\xbe[\xab\x1cB\x97cD\x95\xb0\xe7\
\xba\x0ao1\xe0\xdc\x02-nA\xfe\xd0\xac\xe3\x18\x11\
I\x92\x10\x1c\x1a\x0d\x84\x95c\xfe3TO\x97%\xea\
{\x01$I\x18\xc1\xb4#\x12n.\xf9\xda\x08\xbb\x1d\
k\x1d\x8cC\xa7{\x8cu0\x9c\xadu\xe1\xca\xe5q\
\xee\x01\xcc\xff\xc0\x06\xcf=\x1d\xf1&I\x0a\x8c\x01'\
\xe1\xe4\x04!\x89`\xfe4\x1f\xb0\x8d\xeb\x08\x932\x82\
\xd3\x80,\x81C\xe8d\xb4y\xb32\x9f\x7f\xe4;\xbc\
\xf0pi\x17Lx\x8dH\xc0\xfb\xc8\xc4k\xe62D\
{l\xbb}\x1aQU\xd9\xb1\x9d&\xcc\x97?f\xf7\
o\xe7\x7f\xae\xbc\xac\xccv\xcfk\xa0?$R\xe9\xff\
-\xe5\xf2\xb9h$.[\xb6\xf5\xef\x88\xbaoTT\
\xed\xd9\xaajh\x8ei\xd9\xb6\xe5_\xdd\xc8\xa2\xda\xb2\
\xc2\xc7\xf4\xa8 \x98\xa3\x18cX\xf4`\xb9\xf1Y\xab\
Qm&\xba\xba\xbe\xd8\xc8*W#\xb4s^\x98Y\
\x83\x18w\x18\xe9\xccW\x1a\x95rS\x96e\xc40>\
\xd1t\xac\x8b\xc3\xbd[\xe0 \x88\xd6v\xdc\xd8\x08\xca\
7\x81Q\xc1Phm\xc2Ur0\xee\x8c\x1dF\xb3\
\xf7\x05\x8a\x98\x09\x07\x04VF\x9e\xe7\xcb\xb2\x8a\x1c\xc7\
\x8dF\x9af\xe7\xa0\xb4@s\x84\x88\xc2d\x1dQ\xbf\
[\xd1T\x02\xac}\x22+\x80\xdd\x86\x85y](\xec\
m\x07\x83\xa1\x9d\x96\xdb\xf6u\xc3\x88K\x8a\xb6\x15\x0d\
\x0di]]e\xcd\xf3\xdd'\x00\xee\xf0\xf6\xc6kA\
\xdd\xdb#\x91\x1a7\x12tj\xf3\x89;\x02\x86\xfb\x9c\
D0\xb1\xac\xfa\xe9\xbe\x84\xfay\x06u\xbc\x81Z\xb3\
\xd9\xe7S\x8c\x0c#t\xd0\xb3\xecq\x9e\xbeZ\x90\x88\
L0\xc6\x1c_\x10]\x82\x17\xd10\xa2\x90\xba\xac\xc8\
\x8eD\x10\x82\xc3m)\x12\x8a|\x22\xa9\xc7_\x15I\
d^\x15\xd3B\x97\x84c\xb1W\x07\x82\xc1W\x19\x18\
]\x12\xc0\xe4\x12$k\xaf\xc4\xb2\xf2JY\xf7^\x19\
\xc4\xfa\xab\x92\xba\xfcZ\x14\x0b\xbd\x11u\x0d^\x81\xec\
\xc9\xceo\x80\xfa-\xdf\x82\xf9Wg\xc8g\x0a\x0c,\
\x0cmWU\xaa\xab\x8b\xea];\xbaiRB2\x8a\
\x02\x81\x0c\x01ah\x17\xbf\xcf\x870\xf3ML\xf0\xb8\
cY\x9e\xaa\xe8\x92m\xbb\xeb\x09\x09\xc6\xe6\xf3\x8fv\
\x97\x98\x1f2\xadV@\x22\x0a\x0c\x13&\x840\xe2y\
6\x9e/G\x5c0\xfc`\xfe\xf9\x93\x8f*`\x00P\
5\xfdc\x9a\xa1\xbc@\x8f\xa8/\xd0\xc2\xca\x8b\x14#\
\xfc\x12I\xd7^Bd\xed\x02I5.P\x0c\xf6\x12\
\xd5\x08\xbc\xb8\x13\x82\xf8%\x8a\x8b_\x1c\xc4\xea\xf3Q\
\xbc\xff\xd5v\xb9\xebO\x8b\xe4}\xbe\x8a\xa3\xde}\x86\
\xa1\xd7\x0c\x96\x04\x06R\x8e(\xc6\x16H\xfaQ\x8b\x1d\
\x9d\x00\xac\x9b\x0c\xe6&\xb7\xf1\xc0\xdawt\xfa9\x0a\
\xcc\x0b@\x1c\x83\x83F!D\x10\x86\xc7\x05O\x18\x9b\
f\xbe\xdf\x06\xf5\x06\xd9\x96\x15Ud\xc2\xff\xf3\x9c%\
4\x0b\xc4\xcb\x22\x0aB\xbak\xd9\x03\x8a\xacAq\x0c\
\xab\xf22\x82\xb9G\x86\x14>\xd5\xa1\x05\xd0\x03\x8c\xa0\
'@>\x97\xb7\xec\x06\xa2\x074\xd0D c\xcb\xf2\
\xd6|\x04A\xc0\xdc1\x8c\x10\x86\x07\xb4\xe8\xd7Re\
5\xe80D\x0a>\xf5\xfdF\xbd\xe2\x82\xb1\xfb\xf7\x0c\
\x93W\xeb\x8av\x81\x1c\x09\xbc$\x18\xd4^\x1a\xd0\x82\
\x17\x06\xf4\xf0\x85\xba\xa1^h\x04\xd4\x97\x07\x82\xc6\xcb\
\x15\xd9\xb8(\x10\xd4^\x11\x91\xa4\x8b\xb5P\xec\xb5\xb1\
\xc1\x9e\xf7\xd5\x93\xde.\x84\x10u\x98m\x81\xa8M;\
\xae\xed\xd7\x1b\x15\x8f\x22zm\xbb\xd9x%\x18\xf6^\
\x86$\xfbB\x85\xe2W\xc8\x1e\xbd\x88(\xca\xcbeE\
\xb9\x90\x07U\xf7^\xa6\xeb\xec\xa5A\x8c_\x86\x15\xf5\
ej \xfe\xd2D\x7f\xcf\xab\xdb\xc5\xd4\xef9O\x08\
\x1d\x8f1\x86\xe6BG\xe0\x09\xf3\xb1\xc3h\xc1h\x04\
Ik{\xc60(\xb2H\xe2\xc5\xd7\xa6Z\x92\x03`\
\x93%\x09k=@;\xa0]\x08\x13h\x17\x91\xf8e\
i9\x15\xc1z\x89Z@\x86\xb0\xac\x845=pR\
*5m\xac\xc5nq\xfa\xd0PA\xf1=wHR\
U\xad\xb3'\x80\x90b\x17:\xb1\x98\xe8\xd8\xe3L\xf6\
g\xcb\x82\xf00\xcf\xb1\xadD\x22\xf9\xd3`8\xf4\x11\
#\x18\xfc@0\x14\xfd@2\x99\xfc\xdfT2\xf3\xa1\
\xde\xae\x9e\x8f\x0c\xf6\xf5\x7f\xc3j\xd5K\x8c\xfa\xac\xdd\
\xae+\xedVs\x80H\xaa\x0f\xd5Aq\xb8.\xf1\xdb\
\x98\xce_\xdc0\x06j\x92\xcd\x88D\xc7\xe3\xc9\xd0\xfb\
\xc3\xc1\xc8%\xc9\xa0qQ4\x1a~E0\x10y%\
\x0fF@\x7fE0\x18xE \x18z\x85\xaa\xca\xaf\
\xd0\x0c\xfd\xe2@\x18\xbf:*\x87^\xa5\x06\xd5K\x83\
\x98|\xb3>\x99\xa9/f\x9f\xcd\xeel\xe7\x0f\xddq\
W\xc4\xa8\x7f[6\xa47\x82\xd1\xefe\xbd]\xdd\xaf\
\xe8\xee\xedz\x97\xa6\xca?\xacV\x8awW\xab\xa5\xb6\
\xa1\x07\x95\xee\xee\xdeM\xc5\xfc\xccK]T=\x11x\
\x10;\xa48\x9a\xaa\x980\x9eX\x92$US\x94~\
Y6U\xc8;\x16\x8f\x19\xc6a\xd3\xe5?s\xcb\x98\
$\xcb\xb6\x8cesIA\xc2\x5c\x84)\x83Y\x8b1\
F\x8a\xeaK\xd2\x92\xfcU\x1e\x0c\x15\xcb\x12\xc6\xfc\xc8\
\x84\xc1!\x82@l\xd2\x99U(\x11b\x8cB&B\
@O\x18U\xf0\xaaD\x90\x18\x0e\xb7=\x89\xa0*\x85\
\x01\x03\xee\xc8v\xac\x90\xa2\xfb\xc7\xbc\x7f\x00\x8b%^\
QtO\x92d\x13*e\xf5z\xad\x1d\x0e\x85\xaf\x94\
\x88\xfe\x0aM\x8f\xbfT6\xb4\x97*\x01\xfd\xa5a9\
xa(\xaa\x5cHd\xfdBE'/\xd3\x82\xd2\x85\
\x1e1^.\xe9\xe4\x22)\xa8\xbcR\x09k\x17'\x02\
\xfa\xff\xd4s\x19~>]En\x96T)\x1e\x04\x02\
GE\x80\x1c\x95b\x0d\x02\x91,\x10\xf8{#\x102\
\xa5\x0a\xc2\xf87\xa6\xd9l\x81\x15\x0f\xb7\xab\xd5G\xb8\
\xaez\xde\xfc\xefY\xdd\xdf\xf6\xc5\x86\xb6F\xeb\xb5\xea\
\xb31\xc1\x01\xd8(\x10l\xaeyU\x92V\xbey!\
|{B`x\x81\xfd\x03\x1fu\x7fZh\x06(M\
\x98\x97\xe8$`D\x14\xd0\xde\xd02G=\x07\xc3\xc6\
(S\xca\x80\x14aB\x8e\xcc\xdf\x96\x90\xa9kZ\xc5\
\xf3<\xe6S\x04\xf3\x99\x9e\x84\xb6n=r\xa1\xc3u\
\xea>\xf5N\x84\x0a\x15^\x1e\x0e1\xd3X\xb3\x97l\
\xc8\xa0p2\xd0\x12\x19/B)\x05\xfe<6\x1b\x0a\
F\x83\x9f\x88\x0e\x80\x01\xcd\xc1\xe0L\xd3\xecS\x14\xd4\
\x03\xb9\xbc\xedp;\xa2'\x1es\x13\xb5J5-I\
2B>j\x03\x8b<B\x9d\xdf|\xa1\x08)\x87\xa0\
\xeb\x9d\xdf\x13\xf4\x5c?\x028<\x1e\x8c%\xc7\xa2h\
`\xdf\xf3Nu\x1d\xab\x8f\x10\x82!\x00k\x7f\xcd\xf6\
\xa8\x0ejF\xc3\xa1\xeb-8(\x1a\xban\xd8\xed\xfa\
3\x5c7\x9f\x18\x82\xb7\x9f\xcc\xb1\xb7BCb\xb6\xe3\
\xa0D:u\xa0i\xda\xfc\xe0\x8a\x1e\xa8\xab7\xa0$\
0\x84+\x88-F\x14u`\xe5\x8f\x8b\x03\xb5[\xf6\
\x9f\x8c@\xf0\x90\xed\xb9lz\xa6`\xdcy\xd7='\
\xe9\x9aA\x9a\xadF\x1b\xc4\xe2\x07\xb2\xd5^q\x88\xe7\
\xaf\xc8;L`\xb4\xe0\x0ez\x86D\xe0\xbe\xe0cC\
\x07\xc2\x8a\x8c\x9e\xa9\x85\xa2}\x8e\xed\x22=\x10\xb8\x13\
Q\xefS\xd9\xe1\xbf\xec\xae\x8d\xdfP\xc9\x82R8\x0a\
\x86N\x1e\x86\x87\xaf\xb6s{\xaei9\xa6Sw\x1d\
\xd7e\x80#\xc2\xa0o\xa3\x8eL.\xf0\xe4\x11F}\
\x0c\xf3\x85\x10\x82\xb0\xa1\xc1\xb1\x83\xa0\x13\x5c\xbd\x1d\xe4\
yG\x0b\x9b6\xedP\xa8\xef\xad\x83\xc3\x8c\xce<8\
PK\xd2\x0c%\x12Gi\xa1(\xccC\x09\xe4\x82{\
dZm\x8dP\x7f#d\x12\x08G\xf5\x94\xf9Q\xdb\
\xb62\xb2,aJ=\x07\xee3h\xef\xde\x85C\x0e\
0\x85\x0ea\x86\x10A\x18#\xbc\x90\xb1\x9c3\x9eM\
 @D\xb0$\xd1\x18\xd8\x80f\x93\x8exe\xc0\x15\
\x030\x00\x0e\xc6\x0c\x0a/\xa2\x06\xcbG\x85\xba\xecN\
\xc7\xb2=U\xd1\xa4z\xbdrJ\xaf\x15\xef^D\xb2\
v4}\x8f\xd1j7\x1f%\xc3\xebbh\x1aF\x84\
a\xcb\xbe\xdf6jB)\xcb\xf8\x9e\x1ff\x08zF\
\xb0\xe9S:\x86\x10\x88%\x5c\x96\xfbryG\xdd'\
\xceO\xe3\xe9\xf4w\x1b\xd5\xb2\xd3\xd5\xd3\x13\x91\x08\xbe\
T\x96\xe4\x7f\x87y\xa38\x965#!\xe7\x01\x192\
x]\x18i\x9d\xe9\xc0\xa0Q\xa6\xd9\xf6\x02\xa1\xe8\xcf\
m\xcb\xfe\xc1\x0a\xc3\xc8\xe4\xcd&\xa2\xd2O\x89\xa6\xfe\
\xbe\xd5l\xb8\xb1hRmW\xaa\xcf\x02\x98\x9f\x8d6\
m\xd28\xaf\xa3\x05\x0c\x0e)\x0c\xa0;\x1a\xe5\x8a|\
\x1cX\x9c\x04\xb2D$2\x81(\xb514\x00\xda\x93\
\xa2\x01\xc4\xc7\xf0XxcY1\xe2\x8e\xe7\x82QC\
\x958\x0fM\x96\xf9\xfa\xc7\x16UA\x01\xdb\xdb\x98\xef\
\x9b\x9an(\x8a\xaa<9\xe1\xa4\xd3\x8e\xa4$\xab\xd5\
\xdaF$\xc9\xe0\xe5\x19\xe4x\xbb\xf7\xee\xdd\xeb\xce\x97\
\xa3\x9e\xd3\x08\x85\x02\xf7\xc1\x9d\x22L\xba\x5c\xcaNC\
h+,\xb2\xde\xe3`\xccB +\x8eO\xfdk\xdd\
z\xb12_f\xf1]c\x14c\x8c\xf0l\x1a\xc4\xd0\
|\x1cu\x9c\xec\x93\x82\x22\xc9%\xc6<x\xa6!\x84\
\xe9\xbaX\xacT\x99\xdc\xfb\xfb\xf2\xd4\xd4\xad\xa5\xdc\xc1\
\x9b\xf2\xf9C;r\xf9\xfc\xdd\xb9\x5cnO\xbe\x91\xdd\
Y\xec\x84\xa9\xfbJ\xd5\xea\xee*\x189\x9b\xa8\xb0\xb7\
\x89r{\xf8\xcfo\xf8\xc0\x04\x0ef\xf5\x16F\xf2!\
\xc7\xb4]\x15N\x98\xd0\xc6!\x03\xa10\xcf;Z\x88\
\xd3\xa8N(\xd9(\xcbJg\xfc\x09\xb4\x1c\x13\x9b\xce\
\x97\xcbf7\xd8\x84\xe0\xbbAFM\xa0\xc1\xbeko\
\xd4$\xe9\xd4YL\xe6\xa9\xd6\xbc\xc3>\x85\x8fc`\
\xe8\xc5\x18Z(\xc1P\xf9>\x96ema\x9c,\x9b\
z`\xd0\xad\xf1O|\x01_\xc3\xf7\x9c!\xd5%\xf5\
\xea\xe8\xeejm\xfc\xaeJ\x030\xe1\xfdo\xce\xec*\
\xf0{c\xea\xbeR'\x0d\xd2y~\x150\xa9\xd5\xee\
\xaa\xa0\xcaN0n,\xf9*w\xcdF-\xcf\x80f\
!D\xd0B\x9b\x18\xd3\xf1r\x9a\x07\xfe\xcc(\x82\xbe\
3\xd8[\xa8\x84\x17\xea8:?\xd6i\x03\x06\xf0\x11\
\x9a\x8d\xcf\x97\x01\xe5\xa9()j\x0e\xa6;\x83\xc1\xd7\
\x19u\xcf\xd9\xb4i\x93:\x9f\x7f\xa4\xbb\xa6\xd3t\xa5\
R\xeaWU\x15X\x13\xbe\xfca\xa4\xd3N]\x8b\xcb\
\xa9\x8ca\x09\xb2\xa1\xe9\xbc\xf9\x98IXZ\x9c\xbf8\
\xce[\x07\x0d\x81\xa4\x15l mu\xcf\x08&h\x9e\
\x1c3\x82v\xc2R:G\xca\x9a\xf5\x96\xe7\xa3\xfb\x1c\
\xc7v\x82\x01]+\x15fN\xb0Zf\xed\xd0\xbd\xd7\
\x8dO\xed\xd9>95\xbcc2;r\xe3x'\x1c\
\xbcm\x22\x0b\x81\xa7\x95&o\x9e*\x8c\xde63\xc3\
e\x05\xe4\xa3:\xba\xbb\x0a{\x96\xc3\xd9\xd6\xe5v\x1b\
t\x91\xbb\xadv\xcb\x0a\x06\x0d\xa5R\xcc\x0dX\xc8\xaa\
\xf2\xf9\x96\xdd\xbf\xb3\x08{x\x91\x97\xeb\xcc=>\xff\
 \xe4\x0e\xee\xc9\xcf\x0c\xef*\xf0t.s5\xd8\xeb\
\xcb\xc3;\xc0 \xb4L\xce:3\x07F\x89\xcd\x0e/\
\x18\xd8:\xf3\x92\xd7{\xc4\x80\x09\xe5\xf9\x0c^\xab\xb1\
\xd5\xb7\x0e\x9e\xbd\x108\x5c\x04\xf6\xab\x85\x84\xa3D`\
\xec0\xc8\x07F\x18cI\x22d\x099\x91jH\x0e\
\xe4|\xcf\x03]=\x10T\x15r^\x006\xa8%4\
k<4Y#n\xda\xe6#\x03F\xc0 \x9c-\x86\
F\x11\xaf\xd3\x975\x8a\x1c1\xd9\x07\xc5\x04\x9a\x08S\
\xc4C\x8e\xebT\xa9o}\xa5\x89\xe5O\xb4\xe4\xd0g\
Z\xb2\xf19\xcdc\x9fS\x1c\xf7\xb3N\xbd\xfe\xc9v\
\xbb\xfd\xfet&\xf3s\xc7l\xfa\xa1PP\x99\x9c8\
\xf4\x04I\xf6\xce\x5c\xa3\x02\x06\x9a}\x01Q\xdfVU\
\x05\xe7s\xd3\xf1v\xada\x8cd\xbc\xec(\xc8\xc9\xe4\
\xfe\x9b\xa7:2\xd4\x91\xa5\x9d\xe3\xf3rT\x9c\xd8\x95\
\xe5r\xc4\xc7\x9f\xaf\xc9\xf5\xc9\xbd\xe5bq_\x03\xa1\
e\xe3>[)\x83\xfd\xc3\xe1r2=v\xc7}S\
c;\xff\xac\xb1\xc8w%#\xfa\x8e\x9e\xdeu\xafO\
&3W\xd5\xea\xd5\xb6\x22\xeb\x18V\x82\xe3\x19\x96\x1f\
;44\xa4\x86l\xc5\x0d\x06\x8c\x82\xeb:L&\x8a\
\x821=\x9d\x04\x83\xc7\xb4f\xc3\x19MF\x0c\xad\xa7\
\xbe\xaf\xfa\x941\x88\xcf8\x0a\x02\xb9\x9cm\x10\x5cA\
\xedDm\xc8`\x80+\xf2\x99o\x10$\x1d\xf5E\x9b\
L\xa8\x0a\x12\x9c\x94e\x99\xc0`\x00\x1b\xe0\xcc\xaf\xcb\
\x82$I\x1d\x99\xea\xacf\x0ca\x84(\x84eDs\
\x8f\xc3\xc3gz\x98\xc8\x13\x94\xfa\x0e\xc2\x98Y\xa6\x15\
Q$\xe58\xc8^*\x8f\x90p,\xde\xa1~\x1b\x13\
\x9c\xf7\x99GuE6\xdaf\xf3\x04\x98\xc7\xb5\xfd;\
\x7fU\x9c\xdc{s\x99\x87\xe1\xe1\xeb\x0b\x07\xf7\xdc\x94\
\x9f\x9f\xdbS\xf7\xddZ\xaaO\xde\x5c\xae\x8e\xee\xaeV\
Fv\xd6x(\xae=\x9e\xc7\xd2\x0cA#\x10X\x82\
\xc0\x03\x12\xe6%\x1c\xc4\x83@\xe0\xef\x84\xc0\xe8\xe8v\
\x1bc\xfa{P\x16\x0e\xf1\x85_\x09\x87\xd2\x8e\xdd~\
e\xa6\x198\x09\x9a\xb4\xe6\xe2\x0ey+\xfd\xd0\x90\x8e\
\xbc\xd6\x13+\xb9\xe9'(r\x00;\xed\xa6\x0bop\
\xaem[\xde\xccR\xe2\xf3\x81/\xc1\x08#\x04\xbb\x14\
\x82\x8d\x0abK)\xd6|\x02m\xb4S\x00\xf4F\xce\
\x81Qi\xc5\xfcKCaB$\x19C\x0e\xef\x13(\
\x00\x84\x05\xfc5\xeb \xd4m\x22L\xee\x86\x0d\x99\xf2\
\x0d\xb0^\xad\x9e\xdc7\xd3\xe6_I\x00\xa7#{O\
\xb2S\xb5j\xe5\x91`\x04T\x98\x07\x1a\x15\xc6\xbbQ\
\x15Yh\xcey\x9e\x89\xd1\x22\xf5\x08\xda\x84)u\xf0\
\x5c6B;w\xba\xf0p7\x91p\x9d\x10\x82\xa1\x0d\
]\x86B\xce\x1e\x1a\xda:\xa7Z\xa25]*uB\
\x10\x13|\xae\xe3{i\x86\xa0\xb3\xaa\x02J\x05\x99\x82\
\x02\x0c\x02RT4\xad(\xda}\xb6m{\xf0\xa6S\
\xaf\xd6*\xff\xaf\xcf\x8dm\x86< \x86\xeb\x1a\xbe\xab\
\xeb\xb4t\xbd^\xffoEUc\xd0$\xcc\x1d\xf3\x99\
\xb4\x069\xe22\xe4\xb4\xed\xed>\xa5eE\x91q\xa1\
P8\xa1\xd66\xbb\x0a\xad|\xac\xde\xa8=Y\xd55\
\xc5\xf5\x1c\x17T\xc5\xdfe\xc3\x0d8\xac\xad\xc5\xe9\xe8\
\xe9\x11 \xe1\xca\x07\xe9\xf4\x10A\xaf\x97~a\x02\xd9\
\x1d?\xe3y\xa3\x18\xcb\xdfl\xc3\x81\x02T\x14\x8c\x08\
&\x5c\xe1\xa5R\xdeF.\x00\x00\x10\x00IDAT\
\xbe\xbf\xdfc\xde\xcf\xe0\x80\xcd\x0f\xd1h\xb1\xe3\x07x\
\x04:\x15O\x93@\xc8\x14YZ\x82\x13q\x94\xb0\xaa\
\xe0G\x07\x02\x01\xd5\xb5-\x16\x89F\x0e\xe4\x94r\x16\
\xe8\xe7Z\x03\xb1U\xbc\xc7\x05\x00#\xe0\x08\x12+K\
\x10C+\x1c\x91 \x0f\x11\xa4\xeb\x01\xd5\xb3\xcc-:\
\x0ep\x83\xf0\x0a\xba\xe5\x09\xbe\xee\xc4j\x8d\xda\xd9\xf0\
\x06;hY\xa6\xab\x18\xda\xbdv\xb9\x0a\x0a\xebaJ\
\x98c\x92D8\x7fh\x02\xc2\xb2\xe3\xb4\x1f\xbf\xf4w\
\x1d\x0f\xd3.\x89m\xdd*k\x92v\xaae\x9a=\x04\
\x83\x1d\x84\xa2\x86\x22\xc9\xfcw\xd5\xe8\x12\xba\xb9\x07\xde\
1\xa0\x9a{Zq\xe3\xd9\x90\x88\x11\x91\x90\xcc\xa8\x87\
\xd119\x8a\x81\x10\xf3y\x8c\x18\xc5\xa3\x8b\xca\xd4'\
\xb5\xbaC\xd9\xaf\xdbf\xa3\x092\x86\x1b\xad\xc6Iz\
\xc8\xf8\x8f\xae\xd3\x9erTC*\x08\xe4Fd\xb6\xfe\
-\x18\x0a\x1b\x88\x9fo;=bx\x11\xfbc\x8a\xc2\
\xcb\x03\xc3a~GN0F\x98b_:RAn\
\xb8\x00\x0d\xfek\xba\xaemo\xd6\x1a`\xb4\x09\x04\xa0\
\xea\x80\x0d\xef\x0ft]\xdd\x15TB\xc3G*\x7f\xe4\
<\x07!\x0ck*x\xcb\xb2k\xaei}\xabU\xd8\
\x9bC\xab8\xb3tg6\x14\x8e}\xc2k5\x0fz\
\x9e\x83\x82\xf1D\xbcY\xab\xbf\x22f\xc6\x8f\xba\xeeS\
^\x07\x04\xc4d~]\x85\xfb\xb2$\xc6q\xe5\xa4\x04\
AY>\x96\xfca\x9e\x88\x82\xd8\x1fB\x18\xd71\x86\
\xa5\xd2\xa7\xe9\x80\x1ex\x1c\x1a\x1a\xd2\xe6\x09\xd6\xbao\
\xda\xf44\xd5\xf7\xdd\xd3\x1d\xdb\xe9\xc6DFp\x96j\
`B\xf8\x9f\x03\x02\xa4\x87K1\x15\x8f\x18F\xa8\x8c\
\xc1\xb5[\xcd\x0d\xb2\x82\xfbA\x9e\x1eI=/\xe9\xb9\
\x94\x1a\xc1\xc0}V\x9d.\x99\xc7\xb5\xb4\xda\xc4X\xfa\
\x93mY\x96\xae\xe9`&!O\xee\xea*'\x90\xe7\
=^\xd75\x95zn\x8d1\xf2\x070\xca\xad\xfc\x11\
\xd0\xf9\xaa1X}\x18C\x0cQ\x08\x1c\x83\xf9\x0c\x84\
\xe0TX$\x8a\xba\x0b\x0e\xb5N@\xd7\xc30w\xcf\
\xca\x99\xea\xb1\x1d\x02\x0f\xb3Y\x12+\xae\x0bY\xb0f\
\xefi\x9b-SSUR\xadU79>\x1a\x04\xa2\
\xc5x\xc3\xe3J\xaf3-\xe68\xd6\xd9z \x08F\
%N\xceW\xd9\xc5t\xdb|\x0c\xa6\x1a\xe8\x08\xc8\x13\
C\x92\xa2\xc7 \xfe\x9c\x9e\xf5\x0e\xff\xda\x9c\x17XL\
\xbc$\x1e\xee{t\x1c\x0e\xed\xffa\x84\xc3)\xc0\x14\
\xc10`\xb8\xb0Qy\x92\xcd\x13\x1a\xbem\xca\x8a\xb2\
\x0f\xda@\x03\x81\xa0B=\xff\xb1\x9eg\x85\xe6\xf3\xff\
fw\x18/\x84\x11\x22X\x22\x8cy\x9dy\xfdW\xab\
\x9bb\x84\xb1\x84\x88O0r\x16\xe9\x00kT\xc0`\
\xbd\xc3\x18ap\x9d\x0b\x01\xb7\x84TGUUVo\
\xb3ZmG\x0b\x04\xe4\xfc\xcc\xf4\xd6\xba\x19>\x11\xa1\
\xf3\xa5%t\xcb\x1ez{\xb7\x04\x9a\x8d\xe6\x93\xa9\xe7\
\xf50\x18\xd4Y\xfe\x08/#\x9b}T(dc\x9e\
\x87\xb9\x93\x00\x98\xd9\x8c\xa5W\x8c\x11\x03\x870t\x0d\
aL\x96\xe6\xae\xfeDi\x0c\x13\x8c%\x10\x02L\x88\
\x841\xc3K\xca\x15\x8b=\xa6,\xab\xbbm\xb0\xdc\xa9\
\x86&\x95\xca\xa5\x13#\xc9\xc8\xe9[\xb6l9\xc26\
\xb3z]\x0b\xa9\xa3\xa3\x0e\xc8\xed.\xcf\xb1\x1b\x8a\xa4\
\x90j\xa5\xb2^\xb6\xa5\x0d\x90\xcf\xfb\x08\xb7\x07\xe9\x19\
\x01>\x04A_\x10\xf2e\xe8\xda\xd1\xf8]>G \
\x01\x80P\x94\xf15\x83Bd.y\xd1mi*Y\
\x94\xb3v4\x08;!!\xbcM@\x83\x11\xc4\xf8F\
\xce\xf5o4\xeb\x8a\xa7\xb5C\x89\xe8\x9d\xa0\xf3\xbbF\
0\x22\xd7\xeb\xd5G\x07B\xc6Y\x08\xf6\xfeY\x82\xd5\
\xaf\x5c\x860Q\x1eg\x9b\xf6\x19\x12\x91`\xf00\xf4\
\x19Q\x07\x93c\xe8\xf3\xea<\xb1\xcf|L\xd9ly\
\xcc\x90e\xbb\x1e\x82\x17\xac\x88\xbf\xbc\x82\x90\x858\x0f\
\xb9\xdc\x9e\xd6\xc4\xbe\x1b\xb3\xbeG\xbf\x81\x08\x1b\xf3\x1c\
\x8fi\x9a\x9e\x00]\xf39\xb1\xa13b\xabpg\xc8\
\xa5\xd3\x08\xa3*c\x14\x96p?e;\xde\xd9\xa9\xbb\
\x8f\xed\x0b\xc8U\xf8\x1d-\x89\xf7\x81\x8e\x8en\xb7r\
\xf0R'\x19l\xdf$)\xf8\xb3\xb1Xl\x9f\xe5\xb4\
\x99\x1e\x0c\x06`78\x19\xa1\x98>:\x84<XK\
\xefc\xd4\xa7\x8a\xa6H\xb5R\xf9T\xc6X\xe7+\xf4\
\xa3U\xd27#EZ\xed\xc6\xd9\xaa\xaa\x19\x96\xddv\
}\x86vS\xdf]\xac\xfb1\xc4p\x9d1D\x09!\
\xa8\xd9h\x190\xdb\x92G\xe3K\xb1\x1e6[\xad^\
\x09\x86\x15\x84\x12a\xbcz\x09\x89\xcd\xc9\x15dc\x82\
\xb1\x22C\xaf \xbe\xba\xdf\xe63F\xc7\x15U\xa91\
J\x91,\xc9Q\xb0Nn\xed\xef?g\xb5\xf1Z\xce\
\x82\xc0^\xcf\xf5\x81\x05\xa1o\x13\xa9\x09\xea\xf9\x1e\xab\
m\xda\x9aa(\x85|\xee\x14b\xda|/Z^V\
<\x0b\x04\xfef\x08,\x08\xe8\xdf\xacFQ\x91@\xe0\
\xaf\x87\x00+\x92\xf2X\x22\x9d\xfa\x95\xd5\xae\xbb\xba\x1e\
\x90@!8\x87P\xef\x92\xc4\xc6G\xf1Mi\x8d\xad\
`E\x03H\xd4\xcf\x9c\xe2\xda\xe6\xdb\xf4p\xb4\x07\xf6\
\x06\xe4X\xe6$#\xec\xbb\xf06\xa6\xba\x82\xba\x930\
\xbb\xcd`p\x08\x1d\xdb\xc1\x92I\x94`FfK#\
\x88\xaer \x85\x03\x22p\x9cU+(&\x88\xc8\x92\
\xae\xba\x92\xd4)\xb4\xca%\x1bF5\xcb\xa3W\xdb\xae\
\xdd \xb0\xa3\xd5\xea\x95\xe3\x11\x93\xcf\x83\xb7\xec|\x03\
Z\xa5\xc4l\x12ld\x06\xd1\x8d\xf3L\xd3<\x81\x10\
\x19C\xbdMD\xd0-\xa3\xa3\xdb\xe1T>K\xe3y\
6\x864\xd8SY' \x8aV\xe0i{\xec@ \
\x189h\xc1\xdbAIQ\x0c\xd3i?\xd3\x97\x9d\xa3\
ml\x98\x06\x22\x83\xb6e>'\x14\x0aE]\xd7e\
\xc1px\x7f;V+\xa39W\x0c\x9a%E\xd5\x7f\
\xd6\xaaV\xeb\xaaa`\xd7\xb6\xcf\xc4\xcc\x7fm\xff\xc6\
s\xd6T~3\xebO\xe9\xa2\x9a\xf2\xd2f\xab\xfe\xe4\
\x80\x11\x94\x18h\x12\x9c\x1da\x00$\x8f\xac\x1e\xb89\
\xe4\x90\xa1\xeb\xf7\xb9\x9e\x03=\xc4Q\xd0\xb8\xb7\xc8\xb2\
\xdc[+\x94\xd6\xc1\x1d\xeb\x9a6\xedx\xf4O\xdc\xf8\
\xb9:\x8bcKeA0\xeab\x8495C>\xbf\
\xad\x1e@q\xf4]\xe7*Y\x92\xc6=\xcfC\x08\x94\
L\xdfm\xb1H4\xf1\xa7\xc6\x94;\xbaZ!\x18\xa1\
\x0e\xdf\xd9<.[K\x0d;\xb2DU\x80#\x02\xe2\
\x87)P\x82@\x1d\xa1\x01\x1d.\xd8WH\xd8\xb2m\
\x1d\x14+\x840F\x80'\x94DK\x1cc\x1d)E\
\x84\x10\xa4(2\xb6m\xe78F\xf0\xbfl\xda4\xfb\
\xa7\xd6h\x0d\x07\x87\x22\x05!rz\xa3V~\x9c\xae\
\x1b\xba\xe3\xda\xcd\x80n\xec\x02\x85\xd9Z\x5c\x04\xd8\xca\
\x08#\x0c\x0ei\x9a\x81s\xb9\xdcY\x1a\xf5\xb7\x1c\xf5\
\xd08A{\x5c\xd7\xfa/P\xb6\x92\x0c\x1c(\x9d\xa3\
\x04\xe1\xdcb\xde\xc8!\x5c\xf1\xe5aI\xf2\xf2\x07(\
\x07\xd53L`a D\x96A\xf9\xc5\xcbi\x96?\
\xc3|\xc2\x04\x13\x99\x97\x81\xc2\xb3\x1dXB\xb4\xddS\
$z\x1d\x80:\xca\xa8\x87\x8c@(\xd8\xa8\x96^\xad\
3\xef\xf1G8\xcc\xe0@\xea\xa4\x1e\xd74/\x96B\
\xa1S\x14E#\xb3\x0d\x99\xbb-\xe1\x7f\x0c\x0f\x8c\xb6\
\xa4\xb9\xdf\x86\xf2=OW\xb1\xb4ai\xdd+y\x14\
&7\x1e\x22\x92\xf6>0\xbcLx\xae?g\x1c\xc3\
~,\x91\xbckr\xf2f{e\x89cL\xc1\x84r\
9\xc7\x08#J=\xcb\xf6\xbd\x12\x94\x5cklX\x1d\
kw\xc6\xba\xfa\xbe\xd1\xac\xd7\xda\xaa\xaab\x9f\xba\xa7\
x\xbe\xf3\xcaP\xf7\x99)(\xb7\xc2c\x0f/\xe1\xc5\
\x18%+\x88VK\x80c\xfeB2\x1fH\xa6\xe1\x85\
g\x88\x04\xa97\xa3\x85\x82\xe3\xae\xe3\x22=\x10\x08!\
\xe6?'CS\xbd\x90uD\xdf\xf2k\xdd\xedv\xe3\
9\xba\x11\x08S87\xc6bqx\x11\xe2.{\xf1\
\x84\x90\xdcv+\x8a\xa6\xde\xe9y\x9eo;\xbe\x01c\
~\x96\x110\x9e&\xa9\xc1 \xcc5\x07\x96\xdc\xdb\xca\
\xe5\xc1\xd6\x92\xca\xe0%\x0dc\xf8vH+I \x82\
\xb0v>\x02\x05\xb5Sm\xdb<\x11d\x12\xeb\xba\x9e\
%\x04\xf1/\xde)\xd0\xac\xf0\x8cR\x8c\x09\xeb\xf4S\
B\x18#\xb6T\xber{\xae1UE\xfb#\x18r\
\x1az0\xa4\x94K\x85s\x08\xd6\x8fj\x88\xedT\xb4\
e\x8b\xc2\xf7\x1e\x88\x13\x08\x87\xfd\xce\x9d\x1eQ\x95\xdb\
\x98mW\x084\xces\xbd\x1e\xd8\x05\x9f\x00\x07w\xe3\
0\xd1\xaa1\xe2S\xf6\x08\xc7j\x9d\x06m\x92xY\
X7\x11\x82\x93#Z\xe4(q'B\xd1\xf0\x8df\
\xab\xe9\x07\x02\x01R,\xe4\x9e\x04\xb8>/\xb3\xfe\xac\
\x0c\x90u\xfa\x0a\xf7\xa5~\xd3&\x0d\xbb\xceS]\xc7\
~f$\x141(\x9d\x85\x0b\xee\xb3\x919\xeaBa\
o\x9b\xf9\xfev\xe6{mU\xd5I\xa1\x98;\x95\x05\
\xf4\xb3 {i\x1f!a\x15\x8f\xd1\xd0\xecop\xad\
\x92w\xff\x92\xb0\x04\xf4\x04I\x12\x96\x99\xaa\x1cK\xdd\
@\x7f\x14\x0f6\x0e\xc4fi0\xe60\xcd\xca\xc5l\
\xca\x11\xae\x94\x82\xdc\x80\x141^\x98\x11\xc2\x90\x84L\
x\xb98W\xa4:z\x5cC5\x02?\xb7\xea\xd5\x02\
\xec\xb1\x08#|\xaa\x83\xd1\xa5\xa9\xf5\x876\x01\x09\x86\
\xb0\xd2o\xde\xac:\x8a|V5?\xf3\xe2X\x22\x11\
\x85\xb1\xc6\xe0\x10\xc8\xf4\xaa}eL\x01>\x12\x04\xd8\
B\x81\x10Z.\xafdz8\x85\x13\x025aQ\xd8\
\xa7\x0f'\xaf\x1ac\x0c\x16\x14\x8cf\xff\x96\x1e(`\
\x99\x90\x10jp\x16\xf0\xc4\xfdv\x90g\xb2\x1by~\
\x1e\xda\x09\x10\xe2.\xab\xd9zv\xcd\x0dw\xf1\xdc\xa3\
\x042\xf7W\x10d\x19\x1d\xa5\xc8\xbb\x0fKr\x16d\
\x10aB\xfa\x19r\xff_\x22\xb1\xe9X\x0c\xf1\x04\x0d\
\xc1\x0bo\xc4\xbf\x10^\xc6\x15\x1e\x19S1\x86Q\x80\
(\xc2\x98\xf0\xdb1\x05I\x02Ty\xef0t\x1f\x86\
\x9a\xe90\xee\xab\x94\xe4\x18\xf0d\xcc\x807x\x1e?\
\x96\xc0\x10\x06}\x05#$I\x04\x11\xa2\x22T\xc0\x87\
\xcbm\xf3\x15M\xbb\xd6l[y.f b\x89b\
\xa9\xf0\xc2\xa1<:\x05m]\xbd\x9f\x1d\xbd8\xa4?\
\xa2^-\xbf:\x1c\x89t\x81\xc1\x16s\xe7\xf9\xbe\x8f\
\xb1D\x0f\xf3\xbe\x9f1\x8c;@0h\x88\x04\x9d\xc4\
D:\xa2~Uw\xcd\xbd\xe1P\xec\xab`\x04lh\
\x9aN\xea\x95\xea\xe3A!\x7f\x22B+\xdb\xad2\xb9\
\xac\x06C\xc3\x8em\xf9\x81PX/\xd7\xcaO\xd6B\
\x91\x8d\xd0\xc2EX\xc0\xd3j~+\xf0\xe3a\xb5<\
\x84\x8eZ~'\xec%\xb6\xedO\x07\x82\xc1\xac\xeb\xba\
\x80\x0f!\xd0\xd3\x84%c\x05m\x87w\xe8\xbew3\
\x0c\x0d\x7f\xf9\x84j\xf5fF&\xec\xc9]\xa7\x9d\x06\
f\x5c\xb4\xa6\xe3c\xe0\xe8\xd2\xa3\x1a\xf5\xda\xb9\x9a\xa6\
)N\xab\xd5\x94d\xf5\xfajRZ\xb2\x8f\x11$\x17\
`\xe7\x81\xd3\x0f,\x1d\x96\x1d\x90d\x99\x7f=I\xd0\
Z\x0e\xfa)I\xf4\x94j\xbd\x96!\x84\x80j\xc5\x87\
\x00\xb3U\xc9%\x84\xa1\xf3\x98\x8f\x17\x10\x82\x97\xe1q\
U\xca\xf9\xc4\x5c$\x1c\xde\x07\x86x\xaa\x05\x83j\xdb\
j>\x05G\x08\x18E\xd1\xda\xedA\x08\xaf;\xe9q\
]mT~\xea\xfa\x93\x1f{j\x7f\xff9|/\xc3\
\xb9=Q\x8b\x10\xf9\xcf\x94z\x15EVq\xb3\xd1<\
\x0eK\xd2\xe36\xc3\xfa\x86\x8e\xee\xc8\x1c\xdd\xd1\xda{\
tN\x82B \xb0\x08\x81#\x09\xf2\x222\x11\x15\x08\
<D\x11\x18\x1e\xb6%E\xbb\x0a\x11r7\x1cv\xbc\
H\x22\xad\xcfLg\x9f\x1b\xd2\x82o\xec=\xe11\xc7\
#\xd8 \x8e\xd4\xf2\xa1\xa1\xadz\xef\xa6\xc7\x9fN=\
\xf7\x9d\xa0\x10\x9c\x1e\x09G\xa5F\xbd\xec'3=W\
\x1b\xb6\xcf\x7f\x8f\x016@\xb4\xc8\x15`\x03\xc1\x9dy\
\x03\x11\x9e\x0eo\xe1\xb9\x1e\xc0\xa3G\x0e\x12\xbc9E\
\xb0\x84SP\x18\xf8\x9d1\xda\xe1\xb3\xb8TU\x0bR\
\xcah\x13l,T\x92$l\x99v\x92*2\xff\xa8\
l1\xd9\xe18l\xd6\x98\xf9\x7f\x01\xa5\xe6\xa0\xeb\xda\
H\xd3\x83i0\xb2]\xe2\x18\x03\xfcG\xf5W\xf0\xe7\
\x057\x81\xa1\x06\x87\x8dGU\x8a\xc5\x97\xc1\x8b\xb9\x84\
\xe38LV\xd4\xbb\x18\x96\xeeC\xa07s\x1a\x1e\xf8\
W\x80\x98a\xae@C\xab!\x05#\xe2\xc6\xc2Kx\
&\xd4R-\x18\x8a\xfc\xde\xb5,[\xd3\x03df&\
\xf7H\xaci\xff98\xf8\xd88Z\xdd\x91\xd4\xba-\
\xdd\x9a\xa1<\xb7\xd52O\xd7\xf5\xa0\xe48\x96\x1d\x8a\
\xc4\xaeG\xc3\xc3\xceB\x91\xbd{!\x8e\xafA\x08\xdf\
\xe7Z6\x8a'Rzn&\xf7_\x8c\xe0w\x0c\x9d\
\xf4\x98\xb3`cMt6E8\x5c\xa6\xd3\x9bC=\
\xc7\x9d}\x92,\x85__\xc8\xcf\x5c\x96L\xf7\xc4\x01\
\xbfN\x9b)b\x88\xc8\xd2\x926\xa3e\xae\xcc\x94\xb2\
\xa2(\xdb\xe1\xa0h\x05\x83\xe1\x80,i\xcf\xf4}\xf4\
L$\xcb\x89v\xab\xe91\x9f\xfd1_-\xf0?\xa1\
\x5cV\xf2\x81=\xc2\xf03\x0c*\x8a\x8c1\xe6\x18\xaf\
\xc6\xa5\x96\xf2'3\xe9\xee\xeb\xecv\x0b\xce\xba\x1e\x83\
\x0e\x14\xc3\x01\xe3\x97\x08q\x5cV)\xa1\xaa\x08\x14\x8a\
\x85\x0cIR%x\xe8`\x00w$\xc9\x9a\x07\xf5r\
e\x8b\xc9\xb2\x8c[\xb6\xd5\x1fnG\xd7<D\x0c\x9d\
\xb15\xea\xbb\xe6\xbf\xb8\x8e\x93\xc1\x18sqE\x88\xad\
.\xe7\x14\xd2)\xa5\x08\x80\xc6\x80\x9f\x91\xcbM\xbf\x80\
i\xce\xb9\x9d\xf1A\xab8\x18\xb3\x99\x86\xb1\xb9V)\
\xbe\x92!\xdc\xcf\xe0\x02\x98O\xb9\x9e\xbf\x1b\xa8\x81\x11\
\x5cg=&\x8c@\xed\x08y\x8c\x22,+\xd80\x8c\
\xf5\xcc\xf3\xfeg\xc3\xa9\xb9\xcd@\x82!,\xf7x\x10\
dO\x0f(\xe7\xd7\x1b\xd5\xa7F#1\xb5\xd9\xa8;\
\xc1H\xf8fdY\xc5%\xc4*](\x0f}`K\
\xf2\x16?\x90\xd9\xee#\x84\xb1\xa2\x10\x95z\x06AG\
q\xa0\xe8ap\x12\xc5\x18\xcc\xbe\x0c\x11X2\x86\x96\
\x95)M\x1e?\xd3\x95\xee\xf9\x99\xd9\xa8\xd9\xaa\xaa\xe3\
\xb6e\xafoV\xca\xff\xbb\xa9(=\xb7\xe7\xa4s\xd7\
\x81!$\x80\x00\xabM0_\xc3\xbd[R\xf1\xc1G\
\x9ek\xd9\xfe\xfb\x91L\x9e\x13\x0e\xc7\x02\x08\x11D\x11\
FH\x22LC\xfa2\xeeG}\x84\xa6\xe1<\xc1\xa8\
\xcc\xc0I\xaa\x16t\xa9\xfb\x84\x8dEz\xc4\xaf:7\
mj\xcaF0d\xe8\xba\xe1#X\x00\x19\xf4\x0b\xcb\
\xb2\xe4y\xf4\xcc\xae\x8d\xe7\xaej\x88;jK\x80\x00\
&;\xc7\x9f1\x9f\x22\xe4S\x8a\xb1\xcb\x9f!g\x0d\
?y\xb3)a\xef\xca@0\xfc\x87v\xbb\xee\xc6\x13\
i\xad\xd9\xa8\x9do\x04\xd4\x7f[\xed\xcf\x85\x99,a\
\x0c\xb3\x8ep\xae\x94\xc1\xd4>\xf2\x9a\xb0\xa4V\xccA\
F\x88`\x8c\x97\xa4\xc3C\xb9<\xdc\x8c\xc7S\xd7\xb9\
V\xdb\xd5\x8d\x00)\xd7\xaa\x8f\x96\x0c\xfd\x19]k\x1f\
\x88pt\xf0\xd4\xb8\xcd\xfc\x7foT\xca\x8f\x05 \xe5\
\x96\xd9\xb0\x01\xd3?j\x9e\x5c\x03\x96K\xfcL\xc2\xae\
\xc1\x98_\xdd6\xad\x16Q\x149\x16\x8d\x5c\x10\x0d\x85\
\x9e\xae\xeb\xba\x0aBX\x97\x98\xbc\x03\xa1m\xfe\x92B\
\xf0\xe0Q4\xad\x07\x8c\x03\xae\xeb2YQ7E\xc2\
\xc9\xcb4]\xcf\xf8\xbe\x8d\xe0P\xb3_uI\x1d\xc8\
V\xf5\x8cQL\xe0\x1f\xcfd09\x098\x88/\xee\
;\x05Y\xb9\x0dQ:\xe2\xfb\x1e\x90\xb0\x81Z\xb9\xfc\
\xa2D\xdfi\xfc%\xd0b:(\xb6\xe0q|\xc3\x96\
h|\xda}j\xc1\xac\xbc\xbc{\xf0Q'!\xb4\xe4\
+0\xc6<y\x18\xeb\xc1\xbd\xadV\xcb\x0fE\xe2\xfa\
Ln\xea|W#\x8f\xe4s`\x81\xcb\xe2\x08\xcc\x8d\
\x9eug\x9f\x00\xc6\xb7\x97\xca\xba\x91\xc2\x92\x8c\x11\x91\
\x10\xc2dE\x1bj\xe3'\xd6\x03F\xe4'f\xad2\
I\xa9\x8f\xe2\xa9tjff\xe2\xd2P0\xf2\xba\xf5\
\xc7\x9fw\xda\xd0\xd0\xd6Xg\xbd\x02\x9e]]\xa7\x05\
\xd3\x1b\xcf\xd9\x94t\x12\xaf\xa8\x17so\x8d&2\x19\
\xbf#\x02\x14\xf1\x1bA\x12C*\xffk44\xef\x80\
%\xdd\x05{\xf0\xfe\xb6m\xd2P$\xda\xd5lV_\
\x9bY\xff\xe8S\x81\x00\x86\x09\xae\xaby\xa8+9t\
\xce\x09h\xe6\xe0\xf3`O\xe4\xf3nE\xbbW+\xb6\
Z\x1a\x91\xb8\xe1\x8b\xb7\x0e!\x09I\x18\x16)\xb2\x1a\
\xdd\xfdMc0\x15\x09\xc1x\xae\x1c&2>F\xbe\
\x01\x84%\x98r\x04\xc3\xbc!\x10W\x94\xa5_\x14n\
\xf3%K\xdb\x81t0\xe64[n\x22\x95\x09\xb4\xab\
\xd5\xe72\x8a\xfe\xa7w\xe3\xd9\xe7r<:\xeb\x1f\x18\
dS\xa9\x13\xc2\xd1\xae\xd3\xd6\xc7\xeb\xfa\xf9\xc5\xf1\xf1\
$)\x84\x0c\x00\x00\x10\x00IDAT\x0f\xc4\x92\xc9\
\xcd\x04\xf3M\x1d#\xc6[\x06u\x18h\xa5\x03\xc1\xc4\
Lb|\x95\x82L\x8c`\xees]\x06-w\x18\xba\
\x84a]\xe0V'B$\xceq9\xc9\x8ag\x16\xf5\
1\xc2H\xc1\xe0f3\x99\x846\x1f6v\xf24&\
\xcb\xd9@4~G\xbb\xd9\xf4\xe1e\xa7:66\xf2\
\xffL\xdb\xfd7>\x0fx\xfe\xeaa\x8b\x12\xeb=\xfd\
te\xc2z!\xbf\xcf\x19\x05\x17H\xcd\xb0S\x0aG\
\xa37\xb7L\xd3\x0dE\x13\xc1R\xa5\xfc<\x14\x8a\x9d\
\x85@\x96\x16\x88\x96G6oV\xa3=\xa7\x9d\x81r\
\xfekB]\xe5\xc7\xaf\xb6>\x22F1\x22h\xd6\x11\
\x8ceB\xe6\x9ff\xd3\xd6\xbcJ0\x08\x08\x01\xd6\x08\
 \x84\xc8\xd2\x97%\xbc\x18\x03C#\x81}|6\x0e\
T\x0cc\x1e?Z`\xd0&h\x0a\xf0\x87\xa6`I\
\x02y\xd2\xd1\xe6<<\x1c.i\xf8\xf8\xdeP$\xf2\
\x8bJ\xa9\xd8\x0a\x86\xa2R\xb9Z{B\xa3Q\x7f\xd7\
\x86\x22zj\xef\xc6G\x0d\xa4A7\xe4\xc6'~\x8f\
\xad?s\x9d)u?\xb3\x90\xcf\xbf\x1fK\xf2\xa3\x14\
5$\xfb\x0c#\xdf\xf7\x19e\x1e\xc3\xa0\x07\x1f\xe6|\
\xffb>\xf2\xa1c\x0be\x8e\xda\xbf\xf2\xf0\x8e:\x0c\
\xe1\x95\xa0\xcb\xect]\x87i\xa1Pw\xb3\xddxA\
t]y`\x81\xcb\x5c$\x1b\xa85\x02\xa1\xc0\xef\x9b\
\xb5zU\x01=\xc1\xb2\x9dS<F_\xd6=t\xc6\
:\x84@\x0a\xd1\xaa\x8e\xf4\x1f\x7fN_\xf2`\xf5\xdf\
b\xfb*\xcf\xe8=~\x0b\xdf\x9b\x17\xda5\x04\xe7\x9e\
\xae\x8d\x8f<\xb9\x7f\xc3Y\xc7\xf5\xf7w\x8cThu\
w\xbe\x84)\x89\x9b\xa6\x99d\x04\x14\x0dX\xf4)\xa3\
e\xd3\xf1<\xa0g\x8e\xd3\xba\x07^\xc6\xed6-\xcb\
\xd7\x02z`rr\xeaY\xba\x1d:\xab\xb3\x96\x02\xc1\
\x0a\x0frj\xa9\xddgX\x8d\xe6\xa5z \xd4\x0fS\
\x0f!\x22\x8d\xc2\xd2};\x82\xb3\xccbz\x9f\xe0\x02\
\x88a\x15tK&\xc9\xb2^o\xd6\xff5\xb3i\xcb\
z\xa0!\x10\x96\xf9\xf3\xa5\xfeq\xba\xbeV\xa9=W\
U\xb5\x18\x02a\xe1\x04\x184H\xe6\xbb\x98\xc7\x97\x04\
\x90G</\xe2lV\x93Y\x92\xbf\xec!o4*\
\xaa\xa6_\xd3l5\x1b\x0a\xe8\xcf\xb6mo\xf0\x1d\xef\
\xa5\x03\x9b\xce\x85\xf6\x9c/-#\xe7\x8fd\xe0\x84\xc7\
\xf4\x80\xae\xfd\x8c\xec\xf0\xbew\x83L\xbe_KhO\
\x00\xacu\x84\xb6Q\x86\xdb{\x82\x81\xf0\x1e\xcb\xb2\xa8\
\xaa\xeb\xc1\xec\xf4\xd4\x0b*N\xe4\x94e{\x22\xe7\xb3\
\x106\xc1Z\x98\xd9\xf8\xa8\xb3\xa7\xea\xf2\x8b\xfb\xd7\x9f\
u\xe4\xbde\xa1\x94\x88\x08\x04\x8e\x0d\x81\xce\xa4:6\
RA%\x10xh\x22Pp\xd5\xfb\xc2\xe1\xf0G\x9d\
ri\x0a6V\x0cJRdb\xf2\xd0\xcb\xc0\x90\xf1\
\xbe\x81\x22}b\xf7\xa6\xc7\xa5a\x116:\x0a\x13\x18\
\x07\xf9F\x95\xde\xbc5\xd4\x03\x07n\x14\x94\xfe\xbb\xd9\
.\x7f\xc12\xdbO\x8d\xc6\xe2R\xb5Z\xa2\xc1P\xe4\
.UW\xbe\x9d\xcd\xee\x5c\xf5\xcf\xa8$D\x19G\x82\
1\xc6w\x11\x8cd\xff\x98\xe6\x91\x8f(a\x88\x17\x81\
+\xc2P\x0e4\x11\xb4\xd4%\xbdI\xd7\xb6]~\xc8\
r%\xa2\xa0\xc9\xa9\xc9>D\xd4\xa7&6\x9d\xc5\x0d\
\x82\x84\x7fQ\xc5\xe3\x1b\xe0`\x05%;\xf5f\x07\x82\
\xd3]]]\xbf\x847\xcf\xb6\x16\x08J\x95j\xe5\xb1\
\xccw\xde\xb0\xfe\x94'\x9d\xd2\xbbeK`\x8e\x0e#\
\xe8\xfb \x18JX\x80\x9e\xe7:\xed\xf7Z\xb6\xf9\x88\
P0LZ\xadf#\x1aO\xfe\xc2\xb0\xc94\xd0.\
x?\x95\xc4\xa0\xe2J\x08\x9a\x0b\xe7s\x84\x11\xec\xac\
\xcb6V\xfe[#\xae\xeb\xffVV\xf5{\x1d8\x08\
E\xe3\x89\xd8\xd4\xc4\xd8%rD\xfd\xefu'=\xae\
\x87\xb7\x17\x18b\x1ex\x9co\x9e\xe1H\xf4\xc2|.\
wa$\x1a\x0f\xb5Z\x0df\x18\xc6]\x18\xd1\x9b\x81\
\x06j\x82\xeb\x9c\xaf\x0d\xa8\x13\x99\xde\xfe\x1f\xd4j\xa5\
\x9a\xef3\x16\x8d\xa5B\xa5|\xee\xb9\x95r\xf5\xcbH\
\xa1o\xadX\x91\xf3{\xab\xca\x7f\x04\x12\xf1\xcb\xdcV\
\xfb+\xc5\x99\xa9K\x92\x89D\xca\x03\xe5*\x1a\x89\xc2\
\xc9\x0dA\xd3\x19R4e\x8e\xe3\x1a\xb7\xecNS\x92\
\xc8v\xdf\xf7\x8a\x8a\xa2I\x86\x11|r \x10zm\
(\x96\x08\xbaf\xab\x82\x10\xfe\x05\xaa\x8c\xacyxF\
\xc7\xe8(\x0d`\xee\x18\xeb4\x0dq}d\xcd\xa2`\
\x0c54\xed\xfb\xd0\xa6\x91\xfa\xccT=\x1a\x8f\xfdF\
c\xec\xde\xb5\xe8U\xc60FdV)g\x88H\x84\
Hh\x91\xc3\x8a\xdd\xf2)\xbe\xb3m\xb6mM\xd3p\
!\x97\xdb\x1c\x0e\x05\x9e\xdc\xdb\xdb\x91\x8fE\x94\x08\xa5\
an\x98-\xef_'\xc7G.\x8cFc\x09\xc8\xc4\
\xfcH\x85\xbc%\x0a/$\x03\xbe\x8c.\x1c\xb6\x18\x83\
\xe1\x03\xad\x0e\x06\xfb\x94J-\xff\xde\x96\x9f~\x0c\xe7\
5\xa7\xe0\x10.\x7f\xfc 4d\xc7\x1f\x03\xb3\xe0]\
\xf0\x86\xfb) \x0bJ\xa3Qs\x12\xa9\xd4\x1f\x1cf\
Ot\x98.\xbe\x10\xa8\x19\x9e1\x06\x09\xa1\x14\x19\xa1\
\xa8\x5c-\x17\x9e\x0c\xd6\xc1\xb7m8\xfdI\xc7m\x02\
C\x19\xcf\xe6\x81\xcf\xeb\xf5'=qP\x8f\x87^:\
\x93\x9d|\xbd\x11\x08G=\xdf\x81F\xfaS2Q~\
\x0d\xf3y\xc9\xefaB{\xa1\xa9\xc0\x9f\xb7\x9b\x81x\
\xcb\xb43\x9f\x80\xd7\x12\x0f\x9d\x87>\xf2$\x86$I\
\x02\xa8\xe1 \xc8\x1f\x8f\x16\x08\xc1\x18CO\x81?C\
08+\xe8\xb7\xf9L!W*\x86~C\xbbQ\xf3\
C\xa1\x08\xf1=\xff\xb4\xec\xf4\xe4\xc7%\x9f}\x9a\x84\
\x8d\xd7\xf66\xf5\x17[\xb8zq\xc4\x90?\xd1\xaa\x96\
\xbf\x01\xa2\xfc\xdcX,\x0ek\x01\x03\xe3\xbb\xea\x03\x7f\
\x84\xe0\xcc\xadk\x1a\xba\xbf\x0e\xe4!\x0b\x8a\xf3\xad\xed\
V\xd3\x09\x06\x02\xca\xf4\xd4\xc4V\x8a\xe5g\xf1\xf5\x12\
xa\x08\x8b=\x89\x0d\x9d\x11s5\xeb\xdf*\xc5\xec\
\x07\xab\xe5\xe2:Y&\xc8\xb5\xdbL\xd3u\x9c\xcfe\
\xcf\xa3\x9ew\x11\x1f\xdf\xc5\x85\x8e=\xee\x02D\x14\x86\
\x84!F}\x8c\x1c\x0c\xcfG.]\x9a\xbcs:\x10\
\xd4?\xe3:\xd6\xa8\x07g\x93`(\x1c\xafV\xca\x17\
\xa5\xdd\xf4f(\xb9\xa4\xfd\x1d+@\x07,\x04pA\
\x84\xb1%\xf9hM\xd7)\x89\x10\x9bm\x0e\xd5\xbc\xe5\
2B\x19&\xbfQ4\xf5>\xd71\xf9\xde\x11\x98\x1e\
;t\xb1\xdf\x0c>\x93\x1bp\xd1a\x83\x17\xe6\xfbO\
\xb2\xff\xf4^\x95\x04_T.L\xbf!\x92H'-\
\xcbd\xaa\xa2\xdc\x07k\xe7\xd5\x93\x937[+\x9a\xb1\
w\xaf\xebY\xd6-\x80m\x19\xe8H\xa9Z>\xa5T\
.u!01G\xa2\xa1)X\x91W\xfd\x1d\xd3\x06\
\x1c \x0d5\xb8\xd34-G\xd3\x8dH\xab\xdd\xfe\x7f\
>\x93T\xe4S\x9f`r\xd3\xe4d?L\x8c\x15\xb5\
u\x12\x98\xaab.\xb9\x9d.3\x84\x11\x14@\xcb\x1c\
n4\xb3\xb1tf[5_\xa8G\x22a\xb5V\xce\
\xff\xa7\xcf\xc8\xeb\xd2\x1b\xcf\xd9\xc8\xfb\xb9\x88\x1c#0\
F\xf4\xac?wP#\xea\x0b+\xd9\x89\xf7\xda\xa5\xb1\
\xd7\xd7\xdb\xf5\xff\x8e\xf4OF\x17\xd1\xa1\xb0\xac\x95\x12\
\xc9\xc4\xb6f\xa9X\x91\xe1\xc0%\xcb\xca\xc9\xf5Z\xf5\
\xed\xbdu\xe3\x09\x91\xfes\x12\xb3F\x0c~\xf0\xda\xa2\
\xc4\xe3[\xa2\x99\x8a\xf2\x84r\xa3z\x05F\xfe\x134\
\xc5\xe8\xacw\x14\xd6\x08,I\xab\x8c\xed6\xdfU\xbc\
\x1d\xb1\xde\xbe\xefV\x8a\x85\x06\xc12\xbc\xb8\x88w\x8d\
\x1d:\xf0\x9aF\xbb\xf2eW\xb6\xdfR\xb5\xa2/\xec\
\xaeh/\x94\xc2\xa17yV\xebk\xd0\xa7\xf7DR\
\x89\xe3\x83\x86\xe6\x87\xc3\xc19\xd9d\x0cK\x84\x1f\x84\
\xd1b\x97K\xf9\x93\x81h\xe2\xcaf\xb9\xdc\xd4t]\
rL\xeb<\xd8V?\x90\x1cx\xd4\x96\xd9v\xa3\xc5\
m\x22|\x0f\xefm\x05\xcf\xab5*\x1fEV\xf9-\
`\x8dx)\x18\xd3\xf9\xaf\x84,f{\xacq,1\
\xd2\x91KnL\xd7\x8d\x80\x8c$#\xc4\xe7+\xafg\
q\xe0\xf3\x93\x87\xa1\xa1\xad\xb1\xa1E\x81\xa7\xf5\xf7\x9f\
\xc3mj\x8b\xdb\x89\x10\xf3A\x16\xe6x\xc3nJ\x90\
\x84\x8e\xc51\xd8\x17\x10\xc6\x1d^0\xa3\x91\xac\x12y\
\xc8\xeb\xef<\xcf\x97\xe7\xbfC\x9aIw\x7f\xbd\xd9l\
\x8c\x82\xde\xc6b\xf0\x22\xb7Y)\xffw\xbb\xd9\xf8\x8a\
!\xab\xef!!\xfde\xfd$\xf3b9\x92\xb8LQ\
\xf0\x17j\x95\xc2\x15\xb1\xae\xc4#\x11\xac\xc2\xba\xa2R\
\x04z\x18c\x0cI\x84 \x93\x106\xcf\xf7\xf0\x9dB\
\x03:\xb0 \x98\xbf\x98I\x92r8o6\xd6K\x1d\
\x8c\x10\xd0\xb0\xd9\xf5\x06c\x98Q|\xfd\x99\xcd^\xf3\
\xca\x80\x861\x0c63\x09\xf36\xf0rK\x8d\x9d\x08\
\x95\x87w4\xf5@\xe0G\x8dju\x06\xc4\x12\x85\xa3\
\xd1\xcc\xd4\xc8\xbe\xd7#\xd7}Aj\xe0\x84^\x84\xb6\
\xf0\xf6`\xa8\x04\xc2V\x99\xaf\x17\xdd\xeb\xf0\x93\xdb\x8d\
\xea\x07\xdd\xc6\xd4;\xab\xd9\xc97\x84*d\xe9\x17`\
\xa3\xa3\x96\xa6\x05~\xd6n\xb6'\x18\xf3Q0\x14<\
\xbe<5\xfe\xd6\xf8\x94\xf3\xe4Db\x13\xec\x0b\x08:\
\x03\x1c;~\xab\x1c\xea>3\xdde\x06\x9e\xdaj\xd7\
?\x8c\xcc\xf2e\xcd\xdc\xa1\xd7i5e\xb0\x93\xbd\xe6\
\x85\x22nD]3{!\xe3\x1e,I\x04\xda>\x07\
=\x00\x02m\x82\xe7\x05\x82\xd9\x88\xca\xc7\x81\x0f\xc1,\
\xddJ\x82Y\xb2\xe5\xd7\x16\x97!\x86\x09\xe2\x05\xe0N\
0Q\x97c\x0c{z\x19\xe6\xdb\x17\x99\xeb\xdd\x01:\
<M\xa5\xba\x8cF\xb3\xf9\xaf\xe5b\xe1\xe3\xba\xa1\xbf\
7\xdc\xd3s!\xd5\x07^\x10J\xa5/1$\xf5\xe3\
\xf9\x99\xa9\x8f\xc3|>\xc7P4%\xa0k\x96\x22I\
\x94\x10\xa8\x02\x06py\xfd\xf7\xf7\x19TT\x10\x05\xc6\
E\x0d\xf3\xcb\xd1\xcaW\xb2\x1b\xa6b\xf1\xcc\xf7\xadv\
\xab\xa5\xa9\x86\xd4h4\x1f\xaf+\xfa\x13\x17\xed\x19\xb3\
,\x86\x87mU\xd2\xfe\x02\x0f{\xc0\x18\xe5\xc7\x13\xc9\
P\xb1\x98{>\xec\xdf\x17ws\x83 \xac\xaf\x08u\
PB\xe00\x9f\xc7\xeb\x8e;\xfb\x0404\xbe\xa94\
q\xf0C\xd5\xe9\xe1\xb72\x97\xf13D\x18\xf2\xc1\x9f\
/\xf9\x9a{Jiz\xea\xfd\xa5\xe2\xf4\xc7\xd4\x98\xf2\
\xb4u'm\xe9\xe9\xe5\xba\xe0\xd6\xad2\x10p\xc4!\
\x9c/\xf5n\x18\xe9\xd3\x03\xea\xbf\x15K\xa5\xe3\xb8\xde\
Xo\xd4\x9b\x1ee\xbbj\xaa\xd9\x06:\xa4\xb2\xea\x14\
V\xf5o7j\xb5\xa2\xac\x19\x18\xce\x02\xa7\xb5\xcd\xd6\
[\xeaN\xf4\x9cT\xea\x04^\x1f\x01\xba\x0e\xaf\xd4\x09\
\x8f\x09\x0f4\xf4\xb3\xadF\xebm-\xab\xf9\x84`8\
,7jU\xbf\xbb\xa7{\xbbly\xe3@\xb7\xc4+\
\xb2T\x90\x15\xe56\xb3\xd9t\xf4@\x904\x1b\xf5s\
1\x22\xaf\xe1}Ko\xde\x1c\xe2\xfa$\x0f\x5c\xc7\x1c\
\xda\x5c8\xd5\xc7\xd6[@\x06\xce\xd3\xf4\x00\xef\x03\x9a\
utV\xe8f\x1f\x16\xae|\x15\xeb\x0c\x16\xa4\xc0\x88\
a\x06R\x00\xd1\xb5\xfd\xde\xbdN\xcbv~o\x18\xc6\
\x9d\xa6\xd9\x82\x17>\x09yff\xfa\xd9\x88\xe0\xcb\xd6\
m\xce\x9d\xc6\xd7X\xae\x7f\xf2\xf6p\x1c7\x9c\xf8\xd8\
M\xb1H\xe8\xc2j\xb5\xf4\x8e\xd8\xc0\xc0)\xf5Z\xe5\
\xf1\xd9\xf1\xf1\xa7\xd2\x80\xc3\xbf\x9adc]\xe1\x82\x1e\
\x08\x7f\xb3R\xa9\x16TI\xc6\x9e\xe3l\xa9V\x0a\xef\
\xe8\xdd8\xc9?tX\xb6\x0e\x9f/um<7\xe3\
j=\xffV\xc8\xcf|\xb469\xfc\x9eBe\xe6\xb5\
\x90\x96Z\xbb\xc1\x22G p\xff\x10\xe0\x13\xf5\xfe\x95\
\x10\xd4\x02\x81\x87\x1a\x02\xa3\xdb-xc\xfd\xfbXo\
\xff\xd7\xdb\xf9\xdc\xb4\xef{,\x12K\x07+\xd5\xca\xb3\
&\x0e\x8d\x7f\xd6\xa7\xee\x97\xe4\xa8\xfe\xd6uv\xec\xc5\
Ce\xe9\x05m\xd2sq\x80\x90\x0fZ-\xfb\x9b\xa3\
#\xc3\xff\xeb\xba\xec\x91\xd1dR\xad\xd7\xab\x0c\x0ee\
{A\xd9\xfa\xdfi[\xb9{\xadnR\xd8:\x10l\
1\xb0\xf9#P\x9b0r\xd7\xa2\x5c%\x9dAA\x9e\
\x8c}\xd0\x17V\x1eH\xf7\xee\xdd\xeb\xba\x94\xeev=\
\xb7L\x91\xcfd-\x18\x9d\x98\x9e|CO*\xfd\x8e\
\xcdg?\xe3\xbf<}\xdd\xcb\x14J?o2\xf2\xa6\
\xfe\xcds\xbfY\xb1}\xbb\xa7`\xf9g\x91H\xe4\x96\
f\xad\xe6\x85\xc3\x09yrb\xea\xdf\xab\xb5\xd2W\x02\
~\xe2\x1d\xc7\x9d\xfe\xd4goz\xc4S\xfe\xed\xc4\xba\
\xfe\xc2@:\xfc\x91bq\xfa3\xa5J\xf5\xdcx\xba\
K\xaeV\x8b~$\x1a\xbd\xd1\xf6\xd8oF\x01G\xde\
\xb4\xf9\xe0\xb6k\x92\x84d\x05\xe3YE\x03\x13\x8c#\
\xee\xca\xaf\xa2\x0c\xaa\x1d\x80C\xdc\xa7\x1b\xe5R\x96\xfa\
\x08\x07\x82\xe1\x81\x91\x91\x03\xef\xf2)\xba\xa2\xe4D_\
\xb0\xe1\xa4\xadOZ\x7f\xca\x13\xff\xa5\xea\xc4^\xe6\x13\
\xf6\xb1\xc9\xc9\xb1\xd7\x87\x22\x89\x0c\xa5\x14\x99\xb5\xd2T\
@\x0f~\x85\xb4\xbd\xd1\xf9z\x17\xee\xf0\xa6\x90\x12\xfa\
\xf3H<\xfe\x9d\xd2L\xb6H\x81y,\x96\xd10V\
N\xce\x17\x8a\x17O\x8fM|$;6\xf9\xb1\xf1\x89\
\xa97\x80\x82\xf2\xe8`(l\x94frS\x9bO>\
m[$\x1a\x1e\xb3\xec6\x05\xad\x0c)\xaav\xb4\x11\
\x02\xb5\xde\xdd\xa7\xeb\xc1\xfb|\x9f2\x8a\x90a;^\
\x1c\xfaM$E\x19a\x9a\xc4\xff7\xbf\xb9\x81[h\
\xdd\x03\x8a0\x8f\xc1\xb1\x83\x1b\xed\x00T\x8a\x8f\xc8\xb3\
e\xd4\xef\xea\x1d\x18|}jp\xdd\x9beY\x7f\xdf\
\xf0\xf0\xf5\xc5#V\x8a!\x97\x11\x18,\xa8B\xc2\x5c\
\xdf\x81\x84Y\xcf\xff\x9c\x9c\x11\xfc+\xa7Z\xcbC\xbf\
P(\x1a\xe9\x85C\xf1[\x95p\xf0\xb9pP_\xd7\
\xd7\xf7\xe8dj\xdd\x96\x9e\x9e\x8d\x8f\xdd\xe27\xebo\
\xca\x1d:\xf8\xf6P(\xbaN\xd3t\xc2`\x9c 0\
o\x96\xd5\xd2+\xd5y\xad<\x8d\x93P\xc7\xb1m\xc3\
\xd0%\xdf\xf5\xcf\x9e\x9e\x99\xfat\x08\xe3\xf7n:\xa5\
\xf8\x9f\x1bN9\xefi\x9b*\xcasS\x91\xd4\xe5\xb5\
r\xf1S\xf9b\xe1\xdf2\x99\xde@\xab\xd5\xa0\x12!\
w\xaa\x8azUedg\x833Z\x1c|\xa8\x9bO\
\x14\xdf\xf7\x99,\xcb\xb4\xd5j\xfb\xe1H\x5c\x9a\xc9\xe7\
\xfe\xa3Y)\x7f\x17\x07\xfd7\x1f\x7f\xeaS\x9ez\xe2\
\xe9Oy:\x09\x0e]Ld\xf4\x99\xa9\xc9\xd1w\xa8\
Z\xa8\x0f\x14lT)\x96Z\xc9t\xd7OZ\x1e\xbe\
\x07\xf8.\xc5\x9b)\xd0v>\x07)\x02AA\x8cJ\
\x04h\x96\xf9\x02\x06\xa5\x91\x22\xc6\xb3\x08\x96\x88$#\
\xe6C\xb9ed\xcb\x1eY\x22\x0e\xa7J\x0c\x85\x80\x94\
\x97\xc5\x18\x22\xcb\x88\xe01?|\xd3\xa1\xa0\x11~\x97\
\xeby7\xb6\xea\x15W\x0b\x84\xb0\x11\x8a\xa4\xaa\xb5\xc6\
\xd3s\xd9\x99\xb7g\xc7'?4==\xfd\xeeZ\xad\
\xfe\x9cD\x22\xb9Q\x96\x88\x5c-\x94vww\xf7\x7f\
\xc9l4\xf2>u\x19\x22\xd0|\xa2\xf8\xc0\xee~\xf9\
\x99~\xa9\x22\xab\x81\x1f[\xb5\xca\x04\xc0\x0b\x07\xcbh\
rt\xe4\xe0\x1b\x88\xc4\xde\xd9\x7f\xc2c\xff_\xff\xfa\
\xb3N\x03\x85\xf3\x94\xfe\xe3\xcfyt\xffq\x8f}\xae\
\x82\x94O\x8d\x8d\x0c\x7f\x84b\xe9L#\x14\x92\xeb\xa5\
b\xc5P\xd4\x11\xa7\xdd\xf6\xba\xfb\x07B\x85\xdc\xf4k\
\x80\xe6y\xfd\xb3F\x85\xfb\xd5\x16\x04\x06M\x04\x83\xcd\
8J\x04\x1e\x18\x8c\xe4\xd19P\xdcj\xdf\x1e\x8f\xa7\
>\xdf\xa8\x96j\xaa\xaa#\xd7qO\x83iu\x11\xb4\
{\x89a\x05s\x9b,b\x0cc\x0c\x5c\x19\xc4\x08\x8c\
\x0dD\x8f\xea\xc1\x00\xce\xc0!\x8axId\xad,\xa0\
\xd8\xec\xa0n\x84>\xda\xc8MOR\x8f\xa1@8\xbe\
\xa981\xfe!U\x96\xde\x9f\xd98\xf9\x8c\xcc\xc6s\
\xceM\x0d\x9d\xf3\xf8\xc1V\xf0\xa5H\xd2>U(L\
\xbf=\x14K\xf5ASp\xbb\x5c\xc8Ec\xb1\xaf+\
.\xdb\x07\x9c\x97\xca'$\x80g\x92O\xa6\xb4` \
\x8b\x10\xc5\x96\xed\x12\x0f\x9a\xe2\xbb\x96G\x19\xbb\xc1\xae\
\xf9\xf0\xb2\x02\xa8\x96\xfb\xe1a\xc7r\xec\x9b\x5c\xcf\xad\
B\x16\xc0\xd4\x92\x18\xa3X\x96p\x8dRk'B+\
\xbf&\x04\xbaY\x0ft\x88\x8f\x01<QL1\x01\xb1\
\x87\xe8\x12_(\xecmbM\xde\x86T\xf9\xdaz\xb5\
\xeadz\x07\xe3\xb5r\xf9\xa2Z\xb1\xf4\xd9tA\xba\
\xb8{\xddY\xe7u\x0d\x9duvf\xc3\xd9O\xeaq\
\xe3/\xb3=\xfb\xa33\xd3\xd9wD\xfb\xd6\x9f\x12\xec\
Z\xdf\xd3.W\x06Ul\xe9\x8b\x99\x8e\xc2\xfe\xc3|\
\xeb:5\x14\xfcC~f\xda\x8a\xc7\x13`xG\xe7\
e\xb3\x13\x9f\x0c\x05\xc8G\x86\xd4\xfe\x0b\x067\x17\xfe\
\xbd\xef\xc4\xe0\xcb\xd4\x84\xf6\xb1\xfc\xd4\xe4\xa7=\xdf}\
b \x14\xd5\xe3\xc9\x98I\xb0\xcf0\xc6|\xfa\x9e\x0e\
\x00\x00\x10\x00IDAT\xb3\xe3\xc4\x0c\xbc\x987\x8f\
WFv\xd6T\x82\xbf\x1d\x8dG\x7f\x05\xb2\xda \x84\
\xa0d\xba'\xe4x\xf8\x91\xb9\x5c\xf1\xb5\xd9\x89\xc9\x0f\
\xceLM~\x10^T\xbd\xd1c\xec\xdcP$\x14\xa9\
\x17f\xc6\xd2\x99\xde/\x01i\x8e\xc2\x0a\xc8\x90\xcf`\
\x5c\x1dd\x18K\xc7\x0a\xf6*\xd3\xf3~\xa6\x85\xc2\x7f\
jT*~,\x99\x96\x1d\xd7}J)?\xfd\xb5p\
+\xf8\xc1x\xef#\xfe->x\xf6c\xd2\xeb\xcf}\
|f\xd3\xb9/@>\xfeXv\xfc\xd0')e\xff\
\xaf{\xe3\xc9\x1bK\x13\xfb\x9e\xe7\xfa\xd6\x06\xde\xce\x07\
\x12\xb0\x8cd\x841\x91\xb9u\x86\xa0\x9eh,zq\
*\xd6\xfb\x81x0\xf2\xbf\x11=\xf4\xbe\xb0\x11\xbc<\
\x12\x0c_\x1e\x0d%/\x8f\x85\x93\xef\xc3Qc>\xbc\
\x9f\xc7\x15\x12|[\xc1i]\x10\x1cz\x14\x18\x9a\x0f\
\xb7 \x1000\xe9LE\x98.>AD\xc6d\xb9\
Q\xef0\xf5\xd2\x18c\xb3\x10Q\x04\xfb\x11\xc3\xc0`\
i>\x7f\xca\xfb\xf2\xaeH<\xf5\xfe\xcat\xf6\x1e\xdb\
n\xfb\xd1dZ\xc7\x8avb\xbeT~\xd1\xe4\xd8\xe4\
\xbb'\xc7\xc7\xdf\x97\xcbg/\xb3=\xff\x89\xe9T&\
]\xab\xd7\xf8\x0c\xbc!\xdd\xd5\xfd{0\x1a\xfa\x98W\
A0\x0arf\xcb\x82\xaa\xaa\x87S0\xc2\xf2lG\
\x0e\xa7A\x8c\x10\x15\x1a\xc7g-\xcc.J!\x05!\
F\x8f\xbe\xbesB\xd2\xe9\xd7l\x19\x22\x11\x09Y\xe9\
\xe5}\x04N\xee\xad\x810\xe8/\x93S%M3H\
4\xdd\xbd\xb1\x92\xcb\xbd\xc3\xf6\xb4\xcfvmT.N\
\xaf{\xe4Sy\xe8Zo]`\xa8\xe8\x8ab\xb9\xf0\
)IU\xce\xeb\xdbxz?B\xb5M\xbe\xe3\xcc\x1b\
Tx\x95\x9d\xe07\xe5=\xb1D\xf2\x8b\xd5\xa9\xc9|\
\xc0\x08\xca\xc1d\xea1\x95b\xfe\xe3\x9e\x1a\xf8Hz\
p\xcb\x7f\xc6\x07\xb7<65\xf4\xc8\xad\xbd\x1b\xcc\x17\
\x85\x02\xeaG\xcb\xe5\xca'dY{B\xff\xa6S2\
\x089\x03\x12%1`\x84!,\xf1\x04q\x00(\xe2\
\x19\x12\xf4mI\xe6Z\x0f\x8ca\x04s\x8eu\x02\xc3\
\x1a\x05!YF\x0bx\x12\xa0\xc1<\x991\xc4\xef\xf0\
bd\xf1\x9fT\xf3\x9c\xd5\x03&d6Cb\x04\x13\
IC\xdeR\x832d\xd2\xd2\xd8\x1d\xfb\xe2]\xddW\
4K\xf9;+\x95\xaa\x1d\x89&T,\xeb\x1b\xa7\xb2\
\xc5\xe7\x8e\x0c\x1f|\xc7\xc8\xc8\xa1\xf7\x8fN\x8e\xffO\
\xbd\xde|z,\x96\xeai6\x9a\xb0e5n\x8c\xc7\
c\xdf\xab\xd6\xaau.\xa7\x12\x99\xab\x07\x18>P\x8f\
1F\x18c4+\xefT::\x1fX\x83U\xfa'\
Y\x92w\xb4M\xd3\x0b\x80\xc2\xd5\xacU\x9f\x1d\xef\x1d\
\xe9[^6?\xde\x9e\x0c\xc5\x92_k\xe7\xb3\x87\x5c\
\xd7c\x89t&^(\x16.\x02=\xe1\x8b\xa9\x96\xf1\
\x9a\xe4\xbaG\x9c\x97\xd9\xf8\xa8s3\xeb\xcfz\xb2\xaf\
\xfb\x97\x95k\xb5/M\xe7r/\xc9\xac?~\xa3\x14\
\x8c\xaf\xafU\xea\x1b\x89\xeb\xf1i\x82\xfb\xfa\xc6b\xc5\
\x5c\xfe\xc5\x08\xe1\xc7\xaaz\xf0_F\x0f\x1d\xfa\x98c\
I_\xd4c\x81\xff\xd90C\x9f3t\xe29OY\
\x7f\xe2\xb9\xff\xb2\xf1\xe4\xdc\x0b5#\xf8\xbe\xc9\xec\xe4\
%p\x8f\xb9.\xe8\x1a\xcc\xdf\xef\xf9\xf6\x8e\xf9\xbf\xe2\
\x19\x06C\xa5\xe7x\xd7\x04\xa2\x91?\x80\xd1\xdb\x09G\
\xa2J\xadV\xdf\xdal\xd6>\x1e\xeb\xee}\xdb\xd0\xe6\
\xc7=cp\xf3\xe3\x9e\xb8\xee\x94\xdc\xb3\x82\x92\xfc\xae\
j\xa3\xfa\xd9z\xb3\xf1\xff\x92\xc9.\xbdZ\xadx\xaa\
\xaa\xdc*Kd[.\xb7\xa7c\x5cD\x8b\x5c\xdeh\
T`\xc8\xbf\xdf.\x97\xa7\x99\xe7\xa3p$\x11,L\
\xe7_\xda\xb6\xddOGp\xef\xeb\xd7\x17\xf1\x7fl(\
\x93\xf3\xa3\xaa\xf2\xb6R\xa5\xfc\xd9B\xbe\xf0\x9cp\x08\
\x5c0H\xc11\x1e|\x9f\xb2E,\x17\xa2>\xa6\x14\
c\x8c\xf8\xd8\xf3 \xcb+\xe5v\x81x.\x12F\xe1\
\xd1T2\xf39\x18\xa3\x83V\xabES\xe9\xaeh.\
\x97\xbd\xa0Z\xad~>\x19\x0a\xbd\xcfUz.8\xbe\
,??\xd2\x9b|\x8b\x87\xf0g\x0f\x1c<\xf4\x1a\x1f\
\x91>\xe63\x89:\xdet,\x11\xfbKv?\xaau\
\xd8\xc1\x99\xad\xe54\xfe\x14\x89F\xaf,\x16\xf3\xf5h\
,\xa9\xf9\x1e\xfd\xd7|n\xea\xb3\x9e\xea^\xde\xb7\xe1\
\xd1O\xef\x85\xf1\xec\xdbx\xd6y\x03'\xce\xbcHS\
\xe5+J\xf9\xe2'\x8d@\xf0\xd1\xc9u\xc7w\xdb\xed\
\xf6f\xc7\xb6\xba\x81\x17\x86 \xbc@\xe0A#\xf0\xe0\
W\xc0\x07\xdd\x04\xc1@ \xf0\xe0\x11\xe0\x8a\xbe\xa7\xd1\
/G{\xfb?i\x16rc\x96\xd9\xa4\xc1pT\x89\
$\x12\x9b`\xf3\x7ffvz\xea\xcdy8T\xe4\xa7\
\xa6>33=\xf1\xc1\xe9\xe9\xc9WX\x96\xfd\xf8H\
*\xd3\xa3\x05\x82\xa4R,x\x88\xa0}\xfd\xeb\x86>\
\x12\xa0\xcao\x11\x1cL\xd6j\x15\xa5\xccG\xb0\x8dP\
8\x1c\xe0\x8e6\xba\x16\xe5\xf2t\x1f\xc1?\xb0\x07y\
\x08K\x04\x16q\x06a9\x0db\x8d\x96{o4\x11\
\xffc\xbdVv@1\xc4\xa0\x9e\xf5\x1f:8|i\
az\xf2\xabcc\x07>^\xad\xe5\xcfg\xccy\x8c\
j\x04C\xf3\xa5U\x94;\x10\x8e\xc7?\x84\x09\xd9k\
\xb6\xeb,\x11Oh\x8e\xed<jrl\xe4\x0d33\
\x87\xbe^\x9e\x99\xfa\xe6\xd4\xd4\xd8\xa7\xc7\xc6G.`\
\x88l\x8cE\xe3r\xb9P\xa0\x92D\xee\x8cE\xe2\x9f\
.\xc6\xcdC\xf3\xbc\xe6\xef1\x1a\xc6\x88@\x0f\x19\xc5\
\x94R$\x11B\xbc\xa0\xb5b\xcd\xe0\x878\xcfo\xfd\
vp\xe3\xa6+\x1b\xf5R\x9d`\x86\x93\xa9tw\xa9\
\x94;??9\xf6\xc9Bi\xe6\xdb\xa5|\xf6\x9b\xb9\
\xec\xc4G\xab\x95\xca\xbfE\xa2\xf18\xf3\x5c\xdc\xa8W\
\x9b]\x03\x03\xdf5=\xf2sx\xc3\xdbF\xab\xb8\xe2\
\xd8\xce\x19U\xd5>\x12\xcft\x7f\xad\x5c.NU\xca\
y\x17\xb0G\xa1H$\x10\xef\xcatE\xbb\xd2\xdd\xd1\
X$\xd8h\xd4\xddj\xad\xbe+\xd9\xd3\xf7.\xd3j\
}\xb4\xde\xac\xd7\xa0\xb90J\x0c)\x12qVa\xbd\
$Iu\xc3u\xdd\x08\xdc`[\x16\xf0G\x08\xcb\x12\
\x82\xc3\x1c\xffZ\xeb/q\xa6\x94\xd1_\xc9\xb9\xbe\x0f\
H\xfa\xc0\x8d\x22\x86\xe8j\xe3\x0fy\xb3>\xbbsg\
{l\xef\x9f\x7f_\x5c\x1f\xfe\xd6\xa1{\xaf\x1b\x83T\
\x06aU\xcf\x14\x05\x13\x0c\xec\xc0\xc8L$D$\x8a\
\x97*\xa3pX\xb5\xfd\xf6m\x81D\xe2\x8f`\x8cs\
t= )\x9ar\xca\xf4\xf4\xf8\x07L\xb3\xf99O\
F\x97\xfb\xbe\xf7\x91bq\xea\xab\x8dZ\xe9\xd2@,\
\xbc!\x1a\x8b;\x91H\x14l\x0e 1D\xc2\x12\x9c\
\xa6V\xad\x1c#P\xd5\x09\xaa\xd5+\x8dd2\xf3k\
\xd7\xa3#D\x22(\x1e\x8bl\xceMO\xbcjf&\
\xfb\xc5j)\xff\x8d\x5cv\xfc\xb3\xd9\x89\xd1K\x10A\
\xa7\xc6Aao\x9b\x0d\xd4\xaeWg\xa2\x89\xc4\xd7'\
M\x7f\x0fB\x88BX\xe2%\x09l\x18\xd0/\xea\xfa\
,\x14\x8cTN<\xf1\xc4\xeb\xea\x8d\xaa\x1d\x8d\xc4\x14\
\x00\xf2\x91\xd9\xc9Co/Wr\xdf\xabVJ\xdf\x9e\
\xceN}\xa8\x5c,\xfek(\x1a\x8b\xe9\xba\x8e\xcb\xc5\
\x9c\x93\xeeN]\x0d\x07\xe5o\xd6\xc6o\xa8.a\x0c\
\x0f\x8c\xf9\x84\xf1Q\x00F\x18\x03v\x88\xf1\x0b\xe4,\
\xf5>e\x8e\x0f\x17\xea\xbb\x08\xc8\x08\xa8\x9a\xab\xd2-\
-\x858\xad\x04\xf3\xa63w\x08!\xc8\xf3\xec\xd5\xca\
\xd1\xa9\xe1\xde\xdb\xe2\x89\xcc\x9bC\xe1\xf0\x1f\xa0\xcdM\
\xd7\xb1\x98\xae\x1b$\x96L\x04S\x99T\x22\x9eLE\
\x89*\x93\xdcL\xae\xd9h\xb4\xff\xd8=\xb8\xe9M\xb5\
j\xe3{\xd5z\xc5\x04\xc8\x18\x02\x8c0q):\xa2\
[%\x13\x14R\xd9tn\x829\xf3\xe3jn\xa6,\
I\x18\xc5\x13\xb1\xc1ba\xfa\xa2ra\xe6\xab\x0d\xab\
\xf1-\xcb\xaa~\xa3T.~'\x9f\x9f\xfa\x8c\xd9l\
<?\x99N\xaf\x871\x91\x8ac#\x93Z0\xf4a\
\xe8\xdf%\xb6c\xdf\xd9l6\xfcLOW:\x7f\xe8\
\xdeK\xeb\xa8u\x1a\xd4\xb6Z_!y\x0d\xef`\x18\
\x0a\x06\xa7p\xe8\x06\xc6\x04\xc9TF\x08\x1d\x95G\xa1\
\xb0\xb7iI\xf2\x8f`\xad\xff]\xabYs\xa3\xc9\xa4\
Q*L\xff\xa7\xe7\xb9\x8fE\x88\x7fE\x86:\xce\xf3\
\x1dJ\x19\xfc\xa3\x1e<C\x1dk\x8c5d.\xf6\xd8\
\x87\x81G\x0c\xf9P\x14\xf1\xd60\xea\x13\xb4\xccMN\
\xdel\xaa\xae\xff\xf3@\xa6\xe7\xab\x8dR\xb1J\x08\xc6\
\xd1tz\xa0\xde\xa8\x5c\xc0qlV\x8a\xdfo7\xca\
\xdf.\xe6\xa7\xaf0\xdb\x8dg'\x00D\xb0\xb0\xa3Z\
\xa5X\x8bw\xf7|\xa7\xd9hm[k\xfd\xe3U%\
\x12\x996\x1c$\xf6S\xdfe\x18\x1c\x85]\xc4u\xed\
\x06\x1c\x0a\xaf]\xf1{\x81\xbc\xc0l`\xd4\xa3{\x0d\
#0\xe5{V\xa7\x9c\xe3XTQ\xf5\xfb(\x22+\
_\xbc\xcc\x96\x99\xbdb\x98\x160\x1c>u\x11\xf4\x19\
c\xc4\x14\x84 \x86\x96:\xd8s\xa7\xc2\xc1\xe8\xa7\xec\
f\xe3V\xd8K\xecTWWH\xd3\xa4'\x95\xcb\xb9\
\xf7\xe7\x8b\xd9o\xc3\xfa\xff\x9dJ1\xf7u\xc0\xe0\xc3\
P\xf7\xb3\xd3\x99n041\xdc\xaa\xd5\xf2]\xeb6\
\xdc 9\xfe\xec\xc1h\x11\xdb\xf2\xd4\x9ei]\x0b|\
\x0e&\xcb\xcej\xb9\xe4F\xa3q9\x16K\x9cT*\
\x15_4\x99\x9d\xf8H~f\xf2K\xb0\x0f~\xb4R\
.\xbe8\x96J\x9e K\x92B0\x1aM\xa7\xd3\xbf\
k7\x1a\x16\xf3=$aB\x02\x01\x7fU\xd9\xc9\x8f\
\xdf>\xca({w2\x9d\xfaA\xa9\x98+A\x1d\xbe\
\x84\x19\x0eG\xa2\x010(\xa4\x80g*\x18\x0e\x1a\xcd\
J\xdd\x06\xfb\xf2]\x91L\xef\xe5\xa5Z\xe1s\xf0\xa2\
\xb0\xb3~P\xeaS\x9f\xb1\x16\xda\xb9\x81\x0b\xd1\xa2\x96\
\x83\xe9fl\xddx,\x95\xfe0\xcc\xf5]\xf5J\xc5\
\x8bDb2\xf0;\xc52\xdb\xaf\xa9V\x8b\xdf\xaeU\
f~T.\xcf\xfc\xa0T\x98\xf9L\xb3U\x7fI4\
\x9591\x12\x09\xf3/L\x9a\x89u']-!\xe9\
\xc8\xe3\xb2\xa4\xb6e\x0f\x0c\xc1|\x81\x8e\x83\xf0\xc1a\
<1z\xe8\xc0\xcbF\x0f\xed\x7f\xf9\xc4\xf8\xd8ES\
\xd3\x13\x17O\x8d\x8f_2>z\xe8\x92\xf1\xb1\x83\x17\
\x8f\x8f\x8e\xbe\x12\xe2\xaf\x98\x0b\x17\x8d\x8e\x1e\xba(?\
\x9d}\x8d\x9d\xbf\xeb\xe5v\xb3}\x12p^\xc0\xae\xd5\
B\x08c\x8c|X\xfb\xf8\xbe\x8e\x91\xac\xae\xb1\x8e\xa1\
\xc5\x0es\x19\x22\xc8\xa7\xb0\xb6\x22\x84\x11`B\xd0j\
\x0e\xe6N=\xd8\xfcIr\xdd\xfa\xcbM\xcb\xdeY\x98\
\x99n\x81n@C\x91\xb0\x96\xecJ\xc7\xe3\x99t\x0a\
\x8c\xc2!\xd7uXn:[\x0c\x87\xe2\xdf\x0d\xc5\x22\
\xaf-\x15K\xd7;\x8e\xe3\xc3\xd4D\x08\x16?\x8c%\
\x86V8\xc2\x18e\xcc\xf7}\x841&\x80\x8e\xba\x9c\
dR\xd6\x98\xeb\xf9\xb6\xe79\xb4C\x0c\x050Y\x8d\
\xd7\xf2\x92\x08Lg\xbc\xc4\xacn\x84\xc1V\xc5\xff\x0b\
\x8a\xe5T\xb5\xf1\xbb\xaa\x0c\xa9_D\x8a\xf2\x8bb.\
\xd7T\x14\x0d\xa7zz\xbb\x09\xf5\x9e\x01\xf3\xe2\x03\xb0\
\x06|\x03\xc2\xd7\xab\xa5\xfc\x15\xadf\xe3y\xb1Dj\
S$\x1a\x93\xa7\xa6\xb2f\xb8\xeb\x84\xed\x92\x12\xe4z\
\x99\xbf\x98/\xff\xa2\xd2\xc7\xe6w\xe4p\xe8G\x80W\
=\xa8\x1bR\xa6\xb7\xf7x\xdf\xb3.\xa8V\x0a_l\
V\xf3\xdfoTJ\xdf\x01}\xe9\xe3\xadf\xfd\xf9\xf1\
Db=\x97E\xe0i\x87\xba6^Odi\x0c\xf8\
-\xc5\x0b\xbb\x0c\x01\x8e\xbe\x07\x90\x82\xc6\x09\xf9\xc7\xe4\
\x19B\xb0<P\x18hX+\x10\x02}K]\x90\x1d\
x\x5c\xf0\x18\xfb\xd8\x87q@\xd8\x87\x02xuYX\
\xa0>\x1c\x01\xfe\x88\xc1?D\x10\x91\x081z\x9d\xc6\
jei%\xd2\xbe6\x9c\xce\x5c\xe6\x9a\xf6u\xc5\xe9\
\xe9\xba\xeb\xba4\x18\x0a\xab\x89T*\x9eL\xa73\xb0\
\x86DA\x06qaj\xb2\xc4\x88\xfc\xf3T&\xf3\xfa\
R\xb1\xfc[\xc7l;\x08\x98K\xb2\xca\x90\xa6\x1d\xae\
\xf8~\xc6\xa0\x8d\x18\x0c\x9dlV\xde\x11\x92a\x15\x02\
\x16\x18\xc2\x11}uT\x9aB\x8a\xfa\x19\xa7R\xce\xa9\
\xaaJ`\x0f{\x14\xbc~\xff\x97\xfe\x15/\xd4\xf6:\
\x92\x85\xaf\xd1\xe2]_\xafOON\xdb\xb6\x0d\xc6\xa8\
LTQ\x94'5*\xc5\xf74+\xa5o\xd6K\xc5\
oW\xcb\xd3_\x875\xed\xad\xaa\xa2\x9c\xdb\xd3\xdd\x1d\
m\xd6k\xd4g\xec\xce`$\xfa\xc7\xa2R\xe3z,\
s\x9c\xa6\x0d{\xc7\x98\xd7\xb6\x1aD\x92\x150\xb2\x0f\
\x9a\xed\xe6\xbf\xceLe\xdf\x04\x86w0\xaa\xe5\xbfQ\
\xcc\xcd|=;5\xf1\xf1B>\xf7\xdf\x91h\xac\x17\
\xc3\x1aY+\x97K==\x03?\x090\xfd\x00t\x8a\
\x0f\x0d\xdc\x10*N\xec\x9a\x09\x19\xfaW|\xea\xed\xaa\
T\xcbN4\x1aS \xe3\x8c\xe9\xec\xe4\xeb+\xc5\x99\
\xaf4\xca\x85oU\xf2\xb9/\x15\xf2\xd9\xd7`DN\
\x8d\xc4bj\xadZ\xa2\x8c\xb2\xbb\xc3\xd1\xf8G&i\
\xe1N\x04\xa2\x03a\xa9\xdf\xbb\xd7\xf1\xb1rc8\x93\
\xf9C\xadV\xb6\xf9B\x1fOf\xc2\xa6c\x9f7\x95\
\x1d\xfb\x9f\x99\xe9\xa9\xcf\xe5\xa6'?351\xfaz\
F\xfd\xb34#`h\xba>\xb3a\xc3\xd0\xa8eY\
\xd0o\x0a\xf2HW\xac\xd3\xf3\x95P\xea1p\xfc\x11\
\xc6\x8e\x1du\xacFG\xb7[V\xa5\xf6\xbb\xde\xfe\xf5\
\x9f\x82\xfd`\xaa\xd5nRh\x8f\x811{\xf4\xd4\xe4\
\xf8+g\xb2S\x1f\xcd\xcdL~*;1\xf1\xe6j\
\xad\xf6\xc4H4\x96\x22\x92\x84\x1a\xb5z\xae\x7fh\xd3\
7)\xf6n@h\xe7\xecD\x81Z\xeb\x93{+\x9a\
\xa2|\x11\x86\xe0\x9aR\xb1`\xc6\xa215\x1a\x89\x9e\
^\xafT/\x05q\xf8f\xadR\xfea\xad^\xfaN\
\xa98\xfd\xa9J)\xff\x5c\xcd0\xfa\xb8\xde\xdej4\
\xdb}\xeb6\xfe\xc9\x08`xA\xc8'\x070\x13^\
 \xf0 \x11 \x0f\xb2\xbc(.\x10x\xc8 \xd0\x1c\
\xdeUd\xcc\xfcF\xb4\xbb\xf7\xadv\xbdqMmb\
<g\x9bm/\x100H4\x9a\xd4\x83\x91DH\x05\
-3\x10I\x04\x02\xa1\xb8\xa2\x82b\xd6n\xd4\xdc\xea\
\xd4xN\x92\xa4\x9f\x82\xc2t\x99\x95w\x7f\xc9\x17\xfd\
\xb5;\x95f\xa0\x0c\xd7\x91c[\x18\xd4 \xd8T}\
\x84\xbc\x85\x8dq\xedr\x08\xb9\x1e\xb3@\x81u\xa0.\
f\xdb\x8e\x83}\x0aeW\x96hL\xddZ\xf6\x11\xfb\
,u\xdd\x9b\x1b\xd5\x8a\xa3\xc9\x0a\x92\x15]\xf3(\x09\
\xdb\x1e5\x18\x93\xc9\xccL\xde\xb3+u}\xbe\xf4^\
\xd88\xedr\xf3\xc6\xee\xee\xde\xf7K\x04\xdf\x5c\x9a\xc9\
6\x08(\xb5\xc1pTU\xb5`\x94\x12-\xa1h\xc1\
\xb0\xae\x87$\x1f\x14\xdf\xc2\xf4xUU\xc8\xef\xbaz\
z\xdeM\x1b\xed\x1b\x10\x18\x8b\xe6y\xcd\xdf\xeb\x8aI\
=\xd75\x91\xef{\xa0\x881h\xb2\xed\xbb\xce\xaak\
Fv\xff\xce\x92c\xba_\xec\xea\xe9\xffd\xad0\xbd\
\xaf^\xa98\x86\x11\x94C\xb1DT\xd1\x8cnY\x0b\
v\xab\xc1HX\xd5uR-\x97\x9cza\xe6\x9ex\
2\xfd\xbf.\xc6_\xaa\x8d\xdf\xb0\xfa\xd7-\xb3\x0da\
E0\x08j\x0c\x7fj\xa0\x7f\xf05`\x9c\xfa\x1a(\
\x12\xdb\xcb\xd9CwV\xb2\xc3\xf7\xd6\xa6\x0e\xee\xa9N\
O_\x13\x0a\x85?\x94\xcat]\x12V*?\xb6}\
\xaf\xe5y\x9e\x0a\xca\x197\xc4P\xc6\xd8\xaa\x86\xc6Y\
\xf6\xb3W8\xd0[\x92\xaa\xddJ$\x5c\xf3|\x97a\
\x06:\x84\xe7VeM\xb9&\x9b\xdd\x09F\x97Y\xba\
\x07sm[\x9e_o7[p|\xf0\x19\x1c%\x1c\
\xcfv\x08Q\x8f&;\x14\x81\xd1\xe6h\xf5\xfa\xccs\
<\xc7t\xb0\x84\x98K=\x8a\xb8\xa9\x0c\x81\xde\x8d\x0e\
;~0\x89F\xe2_\x92$\xe9\x9a\xdc\xc4XU\x82\
\xecH$\x9e\x81A\xfd\x178\x15_\xd0jY\xff\xa9\
j\xdaI\xd4\xf7%\x10\xef\xbb\x86\xd6\xaf\xff*\x18\x0a\
'(C>\x05PTU\xe7\xf2\xbaDi\xd2\x0d\x8a\
\x09!\x18X!\xaf\x09\xe6\xa3V\xf3\xeaT\xb2\xeb\xb5\
\x8e\xeb\xfd)\x9f/\x14a\xa2\xc9z0\x14C\xb2\x9a\
\xd6A\x18\x03\xe1\xb0\xc2[\x04\x86\x02\xabY\xad\xde\xd9\
;\xb4\xee#\xaa\xe2\xff\x1cM\xde\xbc*\xc6\x94\xc2\xf0\
A\x03\x08a\xa8^+\x97\xaa\xb5\xfa\x87A\xb1\xff\xc2\
\xf4\xd8\xa1Q\xd3l\xf9\xc1HL\x93T#N\x89\x1a\
W\xf5\xb0!k:i\xb5\x9at&;6\x13\x89E\
\x7f i\xf2\x87\xa6\xee\xbba\x18\xea\x5c\x813\xc6>\
u,\xdb\xc1\x98P\x10t\xdf\xf3}\x18t\xa0\x5c\xe2\
\xd3\xcc\xb1\xcd&e\x8e\x87`\xccl\xd7rZ\xbc1\
KhV\x7f\x80i\xe3c\xd04\xeb\x97\x00\x00\x10\x00\
IDAT\x00\x13\x13\xc6<\xcf[P\x02WRo\
\xf3gFn\xdaIe\xfd\xd2\xee\x9e\xbe\xb72\xdf\xff\
Uq\xf2\xd0\x1d\x85\xd1\xe1\x03\xc5\xb1C\xc3\xc5\xb1\x83\
w\xd6\xf3\xc5_\x04\xc3\xe1wDR\xa9\xd7\xcdD\xeb\
7\xd9\xae\xa93Je\x80\x07\xb0'\xae$\xe9\xd0\xbe\
\x95\x9c\x8f\x9625uk\x85\xfa\xd6WB\xb1\xf8\x17\
\xca\x13\xa3\xfb\x9b\xf5\xba\x1d\x0eET#\x1c\xed!\x92\
z\x1a\xa3\xf2#\x8c@xS$\x96\x88K\xaa\x8cK\
\xf9\xe9Z\xadT\xbc1\xb3n\xc3;%K\xf9r^\
-\xfd\xc5\x08E\xde\x0a\xe5vU\x8by7\xde\xd37\
.S\xed\xfe+\xa9\xb8\xe5\x22\xd6\xb2@wf\xc8u\
\x5c\xd7\xf3\x8f\xb9?\xadC;\x0a\x9a\x22\x7f\xd6\xb1\xcc\
\xbbl\xab\xed\x07\xc3\xa1X)7\xf3\xdc`\xfa\x9e\xf4\
|\xff\xa9\xeb\xb4<\xb3\xdd\x02\xc5\xdd\xf7\x81=\xf2\xec\
\x15\xf20O\xbb\xe8\xce\xb0\xe49\xc8\xb1l\x89 \xea\
\xda\x8e\x83\x89\xb4\x8a\x8c \x04kD\x1b3\xf4\xf5p\
<\xf1\xa1fn\xf2\xeeF\xb5l\x05\x8c\x80\x12\x89\xc6\
\x12\xaa\x11\x18T\xf5\xc0\x00l@!EQq\xb9\x9c\
\xb7\xea\xf9\xe9=\x99\xae\x9e\x0fa\xa6~\xbe\x99\xdbS\
XT\xe7\x8a\xe8\xe8\xe8v\x07\x8e47\xb4\x9a\xf5&\
\xa3\x1et\xc5\x82I\x87\x0f\x12\xc4\xee9\xd2\x17~8\
 \x97\x14E\xbb\xa1Y\xaf\xda\x08V\x85V\xad\xdeb\
\x98\x5c\xab\xba\xa8\xb6\xa2\x92E\x09\xbe\xe9\xb8u8q\
`X=}\xdf\xf5m\xcf\xf5\x17e/\x8e\xfa\xc9@\
cW\xa2\x1fd\x96\xb1\x9f\x16\xc7F\xb3\x8cQ?\x95\
L\x86\xe2\xb1Do,\x1a\xdf\x10\x8e\xc6\xfb\xc2\xd1X\
HQUR,\xce\xb4kS\xe3\xbb#\x89\xe4'\xea\
N\xfbw\xb9\xdc\x1e05-f\xd7\x89\xfb\x11%x\
g\xd7`\xff\xe5\xaec\xff\xb10>Z\xa3\xd4c\xa1\
PD\x81\xb5*\xac\x07\x22\xf1P,\x162\x0c\x9dT\
\xf3\xb9\x96g\xb5\xef\x18X7\xf8\x99\xfcL\xe1O\xad\
V\xa3-\xab\x12u=\x07\x9aM\xe4\x0e\xb7\x95\x17Z\
\xcb\xed\x19EL\xfd\xc0\xc0\xc0\xba\xd7\x86B\x81o6\
\xaa\xd5\xed\x95\xa9\xd1;*\x93#{\xaaS\xa3\xb7\xd5\
r\x85_\xa8\x86\xf6\xeeP<\xf1\xe2z\xd8\xfc\xa9\xd5\
fM\xea3La\x10(c>F\xa8\x0e\xb8\xaf\x22\
?\xdb\xfc\x5c\xc4\xbc\x03\x0cXo\xd2u\xe5\xd7\xa5\xa9\
\x89\xa2g\xdb4\x1a\x8d\xc8\xa9Lw,\x1eO\xf5D\
\xa3\x89\x1e\xb8G4U\x97\x1a\xf5\x9a]\x85\xf9\x1d\x89\
%\xbf@\xb1\xfc\x85\xc2\xe8m\xf9\x95\xcd=\xa6\x14h\
\x1b\xb7\xb4\xf8>\xc6\x98a,\xa1P8\xa2\x84#q\
%\x10\x8c(F \xa4\x84\xc215\x14\x89\xab\xc1P\
B5\xc2Q\xc5\x80\xfc\x85\x10\x0c+\xc1h\x5cE(\
\x1e\xf6|?\x04F\xf4\x85=\x9e\x985\x0f\xe4\xae\x05\
\x86@\xd8\x02\x1cX#A\x1e\xec\x9at\xb4Va\xc9\
\xa1\xad\x96\xd9F\xb0\xc8\xc2\xda\x07l=gt\xadB\
\xc3\xc3v\x09\xe7\xaf\x0e\x86\xc3\xaf\x8c\xc5\x13\xef\xaf\x96\
\x8b\xbf,\x8d\xef\xdf\x01\xe1\xee\xca\xf8\xc1\xbb\xca\x13#\
7:\xa6\xf5\xadh\xba\xebR-\xa0\x7f\xa0\xd1\xa6\x93\
>\xf5\xd3\xb2,\x11\xdf\x07S\x87\xe7\xdb\xa6\xed\xac\x98\
\x97>\xb5=\x0br\x08\xccY\xcfu|\xea\xb9lE\
\x13\xe4I\xd62[\x15\xeax\xb6\x0f\x14\x8e\xedZ\xe8\
\x88\xb3c\x96\x03i\xb4(\xf0nP\xc7q\x10\xa5\xbe\
e[\xab\xee_@\xcd\xcc\xd2\x9d\xd3\xe1p\xf2\x0a\x98\
\x03_+\x8e\x1d8\xd8l\xd4m\x98\x97\x04\x0c\x7f0\
$\xf1L8\xde\x09aC\x0fH\xcdZ\xcd\xca\x8d\x1c\
\xdc\x17\x89\xc6>\xabJ\xe4\xdb\xcd\x99]%\xe0\xb1\xc2\
7\xb2\xfbK\xe1p\xe0S\x81h\xf4\xb3\xf9\xf1\xe1\xfb\
\xea\xb5\xba\xcd\xd7\x9bd2\x1d\x8f\xc7R\xfd\xe1X\xa2\
/\x1c\x8bG5#(5\x1au'\x7fh\xf8`$\
\x1e\xfd\xa2\xaai_\x86\xf5f\xc5_\x18H>\x83\xe5\
\xd1lK\x12X\xeb\x00\x07J\xd11\xad\xbf\x9eg:\
\x96\xe7z\x0a\x91\x98\xefy\xae\xc5\xda0=\x966\xd7\
\xa5\xd8m4\xf9\xda\x0bbJ\x19u\x1d\xcbYJ\xb1\
\xfa\x13\xb1\x5c\xbfe\xb5\xdb\x08a\x187\x1e\x10r\x1c\
}u\xd9\x03\xfd\xb71}\xc2M\xa1x\xfc\xcd\x91X\
\xf4=\xcdB\xfe\xaa\xf2\xf8}\xb7@\xb8\xb34\xb6\xf7\
\xce\xca\xc4\xfe\x1b\x1a3\xd3\xdf\xd5\xc3\xd17DB\xd1\
wN)\xd5\xbd\xa6\xdd\x0e ,I\x8eG\x11A\xd8\
%\xde\xea\xfa8:\x06G]\xd7\xf2\xdb-[\xe5\x7f\
7\xe0\x9a \xf2\xf6\x0ay\x5c\x9d\xcdNW\xb1\xf0\x8d\
\xc8\xd0\xaek6\xaaN0\x12\x8f\xd4\xaa\xa5\xffj\x13\
k\xfdr\xfaZ\xed\xae\xaa\xa2\x1a\xdf\x8et\xf7\x5cQ\
\x9f\x9e\xbc\xad8=\x0d/\xbc1\x0bGbA\x08}\
\xb0F\xae\x87\xb5\xa4\x17\x1e\x02\x003\x9b\x1a=T0\
\x9b\xd6\xd5\x89D\xf2\xe3\x05\x9a\xdb\x89`\x9eq\x9e\x85\
\xc2\xdeV4\x1e\xb92\xd57\xf8\x99J>\xbf\xbb\x90\
\xcf\xd7\x09!,\x14\x8dh`@\x8d\x05C\x91n#\
\x1c\xed\x89D\xe31-`\xc80\x1fm\xd0\x0d\xf6&\
S\xc9O\xd8\xc4\xfe)\xdf\xeb8\x9fE\x81\xaa\xd4\xb8\
\xa3+\xd3\xfd\x0eUR~]\xc8N\x15}\x8f\xd2@\
0\xa8)j \xc5$\xa5WU\x83I\xdd\x08h\x8c\
\xf9\xac85YC\xd4\xbb6\x9d\xcc\xbcWj\xbb\x7f\
\x9co\xd7\x22~\x0bQ8\x0bU\x8c`\xe8\x0b\x9an\
\xfc\xa4891\xd3n\xd7}\x05\x0e.\xc1p\x14\xc4\
=\x98Tt=\x0eyj\x1b\xe6T\xabT\xbc\x13h\
?=|p\xe4j\xd3\xac\x9b\x942\x1f^0\x98\xa8\
\xb4B\xdc\x114\xc3\x01\x1d\xd5\xc3\x04Z\xe2\xb9\xbe\xe7\
\xfb\xc74^9\xd8\xb3\x1af\xe5\xc7]\xbd\xbd\xefn\
\xd5k\xd7\xe7&\xc7+P\x94\x86\x83QU\x0b\xc0B\
j\x04aq\x0d\xe8\x8a\x22\xe3j\xb9h\x95\xa7g\xee\
\xed\x1f\x18\xf8\xac\xe3X?\xcc\x1d\xdc\xb3\xbc!\xac0\
\x19;\x94\xcct\xbd7\x12\x0b\x7f7?=5n\xdb\
\x96\x17\x89D\xd4p4\x99\x08\x85\xa3\xfdz \xdc\x1b\
\x0a\xc7\xc3\x8afH\xedf\xc3)g\xb3\xfb\x82\xc1\xd0\
g\xedV\xfb\xbb\xd9\xfd;\xb9qw\x01+\x11\x11\x08\
,A\xe0~>\x90\xfbI/\xc8\x05\x02\x0fe\x04\x18\
\xbcm)\xd7\xa6\x8e\xfbY\x22\x95|e\xb4w\xe0r\
F\xfd\xed\xa5\xe2\xccdaz\xaa^.\xe6\xcdz\xb5\
dU\xca\xf9v\xad\x5c\xac\xb5\xcd\xe6(l\x1e\xbfN\
\x0d\xae\x7fc$\x1c|C~\xf8\xa6k\x8b\xc5\x1bW\
\xfc\xa9\xe2\xd2\x0eo\xa3\x96kN\x22\xda\xb8\xcfjV\
\xf3\xcdZe\xdc\xa3\xee1)7\xaec\x8d\xb2v\xf3\
\xdeF\xad<S*\x96\xefv\x19[\xab.V\x1b\xdf\
\xb8;\xd5\xd7\xff\xe6P8\xf2{0\x82\xe4\xeb\xf5J\
\xa3V-5\xcdJ\xb9\xe0SvC\xef\xc0\xd0\xb7\x1c\
\xbd\xc9\x0f\xdd\x0b\xcd\xe3\x9b\xb4\xe2\x05\x7f\x93\x8e'_\
\xb1n\xc3\xf1_\x950\x1b\xa9VJ\x8dF\xadb\xb7\
\x9a5\x07N\xf1f\xbbQ-\xab\xaa\xb2\xb3oh\xfd\
\x07C\xb1\xe0\xeb\xc6\xeeJ^39\xb9\xba!&\xe6\
G`\x0f\xb3\xc6\x90\xd5\x1cm7\xab\xd3\x96\xd5:$\
\xb5\xd5\xb56M63z\xcb\xa8'\x91O\x0e\x0e\x1d\
\xff\xbaD2qu\xbd^\x9b.\x16rPu\xcd\x81\
\xf6;Uh\x7f\xab\xde8\x14\x8d&\xbe\xdf\xbdn\xe8\
\xd20\x0a|\xa6<\xbccr\xa1\x03kG\xd8\xcc\xcc\
\xae\xc2\xc4\xf0\x8d\xbf&\x9e\xf7\x96dz\xdd\x8b\xe3]\
\x83/\x89\xf6\xac\xbf \xdc;\xf4\xfc\xbe\xde\xf5/\xa9\
\x9d\x94\xfaHa\xec\xf6]\xa3\xa3\xa3\x96\xdbh\xa9\xed\
v\xcb@DB\x04\xf3}\xdf\x87\xc3\xdbQ\xdf\xa0\xb1\
X(:\x91\xe9\xea-{\xae\x8b|\xcf\xa6\xa0d\xec\
Q\x94\xe0]\xd0,\x06\xe1A{\xcd\xae9v\xab\xb1\
\xdfi\xd6'\x9dVc\xcc\xb5\xed\x99Iy\xfa\xaf\xc2\
\x1b\x1a\xdcDNs\xacR\xc8\x15\xadRi\xc2\xb3=\
~8Y\xce\x9bM\x8f\xf4\xee\x0a\x87\xa3\x97%\xbb{\
\xbf\xd0h\xd4\xf7\x96\xe0m\xafg\xd9&c\xcc\xf3<\
xel;\xc3\xd1x\xfa\x87\xeb\xd6\x9f\xf8\xb6\xdct\
\xfe\xeb\xd333{\xea\xc5\xdc8\xa2\xce>P\x9bV\
\xf0\xc4\x980^\x09\xe5_\x5ci\x1a\xf1}\xb0yY\
\x87\xfe\x1c\x8d\x84_\x1eOe\xae(\x16J{\x8a\x85\
|\xa9Z*\xb7\xca\xa5B\xabZ.UM\xb39\x9c\
\x88%\xbe\xdf\xbfn\xe8\x0d\xa4I\xbf\x0eJ\xcdr%\
i\x01k\xb0B@\xd3`\x0ca\xf8d8\xa9\xd8\x8d\
\xea$\xb1\xc9\xbb2\x83\x9b^%\xa9\xcao\x81\xefT\
\xad\x5cl\xd4\xab\xa56\xbc=m\x82\xb0\xe5t\xdd\xd8\
>\xb8~\xc3[%\xc5x\xeb\xd4\xde\x9b\xee\x04f\xab\
\xcal\xcb\x81\xc3j\xab:\xdd(\xe7\x8bf\xb5<F\
\x99c\x01\xed2\xbf\x8d\x99f{\xdc\xab\x95F\xecZ\
u\xdcl\xb4\xf6I\xaa\x7f\xd4\x83R\xc8V\x5c\xdbi\
O\xba\x8e9\xee9\xad\x19\xc7\xb6\xc6dY\xe3P-\
\xe3\xbf\xf0H\xf3\x07n\x18\x99\xe8\x91\xbe*\x05\xd4\x97\
&\x07\xd6\xbd(\xde\xbb\xe1\xe5\xe1\xde\xc1\x97%{7\
\xbc 14xa\xb3p\xcf\x17\xeb\x93w\x0c\xf3\xaf\
\x92$Y\x8b0\xcfW9\xfa\xb2\xaa\xb6\x1dFWi\
\xfb\x02\xef#Eh%\xbbwB\x0e\xa9\x9f\x8c\xaf\xdb\
\xf0fY\xd5\x7f_.\x15\xb3\xb5R\xd1l\x9b-\xcf\
q,\xdal\xd5\xbdR\xa1Pk4\x9bw\x07B\xf1\
O'\x93=\xaf\xcc\x8f\xd1\x1f\x97\xcb;\xea\x5c\x91/\
\xa5\xfc\xeb\x93\xa9\xcc\x07\x9df\xeb\x06I\x0a|\xbb\x9c\
\x0dN\x1f\xa9\xc2U\xf3,\xdcD\xa8\xb5\xbfV\xc8e\
\x91S>\x80|\x1f\x9e\xd1\x91\xf0Z\xcc\x86\x96\x95\xca\
.I\xd5?l\xe5\xc7\xeej\xc1\xa2\x87\xac\xa9\x0d\xad\
Z\xfd\x1c \xea\x1c\x1e[\x9eUFv\xee\xb6zv\
\xf2\x80]\x9d\xbe\xb7\xd9jrY\x86\xec#{\xcb\xa4\
u\xc4\xda\x07\x1b\x95\xf2\x04\xb2[c\xb6C\xd7\x1c\xfb\
V\xfe\xee\x5c#\xd0\xfc\x5c\xbcw\xf05z0\xb8\x0d\
\xe4\xf2P\xb9\x90o\xd4\xab\x15\xb3Z-\x9a\xe5r\xa1\
^\xab\x95G\x02z\xf0;\xe1L\xcf\xab\xf3\xae\xf4\xb9\
\xf2Tg\xfd;Z?\xa9e\x997\xa1v\xeb\x8ej\
nj\xba].M\xc9\xb2|\x9d\xe2\xdbk\xce\x1b\xde\
\xab\xea\xe8q\x0d&\xcb?\xf6\x1a\xf5=5\x98\x1c\xc8\
n\xdf\x8d\x19\xdd\x9e\xcd\xee<\xa2\xac\xb4\xdcj\xa3\x98\
\xcb\xdf\xd5\xaeT'P\xb3~_\xbbU\xe7k\xf4\xaa\
m\xe4\xebmy\xf4\x8e[\xe3\x09\xf5\xad\xb1\xde\xde\xcb\
[\xed\xd6\x9fs3\xd3\xd3\x95r\xb9^\xae\x94Z\xd5\
R\x09x\xcd\x94*\xb9\xdc=\xba\x1e\xfcVjh\xfd\
\x9b5\xd7\xfb\x869\xb5g\x8a\xb7q\xb5\xc0\xf7\xa3\xdc\
\xc1\xc0_\xc2\x89\xc4\x1b\x00\xa7\xaf\xd4\x0b\x85\xfbJ\x93\
\xe3\xe5rn\xba^-\xcc\xd4\xcb\xd3\xd9\x5c\xadX\xb8\
\xcb\x88\xc5\xbf\x98Hw_\x9c\xdd?\xfd\xbdJ\xadp\
\x0f\xb2j\xf7U\x8b\x85\x99F\xbd2mZ\xd6\xaa\xed\
\x9d\xab\x8f\x95&o\x9e\x9a\xd8\xff\x97m\x8aO/\x8b\
w\xa5_\x10\xee\xed}a\xa8g\xdd\x0b\x8c\xde\xbe\xff\
N'\xe2\x17\xd8\xe5\xd3?\xd3\x9c\xb9\xf3\x1e.\xdf2\
v5\xb0%\xc1R'#\x8c\xb0\xe7#\xca\xcdE\xab\
\xf3\xdf\xb9\xd3\x9d\xde\x7f\xe3\x8d\xaa\x11|U\xcf\xe0\xfa\
w\x12Y\xba\xa5R.\xe6J\x85\x5c\xa3Z*\x98\x95\
r\xa9]\xcc\xcfT\x1b\xe5\xd2!\x8c\xa4+\xa3\xbd\xeb\
_C\x14\xf4\xb1*\xec\x9d\x08\xde6@x \x9e\x99\
\xadf\x01\xb5\xabc _\x93\xb0\x16N4k\xf5\xc9\
f\xad2\xd9h\xd6&[\x8d\xc6d\x03B\xb3\x0e\xf7\
fu\xb2\xdd\xacM\xb5\x1a\x90_\xaf\x01]m\xbc\xdd\
\xa8\x8d\xb5\xf2\x85\x11\x84\x9a\x87\x90\xe3\x81.S\xc0\xf3\
\x8dh\x04T\x0b\xd9\xcd{\x9b@\x83\xcc\xd6>0\xce\
L\x15\x14c\xd5\xf5t\xbe\x0c\xbf\xbb\xc8\xb5`\x8f\xdb\
\xdfnT\x86Q\xa3\xb6\x0fl:9$O\xae\x8e\x19\
/0:jU&\xef\xd8S\x899\x9f\x8ed\xe2\x17\
\x85{\x87^\x16\xe8\x19\xbc(\x98\x19\xbc \xd1\xb7\xee\
\x85\xbd\x89\xbe\xcbjS\xbb\x7fR\x18\xbdm&\xa8\xcb\
\x12\x96H\xdac\x8cP\xea3\x9f\xfaUEc\x1eg\
\xb38\x98\xaemz\xad\xe6\xc1Z\xbd2\xe1\xd5\x9b\xc3\
\xb6m\x16\x16\xe7w\xe2\xc3\xfd>\x85u\x1dY\x13\x07\
\xfc\xfa\xd4\xc1f\xbd2V\x93L\xd8v:\xb9k^\
*Qj[\xad\xd6>\xc0\xfc\x1e\x98\x1f\xfb-\xd3\xbc\
\x17\xa15\x97=\xda(\xde\xb9?\x80\x83\x1f\x08w\xad\
{\x0b\xf5\xf1/\x8b\xa5\xc2p!\x9f+\x94\x8a\x85j\
\x05B)\x9f\xcfA\xda=\x0c\xa3\xef\xc7\xfb\xd7\xbd\x99\
\x18\xf2\xc7J\xd9\xbb\xf6A\x03\xd6\xc2\x9aU\xb2{\xc7\
\x83\x98\x5c\x11\xed\x1d\xbc\x0c\x13\xe9\xa7\xa5b\xf1`\xa1\
\x90+\x97+\xe5F\xa5\x08\xf3\xae\x90/\x17s\xd3#\
\x9e\xeb\xfd<90\xf4\x16@\xebC\xe5\xf1]\xd0N\
\xb4\x82'\x93H\xbb\xd9j\x1c\xacU\x8a3V\xa3:\
\x8e\x99\xb7\x96n\x0aM\x9a\xf7\xdb\x98e\x99\x15\xd4,\
g\x9b\xb5r\x8d\xd6+9\xec\xfa+\xb0\xf3\x9dr\xb3\
^\xcc\xed\xb1J\xb9\x09\x1f\xf0\xad7k\xa3h\xe7<\
\x8f\xb5\xef\xbao\x9b\xacU?d7\xcb3\xa8\xd5\x18\
s\x5c3/I\x8d\x15m?\xcca\x9b\xdf\x9c\xbe\xe3\
\xdezN\xf9b4\x9c\xbeX\xcb\x0c\xbeD\x8d\xf7\xbf\
TM\xac{\xb1\x91\xdc\xf0B\xd4\xbb\xeeuV\xe5\xbe\
++\xd9\x9d\xe3h\xef\xc9\xbe\xa6jQ\x98\xd02\x02\
c#&rS\x92W\xca\x10:6\xc7`?\x99A\
~\xed\x9eZ\xa5<\xee\xd4\xaa\xfb-\xc7\x06#\xe6\xb1\
\x15\x06#_\xcd\x08\x06\xbe\xe2U\xcb7\xb6j\x95I\
\xa76\x9dn\xd6\xaa'C\xe9\xce\xde\x05\xf7y\xcf\x9a\
\xb9=\xf9\x10\xd2\xbe\x1e\xed\x19|m0\x1a\xfdr\xb3\
\xd9\xbc\xa3T*f\xcb\xe5r\xad\x5c\xad4J\x85b\
\xb5\x98\xcfg\xdb\xcd\xf6-\xb1t\xd7\x15\xa9t\xea-\
\xe5I\xe5\x8fhrr\xf1~\x07\xeb\xdf\x9dS\xc86\
\xbf\x9e\xe9\xef\xbd4\x9eL|\xd5\xb2\xed\x9d\x95j\x09\
\xf8\x14\xab\xe5j\xa9Q.\x95\xea\x85b\xa9\x5c.\x16\
\x86e\xcd\xf8Iz\xdd\xba\xb7\xf9\xcd\xc6\x17\xcb\xc3{\
&\xe7\x1b\xb3\xf8\xce\xd7\xec\xa9\x83\xc6\xf5\xe1h\xe0-\
=\x83\x83\x1ff\xcc\xdfY*\x15\x81A\xb9\xddn6\
\xedj\xadd\xd6+\xe52\xf5\xbd]]}\x83\x1f\x8f\
$\xd3\xaf\xcb%\xdc\xaba/:\x1aN4\x7f\xe8\xd6\
\xbb4M{{\xbc\xb7\xff\x83\x9e\xeb\xdc\x5c)\xe6\xa7\
\xca\xc5\x02l/\xa5J\xb5\x5c)\xd4j\xd5\x03\x81p\
\xec\x07\xe9\xdeuo\xa8\x95\x1b?j6\xea\xa3\xa8\xd9\
<\xe0\xb4\x9a\x87Zfs\x18c\x89-n+\x8f{\
\x8e]ffs\xc2\xb6\x9ae\xd3lf}\x9f\xad\x90\
[N\xb7Z\xa8O\xee-'\xb4\xe6\x95]\xbd\xbd\x97\
f\xfa\xfa?\xed\xfb\xde\x8eR\xb9\x90\xad\x96\x8beh\
\x104\xa7Rl\xd6k\x07\xc1\x10\x7fe\xa6\xb7\xff\x0d\
\x0d\xc7\xfab\xf6\xe0m\x1c\xb7Udw\xbb73\xbc\
\xe3^-\xa0\xbd\xa7\xbb\x7f\xe8-\xb0\xaf_\x0b\x0c\xb2\
\xd5j\xb9Q\xabW\xcdF\xad\xd6\xae\x94\x8b\x95f\xbd\
\xbe\xdf0\xc2Wv\x0f\x0e\xbd\x91*\xd2\x15\xc5\xec\x9e\
\xfd\xd0\xb6U\xf8A\xaa\xf0\x02\x81\x07\x80\x00y\x00e\
D\x11\x81\xc0C\x1c\x81m~yj\xcfd\x90\xe1\xef\
%\xa3\xe9W\xf4dz^\x98\xe9\xe9yM,\x95x\
G<\x9e\xbc<\x95\xea~{OO\xf7%\xc9T\xe6\
y\x11Cy}\x88jW\x15\xc7vrM\xeeX\x16\
W\xe6$\xc9\xbehf\xc3+\x83\xf1\xd8\xff\x0b'3\
\xafl\x04\xdak\xbe\xf4^\x0cT\xe3\xf8\xc4\xc1\xc4\xe0\
\xd0s\x93\xa9\xee\xf3\x82\xc9\xcc\x0b\x8b\x83\x01P\xc0\x17\
S,\x8eo\xf3\x8b\x03\xc6\x9d\xa1x\xe45\xfd\x03\xeb\
\xfe\xbb\xab\xa7\xf7\x92\xaet\xf7%`\xc4{~\xaa\xab\
\xffBW\xd1~Y\xd8\xbb\xb7\xb5\xb8\x04\x8f\x0f\x0f_\
m\x8f\x1d\xb8e\x9f\xaczW$S\xe9\xe7\x0d\xad_\
\x7fqO_\xef\xbb\xba\xbb\xbb\xdf7\xd87\xf8\xd6\xbe\
\xa1\xc1\x0b\xe2\xa1\xf0\x8b\x0d\xcf\xfdj\xfe\xc0\xed\x87\x10\
\xda\xb6\xe6&\x08\xbc\x9c\x98\x12\xfd]\xdf\x89\xa7<'\
\xdd=\xf0\xff\x8cD\xf2\x1d\xe3\xe37Ty=k\x85\
\xe2\xbe\x1b\x1b!\xa5\xf2\xe7\x80\xa1]\xd6?0\xf8\xc2\
\xfe\x9e\xbe7\xa5\xd3\x99\x0ftuu\xbd\xaf\xaf\xa7\xe7\
u}\xbd\x03/\x94$\xf2\xce\x99~\xfd\x86\xd1\xd1\xed\
\xd6Z|\xd6H\xa7\xb9\xdc\x9eVq\xe2\xc6l%\xb7\
\xe7\x9e\xda\xf4(\xa4)\xec\x00\x00\x10\x00IDAT\
\x9e]\x0d\xd8\x14\xa7\xa6n-\xa1E_\xcfy\x94\xa5\
\xeb\x8dF\x88H\x12\x92d\x19\xd4Sv\xa4/\x0f\x17\
\xaar)\xd6\x5c\xc7\xd60\x1c\x85<\xbb\xdd\x0aE\xc2\
\xd7\xcc\xf4K\xc7Tv\x81\xc9\x11\x22\xfc\x8dl8\x96\
\xb9\x22\x9a\xea\xf9\x97H\xba\xef_\xe5\xa0\xf1M4:\
z\x7f1X\xb5\x86\xc2P\xb0\xd8\xbb\xfe\xf8\xff\xe9\xea\
\x1a|Vb`\xc3\x05\xf0\xba{\x0f\x10\xaeP\x82\xf8\
x\xe7\xc7o?\xa4\x07\xa5Ougz^\xd0\xd3\xd5\
\xf3\xf2D:\xfd\xc6T*\xf5\xc6\xde\xfe\xc1\x8b{{\
\xd6]\x10\x0e\x85\xde\xeb\xd7\x9d\x9b\xbc\x9a}\xb0\xa7\xa7\
\xfb\xcd\xfd\x1b6\xfd{\xef\xa6\x8d\xaf\xd5\xbd W@\
\x96\xf0$\x04\xccQ\x98\xce\xa6\xf9>e\x14\x99\xc3\xc3\
\xc3.(?\x13R8\xfc\xe5\x9e\xc1\xbe\x17\xf6\xf6\xf6\
\xbd\xbc\xa7\xb7\xe7-\xdd\xbd}o\xe9_7\x08u\xf4\
\xbf \x18\x0c\xbf\xab+h\xde\xc8\x95Hh\xe7\x9a^\
\xc6\x12\x0c'e\x18\x83U\x171_R4\x8f\x97\xc9\
\x8f\xf6_\x9b\x88\xa7/\xce\xf4\xf7\x9c\xdf\xdd\xd3\xff\xca\
L\xa6\xeb\xb2\xae\xae\xeeK\xba3\x03\xcf\x89\x04\xd5\x0b\
\x89I~<3|=?\xfc\xcd\xb6m\x95\x1a\xac\xa0\
;\x93\x18\x1c|C2\xd3\xf7\xccd\xf7\xd0\xf3\xe3R\
t\xb5\xdf\x09\xa5\xd1\xae\xcc\x8fcC\xeb\x9e\x1e\xed\xef\
\xfe\x17\xa4K\x1f\xaa\x8e\xee\xae\xad\xc2nI\x12\xc8\xb6\
\xad\x04\xf4\xefez\xfa\x9e\x0e\xc6\xef\xad\x81P\xec\xbd\
<m\x09\xd1j\x0f \xc7\xd5\xd1\xdd\xd5\xd2\xe8\xce\xfb\
*\xd9\xdbondw\xdfR\xca\xee\xbc\x0f\x8c\xe6u\
 \xef\xacO]]5\x1dQ\x7f\x13\xc2X\xa3\xbe\xc7\
TU\xcd\x1bn\xcb\x86\xfc\x07\xeaYutw5\xa9\
\xd4\xae\x8d\x04\xa3o\xe8\xe9\xed\xbd\x10\xd6\xc6wFC\
\x91\xcf\x86\x83\xe1/E#\xb1\x8fu\xf7\xf6_\x9aN\
\xa7^\xa4\x04\xa4\xcf@{\xf6!t\xf8\xcf]\x10\x18\
@\xc2R\xe8\xf7\xa9~8|\xf9\xec\x17\x08m_q\
0?z\xc3r%d\xf4_\xea\xfa\xf8<\x14H\xbf\
\x04\xd9\x93GX\x1bW\xe1\x06\xf3\xc8\x0f\x9b\xbf\xd5R\
\x03\xcfWB\xe1g\xaa\xf1\x13.@z\xe4\xcf@\xd9\
\xc1\x0cUF\xa6Pf\xf0Uz,\xf3\xafz\xbc\xeb\
%n\x0d\xdd\x03yG\xf3\xac7\x9c:\x14\xed\xda\xf4\
\xaad\xb2\xfb\xe9\xf1\xcc\xc0\x1b\xcdR<w\xc4B\xd0\
\x8eJ6~K($\xfdO2\xdd\xfb\xfcx\x22s\
q(\x1a}k$\x9ax[:\xdduq*\x99~\
\x1e\x91\xf5w7\xb2\xc7\xedX\xebk\xd8\xd5\xf87z\
\x94\x91h\xd7\xc0\xcb\xe2\xdd\xfd\xff\x1aJ%\x9f\xae\x06\
\xd5\x8f\x15\x8b\xfb\xb8\xc1t5\xf2\xb9\xb4m~\xc3h\
\xdc\x01\xb2\xfb\xdcX\xa2\xeb)\xd1\x81\xf5/\x8ej\x8d\
\x1d\x909\x8b\x09DV\xf3p\xd8\xa9\x06\x83\x91\xb7F\
\xe3\x99'\x05\x066\xfcg;\xe4\x5c\x07tk\xce#\
\xc8\xa3\xc5\x89}\xd3\x01$_\x99Nt\xbd:\xd9\xd5\
}A$\x11{C(\x14yg8\x1ayk\x22\x95\
yU\xba\xa7\xf7\xa5\xe1P\xf8\x03\xc5$\xbb\x11\xd6A\
\xde\xee#\xf1\x03\x96\xdb\xbdF\xf6\x84aD\xe4\x8f\xc5\
\xba\xba_\x14\xeb\xea\xb9(\x1c\x8b\xbf1\x1cO^\x16\
\xc9t\xbf<\xd1\xdd\xfdBYeW\x14\xc6\xd6\xef\xa9\
Tv\xd6\xabr\xf5\x96p\xdf\x86\x0b\xa3\xf1\xf83A\
f\xdf\xde.\x12>\xf7\x81\xcf\x11=\xe5\xfb\x0970\
\xc1>\xb2\x0f\x0c\x09\xf7\x99\xd9\xbb'f\xdbwx_\
t1\xce\xd4\x9b5M\x96e\xc6\x101\xb1\xc7*\xc0\
\xf5H\xed\xa7\x9c\xa7\xe4\xe2\xef\x19\xd1\xe0\x8b3=\xfd\
\xff\xdd\xd5\xd5\xf3\xaaH\x22\xf5\xa6x,\xfe\x86d\xba\
\xeb\xa2T\xaa\xfb\xb9\xc9x\xecm\xb5l\xe8O\xd5\xd1\
\xddU\xe0\xf7@=/\xc7\x8c\x88\xf2\xa7X\xdf\xf1/\
\x09\x87\xe3\xff\x1e\x8f%\xfe+\x12\x89?'\x1c\xcf<\
7\x19M=/\x99\x84\x90\x8a??\x05!\x93J>\
?\x95L</\x16M??\x11\xefz~\xa2\x93\x97\
|^ \x1e}\x9e\x96\xde\xf4j\x14PoD\x8b\xe7\
on\x8f\x19\xcc\xf4\xbdW\x0dG\xff\xc5\xe8\xeb\xfd\xf7\
\x84\xac\xfd\x0ceW\xff\x8f\xd5xC\xe6\x037D\x87\
\x22\x89\x0fF\x13\x99\xa7\xc7\xba\xfa\xfeC\xf3\xdc\xab\xb8\
au>\x7f\xcd\xfb\xde\xbd\x0e\xc8_\x19\xc6c\x7f{\
\xfa\xee;Z\xf9\xbb\xef*\x83.\xc7\xd7|(\xd3\xc1\
\x5c\xc2\xae\xdal\xc3\x8cP5\x0c\x1b\x0e\xf5|\x7f\xb2\
\xed\xac4\xd2\x97ct\xa6\xa7o\xe8\xd2T:\xfd\xd4\
\xe8\xe0\xd0\xb3BL\xb9\x06x,\xf3\xdb}\x14\x8f\xfc\
\x06E7\xfd7\x8a\x0e<\x1b\xe9\xca\x17Qy\xf8\xe8\
\x860\x98\xe7]\x91\xf8/\x8d\xe4\x86\xe7\x18\xb1\xc4\xd3\
B\xf1\xd0GQ6k\xa2#80\xfaT\x1aa\xf3\
w\xe1p\xf0\x8d\xa9t\xe6\x05\xf1X\xfa\xa2X$~\
i4\x9e\xba4\x99I\xbe\x22\xdd\x95\xbe \x12\x8d\xbf\
\xbb\xa27\xffX\x1d\xed\xc8D\xa7\xbfG`\x89\xb8\xac\
\xd6z\xd4?\x07#\xe1\xffI\xa4\xd2/\x88\xc5\x93\xaf\
\x0c\x86\xc3o\x04\xdd\xe5\xcd\xf1d\xea\xd5\x89\xee\xae\x17\
G\xc2\xa17\xc5\xb5\xda\xd5\x1cW\xe0\xb5*\xcf\xdc\x80\
Z\xee\xe9\x1e|SWo\xd7\xd3\xd3\xdd}\xe7\x87\xe5\
\xd2.\xa0=\x9a\xa7\x9a\xdd\xde\x1b\xef?\xf1\xc5\xd1d\
\xe6i\xa1\xee\xfe\xd7U{\xc9\x92\x17\xd4\x9cA#{\
z%\x10\x8d\xbd5\xdc\xd3\xf3\xb4H\xba\xff\xe9\x8a-\
}s\xc9\xfe\xc1\x89V\x09\xc5\xe2i\xedx\xb2\xeb\xfd\
\xf1x\xea_\xc3\xeb\x06\xffS\xd1\xc8\x0f`\xbe\xb6W\
!]\x96\xb4\xd3\xe5X\xdb\xf9\xbb\x0f:\x95\xfb\xeev\
\xca{\xf7\x9a%0~\xcd\xca-\xe5\xc4\x9b65e\
\x8a\xe8\x10\x92\x88\xe23\x97\x82\x1c\xcd\xf8H\xb5y\xde\
\x03\x0a\x8d\xc4\x88\x91\xe8}\x15\xbcL{\xaa\x1e\xce\xbc\
\xc4M1nt]\x15\xebU\xf8S3Ev&z\
\x07^\x16\x8a\xa7\x9f\x15\xea\x19x\x91\xce\x8c?\x02\xdd\
\xaa\xbay\x16\xfaQ\x9b>q7Q#\x1f\x8f\xa52\
/\xcd\xa43/\x8d&\x92\xaf\x8dE\x22o\x8c%\x92\
\xaf\x83\xe7\x97\x85S\xa9\x97#]\xfezar\xf7\xf0\
ZX\x17\x8b\xfb\x1a\xf9\xb1\xe8m\x8aN>\x16I$\
^\x9e\xee\xea}Y2\x93y-\xac\x17oN\xa62\
o\xce\xf4\xa4_\xd5\xdb\xd3\xffRC\xd5\xde\x1eU\x9a\
\x7f,\x97\x87\xb9\x0e\x02\xcdZ\xcbo\xf7rc{\xc6\
,\xc4\xbe\x11N$_\xd6\xdf7\xf0\xb2Lo\xf7\xff\
$\xe0\xcc\x05\xfa\xd9[{\xfa\x06^\x1e\x89%^l\
0\xe7\xf3\xc5\x91[\x87\xb9\xde\xb0\x16\xa7e\xe9\x14\xd6\
\x80))l~'\x96\x8a_\xd8\x9d\xe9}Q*\x95\
\xbe\x04\xda\xfa\x1aXW/Jv\xf7\xbe\xd00\xf4\xf7\
\x142\xfe-\xe5\xecP\x96I\xf4\x9b\xd1\xc1\xf5\xff\x15\
Mw\xff+\xc1\xc6\xc7\x0b\x85\x95\xe7$b;ww\
\xaf;\xe9y\xd1T\xefS\xc3\xd1\x9e\x97\xc8\xb6\xc4u\
\xdbe\xd5\xae\xfd\xb8\x17\xd6\xa9\xdc\xc1\xdb\xf7\xea\xbe\xf6\
\xb9D*\xf6\xb2tO\xd7\xf3\xd3\x99\xaeWt%\xd3\
\xaf\xce\xa42\x17e\xba\xba_\xa0i\xea;\xf3\x09o\
{edg\x0d8\x1dI\x16\xd8\xcc\xf0\xae\x82\xce\x02\
\xbf2\x02\xf1W\xa72=\xcfO\xa7\xbb_\x0d\xb8\xbd\
%\x91L\xbf\xb1\x0b\xf8&\xd3\xe9\x17F\x14\xe9m\x09\
\xad\xfe\xc7c\xe0\x07\xd5\x09/\x10\xb8\x7f\x08\x90\xfbG\
.\xa8\x05\x02\xff8\x08\xf0Ms\xfa\xd0Mc\xd3\x87\
n\xbd>\x7fh\xc7\x0f\xca\xa3\xa1\xcf\x95\x86\x02\x9f(\
\x0c\xa8_\xc8\xee\xbfq\xdb\xcc\xfe\xebo\x9d\x1a\xde1\
\x09\x87\xf4\xfbg\x90\x81\x8d\xa0\x96\xbfk\xa45y\xd7\
]\x8d\xa9;\xf7\x1f\x93\x92\xcba\xdb\xbe\xdd+\x1f\xbc\
m\xa28r\xeb~8\xdcO\x22x\xe6\xc9k\x06\xc8\
\xcf\xde\xfd\x97\x89\x89{\xff\xf2\x97\xdc\x81\x9b\x7f8=\
r\xcb\x0f\xa6\xf6\xddt]n\xdf_\x0e\x15\xf6n?\
\xd2\x81\x8a\x1e\xdcsS\xfe\xe0]\x7f\xdayp\xcf\xf6\
\x1f\x8f\xed\xed\xfd\xe4D\xb7\xf2\xd1C{3_\x18\xd9\
\xfd\xa7\xdf\x8e\xdcw\xc3\xfe\xe1\xe1\x1d|c?\xd2\x06\
\xc5\x9b\xc5FF\xae\xadM\x01\xfd\xcc\xf0\x8d\xf7\x14\xef\
\xbd\x9e\x1bL\x8fV\x06\xf1\x8d\xf2\xd0\xbd7\x8d\x8d\xde\
\xbd}\xfb\xf8\x81\xfe\xafM\xc5\xdc\x8fN\x85\x9d\x8fM\
\xec\xeb\xfb\xce\xe8\xbd\xdbo\xe1\x07\xa5\xa3\xf6\x9d\xd7>\
\x1b\xc04\x87x\x98}:|\xe5\xed\x98\x0f\x87S\x11\
\x22@}\x06\xa24\xc8(E\xaa\xaa61\xf3\xf9\xe1\
m1\xcd*\xf1\xf3%Ib\x83\xa5j5\x861\xc1\
\x9e\xe7\x96\x15I\xb9\xfe~\xb4s\x15\x9e+\x92Xc\
\xea\xd6Rmb\xe7\xc1\xfa\xe4\x1d\xc3\xe5\xd91XA\
\xf4\x80\x12\xb8\xac\x1c\xba}_n\xf4\x96\x1d\xe5\xf1\xdb\
\xee\xe1\xb2\x7f\x04>l\xea\xbe[K\x93#7\xdf\x95\
=t\xcb\xafs#;\xbe\xc5\xc3\xe4\xbd\x7f\xfe\xf9\xf8\
}\x7f\xda9\x06\xe3\xcc\xe7\x04\x0f\x93\xf7\xfe\xe5\xc0\xe4\
}\x7f\xb9+\xbb\xf7\xc6q0\x0e\xafP\x96\xdb\xa6\xc5\
\x10e|\x1c\xa0:\x860\xf5\x16\x0cA\x5cF\xa7\x0f\
\xdcrov\xf8\x96_M\x0d\x0f|e\xaaG\xfd\xea\
\xa1\xbb\xfe\xfc\xd3\x91\xbb\xb7\xdf>\xbaw\xfb\xccN0\
\x22A\xa1#z\xca|\x0f1\xcc\x18\xc3\x88_\xac\x05\
\xeam>\xe71\xb9\xf7\x86\x1d\xa3\xf7n\xff\xd1\xf8\xfe\
\xeb\xbf>\xb6\xef/?\x18\xd9{\xed\x0d#\xd0\xd6\xd1\
\xd1c04\x0f\x0f\xdb\xe5\xf1;\xef)M\xdcv[\
\x09\x0cnk\x95\xe1\xe3T\x1d\xdd=Z\x1b\xdbs\xa8\
6~\x17\x97%\xb6\xd0\x8c\xb5#\xac\x02J`~\xf8\
\xa6\x83\x85\x91\x1d\x07f\x8el\x98\xc4k\xb0\xa1\x90\xce\
\x03\xdc\x0e{?\xd6\x8a\xda\xb6}\xae\x16\x0c\xe9\x9e\xef\
QM\xd6\x0f\xe4\xfa\x15\xe70\xc5\x03\x8b\x81\x11\xd7\xe6\
_\xf7f\x0f\xec\xb867\x1a\xfc\xbc\xea\xab\xef&\xb6\
\xfb\xb6\xa8T}\xff\xf4p\xdf\x0fA\xf9\xbd{\xad\xfe\
s\xec\x8a\x13\xbb\xb2Y8\xa8<\xb0\xda\x91\x8f\xcc\xc9\
)dO\x1cD\xed\x09~\xa0\xf4\xef7\x9f\xc9I\xd3\
.\xee\xdb\xe7\x16\xf7\xdd\xeeT\xee\xbd\x1b\xd5\xf7\x96\x81\
\xc7\xfcX\xf9(\x7f(gU\xef\x1b\xb5*#\xe3\x08\
\x0d\xaf\x90e\xa0]\xe1y\xbfj\xb9=\x87\xb8|T\
\xb2;\xa1\xdc\xb1\x18:\xb7{\xf9Cw\xe7\xb8\x5cU\
\xb2\xbb~\x5c\xcf\xde\xf5\x85z\xf6x\xfeg\xa0\xdb\x8a\
\xe3w\xecl\xce\xec\x02C\xd5\xb6\xfb\xd7?\x98+\xbc\
\x1d\x95\xc9;\xf64s\xf7\xde}\xa4\x83\xfd\x92N\x80\
\x8cs\xd9\xadL\xee\xbc\xab6\xb1\xf3 \x1f\xe3%\xf9\
\xab?P0\xc2\xe4x}m\x18S\x04<V'[\
\x92\xca\xf8\xd8\xe7\xa1\x8e\xd2\xf8\xae?V\xa7\xee\xfaN\
=w\xd2\x17\xe0\xd0\xfa\xb5\xf2\xe4\xae\x9f\x15\xc6n\xdf\
\x05{p\x0eA?\x96\x94:\xe2\x03\x183\xb3;\x8b\
\xd5\xa9\xdd\xbb\xab\xd9\xdd\xbfh\xe4N\xfavc\x06\xf8\
N\xee\xbe\xba<\xbekoc\xea\xbe\x12\x7f\xb9\x01,\
\x18\x7f\xa9\xc2\xf7\xe2j\xf6\xce]|o^\xeb\x00\x0c\
\xb4k\xcd5\xc8B\xf3\xb2\xc2\xe3s\xe1|\x891z\
2\xc2$\xe8y>\xd8\x0eH\xd5\x93\xa4\xe2\x5c\xe6\x11\
o\x93\x937\x9b\xb9}\xb7\x1e\x9a\xde\x7f\xe3\xf5|\xef\
\xaeL\xec\xfcJy\xf2\x8e\xaf\x97\xc6n\xbb\xaa8\xbe\
cg\x07\x0ft,\xf2t\xc4j:\x99|^V\xa7\
n\xdb]\x9b\xdeyGq\xe2\xd6\xdbK\x93\xb0\x0f\x8c\
\xddts~\xecfP\x04x\xb8\xe5\xc6\xfc\xc1\xc3\xa1\
2~\xfd\x8d\xe5\xb1\xbf\xdcT\x1e\xbd\xf1\x96\xd2\xa1\x9b\
om\x17\xee\xdce\x17\xf6\x0e\xa3\xc2^\xaeWtx\
\xce]:\xb2`\xc1\x1c0\xc1(\xc7\xc7x.\xfd(\
\xb7m>\xff\x8a\xa96v\xeb\xa1\xea\xf4\xae\xb1\xc2J\
\xbe\x8b\xcb\x93\xc5\x0fsq>\x16|\xed\xe3\xf7\xb9\xa4\
\xd9\x1bXn2\xd5J\xb5GR\x15D}\xcfa\x04\
\xdf\x9b@\x89\x95\xf3\x19d\x8d\xeb\x7fE\xd0\xb7x;\
\xf8x\xccrXre\xf0\xa2\xa0\x86j\x07F:\xa1\
:Z\x85\xdc\x15uB\xda\x0a\x9f\x83\x17\x93\xdc\xc8d\
\x82\x01\xf9\xfe\xcc\xc7\xd2\xe4\x9dS|\x1d\xa8d\xef\xf8\
ue\xfa\xae\x1fV&w_Y\x1c\xdb\xfd\xdb\xc2\xe8\
\xee\xdd\x1d\xdd\xe8\xd8\xe6\xdb\xe1\xf6@?\xf9\xcblX\
\x7fa\xdc\xef\xbc\xaa\x96\xbd\xfb\x9b0\xef\xbeQ\x1e\xbf\
\xe3'\xe5\xd1;n\xe1\xf5\x1du\xdeo\xdf\xeeq\xac\
\xf8\x1a_\x00\xdd\xe4\xa8\xf4s\xb5\xf3q\xadL\xee\xd8\
S\x02\xbd\xa39}\xc7\xbd\xab\xcf\xefm~\xbbx\xef\
4\x18x\xf7\xd5\x0b\xbb\x0fT\xab\x1dC\xe7\x1c\x87#\
\xdd\xb6\xf9|\xcd\xadL\xee\xbc\xabq\xe8\xf6}\x15\xd8\
O\x81z\xad\xb1Yk^\xafJ_\xf3\x8aq\xb3\xd5\
:\x05\x8cH\xaa\xeb8\xaeO\xd1~_\x95\x8eh\xcc\
\x85\xba\x8f\xe0w\xbaf\xf9\xe0\x84]\xbco\xbfU\xbd\
w\xec\x18\xd7\xcc\xc3\xfc\xe0LQ\x069jN\xdf}\
os\xfa\xc0\xbd\xf5zg\xef:\x9c\xbf\x22\x06k\xe3\
\xd4\xad\xa5\xd2\xe8\xce\xfbr\xe3\xbb\xae\x03\x19\xfa!\x94\
\xff\x16\xbf\xe7a\xfd-\x82\xccWG;8\xaf\xda\xff\
\xc3\xec\xb6{\xdc\x1053\xbcco\xf6\xc0-\xd7\xe6\
Fv^\x99;\xb4\xf1\x1b\xb9\xb1\xf5\xdf\x9a\x19\xbe\xfd\
gS\xc3;\x8eM~\x0e3\xa4\x15\x18'\xae\xf7\x8d\
\x1f\xb8\xf973\xc3C_\x9e\x19\x0a}\x22;\x10\xf8\
\xd2\xc4\xbe\x9b~\xc5\xd3Gg\xdb\xc5\xe7\xf6\xe1RG\
\x8f\xb1\xe2\xbe}\x8d\xc2\xc1;\x86gFo\xfbsa\
\xfc\xf6\x9f\x15Go\xffqn\xe4\xd6\xdf\x14\x87o\xb9\
\xa33o`\x1e \xb4\xcd\xe7kam\xfc\xf6\x11\xbe\
\xdf5`\xff\x00\xd6+0\xc8fw\xb6A'\xdb;\
}\xef\xf5w\xf0;\xdf\xe7\x81\xee\xfez:>~C\
e\xf2\xde\x1d\x07\xa6\xf7\xdfz\xfd\xf4\xc1[\x7f\x9e\x1d\
\xb9\xf5\xca\xec\xf0-\xbf\x9a\xd8w\xe3\xed|N\xae>\
\x1fV\xaf\x86\xb7\x81\xcf\xc1\x09\xd8/&\x87o\xf9a\
v\xe4\xb6/M\x1f\x1c\xfc\xfa\xe4\x81[\xae\x9a\x86>\
\x8e\x8e\xde6\xc3\xcfV\xab\x97\x16\xa9\x02\x81\x07\x87\xc0\
j\x9b\xf0\x83\xe3(J\x0b\x04\x1e\x9a\x08\xc0\xe6\x03\x8a\
7(=s\x06\x1ex~h6t\xd5V\xa1\xceA\
e\xc5\xa6\xb6\x06\xed\xe2d\xe8'\x1c<y\xbfa\xa3\
\x84\x8c\x07\xc2\x03\x8a=P\x0fu\xf3M\x9a\x87\xd9\xfa\
\x8f\x99\xd1\xe6\xcd\x9b\xd5\x0d\xa7l\xdd\xb2\xf1\xe4'l\
\xed;\xf1II(\xb8\x96\xc2\x07Y\xb3~\xdd\xba\xc7\
u\xd5j\xe5\xad\x92\xaai>u\x99\xac\xa8\xa3\x88\xda\
\x5c\xc1\x9f%X\xe3\x9a\xd84\x1el\xb5\x1bOdH\
\x0a\xfa\xbe\xcf\x82Fp\xca\xa7\x0e\x1c\xfe\xd7(\xf0\xf0\
I\xe6\xf2@\xa1;<\xf08D\x8f\xdd\x13I\x01S\
 \xa1\x8c\xc2\xd0\xf0\xd2\x18s>\xcb\x19@\x0e\xc8A\
G\x06\xd1j\xf9\xcb\xe9\x17\x9e\x19C\x1e<0\x8c1\
b\x18\x11\x8d\xf2\x8a\xd0r\x07\xfc;|\xf9}y\xde\
C\xfay\xe3iO\xc9\x0cl~\xfc3\xd6\x9f\xf4\xc4\
u\x08\x9d/\x1d\xb5\xb1[\xb6(*S\x1e]\xaf\x16\
\xcf\xd6\x8c\x90j;V\x9bH\xf86P:\xef\x9fq\
\xe9\xc8\x15\x01\x8e\xdb;_`\xe6\xe0\xc0;\xdc9\x9c\
\xc2\xf8\x1d\xb9\x8c\xc8]\x1d\x01.\xef\x10:\xf8\xc1}\
u\xa2\x87a*\xf4\x95\xf7\x99\x07\x04\xf2\xf4\xa0{\x08\
<:\xbc\x80\xef\x03\xe4\xb7u\xab\xdcw\xdc\xb9\xa7\x0f\
\x9e\xf0\xb8\xc7\x0c\x0dm\x8d!\x84`\xd1BGt\xf1\
\x0d#}\x9ec\xfdG\xc0\x08D\x19\xec\x0b\xb2\xac\x8c\
*M\x15\x8c\x90G,\xb6Z&\xb4\x1f\xf1\xb6\xf3\xc0\
\xe3\xab\xd1\xfc\xb3\xa5\xe1\xeeM\x8f\xdb\xdc{\xc2\xb9\xcf\
\xe8\xdb\xb4\xb5\x1f:\x7f\xd4\xf1H\x9d\xf0\x98\xb0G\xd1\
\xbf\xc1\x9b\xa1n\x8caO\xa0\xac\xcc<\xf7\xee\xe1\xe1\
\xab](\xff\x8f\xe6\xb9\x1cpy\xe0\x81\xc7\xff\x1a\xed\
\xe7|\x80\xdf\xc2\x5c\xf9k\xf0|(\xf3\xe02\x94N\
\xaf\x7f\xf4c\xd7\x9d\xf4\xb8\x1et\x0c{\xe8\xa6MO\
\xd34#pN\xa3\xd98EV\x14\x89Y\xed\x86$\
\xc9w\x142\xe8\xf0\xbb\xc6\x87r\x8fW\xb6\x8d\x8f9\
\x0f0\xee\x9d5\x86\xc7WR\x1d[\x0a\xf0\xe0\xb2\xc3\
C\x87\xd7\xb1\x95Z\x9d\x0a\xda\x01|\xb8\xde\xc7\x03z\
\xd0\xfc\x16\xd7\x02\xed\xec\xf0\x83:\x16'\xff]\xe3\xbc\
-\xf3\xe1\xc16d\xae\x7f\x80\x1fz\x80\xfb\xdd\x83m\
\x81(\xff\xd0A\xe0o\xd0\x12a\x0c\xfc\x1b\x80,\xaa\
\x10\x08\x08\x04\xee?\x02\x8e\x9c\xc9\xe4\xf33o?x\
p\xdf\x17\xc3:z\xc5\xba\xd3\x1e?44\xb4UG\
h\xf5C\x5ct\xf0\xb1qWa\xff^\xadV\xce\xd5\
i-g\x7f\x00\x00\x10\x00IDATu\x8d4[\
M\x1b\x94\xbc\xed\x0d\x8a\xcbh\x91\xeb\xed\xdd\x12H\xc1\
\xa1\x02\x92\xe6\xd6\xbf\xf3\xa5\x00\x0e\x9cT+W\x9e\xa2\
\xaa\x8ab\x99mO\x0b\x04ork\xad\xa3\x1a\x11\x81\
\xc7?\xb5\xc7Xb\x98\x10\x06\xd6@\x84(E\x14a\
\xae\x0c\xfd\xd50\x91$\x09\xf8Q\x04\x06Z$aD\
X\xc7\xea\x88\x1e\x1e\x0e\x8c\x13p\x9e\xfd\xb7\x89\x03w\
\x7fV\x96\xd9{\x8f?\xbd\xbee\xe8\x0cn\xa4\xb8|\
N.\xd1R\x07\xc6\xf1XY\xda\x9c\xcbe_\xa5\x18\
\xa1~\x86|\x8c|4\xee\xb8\x1e\xff\x93W\xba\x94X\
<\x09\x04\x04\x02\x8b\x11\x18\xca\xa3\x94\xcf\xfcK\xc7G\
\xf6~\x11\x87\x95\x17\xf4\x9d\xb6\xb5\x8f\xbfpZL\xb3\
(\x8ecCg\xc4d\xaa=\xdbn\xb7\xb6\x1a\xc1\x80\
\xd26[^ \x10\xdeS(\xfc\xc3\x1a\x0d\x16u\xef\
\xef\x1f\x1d\x1a\xda\x1a\x95\xb0sQv\xff\xdd\x9f\xd44\
\xf4\x9au\xa7<\xfe\xc4\xf4\xe6\xad!\x84\xd0\xaa\xeb_\
\x7f\xff9\x06\xf6\xe8crS\xe3/\x88\xc6bQ\xc7\
4}Y\xd5v;&\x1a\x812b\xfd\x03\x10\xfe\xd9\
<\xe8q!\x82\xecg\x16\x0e\xdd\xf31\xcb\xb1\xdf\xb7\
\xee\x94\xd2Y\xf1\x0d[\xa2k\x1a\x05\xe1eZKi\
\x9e\x5c\xcc\x17_\xad\xeaF\x0fc\xf0\x0eMV\xa6\x88\
\xc4v\xcf}$\xf0\x90\x81P4D  \x10\x10\x08\
\xfc\xad\x10Xu\xd3\xfd[U.\xea\x11\x08\x08\x04\x04\
\x02\xab!\xc0\x0fi\x9e\xe7o1[\xd6\x99\xe9\xae\x81\
\x8d\xf7\xdd\xb7\xff\x0d\xedz\xfb\xcbRDz\xc5\xa6\xd3\
\x9e|\xd6\xd0\x89[\x87\xd6\x9f\xf2\xa4\xae\xde\xe3\xb7\xa6\
z7>j`\xdd\x89O8'd\x907\xe6f\xb2\
o\x8d'S\x09\x0a\x86)\xe4\xba#\x1e\x22\xbf,\xee\
\xbbq\xe1O\x9fz7<f\x10\x0c\x86o\x8f+\xf2\
\xffn:\xe3\xc9\x8f\xef\xdd\xf8\xf8\x81\xe3\xce\xac\x9f\xc7\
\xb0\xfb~\x0f\xa3\x8d2X\x9c\xa8\xef\xe6\x90\xa4\xfc6\
\x97\xdb\xf3 \xfeld\xb5^=\xfc\xd2$\xd9\xe6\x87\
0\x8a(l%\x0cL[\xe8\xaf\xfa\x16\x93u~\x85\
\x90\x22\xe0L\x10E\x9c\xbf\xfe\xb0\x01q\xb0\xe4\x85\xa7\
\xc6\xc7\x9e\x15O\xf5\xf6\x8eMN=g\xa60\xf3\x0d\
C\x0a\x5c~\xe2\xa3v<}\xe3iO9e\xe3)\
\x8f\x1f\x80{\xa6#\xe7'<\xe6\x84A\xd2\xf7\x1c\xa7\
m}\x0ca\xfc\x98X,&5\xca\x95V0\x14\xf9\
\xa5\x12\x90\xf8\x9f\xef?lp\x11\x1d\x11\x08\xfc\xd5\x11\
\x00\xc3\xbb\xc3\xbcS\x0a\xf9\xd2\x13\xa2]\xebN<\xb4\
\xef\xbew\xf8-\xf7\xd3\xb6:\xf8\xfcu\x9b\x9f|\xe6\
\x10\xec'C\x9b\xb7v\xf3\xb9\xd6\xb3\xfe\xdcu\xfd'\
\x9e\xf7xM\x0e\xbf\xa703\xf5\xc6@8\x1e\xa0\xd4\
c\x08{eYU\xb7#\xb4\x9d\x7f\xad\xfcWo\x22\
B\xe8\x9f\x89'\xf64spjl\xec\xf1\x89\xfe\x0d\
}#\x87\x0e\xbe\xb2R*\x7f+\xa4Ho\xd9p\xea\
\x93\x9e8\xb8\xf9q\x9b{7?f\xb0\xff\xf8s\xfa\
\xc0\xb83\xd8\xb3\xf1\xac-\xae\xca..\x8c\x8e\xbe/\
\x18\x8do\x90e\x85\xb4\xa1@(\x18\xbc\xaa\x98\xb1\x0a\
\xffL\xc0\x89\xbe\x1eF\x80\xf8,\x93\x9d\x9a|\xbe\x9e\
\x1c8\xb9X\xaa>/\x9b\xcd~!\xa4\x05/_w\
J\xf1\xa9\xa0\x1b\x9e\xc8\xe5\xa7{\xd3\xe3\xd2\xe9\xa1G\
u'\x87\xce9\xb1\xabn\x9c\x9f\xcf\xe6>l9\xce\
\xd9\xa1p\x5cj\xd6+\x0e\xa8\x8b\xd7\xbaD\x9a<\xcc\
U\xc4\x04\x02\x02\x01\x81\xc0?\x17\x02p\x82\xfb\xe7\xea\
\xb0\xe8\xad@@ \xf0\xd0G\xa0^\x8fJ\x95J\xb5\
\xdboU0&\x04\xf7\x0d\xacO\xb8.}\xe2\xf8\xe8\
\xc1\xf7OM\x8e\x7f\xd3\xb4\xea_v\x1d\xf3\x0a\x05;\
\x1f\xf1)\xfaB\xa10\xfd\xd5r~\xfa\xf5\xf1d\xbc\
\x0f\x83\xab\x16\xf2\xf5LO\xefO\xa4\xb6\xb5\xf0\x1fi\
\xf4\xf6n\x09(*zfab\xf4\xa2\x89\xc9\xf1\x0b\
{\xd2\xdd\xef?\xfe\xb8\x0d\xefG\x9e\xfd\xb9J\xa5r\
^8\x14V\x1b\xb5\xb2\x1b\x8f\xc5\xfe [>/G\
\x1f\xfaH\xfd}[(\xb5U\xca\x18\xf2\x19b\x08a\
\xfe\xef\xaf\xfbe \x0c%Ed\x96'\xc1\xf0\xfe^\
\xa5\x18=L\x9c9Sv)\xc2\xd3\xad\xb6\xe9\x84\xc3\
\x11M\x96\x95\x93\xc6\x0e\x0d_2yh\xf4\xcb\xedf\
\xf5k\x00\xea\xa7\x18s?\x0c\x86\x88\x8f\x99-\xf3\xcb\
\xb9\xc9\xb1\x8f\x11\x99lM\xa6\xd3:\x1cb|\x80|\
g0\x18\xfcQyx\xc7\xd1\x7f\xf0\xfea\x82\x99\xe8\
\x86@\xe0\x01!\xd0h\xe0j\xb9\x1e\xf0\xebYI\x22\
\x0aN\xf6\xf4w\x99V\xfb\x99\xd9\xf1C\x1f\xab7J\
_c\x8c}\x92a\xf2~\xcfu>d\xbb\xce\xe7\x8b\
\xb9\xe9/\xb5j\xa5KR\xdd=\xfd\x84\x10T-\x16\
Z\x01#\xfa\xc3f\xbb\xbd\xf3\x01\xd5/\x0a\xad@\xc0\
lx\x0eB$\xdbh6\xbdD\xaa+\x82\x08y\xe4\
\xe4\xe8\xc8\x1b\xa7\xb3\xa3_m7\x1a_f\x8e\xf7q\
\xd8\x5c>\x82\x5c\xf6\xe9r\xb9\xf2\xd5r1\xff\xeeX\
O\xcf#t#(\xd7\xaaEG\x8d\xc4\x7f\xcf|\xf5\
\xf7\xa8\xf3\x13$+\xd8\x8b\x84\x7f\x02\x04\x98\xe7\xb6\x90\
\x8fF\xadz\xc3\x0e\x85\x22:\x18\x87O\xcd\xcd\xcc\x5c\
2=6\xfe\xa5v\xa3\xf85\xdbq?F\xa9\xfd~\
\xd7\xf5>R-\x15\xbe\x98\x9b\x18\xff\xa8\xaa\xaa\xe7\xa5\
\xd2]\x06\xd7\xf5\x90\x8fo\xc1\xb2\xfc\xa3\xc5/\x8c\xff\
\x09`\x13]\x14\x08\x08\x04\x04\x02K\x10\x10\xc6\xc0%\
p\x88\x07\x81\xc0\xdf\x00\x01Q\xc5Q\x11\x98\x9c\xbc\xd9\
\x0e\x05\x03\xbf\xe9\xdb\xb4\xf9\xcb\xd5rao\xb1\x90\xb3\
\x14UA\x89T&d\x84B\xc7\xb5-\xe7\xbcB\xb1\
\xf8_\xb9\x99\xe2\xf3\x1b\xad\xd6\xff\xd3\x83\x91\x13\xc3\xb1\
\x84aY&+M\x8dgc\xc9\xc4W1\xb3\xbe\xc3\
\x7f(x\xbe2Ji\xb0^k\x9c\x1cNv\x05S\
\xe9\x1e}\xe7\xee\xdd\xe7\xdc|\xebm\xcf\xcb\xe6+\xc7\
\x05\x82a\xa9Q\xafR\xe6\xfb\xbb$I\xfe:\xd4_\
\x99/'\xeek#\xd0\x90M\xea\xf9.\xd8\xad|\x84\
\xfe/\xfe\x84\xd7\xa7`j\xa4\x0c\x8c\x82\x88`L\xfe\
O\xeaX\xbb{\xff\xa79\x85\xc2\xdeV<\x99\xfeL\
,\x1e\xfbIi&\x9bw\x1c\x8b\x82\x0c\xcbZ \xd8\
\xd52\xedG\xce\xcc\x14\xfemb2\xfb\xbc\x99\x5c\xfe\
|\x9f\xe1\xc7D\x80\xd80\x82R\xb9Xp\xcdrq\
w8\x1e\xf9Ln\xa4\xb6\x0f\x1a\xc9 \x08/\x10\x10\
\x08\xac\x85\x00\x18\x8c$I\xb9)\xdew\xd2\x97\xcb\x93\
c\xfb\xaa\xd5\xa2-\xcb*\x8e\xc6Rq\x8c\x94\xd3\xf2\
\xc5\xf2\xd3\xb2\x93\xd3\xcf\x9f\x99)>\xd7\xb6\xdd\xa7\x04\
C\x91\xe3\x83\xa1\x98\xea\x83\xbd\xaa\x5c\x98nbI\xba\
\x12\x94\xe5\xcf4\xb2;\x1f\xc8\xef\x05\xae\xd5\xaa\x7f\xe6\
tV\x8a\x99#\xf1\xee\xde\x0f\xc3\xba\xfe\xfb\xf2\xd4d\
\xc1w=\x1a\x8d%t\xdd\x08\x0fZ\x8e{v\xb1T\
~F\xbeX\xfcO\xd3\xb4\xfeU\x0f\x84O\x8b&2\
\x11\x8c%\x5c\xcaO\xb7=\xcb\xfaM@W?Q\x9c\
\xb8q\xe6\x9f\x19\xc4\x7f\xf6\xbe\x17F\x83\xc5H\xa6\xfb\
CJ(\xf8\xc3\xda\xf4\xe4t\xbb\xd5\xf4\xc2\xe1\x88\x12\
\x8a\xc5z=J\xce\xaaV\x9a\xcf.\xe6\xaa/l5\
\xad\xf3\x03\xe1\xf0c\x12\xdd\xfd=\xa0?\x92Rq\xc6\
q\xeb\xf5\x1b\xe3\xf1\xe4G\x8b\xde\xcc^\xc0Q\xec\xa1\
\x00\x82\xf0\x02\x01\x81\xc0\xff1\x02\x0fQ\xf6\xa0\xdf<\
D[&\x9a%\x10\x10\x08\xfc3#@\xa7\x86wL\
\xd9\xd5\xf2\xe7\xa2\xc9\xf4\xabtE\xfbAabl_\
n|\xa2\xdc(Wl\xcfv\x99$I\x0aQ\x15\x99\
Q\xc6\x1a\x95\xb2\x95\x9f\x9a\xcc\xb9\xb6\xb7\xbdw\xfdq\
\xefQ\x0d\xf4\xb1\xdc\xd8\x9e\xd1\xc5\x00\x12BZ\x8cI\
77\x0a\xd9\xe9\x99\xe9\x19O\x92\x08R5Uf\xcc\
\xa7\xc5\x99l\x93z\xf4\xfa\x9e\xfe\xc1\xf7E\x94\x0a\xff\
\xfaC(\x87\x8b\xc1[#nX\xc8m7\x9bM\xcf\
n\xf9\xc8oy\xbeg\xe35H\x1fP\xb2\xed\xd8&\
r\x9b\x96\xdd\xae{`\xacm9^\x1b\xac\x8e\x0f\x88\
\xd5C\xb1\x10\x9b\x19\xbe\xfe^\xca\xd0[{\x07\xd7\xbf\
\xd3w\xfd?\xe7\xa6&&\xab\xe5r\xcb\xb5\x1c_Q\
U\x12\x0c\x04\x15C7dD}T\xad\x96\xed\xc2\xe8\
\xc1i\xea\xfb\xbfH\xf6\x0f\xbc5\xa9\xc6~\x87\xd0^\
\xe7\xa1\xd81\xd1&\x81\xc0C\x0d\x010\xe4\x15\xb1)\
\x7f>\xda\xd3\xf3:\xdf\xa3?.\x8d\x1d\xdc?3v\
\xa8\x5c)\x17m\x0a\xf3K\x85\xcd\x00\xbc\x820\xc5\xad\
v\xd3\xcdMO\xd5+3\xd3wF\xa2\x89\x8fD#\
\x89\x0f\xf0\xff\x15\x17\xfa$\xf6\x05\x00\xe1\xaf\xe2\xf7\xee\
u*\xe3\xa1\x1dF$\xf8\x86d_\xdf\x07m\xdb\xbe\
\xb18\x99\x1d\xaf\x14Ju\xdb\xb2\x5cY\x92\xb1\xa6\x1a\
\x12!\x04\x9bV\xdb+\xe6\xb3\x8d\xca\xe4\xf8\xbd\xaa\x1e\
\xf8b(\x91yWuj\xd7]\xd0\x0e\xf1\xf5>\x80\
\xf0\xcf\xeb\xb7{\xf5\xc9;\x86UE}\x7f\xb4\xab\xf7\
M\x8ec\xff\xae499Z\xce\xe5\xea\x16\xc8\x90\xaa\
kR0\x12\xd24CS<\xcfg\xe5b\xae]\x1e\
\x1d\x19\xc5\x0c\x7f'\xd2\xdd\xfd\x8eJ\xa4\xfdG\xfe?\
\x91\xff_\xe3'\xf8\x0b\x04\x04\x02\x02\x81\x872\x02\xc2\
\x18\xf8P\x1e\x1d\xd16\x81\xc0?7\x02\xacX\xdc\xd7\
(\x8c\x0c\xde\xac\x06\xb5w\xf5\x0dmxy\xba\xaf\xef\
\xf2P(\xf4uL\xd8\xaf1\xf5\xb6+\x04o\x0f\x07\
\x03\xbfLwe>7\xb8~\xe3\xeb3\xa9\xd4+\x89\
\x85~\x98;\xb8'\x0f\xd0-9\xb8e\xb3;\xdb\x11\
5\xf8\xab\xc1\x13N\x7fG8\x1a\xfe\x99\xeb\xb4w\xf9\
v\xfb.\x89\xd1k\xd3\xdd]\x1f\xea\xed\xea}\xf5d\
\xd8\xbav\xf6\x7fO\x85\xd2\xc2\x1f\x15\x81lv\x83\xad\
\xe8\xea\xef\xf5@\xe0\xd7$\x1c\xfb\xa5\xa6jcPh\
\x09\xee\xf0\xfc\x80\xbd\xac\xc9\xfb\xe5p\xe2\xc7\xaa\xaa^\
\x09L\xbe\xa3\x9a\xca\xc3\xed?ua\xc5\xb1\x9d\xd3\xc4\
\xa2?\x88\xa4\xc2\x17\xf5\x0d\xae{U2\x95\xfa8\xd8\
\x01\x7f\xe2Y\xe6\xf5\xb6Y\xdf\xe5@\xf0\x1ck\xbb\xa1\
\xa9\xdfH\x0f\x0c\x5c\x16K\xc7\xdfT\x1a\x0b\xfcet\
t\xfb?\xea\xff~\x08C)\xbc@\xe0o\x8f@\xb9\
\xbc\xa3^\x9b\x8a\xfe9\x95\x8a\xbd->8tQ\xb4\
\xbb\xfb\x9d\xa1`\xe8K\x8cz\xbf\xb0\xed\xe6\x9f\x1c\xb3\
u\x03\xf3\x9c\xeb$\x09\xff0\x96J\xbd'\xd5;x\
\x91\xea9\x9f\xa9dwN\xdc\xcf\xd6\x0a\xf2cB`\
\xbbW\x1d\xdd=JL\xf3\x1b\xf1p\xea\xa2T\xff\xc0\
k\xe2\xc9\xc4G\x14I\xf9\x0e\xf5\x9c\xdf\xda\xad\xe6v\
\xcfn\xfd\x11^\x86\xfc(\x18\x8a| 18\xf8\x0a\
#$\x7f\xa89}\x07\xff\x22\x9a\x1eS\x15\x82\xe8a\
\x8f@+\x7fw\xae\x16\xa8\xff<\x1a\x8a\xbd.\xd1\xd7\
\xfb\xaa@4\xfc1J\xddm\xadj\xe1\xbaFy\xfa\
\x96f\xa5x\xb3\xd9\xa8^\xad*\xd2\xe7\x22}\xbd\xaf\
5t\xe5=\xf5\xa9\x8d\xb7!0H?\xec\xc1\x11\x1d\
\x14\x08\x08\x04\x04\x02GA@\x18\x03\x8f\x02\x90\xc8\x16\
\x08\x08\x04\xfe\xde\x08l\xf3\x0b\xa3\xb7\xcdL\x0d\xdft\
K:\xd8\xfe*\x0e\x05\xde\x19\x8e\xe9\x97\xc4\x8d\xd4\x05\
a%|\x01\x96\xb5W;\x92\xf4\xbf\xe3=\xe4g\x13\
\xc37\x1d\x9c\x9c\xbc\xd9\x5c\xab\xc5\xe3\xe37T\xd2\xa1\
\xd6UF0\xfe\xdaD\xac\xeb?\xa3]\xc9g\x05\x22\
\xb1\x97D\xe5\xd4'\xc6\x87\xaf\xdf+~\x7fh-\xe4\
\xd6J\xdf\xe6\x1f\xdfc|/\x98\xee\xb9 \xbd>\xf6\
F0l\xed\x06\xca\xbf\x9a1\xb00\xb2\xe3`\x7fr\
\xdd;\xf5t\xf7\xab\xc3J\xf4S0\xb6\x0f\xe1?\xdf\
\x86\x9e?@\x0f\xfd2s\xfbn=4u\xe0\xa6\xab\
UO\xfahX\x89\xbc6\x10L\xbe(\x12N<'\
\x12I\x9do$\xe3\x17H\x01\xf5\x1d\x85u\xc1\x9f\x95\
\x0f\xde\x06\x86\x09\xf1\x9f\x18<@\xa8E\xb1\x7fz\x04\
\xb6{\xb0NMW\xc6o\xbf\xa9\xd6\x8d\xbf\xa13\xef\
r\xd5\x08\xbe&\x16\x0d_\x10\x8e\x04^\x14\x08\x06^\
*\xa9\x917V\xf5\xda\x97\x8a\xe3;\xee(\x14\xf66\
\x012\x06A\xf8\xff#\x048\xc6\x85\xc9\x1d\x07\x8ac\
\xb7^\x1dU\xe3\x9fR#\xfa[\xa3q\xe3\xe2X2\
\xf1\x92h<\xf5R#\xac\xbd\xbe\x15h~\xae<v\
\xdb\xcd\xb5\xf1\xbb\xf8\x1e \x0c\x81\xffGc\xf1\x0f\xcb\
vx\xd8\xae\xce\xec\x1e-O\xdc\xf1\x87\xb6\x16\xfbD\
(j\x5c\x16\x08\xf7\xbc4\x9e\xec}A\x22\x19{A\
0\x1cyeT\x96\xff\xb7>y\xdc\xef[\x85\xbd3\
\x08m{8\xfd\x95\xc1?\xec\xb0\x89\x86\x0b\x04\x04\x02\
\x7f\x7f\x04\x841\xf0\xef?\x06\xa2\x05\xff\xc8\x08\x88\xb6\
\xff-\x11`{\xe1MnyxG\x9d\x7f\xf9\x07\x06\
\x94)\x1er\x07o\xca\x17\xf7\xdd\xd8@\xdb\x8f\xcd@\
\xb2s\xe7N7\xbb\x7f{1;r\xe3\xf8\xf4\xbd7\
\x8d\xf1\xf2\xc3\xc3W\xdb\x7f\xcb\x8e<\x9c\xea\xe2x\x16\
\xf6no\xe6\xf6\xeciA\xbf\xfe\xda\x874::\xba\
\xdd\xe2\xfca\xac\xb9\x91\xf7\xe1~(\xa7\xbc\x9f\x10\xca\
\xa5\xc9\x9b\xa7rc\xb7\x1e\x9a\x19\xbde\xb4\xb4\xff\xe6\
\xa9\xca\xc8\xce\xda\xb1\xca8\x8c\x83\xf0\x02\x01\x81\xc0\x91\
\x11`\xfc\xe5\x0f7D5gv\x15\x8a\x13\xbb\xb2\xe5\
\xa9=\x93\xfc^\x9f\xbc\xb9\x8c\xc0\xb8\x00\xc5\x1f\xee\xeb\
\x0dt\xf1!\xe5;\xeb}utw5\x7f\xe8\xee\x1c\
7\xda\x16\xe0E`\xc7\x008:\xca\xbf\x84\x16\xe3\xf1\
\x90\x1a\xae\x87dc(\x82\x17\xc2\xf5\xc9\xbd\xe5vq\
\xe7t%\xbbs\xbc\x9c\xbd{\xa2\x95\xbf;\xc7\xe7\xba\
0\x02>$\xc7L4J \xf0\x8f\x87\xc0\xc3\xa8\xc5\
\xc2\x18\xf80\x1aL\xd1\x15\x81\x80@@  \x10\x10\
\x08\x08\x04\x04\x02\x02\x01\x81\x80@@  \x10\xf8\xeb\
\x22 \xb8\x09\x04\x04\x02\x02\x81\x87\x1b\x02\xc2\x18\xf8p\
\x1bQ\xd1\x1f\x81\x80@@  \x10\x10\x08\x08\x04\x04\
\x02\x02\x81\xbf\x06\x02\x82\x87@@  \x10\x10\x08\x08\
\x04\x04\x02\x02\x81\x87%\x02\xc2\x18\xf8\xb0\x1cV\xd1)\
\x81\x80@@  \x10x\xe0\x08\x88\x92\x02\x01\x81\x80\
@@  \x10\x10\x08\x08\x04\x04\x02\x02\x01\x81\x80@\
\xe0\xe1\x8b\x800\x06>|\xc7V\xf4\xec\xfe\x22 \xe8\
\x05\x02\x02\x01\x81\x80@@  \x10\x10\x08\x08\x04\x04\
\x02\x02\x01\x81\x80@@  \x10x\xf8#\xf0O\xde\
Ca\x0c\xfc'\x17\x00\xd1}\x81\x80@@  \x10\
\x10\x08\x08\x04\x04\x02\x02\x01\x81\x80@@ \xf0\xcf\x82\
\x80\xe8\xa7@@  \x10\x10\x08 $\x8c\x81B\x0a\
\x04\x02\x02\x01\x81\x80@@  \x10\x10\x08\x08\x04\x1e\
\xee\x08\x88\xfe\x09\x04\x04\x02\x02\x01\x81\x80@@  \
\x10\x10\x08\xcc! \x8c\x81s@\x88\x9b@@  \
\x10\x10\x08<\x1c\x11\x10}\x12\x08\x08\x04\x04\x02\x02\x01\
\x81\x80@@  \x10\x10\x08\x08\x04\x04\x02\x02\x81\xc5\
\x08\x08c\xe0b4D\xfc\xe1\x83\x80\xe8\x89@@ \
 \x10\x10\x08\x08\x04\x04\x02\x02\x01\x81\x80@@  \
\x10\x10\x08\x08\x04\x04\x02\x0f\x7f\x04D\x0f\xef7\x02\xc2\
\x18x\xbf!\x13\x05\x04\x02\x02\x01\x81\x80@@  \
\x10\x10\x08\x08\x04\x04\x02\x02\x01\x81\x80@\xe0\xef\x8d\x80\
\xa8_  \x10\x10\x08\x08\x04\x1e\x18\x02\xc2\x18\xf8\xc0\
p\x13\xa5\x04\x02\x02\x01\x81\x80@@  \x10\x10\x08\
\x08\x04\xfe>\x08\x88Z\x05\x02\x02\x01\x81\x80@@ \
 \x10\x10\x08\x08\x04\x1e\x04\x02\xc2\x18\xf8 \xc0\x13E\
\x05\x02\x02\x01\x81\x80@\xe0o\x89\x80\xa8K  \x10\
\x10\x08\x08\x04\x04\x02\x02\x01\x81\x80@@  \x10\x10\
\x08\x08\x04\x1e,\x02\xc2\x18\xf8`\x11\x14\xe5\xff\xef\x11\
\x105\x08\x04\x04\x02\x02\x01\x81\x80@@  \x10\x10\
\x08\x08\x04\x04\x02\x02\x01\x81\x80@@ \xf0\xf0G@\
\xf4\xf0o\x82\x800\x06\xfeM`\x16\x95\x08\x04\x04\x02\
\x02\x01\x81\x80@@  \x10\x10\x08\x08\x04\x04\x02\x02\
\x01\x81\xc0Z\x08\x88t\x81\x80@@  \x10\xf8\xdb\
! \x8c\x81\x7f;\xacEM\x02\x01\x81\x80@@ \
 \x10\x10\x08\x08\x04\x04\x02K\x11\x10O\x02\x01\x81\x80\
@@  \x10\x10\x08\x08\x04\x04\x02\x7fc\x04\x841\
\xf0o\x0c\xb8\xa8N  \x10\x10\x08\x08\x048\x02\x22\
\x08\x04\x04\x02\x02\x01\x81\x80@@  \x10\x10\x08\x08\
\x04\x04\x02\x02\x01\x81\xc0\xdf\x03\x01a\x0c\xfc{\xa0\xfe\
\xcf\x5c\xa7\xe8\xbb@@  \x10\x10\x08\x08\x04\x04\x02\
\x02\x01\x81\x80@@  \x10\x10\x08\x08\x04\x04\x02\x0f\
\x7f\x04D\x0f\x1f\xb2\x08\x08c\xe0CvhD\xc3\x04\
\x02\x02\x01\x81\x80@@  \x10\x10\x08<\x5c\x5c\xe2\
\x00\x00\x10\x00IDAT\x08\x04\x04\x02\x02\x01\x81\xc0\
?\x1e\x02\xa2\xc5\x02\x01\x81\x80@@ \xf0\xd0F@\
\x18\x03\x1f\xda\xe3#Z'\x10\x10\x08\x08\x04\x04\x02\x02\
\x01\x81\x80@\xe0\x1f\x05\x01\xd1N\x81\x80@@  \
\x10\x10\x08\x08\x04\x04\x02\x02\x81\x7f\x00\x04\x841\xf0\x1f\
`\x90D\x13\x05\x02\x02\x01\x81\xc0C\x1b\x01\xd1:\x81\
\x80@@  \x10\x10\x08\x08\x04\x04\x02\x02\x01\x81\x80\
@@  \x10\xf8GA@\x18\x03\xffQF\xea\xa1\
\xd8N\xd1&\x81\x80@@  \x10\x10\x08\x08\x04\x04\
\x02\x02\x01\x81\x80@@  \x10\x10\x08\x08\x04\x1e\xfe\
\x08\x88\x1e>\xac\x10\x10\xc6\xc0\x87\xd5p\x8a\xce\x08\x04\
\x04\x02\x02\x01\x81\x80@@  \x10\x10\x08\x08\x04\x04\
\x02\x02\x81\xbf\x1e\x02\x82\x93@@  \x10\x10\x08<\
\xfc\x10\x10\xc6\xc0\x87\xdf\x98\x8a\x1e\x09\x04\x04\x02\x02\x01\
\x81\x80@@  \x10x\xb0\x08\x88\xf2\x02\x01\x81\x80\
@@  \x10\x10\x08\x08\x04\x04\x02\x0fS\x04\x841\
\xf0a:\xb0\xa2[\x02\x01\x81\x80@\xe0\x81! J\
\x09\x04\x04\x02\x02\x01\x81\x80@@  \x10\x10\x08\x08\
\x04\x04\x02\x02\x01\x81\xc0\xc3\x19\x01a\x0c|8\x8f\xee\
\xfd\xe9\x9b\xa0\x15\x08\x08\x04\x04\x02\x02\x01\x81\x80@@\
  \x10\x10\x08\x08\x04\x04\x02\x02\x01\x81\x80@\xe0\xe1\
\x8f\x80\xe8\xe1?=\x02\xc2\x18\xf8O/\x02\x02\x00\x81\
\x80@@  \x10\x10\x08\x08\x04\x04\x02\x02\x01\x81\x80\
@\xe0\x9f\x01\x01\xd1G\x81\x80@@  \x10\x10\x08\
p\x04\x841\x90\xa3 \x82@@  \x10\x10\x08\x08\
\x04\x04\x02\x02\x81\x87/\x02\xa2g\x02\x01\x81\x80@@\
  \x10\x10\x08\x08\x04\x04\x02\x02\x81\x05\x04\x841p\
\x01\x0a\x11\x11\x08\x08\x04\x04\x02\x0f7\x04D\x7f\x04\x02\
\x02\x01\x81\x80@@  \x10\x10\x08\x08\x04\x04\x02\x02\
\x01\x81\x80@@ \xb0\x14\x01a\x0c\x5c\x8a\xc7\xc3\xe3\
I\xf4B  \x10\x10\x08\x08\x04\x04\x02\x02\x01\x81\x80\
@@  \x10\x10\x08\x08\x04\x04\x02\x02\x81\x87?\x02\
\xa2\x87\x02\x81\x07\x80\x800\x06>\x00\xd0D\x11\x81\x80\
@@  \x10\x10\x08\x08\x04\x04\x02\x02\x01\x81\x80@\
@ \xf0\xf7D@\xd4-\x10\x10\x08\x08\x04\x04\x02\x02\
\x81\x07\x8a\x800\x06>P\xe4D9\x81\x80@@ \
 \x10\x10\x08\x08\x04\x04\x02\x7f{\x04D\x8d\x02\x01\x81\
\x80@@  \x10\x10\x08\x08\x04\x04\x02\x02\x81\x07\x85\
\x800\x06>(\xf8Da\x81\x80@@ \xf0\xb7B\
@\xd4#\x10\x10\x08\x08\x04\x04\x02\x02\x01\x81\x80@@\
  \x10\x10\x08\x08\x04\x04\x02\x02\x81\x07\x8f\x800\x06\
>x\x0c\xffo9\x08\xee\x02\x01\x81\x80@@  \
\x10\x10\x08\x08\x04\x04\x02\x02\x01\x81\x80@@  \x10\
\x10\x08<\xfc\x11\x10=\x14\x08\xfc\x8d\x10\x10\xc6\xc0\xbf\
\x11\xd0\xa2\x1a\x81\x80@@  \x10\x10\x08\x08\x04\x04\
\x02\x02\x01\x81\x80@@ \xb0\x1a\x02\x22M  \x10\
\x10\x08\x08\x04\x04\x02\x7fK\x04\x841\xf0o\x89\xb6\xa8\
K  \x10\x10\x08\x08\x04\x04\x02\x02\x01\x81\xc0a\x04\
DL  \x10\x10\x08\x08\x04\x04\x02\x02\x01\x81\x80@\
@ \xf07G@\x18\x03\xff\xe6\x90\x8b\x0a\x05\x02\x02\
\x01\x81\x80@@  \x10\x10\x08\x08\x04\x04\x02\x02\x01\
\x81\x80@@  \x10\x10\x08\x08\x04\x04\x02\x7f\x1f\x04\
\x841\xf0o\x89\xbb\xa8K  \x10\x10\x08\x08\x04\x04\
\x02\x02\x01\x81\x80@@  \x10\x10\x08\x08\x04\x04\x02\
\x02\x81\x87?\x02\xa2\x87\x02\x81\x870\x02\xc2\x18\xf8\x10\
\x1e\x1c\xd14\x81\x80@@  \x10\x10\x08\x08\x04\x04\
\x02\x02\x01\x81\x80@\xe0\x1f\x0b\x01\xd1Z\x81\x80@@\
  \x10\x10\x08<\xd4\x11\x10\xc6\xc0\x87\xfa\x08\x89\xf6\
\x09\x04\x04\x02\x02\x01\x81\x80@@ \xf0\x8f\x80\x80h\
\xa3@@  \x10\x10\x08\x08\x04\x04\x02\x02\x01\x81\x80\
@\xe0\x1f\x02\x01a\x0c\xfc\x87\x18&\xd1H\x81\x80@\
\xe0\xa1\x8b\x80h\x99@@  \x10\x10\x08\x08\x04\x04\
\x02\x02\x01\x81\x80@@  \x10\x10\x08\x08\x04\xfeq\
\x10\x10\xc6\xc0\x07:V\xa2\x9c@@  \x10\x10\x08\
\x08\x04\x04\x02\x02\x01\x81\x80@@  \x10\x10\x08\x08\
\x04\x04\x02\x0f\x7f\x04D\x0f\x05\x02\x0f3\x04\x841\xf0\
a6\xa0\xa2;\x02\x01\x81\x80@@  \x10\x10\x08\
\x08\x04\x04\x02\x02\x01\x81\xc0_\x07\x01\xc1E  \x10\
\x10\x08\x08\x04\x04\x02\x0fG\x04\x841\xf0\xe18\xaa\xa2\
O\x02\x01\x81\x80@@  \x10\x10\x08<\x18\x04D\
Y\x81\x80@@  \x10\x10\x08\x08\x04\x04\x02\x02\x01\
\x81\xc0\xc3\x16\x01a\x0c|\xd8\x0e\xad\xe8\x98@@ \
p\xff\x11\x10%\x04\x02\x02\x01\x81\x80@@  \x10\
\x10\x08\x08\x04\x04\x02\x02\x01\x81\x80@@ \xf0\xf0F\
@\x18\x03\xf9\xf8\x8a \x10\x10\x08\x08\x04\x04\x02\x02\x01\
\x81\x80@@  \x10\x10\x08\x08\x04\x04\x02\x02\x01\x81\
\xc0\xc3\x1f\x01\xd1C\x81\x80@\x00\x09c\xa0\x10\x02\x81\
\x80@@  \x10\x10\x08\x08\x04\x04\x02\x02\x01\x81\x80\
@\xe0a\x8f\x80\xe8\xa0@@  \x10\x10\x08\x08\x04\
\x04\x02\xb3\x08\x08c\xe0,\x0e\xe2*\x10\x10\x08\x08\x04\
\x04\x02\x02\x01\x81\xc0\xc3\x13\x01\xd1+\x81\x80@@ \
 \x10\x10\x08\x08\x04\x04\x02\x02\x01\x81\x80@`\x11\x02\
\xc2\x18\xb8\x08\x0c\x11\x15\x08\x08\x04\x1eN\x08\x88\xbe\x08\
\x04\x04\x02\x02\x01\x81\x80@@  \x10\x10\x08\x08\x04\
\x04\x02\x02\x01\x81\x80@@ \xb0\x1c\x81\x87\x9f1p\
y\x0f\xc5\xf3\xffg\xc7\x8ev\xea\xc8\x81 \x80\xa2\xfd\
r>}\x93<\x05\x08`\x0fcO\xbb\xfaH\xabU\
\x00_\xbb\xeb\xf4}*\x02\x04\x08\x10 @\x80\x00\x01\
\x02\x04\x08\x10 @\x80@\xbe\x80\x84\x04\x86\x04\x94\x81\
CL\x0e\x11 @\x80\x00\x01\x02\x04\x08\x10 @\xa0\
\xaa\x80\xb9\x08\x10 @\x80\xc0\xb8\x802p\xdc\xcaI\
\x02\x04\x08\x10 @\x80@-\x01\xd3\x10 @\x80\x00\
\x01\x02\x04\x08\x10\x98\x14P\x06N\x829N\x80\x00\x81\
\x0a\x02f @\x80\x00\x01\x02\x04\x08\x10 @\x80\x00\
\x01\x02W\x04\x94\x81W\xd4\x9e\xfb\x8c\x97\x09\x10 @\
\x80\x00\x01\x02\x04\x08\x10 @\x80\x00\x81|\x01\x09\x09\
,\x13P\x06.\xa3u1\x01\x02\x04\x08\x10 @\x80\
\x00\x01\x02\x04f\x05\x9c'@\x80\x00\x01\x02k\x05\x94\
\x81k}\xddN\x80\x00\x01\x02\x04\x08\x10\x18\x13p\x8a\
\x00\x01\x02\x04\x08\x10 @\x80\xc0\x06\x01e\xe0\x06d\
O\x10 @\xe0+\x01\x7f#@\x80\x00\x01\x02\x04\x08\
\x10 @\x80\x00\x01\x02\xbb\x04\x94\x81\xbb\xa4?\xbe\xe3\
7\x04\x08\x10 @\x80\x00\x01\x02\x04\x08\x10 @\x80\
@\xbe\x80\x84\x04J\x09(\x03K\xad\xc30\x04\x08\x10\
 @\x80\x00\x01\x02\x04\x08\xe4\x08HB\x80\x00\x01\x02\
\x04\xea\x09(\x03\xeb\xed\xc4D\x04\x08\x10 @\x80\xc0\
\xe9\x02\xe6'@\x80\x00\x01\x02\x04\x08\x10 PT@\
\x19Xt1\xc6\x22@\xe0L\x01S\x13 @\x80\x00\
\x01\x02\x04\x08\x10 @\x80\x00\x81\xca\x02\xca\xc0{\xb6\
\xe3\x16\x02\x04\x08\x10 @\x80\x00\x01\x02\x04\x08\x10 \
@ _@B\x02\xc7\x0b(\x03\x8f_\xa1\x00\x04\x08\
\x10 @\x80\x00\x01\x02\x04\x08\xac\x17\xf0\x02\x01\x02\x04\
\x08\x10\xc8\x10P\x06f\xecQ\x0a\x02\x04\x08\x10 @\
`\x95\x80{\x09\x10 @\x80\x00\x01\x02\x04\x08\x04\x09\
(\x03\x83\x96)\x0a\x01\x02\xf7\x0a\xb8\x8d\x00\x01\x02\x04\
\x08\x10 @\x80\x00\x01\x02\x04\x08\xa4\x09(\x03?n\
\xd4o\x08\x10 @\x80\x00\x01\x02\x04\x08\x10 @\x80\
\x00\x81|\x01\x09\x09\xb4\x14P\x06\xb6\x5c\xbb\xd0\x04\x08\
\x10 @\x80\x00\x01\x02\x04:\x0b\xc8N\x80\x00\x01\x02\
\x04\xfa\x0a(\x03\xfb\xee^r\x02\x04\x08\x10 \xd0O\
@b\x02\x04\x08\x10 @\x80\x00\x01\x02\xcd\x05\x94\x81\
\xcd\xbf\x00\xe2\x13\xe8\x22 '\x01\x02\x04\x08\x10 @\
\x80\x00\x01\x02\x04\x08\x10 \xf0\xf2\x92^\x06\xda1\x01\
\x02\x04\x08\x10 @\x80\x00\x01\x02\x04\x08\x10 \x90/\
 !\x01\x02\x83\x02\xca\xc0A(\xc7\x08\x10 @\x80\
\x00\x01\x02\x04\x08\x10\xa8(`&\x02\x04\x08\x10 @\
`F@\x198\xa3\xe5,\x01\x02\x04\x08\x10 PG\
\xc0$\x04\x08\x10 @\x80\x00\x01\x02\x04\x08L\x0b(\
\x03\xa7\xc9|\x80\x00\x81\xa7\x05\xbcO\x80\x00\x01\x02\x04\
\x08\x10 @\x80\x00\x01\x02\x04\x08\x5c\x138\xa9\x0c\xbc\
\x96\xd0\xa7\x08\x10 @\x80\x00\x01\x02\x04\x08\x10 @\
\x80\x00\x81\x93\x04\xccJ\x80\xc0B\x01e\xe0B\x5cW\
\x13 @\x80\x00\x01\x02\x04\x08\x10 0#\xe0,\x01\
\x02\x04\x08\x10 \xb0Z@\x19\xb8Z\xd8\xfd\x04\x08\x10\
 @\x80\xc0\xf7\x02N\x10 @\x80\x00\x01\x02\x04\x08\
\x10 \xb0E@\x19\xb8\x85\xd9#\x04\x08|&\xe0\xf7\
\x04\x08\x10 @\x80\x00\x01\x02\x04\x08\x10 @\x80\xc0\
>\x81\xa7\xca\xc0}\x09\xbdD\x80\x00\x01\x02\x04\x08\x10\
 @\x80\x00\x01\x02\x04\x08<%\xe0]\x02\x04\x8a\x09\
(\x03\x8b-\xc48\x04\x08\x10 @\x80\x00\x01\x02\x04\
2\x04\xa4 @\x80\x00\x01\x02\x04*\x0a(\x03+n\
\xc5L\x04\x08\x10 @\xe0d\x01\xb3\x13 @\x80\x00\
\x01\x02\x04\x08\x10 PV@\x19Xv5\x06#p\
\x9e\x80\x89\x09\x10 @\x80\x00\x01\x02\x04\x08\x10 @\
\x80\x00\x81\xda\x02w\x94\x81\xb5\x13\x9a\x8e\x00\x01\x02\x04\
\x08\x10 @\x80\x00\x01\x02\x04\x08\x10\xb8C\xc0\x1d\x04\
\x08\x04\x08(\x03\x03\x96(\x02\x01\x02\x04\x08\x10 @\
\x80\x00\x81\xb5\x02n'@\x80\x00\x01\x02\x04R\x04\x94\
\x81)\x9b\x94\x83\x00\x01\x02\x04\x08\xac\x10p'\x01\x02\
\x04\x08\x10 @\x80\x00\x01\x02Q\x02\xca\xc0\xa8u\x0a\
C\xe0>\x017\x11 @\x80\x00\x01\x02\x04\x08\x10 \
@\x80\x00\x01\x02y\x02\xef\xcb\xc0\xbc\x84\x12\x11 @\
\x80\x00\x01\x02\x04\x08\x10 @\x80\x00\x01\x02\xef\x05\xfc\
L\x80@S\x01e`\xd3\xc5\x8bM\x80\x00\x01\x02\x04\
\x08\x10 \xd0U@n\x02\x04\x08\x10 @\xa0\xb3\x80\
2\xb0\xf3\xf6e'@\x80\x00\x81^\x02\xd2\x12 @\
\x80\x00\x01\x02\x04\x08\x10 \xd0^@\x19\xd8\xfe+\x00\
\xa0\x83\x80\x8c\x04\x08\x10 @\x80\x00\x01\x02\x04\x08\x10\
 @\x80@\xbe\xc0HBe\xe0\x88\x923\x04\x08\x10\
 @\x80\x00\x01\x02\x04\x08\x10 @\xa0\xae\x80\xc9\x08\
\x10 0,\xa0\x0c\x1c\xa6r\x90\x00\x01\x02\x04\x08\x10\
 @\x80@5\x01\xf3\x10 @\x80\x00\x01\x02\x04\xe6\
\x04\x94\x81s^N\x13 @\x80\x00\x81\x1a\x02\xa6 \
@\x80\x00\x01\x02\x04\x08\x10 @\x80\xc0\x05\x01e\xe0\
\x054\x1f!\xf0\xa4\x80\xb7\x09\x10 @\x80\x00\x01\x02\
\x04\x08\x10 @\x80\x00\x81|\x81U\x09\x95\x81\xabd\
\xddK\x80\x00\x01\x02\x04\x08\x10 @\x80\x00\x01\x02\x04\
\xe6\x05|\x82\x00\x01\x02K\x05\x94\x81Ky]N\x80\
\x00\x01\x02\x04\x08\x10 @`T\xc09\x02\x04\x08\x10\
 @\x80\xc0z\x01e\xe0zc/\x10 @\x80\x00\
\x81\xaf\x05\xfc\x95\x00\x01\x02\x04\x08\x10 @\x80\x00\x01\
\x02\x9b\x04\x94\x81\x9b\xa0=C\xe0_\x02~G\x80\x00\
\x01\x02\x04\x08\x10 @\x80\x00\x01\x02\x04\x08\xe4\x0bT\
J\xa8\x0c\xac\xb4\x0d\xb3\x10 @\x80\x00\x01\x02\x04\x08\
\x10 @\x80@\x92\x80,\x04\x08\x10('\xa0\x0c,\
\xb7\x12\x03\x11 @\x80\x00\x01\x02\x04\x08\x9c/ \x01\
\x01\x02\x04\x08\x10 @\xa0\xa6\x802\xb0\xe6^LE\
\x80\x00\x01\x02\xa7\x0a\x98\x9b\x00\x01\x02\x04\x08\x10 @\
\x80\x00\x01\x02\x85\x05\x94\x81\x85\x97c\xb4\xb3\x04LK\
\x80\x00\x01\x02\x04\x08\x10 @\x80\x00\x01\x02\x04\x08\xe4\
\x0b\x9c\x9eP\x19x\xfa\x06\xcdO\x80\x00\x01\x02\x04\x08\
\x10 @\x80\x00\x01\x02;\x04\xbcA\x80\x00\x81\x08\x01\
e`\xc4\x1a\x85 @\x80\x00\x01\x02\x04\x08\x10X'\
\xe0f\x02\x04\x08\x10 @\x80@\x8e\x8020g\x97\
\x92\x10 @\x80\xc0\xdd\x02\xee#@\x80\x00\x01\x02\x04\
\x08\x10 @\x80@\x98\x8020l\xa1\xe2\xdc#\xe0\
\x16\x02\x04\x08\x10 @\x80\x00\x01\x02\x04\x08\x10 @\
 _\xa0cBe`\xc7\xad\xcbL\x80\x00\x01\x02\x04\
\x08\x10 @\x80\x00\x81\xde\x02\xd2\x13 @\xa0\xad\x80\
2\xb0\xed\xea\x05'@\x80\x00\x01\x02\x04\x08t\x14\x90\
\x99\x00\x01\x02\x04\x08\x10 \xd0[@\x19\xd8{\xff\xd2\
\x13 @\xa0\x8f\x80\xa4\x04\x08\x10 @\x80\x00\x01\x02\
\x04\x08\x10 \xf0\xa2\x0c\xf4%\x88\x17\x10\x90\x00\x01\x02\
\x04\x08\x10 @\x80\x00\x01\x02\x04\x08\x10\xc8\x17\x90p\
L@\x198\xe6\xe4\x14\x01\x02\x04\x08\x10 @\x80\x00\
\x01\x02\x04\x08\xd4\x140\x15\x01\x02\x04\x08L\x08(\x03\
'\xb0\x1c%@\x80\x00\x01\x02\x04\x08\x10\xa8$`\x16\
\x02\x04\x08\x10 @\x80\x00\x81Y\x01e\xe0\xac\x98\xf3\
\x04\x08\x10 \xf0\xbc\x80\x09\x08\x10 @\x80\x00\x01\x02\
\x04\x08\x10 @\xe0\x92\x802\xf0\x12\x9b\x0f=%\xe0\
]\x02\x04\x08\x10 @\x80\x00\x01\x02\x04\x08\x10 @\
 _@\xc2u\x02\xca\xc0u\xb6n&@\x80\x00\x01\
\x02\x04\x08\x10 @\x80\x00\x819\x01\xa7\x09\x10 @\
`\xb1\x802p1\xb0\xeb\x09\x10 @\x80\x00\x01\x02\
\x04F\x04\x9c!@\x80\x00\x01\x02\x04\x08\x10\xd8!\xa0\
\x0c\xdc\xa1\xec\x0d\x02\x04\x08\x10\xf8\x5c\xc0_\x08\x10 \
@\x80\x00\x01\x02\x04\x08\x10 @`\x9b\x802p\x1b\
\xb5\x87\xde\x0b\xf8\x99\x00\x01\x02\x04\x08\x10 @\x80\x00\
\x01\x02\x04\x08\x10\xc8\x17\x90\xb0\x96\x802\xb0\xd6>L\
C\x80\x00\x01\x02\x04\x08\x10 @\x80\x00\x81\x14\x019\
\x08\x10 @\xa0\xa0\x802\xb0\xe0R\x8cD\x80\x00\x01\
\x02\x04\x08\x108[\xc0\xf4\x04\x08\x10 @\x80\x00\x01\
\x02U\x05\x94\x81U7c.\x02\x04\x08\x9c(`f\
\x02\x04\x08\x10 @\x80\x00\x01\x02\x04\x08\x10(-\xa0\
\x0c,\xbd\x9es\x863)\x01\x02\x04\x08\x10 @\x80\
\x00\x01\x02\x04\x08\x10 \x90/ \xe1\xf9\x02\xca\xc0\xf3\
w(\x01\x01\x02\x04\x08\x10 @\x80\x00\x01\x02\x04V\
\x0b\xb8\x9f\x00\x01\x02\x04B\x04\x94\x81!\x8b\x14\x83\x00\
\x01\x02\x04\x08\x10 \xb0F\xc0\xad\x04\x08\x10 @\x80\
\x00\x01\x02I\x02\xca\xc0\xa4m\xcaB\x80\x00\x81;\x05\
\xdcE\x80\x00\x01\x02\x04\x08\x10 @\x80\x00\x01\x02q\
\x02\xca\xc0\xb8\x95\xfe<\x90\x1b\x08\x10 @\x80\x00\x01\
\x02\x04\x08\x10 @\x80\x00\x81|\x01\x09{\x0a(\x03\
{\xee]j\x02\x04\x08\x10 @\x80\x00\x01\x02\x04\xfa\
\x0aHN\x80\x00\x01\x02\x8d\x05\x94\x81\x8d\x97/:\x01\
\x02\x04\x08\x10 \xd0M@^\x02\x04\x08\x10 @\x80\
\x00\x81\xee\x02\xca\xc0\xee\xdf\x00\xf9\x09\x10\xe8! %\
\x01\x02\x04\x08\x10 @\x80\x00\x01\x02\x04\x08\x10\xf8%\
\xa0\x0c\xfc\x85\x90\xfc\x9fl\x04\x08\x10 @\x80\x00\x01\
\x02\x04\x08\x10 @\x80@\xbe\x80\x84\x04F\x05\x94\x81\
\xa3R\xce\x11 @\x80\x00\x01\x02\x04\x08\x10 @\xa0\
\x9e\x80\x89\x08\x10 @\x80\xc0\x94\x802p\x8a\xcba\
\x02\x04\x08\x10 @\x80@\x15\x01s\x10 @\x80\x00\
\x01\x02\x04\x08\x10\x98\x17P\x06\xce\x9b\xf9\x04\x01\x02\x04\
\x9e\x15\xf0:\x01\x02\x04\x08\x10 @\x80\x00\x01\x02\x04\
\x08\x10\xb8(\xa0\x0c\xbc\x08\xf7\xc4\xc7\xbcI\x80\x00\x01\
\x02\x04\x08\x10 @\x80\x00\x01\x02\x04\x08\xe4\x0bHH\
`\xa5\x802p\xa5\xae\xbb\x09\x10 @\x80\x00\x01\x02\
\x04\x08\x10 0.\xe0$\x01\x02\x04\x08\x10X.\xa0\
\x0c\x5cN\xec\x01\x02\x04\x08\x10 @\x80\xc0w\x02\xfe\
N\x80\x00\x01\x02\x04\x08\x10 @`\x8f\x802p\x8f\
\xb3W\x08\x10 \xf0o\x01\xbf%@\x80\x00\x01\x02\x04\
\x08\x10 @\x80\x00\x01\x02\x1b\x05\x94\x81\x1b\xb1\xff~\
\xca\xbf\x09\x10 @\x80\x00\x01\x02\x04\x08\x10 @\x80\
\x00\x81|\x01\x09\x09T\x13P\x06V\xdb\x88y\x08\x10\
 @\x80\x00\x01\x02\x04\x08\x10H\x10\x90\x81\x00\x01\x02\
\x04\x08\x94\x14P\x06\x96\x5c\x8b\xa1\x08\x10 @\x80\x00\
\x81s\x05LN\x80\x00\x01\x02\x04\x08\x10 @\xa0\xae\
\x802\xb0\xeenLF\x80\xc0i\x02\xe6%@\x80\x00\
\x01\x02\x04\x08\x10 @\x80\x00\x01\x02\xc5\x05\x94\x817\
,\xc8\x15\x04\x08\x10 @\x80\x00\x01\x02\x04\x08\x10 \
@\x80@\xbe\x80\x84\x04\x12\x04\x94\x81\x09[\x94\x81\x00\
\x01\x02\x04\x08\x10 @\x80\x00\x81\x95\x02\xee&@\x80\
\x00\x01\x021\x02\xca\xc0\x98U\x0aB\x80\x00\x01\x02\x04\
\x08\xdc/\xe0F\x02\x04\x08\x10 @\x80\x00\x01\x02Y\
\x02\xca\xc0\xac}JC\x80\xc0]\x02\xee!@\x80\x00\
\x01\x02\x04\x08\x10 @\x80=\xf8d\xc3\x00\x00\x04\xdb\
IDAT\x00\x01\x02\x81\x02\xca\xc0wK\xf5#\x01\
\x02\x04\x08\x10 @\x80\x00\x01\x02\x04\x08\x10 \x90/\
 !\x81\xae\x02\xca\xc0\xae\x9b\x97\x9b\x00\x01\x02\x04\x08\
\x10 @\x80@O\x01\xa9\x09\x10 @\x80@k\x01\
e`\xeb\xf5\x0bO\x80\x00\x01\x02\x04:\x09\xc8J\x80\
\x00\x01\x02\x04\x08\x10 @\x80\x802\xd0w\x80\x00\x81\
|\x01\x09\x09\x10 @\x80\x00\x01\x02\x04\x08\x10 @\
\x80\x00\x81?\x02\xd1e\xe0\x9f\x84\xfeG\x80\x00\x01\x02\
\x04\x08\x10 @\x80\x00\x01\x02\x04\x08D\x0b\x08G\x80\
\xc0\xb8\x802p\xdc\xcaI\x02\x04\x08\x10 @\x80\x00\
\x01\x02\x04j\x09\x98\x86\x00\x01\x02\x04\x08\x10\x98\x14P\
\x06N\x829N\x80\x00\x01\x02\x04\x08T\x100\x03\x01\
\x02\x04\x08\x10 @\x80\x00\x01\x02W\x04\x94\x81W\xd4\
|\x86\x00\x81\xe7\x04\xbcL\x80\x00\x01\x02\x04\x08\x10 \
@\x80\x00\x01\x02\x04\x08\x5c\x168\xa6\x0c\xbc\x9c\xd0\x07\
\x09\x10 @\x80\x00\x01\x02\x04\x08\x10 @\x80\x00\x81\
c\x04\x0cJ\x80\xc0Z\x01e\xe0Z_\xb7\x13 @\
\x80\x00\x01\x02\x04\x08\x10 0&\xe0\x14\x01\x02\x04\x08\
\x10 \xb0A@\x19\xb8\x01\xd9\x13\x04\x08\x10 @\x80\
\xc0W\x02\xfeF\x80\x00\x01\x02\x04\x08\x10 @\x80\xc0\
.\x01e\xe0.i\xef\x10 \xf0Q\xc0o\x08\x10 \
@\x80\x00\x01\x02\x04\x08\x10 @\x80\x00\x81\xad\x02\x8f\
\x94\x81[\x13z\x8c\x00\x01\x02\x04\x08\x10 @\x80\x00\
\x01\x02\x04\x08\x10xD\xc0\xa3\x04\x08\xd4\x13P\x06\xd6\
\xdb\x89\x89\x08\x10 @\x80\x00\x01\x02\x04\x08\x9c.`\
~\x02\x04\x08\x10 @\xa0\xa8\x802\xb0\xe8b\x8cE\
\x80\x00\x01\x02\x04\xce\x1405\x01\x02\x04\x08\x10 @\
\x80\x00\x01\x02\x95\x05\x94\x81\x95\xb7c6\x02'\x09\x98\
\x95\x00\x01\x02\x04\x08\x10 @\x80\x00\x01\x02\x04\x08\x10\
(/\xf0\xe32\xb0|B\x03\x12 @\x80\x00\x01\x02\
\x04\x08\x10 @\x80\x00\x01\x02?\x16p\x01\x01\x02\x19\
\x02\xca\xc0\x8c=JA\x80\x00\x01\x02\x04\x08\x10 @\
`\x95\x80{\x09\x10 @\x80\x00\x81 \x01e`\xd0\
2E!@\x80\x00\x01\x02\xf7\x0a\xb8\x8d\x00\x01\x02\x04\
\x08\x10 @\x80\x00\x814\x01e`\xdaF\xe5!p\
\x87\x80;\x08\x10 @\x80\x00\x01\x02\x04\x08\x10 @\
\x80\x00\x81H\x817e`dB\xa1\x08\x10 @\x80\
\x00\x01\x02\x04\x08\x10 @\x80\x00\x817\x02~ @\
\xa0\xaf\x802\xb0\xef\xee%'@\x80\x00\x01\x02\x04\x08\
\x10\xe8' 1\x01\x02\x04\x08\x10 \xd0\x5c@\x19\xd8\
\xfc\x0b >\x01\x02\x04\x08t\x11\x90\x93\x00\x01\x02\x04\
\x08\x10 @\x80\x00\x01\x02//\xca@\xdf\x02\x02\xe9\
\x02\xf2\x11 @\x80\x00\x01\x02\x04\x08\x10 @\x80\x00\
\x01\x02\xf9\x02\x83\x09\x95\x81\x83P\x8e\x11 @\x80\x00\
\x01\x02\x04\x08\x10 @\x80\x00\x81\x8a\x02f\x22@\x80\
\xc0\x8c\x802pF\xcbY\x02\x04\x08\x10 @\x80\x00\
\x01\x02u\x04LB\x80\x00\x01\x02\x04\x08\x10\x98\x16P\
\x06N\x93\xf9\x00\x01\x02\x04\x08\x10xZ\xc0\xfb\x04\x08\
\x10 @\x80\x00\x01\x02\x04\x08\x10\xb8&\xa0\x0c\xbc\xe6\
\xe6S\x04\x9e\x11\xf0*\x01\x02\x04\x08\x10 @\x80\x00\
\x01\x02\x04\x08\x10 \x90/\xb00\xa12p!\xae\xab\
\x09\x10 @\x80\x00\x01\x02\x04\x08\x10 @\x80\xc0\x8c\
\x80\xb3\x04\x08\x10X-\xa0\x0c\x5c-\xec~\x02\x04\x08\
\x10 @\x80\x00\x01\x02\xdf\x0b8A\x80\x00\x01\x02\x04\
\x08\x10\xd8\x22\xa0\x0c\xdc\xc2\xec\x11\x02\x04\x08\x10 \xf0\
\x99\x80\xdf\x13 @\x80\x00\x01\x02\x04\x08\x10 @`\
\x9f\x802p\x9f\xb5\x97\x08\xbc\x15\xf0\x13\x01\x02\x04\x08\
\x10 @\x80\x00\x01\x02\x04\x08\x10 \x90/P,\xa1\
2\xb0\xd8B\x8cC\x80\x00\x01\x02\x04\x08\x10 @\x80\
\x00\x01\x02\x19\x02R\x10 @\xa0\xa2\x802\xb0\xe2V\
\xccD\x80\x00\x01\x02\x04\x08\x10 p\xb2\x80\xd9\x09\x10\
 @\x80\x00\x01\x02e\x05\x94\x81eWc0\x02\x04\
\x08\x108O\xc0\xc4\x04\x08\x10 @\x80\x00\x01\x02\x04\
\x08\x10\xa8-\xa0\x0c\xac\xbd\x1f\xd3\x9d\x22`N\x02\x04\
\x08\x10 @\x80\x00\x01\x02\x04\x08\x10 @ _ \
 \xa120`\x89\x22\x10 @\x80\x00\x01\x02\x04\x08\
\x10 @\x80\xc0Z\x01\xb7\x13 @ E@\x19\x98\
\xb2I9\x08\x10 @\x80\x00\x01\x02\x04V\x08\xb8\x93\
\x00\x01\x02\x04\x08\x10 \x10%\xa0\x0c\x8cZ\xa70\x04\
\x08\x10 p\x9f\x80\x9b\x08\x10 @\x80\x00\x01\x02\x04\
\x08\x10 \x90'\xa0\x0c\xcc\xdb\xa9D?\x15\xf0y\x02\
\x04\x08\x10 @\x80\x00\x01\x02\x04\x08\x10 @ _\
\xa0iBe`\xd3\xc5\x8bM\x80\x00\x01\x02\x04\x08\x10\
 @\x80\x00\x81\xae\x02r\x13 @\xa0\xb3\x802\xb0\
\xf3\xf6e'@\x80\x00\x01\x02\x04\x08\xf4\x12\x90\x96\x00\
\x01\x02\x04\x08\x10 \xd0^\xe0\xbf\xd7\xd7W\x85`\xfb\
\xaf\x01\x00\x02\x04\x08\xa4\x0b\xc8G\x80\x00\x01\x02\x04\x08\
\x10 @\x80\x00\x01\x02\xbf\x05\xfe\x07\x00\x00\xff\xffV\
\xb0p\xb3\x00\x00\x00\x06IDAT\x03\x00\xb2i\xa6\
\xf9z#L\x07\x00\x00\x00\x00IEND\xaeB`\
\x82\
\x00\x01U;\
\x89\
PNG\x0d\x0a\x1a\x0a\x00\x00\x00\x0dIHDR\x00\
\x00\x01%\x00\x00\x01'\x08\x06\x00\x00\x00\xef\xafU|\
\x00\x00\x00\x01sRGB\x00\xae\xce\x1c\xe9\x00\x00\x00\
\x04gAMA\x00\x00\xb1\x8f\x0b\xfca\x05\x00\x00\x00\
\x09pHYs\x00\x00\x0e\xc3\x00\x00\x0e\xc3\x01\xc7o\
\xa8d\x00\x00\xff\xa5IDATx^\xec\x9du\x9c\
\x1c\xc7\xd1\xf7\xbf\xdd=\xb3p \x9d\xd8\x02\xdb\x92-\
33\xb3c\x88\x19b'\xb1\x93'\xf0<af\xe6\
7\x9c<\x89\x03\x0e\xc3\xf3$q\xc81[fff\
Y\x16\xd8\x96,\xc6;\x1d\xec\xee\xcct\xbf\x7fT\xf7\
\xee\xec\xde\x9dt2\x04\x9e\xe8\xf7\xb1|\xbb\xb33=\
\xdd\xd5\xd5\xd5\xd5\xd5U\xd5\xca9\xe7\xd8\x8c\xcd\xf8\xa7\
\x87\xf5\x7fu\xcb\xf5\xcd\xf8\xbf\x86\xcd=\xbc\x19\xff\x22\
\xd8\xcc\xaa\xff.\xd8\xdc\xd3\x9b\xf1/\x84\xcd\xec\xfa\xef\
\x80\xcd\xbd\xbc\x19\x9b\xb1\x19\xffT\xd8,\x946c\x10\
\xfe\xbefF\x9b\xb3\x17m:\x9c\xff\x17`qM\xdf\
\xc3\xef\xf5\x7f\xc3\xb4-\x7f}\xb8{6\xe3\xef\x03\xb5\
\xd9\xd0\xbd\x19\xf8\x81\xa8\x94\x1a\xf2\x9a\x03T\xcb\xe0\x97\
\xdf\x1b\x03\xd8:\x11\x06\xf9\xef\xcd\xa5\x09\x9c\x03\xa5\xa4\
@\x85\x94\xad\x95B\xf9\xbf\xe1\xba\xff\xaf\x09\xad\xdf\xa9\
\x0b\x1b\x87\xf6\xbf\x0e\xf7]\xde0t\x19Ca(z\
l\xc6\xdf\x07\x9b\x85\xd2\xffU\x84^}\x91\xe3\xca\xfa\
\xe7\xadud8\x94\xb5d\xce\x91e\x16pT\x13G\
\xb5\x92\xd1\xd3\xd7\xcb\xc0@\x95\xee\xeeu\xac\xef\xed\xa7\
\xbf\xbf\x8fJ%a`\xa0J\x9a\xa6d6\xc39\x87\
\xb3\x99TJ+\xe28&6E\xca\xa5\x12\xa5r\x81\
\xf6\xf66\xda\xcaEF\x8d\x1aM\xb9\x5c\xa4\xbd\xbd\x8d\
r\xa1H\xb1\xa4P\x0e\x8c\xd1\xa0\x14\x05\xa3\x01\x851\
\x0a\xe5\x05\xd9\xa6`\xa4\x82&\x0c\x89\x91\xdc\xbb\x19/\
?6\x0b\xa5\xff\xab\x18F(9\xaf\xaa\x04\x8dEz\
\xdf\x91f\x0e\xb0$\x99\x05\xe7\xa8\xd6,}\xfd\x03\xac\
\x5c\xb9\x8a\xe5+W\xb3\xf4\x85\xa5\xbc\xb0l\x09K\x17\
/c\xc5\xaa\x95\xac^\xbd\x96uk{\xe8\xe9]O\
\xb5Z\xa1\xbf\x9a\x90\xa5\x16k3\xd0\x06\x97\x89\xb6\x84\
\x1f\xdcJ)P\x16k-Zkp\x1a\xad\x14\xcee\
D\x91&R\x06m\x14q\x1cy!Uf\xec\xd8.\
\xc6\x8c\x19\xc3\x16\x13'0y\xcad\xa6O\xdf\x9a\xad\
\xa6Mc\xca\xe4-\x18=\xaa\x83RIc\x8cFk\
\x8d\xd1\x0a\xad4J7\x84\xd5f\x91\xf2\xaf\x89\xcdB\
\xe9\xff\x18\x06i\x03\xbew\x1dr=I-\x99\x02\x9b\
eXk\xa9T-\xab\xd7\xaeg\xf1\xe2\xc5<\xbb\xe0\
9\xe6\xcc\x9d\xc7\x82g\x9fg\xd1\x0bKX\xb9b\x05\
=\xdd\xeb\x19\xa8%\xb84\xc3*\x8dR\x8a(\x8a@\
)\xb46\x22\x10\x8c\x06D8(\xa5p\xca\xa0\x81\xcc\
\x81\xd6\xaa\xaey\x04\x03f\xbe~\xf5%\xa2sX\x9b\
b\xad\xf5\x9f\x1d\xd6\x8aV\xe62\x11f\x99K\x89#\
CGG\x1b\xe3\xc6\x8ca\xda\xb4)l3}kf\
n\xb7\x0d3\xb6\xde\x9am\xa6o\xc9\xc4I\xe3\xe9l\
\x8fp\xceP\x885Fk\xbft\xf3v+\xed\x97q\
N\xea\x91_\xee\x05\x81\xcdf\x81\xf6\x0f\xc5f\xa1\xf4\
\x7f\x0c\xf9\x81\x05\x90e\x80\xb2\xa4\x89%\xb5\x19\xab\xd6\
\xac\xe7\xd9\x85\x8bx\xe8\xc1\x87y\xe4\xd1\xc7yz\xee\
\x5c\x96.^Iww7\x95\x81\x0a\x19\x0a\x13\x150\
&\x22\x8e\x0b\x18\x13\x13E\x11Z\x99z\x99J)Y\
\xd2)\xd5\xa4\x925\xb3\x92\x08(\x10!\x13D\x92v\
\x16\xa5\x14\xd6WQ\xfbG2\xfc\x92L9/\xa8\xe4\
}A\xcb\xca\xb2\x94$\xa9\x01\x886f-\xb5Z\x85\
,\xb3(R\xb4\x86\xce\xf62[L\x1a\xcfv\xdbn\
\xc3\xae\xbb\xee\xca\xde{\xee\xc1\x0e\xdb\xcfd\xf2\x94q\
D\xc6`\x22\x831\x1ae\x1dZktn\x9bg\xb3\
\x10\xfa\xe7\xc1f\xa1\xf4\xaf\x0e\xeb\x97cd(e\xb0\
8j\x99#M-\xb8\x8cu\xeb\xaa,xn!\x8f\
<\xfa$w\xdf{\x1f\xf7?\xf8\x10\xcb\x97\xafb`\
\xa0\x1f\x8b#2\x05L\xa1H\xa4\x0dZ)\xb4\x8e\xc8\
\xbc\xf6\x12\xfeA\xc3\xa8-K>\xd1dD3\x0a\x9a\
\x8f\x08\xa5 \x0f\x9d\xc3\xffn\xbc\xc63\xf4\x0e\x9bs\
Ah\xc9\xbb\x1a\x9aSx\xaf\xd8\xa4\x00\xb2,\x03/\
\xa8\xea\xcb@r2\xd8f\xa0\xc0eI\xb8\xc0\x98Q\
\x9dL\x9f\xb15{\xef\xb5;\x07\x1f|\x00\xbb\xef\xb6\
\x0b\x93'\x8d\xc5hE)\x8e\xd0\x06\x8c\x0a\xe5l\x16\
M\xff\x0c\xd8,\x94\xfe\xc5a\xadL\xf3Ib\xb1*\
\xa3\x96d<\xb7p%\xb7\xdcz\x1b\xb7\xdd~7\xb3\
\x9f\x9e\xc3\xd2e+H\x12\x0b\xca`\xd1D\x91h?\
\xce9tdD\xf88\x19\xf4a\xf9\x14\xd0\x18\xa7\x22\
0\x1a\xcb\xb1 \xb4D\xf84t\x8d\x86\xe6$\x83<\
\x0c\xf8\xa0\x01\x05a\x13\x84O\x10V\xad\x02A\x9es\
N\x04\x91|\x96\xb2\x9dk\x94e]\xa8\x97hfF\
\x07a(\x82+\xcbR\x92Z\x05m,.K\xe9\xea\
lc\x97\x9dw\xe0\xf0\xc3\x0e\xe5\x98#\x0fg\x87\xed\
\xa7\x13\xc7\x06\xa3\x0dFk\xb4\x0a\xb6\xb6\x91\x19\xc57\
\xe3\xe5\xc7f\xa1\xb4Q\xbc\xb4\x98\xab\xc6\x10m\xb9\xde\
\xbc\xca\x1a\xf6=\xf9\x81\xa8\xb5\x0e\x8a\x11i\x06\xceZ\
\x92,\xa5\xbf\x92\xf1\xf4\x9c\x05\xdcq\xd7}\xdc|\xdb\
\x1d<\xf9\xd4\x5c\xd6\xad\xeb\xc6)\x831\x11\xc5b\x91\
(\x8a\xea\x9aO\x96\x89V\x95\x1f\xf0\x8d\xf7\x0e\xad\xd1\
\x0c\x87\xc6\xc0\xd5\xfeY\xa9\xaf\xf6\x9aN6\xc8\x91\xa0\
\x19\x1b\x1b\xf8ay\x17\x96{\x1bC\x9e\x9dEx\xc9\
r\xd1\x18C\x96eh\xa3\xc8j\x09\xce\xa5\x14\xb4b\
\xa7\x9d\xb7\xe7\xb0C\x0f\xe4\xb0C\x0fb\x8f\xddw\xa2\
\x18\x1b\xe2\xd8\x10\xf9\xe5\xa91\xa6^\xa6\x1a\xc2\x06\xb5\
\xb1\xfa\x0f\xc2p\x0c\xe1\xb1\x91\x9f\xff-\xb0Y(m\
\x14C\x0b\x8b\x91b\xe4L\xb6\xe1\xf7\x84r\xaa\x89%\
s\x19==5\x1e{\xe2)\xae\xb9\xee:\xee\xb8\xe3\
^\x9e\x7f\xee\x05*\x89\xa5\xdc\xd6I\xa1\xd4\x8es\xb2\
\xa3\x96e\x99\xdf\xed\x92e\x90h'\xf9.o~\xaf\
R/\x96\x1d\x82P\x02pu\xa14Ra2\x1c\x82\
Pr^C\x1bJ\x08\xe4\xaf7\x09\x10\xe7|\xb3\x14\
\x0a1\xcak\xadq\xd6\xa2\x94#K\x13\xd2\xa4\xca\xc0\
\xc0z\xca\x85\x88\x19\xd3\xa7q\xf0!\x07p\xdc\xb1G\
\xb1\xdf\xde{\xd2\xd1^ 6\x11Ji\x8c\xef\x96\xbc\
PzQ\xd8\x08Cl\xe4\xe7\x7f\x0bl\x16J\xff\xe4\
\xb08\x9cUTj)\xd5Z\xcaSs\x9f\xe3\xea\xab\
\xaf\xe3\x9a\xebnb\xfe\x82\x85$IJ\x1c\x17(\x14\
\x8ahe\xb0\x8a\xba=&\xd8\x5c\x9cs(\x0c(\x11\
\x1a\xcd\x82\xe7\xc5iH/?6m8\x06\xa13\x94\
\x90j\x85\xb0\xb8\xdf\x19t\x8ej\xb5\xeamR\x10\xc7\
\x11(\x8bA\xd1?0\x80\xc2\xe2\x5c\xc2\xf63\xb7\xe5\
\xd8\xa3\x8f\xe0\xe4\x93\x8fc\xd7\x9dfR4\x11q!\
\xc2\xa8\xc1K\xd0\xd6\xcf\x9b\xf1\xd2\xb0Y(\xfd\x13\xc2\
y[Q\xe6,I\x9a\xd2\xddS\xe3\xda\xebn\xe2\x8f\
\x7f\xba\x98\xfb\x1f~\x94\x81JB\xa1\xd4AT(`\
T\xe4\x0d\xc9\x0dC0\x80K3\xe28Fy\x9bQ\
@\xb0\xed4\xf0\xaf'\x94\x82pq~I\x1b\x90o\
W\x10\x12\x0d\xa1\xd1\x10b\x81^\xcee(\xa3\xe59\
\xab\xea;r\xb2\xbb\x972\xd0\xdfCl\x1c\x07\xec\xbf\
7\xafy\xcdY\x9ct\xfc\xb1tv\x14\x89M\x841\
*x\x17l\x16H/36\x0b\xa5\x7f0Z\x19:\
\xcd\x1c\xd54\xa3RMx\xe0\xe1'\xb9\xf2\xaa\xeb\xb9\
\xf5\xf6\xbbx\xf6\xb9\x85\x18\xe35\xa2(n\x9a\xfd\xc3\
\x12\xcd9\x87\xf1\xb6\x8e\x8c\xaciP\xber\xd8\xb0P\
\xdbT\x9bP\x03\x8dr7E+\xda\x18BY\x01\xd6\
\x8a\x0f\x9411Y&K\xdc(\xd2b\xd0\xcf2\xac\
MI\x92*\x0a\xcb\xd6[N\xe5\x94\x93\x8f\xe7\xf4\xd3\
Nf\xbb\x19S(\xc6\x11\x911M\xae\x05\xce\xd3A\
!\xfd\xf1r\xd4\xf9\xdf\x0d\x9b\x85\xd2?\x08\x81a\x03\
\xf1\xb3\xcc\x91d)K\x97ws\xe55\xd7\xf0\xd7\xbf\
\x5c\xca\xc3\x8f\xcd\xc6\xba\x88R['&*\x80\xd7#\
\x9c\xd7\x12\x02\x02\xe3+\xa5P>>\xc4yi\xb0\xb1\
\x81\xd1:H7\x1d\xaf\xbcP\xcacCm\x19\x0e\xa1\
}\xc3\xb5U\xca\xf4\x1a\x93GpE\xd0Zc\x8cA\
\xe3\xe8\xef\xef\xa5V\xebglW'\x87\x1fz\x10\xe7\
\x9e}\x06\x87\x1d\xb2\x1f\x85RD\xd1Du\xe1\xf4\x92\
lN\x9b\xb1Y(\xbdd\x04\xea\x8d\x90\x07\x9d\x13\x0d\
\xc6ZPZSI\x1ci\x96\xb0h\xf1\x1a\xfe\xf4\xa7\
\xbfq\xd1_\xff\xc6\x0b\x8b\x97\x82\xd3\xb4\xb5\xb5c\xe2\
R}\xc0\xa4iZ\xdf\xee\x0e\xa3\xbd\x11x\xeag\xe6\
\xfa\x9bD\xc3\xc8cc\x02\xea\xa5\xa0!|6\x91 \
\x83\xd0\xfa|\xc3\x09\xf3\xc5!\x08\xf0\x0d\xd7'/<\
\xe5\xfe`\xf8\x97\xe5^\xf067\x11\xa4i\x02\xd6\xa2\
q\xec\xb1\xfb\x8e\xbc\xf6\x9c\xb38\xf9\xa4W1fT\
\x1b\xb11\xc4\xa6\xf1\xae\xd6\xd6l\xc6\xc6\xb1Y(\xbd\
T\x8c\x90\xebZ5\xa3$q\xa46\xe1\xe9\xf9/\xf0\
\xdb\xdf\xfe\x8e\xcb.\xbf\x96\x15\xab\xd6\xa1\xe2\x82xT\
+C\xa1P@\xeb\x88Z\xad\x96s\x14\xf4BH\x89\
?QcF\xd68|\xa4=\xbc\x84A\xfc\xe2\xf0\xf2\
\x09%<Q};]X\x82\x06;P\xb3\x1di\xe3\
h\xd4'<\x1blJy\x0c\xd6\xe8\x9amUY\x96\
\x91e\x09Q\x14\xf9x;C\x9a&$\xd5~\x92Z\
\x1f;\xef4\x93\xf3_w.\xe7\xbc\xe6t\xba:\xcb\
\xc4QT\xdf\xb1\xe3%R\xe3\xdf\x0d\x9b\x85\xd2+\x0c\
[O\x9ba\x01M%\xcdH\x92\x8cy\xcf.\xe1\x97\
\xbf\xf8\x1f.\xb9\xe2j\xd6\xf7\x0e\x10\x9b\x22\x85R\x09\
\x8b\x22I\x12\xc8\xc5\x92\x85A\xd9\xac\xe5\x08\xc7kg\
\xeb\x03\xe9\xa5jA\xc3-oZ!\x026|\x1b\xd9\
;\x87\xd2\xd2\x9a\xaf\xe9\x11\xda\x8f\xa4~\xce\xc7\xae\x0d\
\x07\xbf\x01\x09\xa1]\xd9`A4\x12\x84\xfa\xd4'\x15\
\x17b\xf2\xb4\xd7z\x01eqiJ\xad\xda\xcf\xf63\
\xb7\xe1M\xff\xf1Z^s\xc6it\x8d.b\x94\x08\
\xa7\xfa\x8e\xa7r~y'\xfeO\xf5\xf0\xe1\xcd\x0e\x9b\
ul\x16J\xaf\x10\x02Y\xadS8-)@\x924\
e\xfe\xb3K\xf8\xf9/~\xcd%\x97\xceb\xf5\xdan\
\x8a\xa5Q\x14Je\xa2\xb0\x8bf MS\x9c\x93\xdd\
\xa0\x06\x93\xb6\x0e\xaa\x86Pr\xce\xe1\xf4\xcbk\xd4V\
~\xd92T\x9928\xc3o\xf2{h\xaf\xf3\xdaH\
~\x10o|\xb0\xe55\x9f\x86`j\x85\x94\xd1\xd0|\
\x86\xab\xa3s\x92\x22%\xc0Z\x8b\xce\x85\xb1l*\xf2\
\xf5\x0f\x1aU\x1a\x84\xa2\xf6qt\x08Mj\x95^\xaa\
\x95^v\xdbiG\xde\xfa\x967r\xe6i'\xd0V\
*\x10\xc7\x0d\x83\xb8#C\xe3c\x09_\x0e\xc5\xf2\xff\
\x186\x0b\xa5\x97\x19\xf9\xc1\xa8\x94\x22\xc9\xa0\x92$,\
_\xd9\xcd\xaf\x7f\xf3?\xfc\xe1\xa2\x8bY\xbd\xb6\x07m\
J\x14\x0aE2\x07J\x19\x8c\x1f4\xa9KQC\xee\
\x9a\x0dm\xf8m\xa01\xb0\xe5\xd9\xe1\xeekFxO\
~\xe0\x05\x96h\x1d\xc4\xc3\xfd\xde\xfc\xd7\xef>)]\
\x1fqZ\xe9F,[\xbd\xb4\xa09x\xc1\x16\x84Z\
\xf0\xa5rC\xb7\xb7\xb9\xfc<\x1a\xf7\x87\xfa\x0c\xc5\xda\
\x83\x05\xe4\xd0\xefi\x85\xd4?\xdc\xe3\xeaB1</\
\xef\xf39\xa3\x94\xc5&)\x95J/{\xef\xb9\x0b\xef\
|\xdb\x9b9\xe9\xf8\xa3(\x15\x0a\x18\xa3\x88L\x83\xae\
\x83\xfby36\x0b\xa5W\x00\x0e\x19c\xb54cm\
w\x85\xdf\xff\xf1/\xfc\xfc\x17\xbf\xe6\xb9\x85\x8b)\x95\
GQ.w`s6\x13\x002\x090\x0d\xbbf\x83\
1\xf4\xe0\x19z\x801\xe8\xbe<\xf2\x03BBN\x1a\
\x83\xd89\x8712\x8b\x07M\xad\x95ET. 6\
\xcbR4\xd6\x07\xd6\x8a\xd0p\xceb\xad\xc3\x18\x15d\
\x8dl\x91\xe3\x9a\x96]\xca\xa7BQ\xda\xa0\x00\xa5,\
\x16P*\x92\x968\x85\xcf1\xe2S\xaf\xe4\xdb\xd7\x10\
r\xca\xef^J\xb9C/\x01[\xdb\xd0\xc0\xd0t\x1d\
\x8c\xb0\x5cSX\x9b\xa1\xb5\xd0(\xf4_\xddN\xe55\
'\x97\x09\x1d*\x03\xdd\xa4\xc9\x00'\x9d\xf0*>\xf6\
\xc1\xf7\xb2\xfbn3\x89t\x01c\x1a\xca\x5ck]\xff\
\xdd\xb1Y(m*\x02\xb5<\x0fY\x07(W\xcf\xcf\
c\x1d\x0cT3\xaa\xb5\x84+f\xdd\xc0\x05?\xfe)\
s\x9e\x99Od\xcaDQ\xdcH\xc9\x11|\x8c|\x8c\
Uc\xa0\x0e\x16\x02\x1b\xc2\xc8\x99Y\x06\x9f\xb2\x19i\
\x9aR\xcb2\x94\xd28%\xe2\xd1Z\x8b6\x86(\xac\
1B\x14\xbe\x0f\xcd\x08\x0d\xb6X\x22m$\xdfQ\x9a\
P,\x1a\x8a\x05M{\xa1@{{\x99R\xb9L[\
{\x89R\xb1\x8cu)}}\xfd\x00\x94JE\xb4\xd6\
\xd4\xaa\x12\xf4k\xad\xa5R\xa9\xd17\xd0G\xa5R!\
\xad%\xd4\xd2\x94\xfe\xca\x00\xd6:\xd2\x04\xd1\xa2\x9cB\
G\xc6g\x1d\x88\xc8\x9c\x17\x86N\x84TX\xbee\xa9\
\x17FX\x1fX\xab\x89\xe3X\xda\x9c\x17N\xc1v3\
r\x12\x8b\xa0\x0e\xed\xdf\x00\xb9\x83P\x0f\x81\xcdJ)\
\xb4Vh,\xb5\xa4\x9f\xb6r\x817\x9d\xffZ\xde\xfe\
\xb6\xb70q\xec(\x22\x0dq\xe4\xfbe\xc4\xfd\xf8\x7f\
\x1f\x9b\x85\xd2KD\x08\x90\x15-\x01\xfa+5\x1e|\
t6\xdf\xf8\xc6\x7fs\xdb]\xf7\xa0\x0be\xda\xda:\
\xc0i\x92$E\xe3gR\x0b\xc6HXH+F2\
s\x0e\xfe\xbdEZ\xb6 \xd8\xa8\xb4n\x0c\x1e@<\
\xbc\xad\xc3\xba\x14\xa3\x14\x95J?\x1a\x85u)\xed\xed\
\x1d\xa0\x0cIf\xb1VaL\x84\xf3\x028M3\x94\
K\xf9\xf6\xb7\xbf\xc2.;\xccd\xe2\xd8.\xda\xdb\x8a\
DqL\xa1h\x88\x0d$\x89d\x9f\xd4F\x11i\x9f\
\xdb\xc9\xaf\xea\x9c\x85J5!MS*IBZ\xad\
\xb2n\xddz\xd6\xac[\xcb\x9au\xdd,_\xb2\x9c\xc5\
K\x97\xb1|\xf9JV\xadY\xcd\xf2e+X\xbbf\
-=\xfd\xfd\xa4i\x8a\xb5\x0am\x0c8';\x96:\
B+-\xef\xd3\x9a,\x0b\xc9\xe2\xf2)NTS\x92\
7\xa1\xcb\xc8\xd8\xbf\xd5e`0\xfd\x1be\xd9\x5c\xa6\
\x85B\xa1\xe0?;\xd2\xac\xc2@o7;l\xb7\x0d\
\x1f|\xdf\xbb8\xe3\xd4c)F\x05\xc0\xd5\x85S(\
g\xa8\xf2\xff]\xb0Y(\xbd\x0cH3G5\xc9X\
\xb9\xb6\x97\xff\xfe\xde\x85\xfc\xe1O\x7f\xa1o \xa3\xb3\
c\x94\x17\x04\x1a\x9b\x89\x9fQ\xe6\x85R`\xba<\x03\
\x0e\xc5\x88\xc3kNz\x18\x1b\xc7\xd0p~7\x0f\x95\
\xa1\xd12\x98\x15$\xb5~\x14\x96X\xc3\x84q\xe3\x98\
\xb6\xd5$\xb6\x99\xbe5;\xed\xbc3\xfb\xec\xb5\x0f_\
\xf9\xda\xb7\xb9\xe5\xce\xbb)\x95\xbb\xc8\x9c\xc3\xa8\xb0+\
hX\xdf\xbd\x8a\xcf}\xe6\x83\xbc\xfd?\xdfH\xd1@\
!\x12\xc1\x1c\xaa\x11>\x87\xbf\xd6\xca\xdf\xbc\x10\xcf\xef\
\xee[+\xdfeo\x0bR\x7f\x7f\x96A\x7f\x7f\x85U\
kV\xb3d\xf1r\x9e\x7f~!\x0b\x9e{\x9eys\
\xe7\xb1\xe0\xf9\xe7Y\xbdz\x1d\xeb\xfb\xab8\x07Q\x5c\
DE\x05\xb2T\xcas\xce\xa1D\x12\x8b\x90\xc2\xe7d\
\xaa\xd3t8\x9a\x0d\xbf\xack\xed\x13\x95sZm\xf8\
9\x05\xc8\xb2\x0f|p\xb4\x81,K M9\xf6\xe8\
C\xf9\xe8\x87\xdf\xc7.;LG\xe3(\x97\x0a\x1b\x99\
Z\xfe=\xb0Y(m\x22\xf2L\xe3\xfc@\xaa$5\
\xfe\xf4\x97Y|\xe3;\xff\xcd\x82\xe7\x96\xd2\xd99\x06\
e\x22\xe2\xb8\x88\x0a\x89\xf3\xbd\xf0\xc93\xed\x86\x84\xc8\
\xc6!B\xa9Q\xc4\xf0\xc6S\xad\x14\x99\xcdPZ\x0c\
\xb0`\x89\x8cb\xe2\xc4q\xec\xb4\xfdv\x1ct\xd0\xfe\
\xec\xb3\xd7\x9el3}:\xe3\xc6\xb6\x13E\xa2\x01:\
\x0b\x97\x5c~=o\x7f\xd7\xfb(\xb6\x8d\xc5\xfa\x1d\xa3\
B\xa1@\x9aZ\x5cVa\xab\xa9c\xb9\xea\xb2?1\
vT\xb9n\xc0U~9*\x9f\x83V\x96\xb7\x07\xe5\
\x07n\xf3\xe0w.\x84\xcc4\xef\xac)\xbfd4F\
\x1cO\xb5\x16\xa1\xd5?Pe\xc5\xcaU,X\xb0\x98\
'\x9f~\x9a\xfb\xef\x7f\x88\xc7\x9e\x9c\xcd\xb2e\xabH\
RK!.P(\x96Dh\xa3\xc9\xc4j5\x8c\xa0\
\xcf\xa3Q/5\xcc._\x80s\x8eH\xc9\x8ec^\
\xf3\x95\xf6\x9b\xba\xe3%H<\xa3R\x0a\xe5\x1c\x03}\
\xdd\x8c\x1d\xdd\xc6\x07?\xf0N\xde\xf9\x9f\xe7Q*\x14\
\xd0A\x93\xfb7\xd6\x986\x0b\xa5\x8d\xa1e\xea\x0a~\
G\xceA%\xc9X\xb1\xba\x97\xaf~\xfd;\x5c\xf4\xa7\
Kp&\xc6\xe8\x22q\x1ca\xfc\x00\xb6\xca\x1b\xb0\xc3\
`\xb5\xf27\xab\xcf\x85\xcd3\xf1`'\xbe\xfa/r\
\xdd\xcf\xf4\x81\xc9\x9d\x0f\xc2\x15\xadC\x939+\x86j\
\xff\x1ee3\xb0\x19\x99\xab1vt\x07\xdbn\xbb5\
\x07\x1d\xb8/\x07\x1f\xb0?\xbb\xec\xba#\xe3\xc6\x8e!\
\x8e\xc5\x05\xd3:\x88\x14\xf5#\x89\xd2\x14\xaa\x99\xe3\x98\
\xe3Nb\xde\xb3\xcb\x89\x8a\x1d\xf5\x8c\x93B\x87\x8cZ\
\x7f\x0f\x9f\xf9\xf8\x07x\xf7\xbb\xdeL\xc18\x8c\x92\xba\
)\xd5\x1c\x08<\x1c64\xf0\x843\x1bKM\xe7\x5c\
\xdd\x99R)%\xc78\xf9DsN\x09%\x9d\x83\xd5\
k{\x99={.\xf7\xdd\xfb\x00w\xdd}/O<\
5\x9b5\xab{P&B\xe9\x02*\x12[\x93\xf6i\
I\x9c\x13Ox\xa9G\xe8\x8ff\xa1\x14\xea0|\xff\
l\x18\xcao*$\x89O%\xa3\x14\xb8\x14\x13)\xd2\
j?'\x1d\x7f$\x9f\xf9\xc4G\x98\xbe\xf5$\x8c\xd2\
D\xc1+\xdc\x1b\xf9\xff\x9d\xc2V6\x0b\xa5\x8d\xc1S\
'$\xde\xcf\xac\x0c\x80\xbeJ\x8d\xeb\xaf\xbf\x83/\x7f\
\xf5\x9b\xcc[\xb0\x90By4\xc5b\x9b\x1f8\x0e\xed\
\xd3\xc7:-\xcf\xe5\x99z8\xa1\xa4\x94\x1ad\xbbh\
\xc0\xef\x84)\xeb\xfd\x98\xa4\x5c\xa34\xd66\x0c\xab\xce\
\xa5(\x97\x91$)F\xc3\x16\x13&\xb0\xff~{s\
\xd4\x91\x87r\xd0\x01\xfb2}\xc6\x14\x22\xe3\x07\x97\xb3\
\x8d\xf7kq\xe6\xd3\xc8\xc0\xb7\xd6b\x9d\xc2\xc4\x86_\
\xfc\xe6\x8f|\xfc\x13_\xa6m\xd48R\x1fM\x9f\xda\
\x0c\x0d([c\x8b\xf1\xa3\xb8\xfe\xda\x8b\x193\xaaL\
\x5cwcn\xd6\x8c^\x09\x08}\xbcp\xce\x19\xbd-\
>M\xaflj\xf2\xc2\x0b\xab\xb8\xfd\xce{\xb8\xfe\xfa\
\x9b\xb8\xff\xc1\x87Y\xb9f-Ij)\x16\xcbX\xa7\
\xd1\xc6\xe0\x9c\xc4\xb8\x09\x0d\xb3\x9c\xf0k\x1e\x1e\x8d~\
\x1d\xbc\xc37\x14B\x1f\xca}\x8d\xc9I\x1bC\x92$\
\xc4\x05\x83\xcb2\xfa\xd7\xaff\xd2\xb8.>\xfd\xe9\x8f\
r\xce\x99'\x10\x9b\x98(\x92\xb27\x0b\xa5\xcd\x18\x12\
\xce\x89ad\xa0\x96\xb1n}\x85o\xff\xf7\x8f\xf9\xdf\
\xdf]D\x92@{\xc7h\xb2T4\xa2\xa0\xc1ll\
&\xcd\x0b*A0\xc6\xfam\xf9A\xbb=\xc2\xd0N\
\x89&d3P\xda\x81\x95\x14\xb5YR\xc1f)\xce\
U\xd9r\xda$\x0e\xdcw_N8\xeeU\xec\x7f\xc0\
>L\x187Z\x06\xa9\x93g\xf2\xe3,\x0c\xaap)\
\xbc\xce\x85\x9d$\x0bk\xd7\x0fp\xf41\xa7\xb0bM\
/\xcaH\x96\x82$I\xc8\xb2\x8cr\xb1@\xf7\xbae\
|\xfb\xeb\x9f\xe3\xadoz\x1dF\x89\xb6\xf4\xf7\x10J\
\xad\x08mp\xb8\xbaK\xb7h\x90\xf27s\xb0|\xf9\
\x1a\xee\xbb\xffAf]w\x1d\xf7\xde\xf7 /\xbc\xb0\
\x02t\x01\xad\x8b(\x1dc\x95C\xf9SZB\x01A\
\xd3\x15\x0c\xb61\xe51\x94&%\x82\xc8\xa7\x1d\xf6\xe7\
\xe8\x11\xb4\xbd,\xc1ZKl4IR!\xcb*\xbc\
\xf6\x9c\xd3\xf9\xd8\x07\xde\xcb\x94\xc9c1J5\x1b\xc1\
\xfd\xdf\x8d\xb0\xd7&\xdc\xf8\xcf\x87\xcdBi\x08\xb4\xce\
\x80\x81@\xd5$\xe5\xde\x07g\xf3\xf1O}\x86'f\
\xcf\xa7\xd46\x0ae\x15\x91\x09\xa9D\x1a\xd8\x90P\xaa\
\x0b\x82\xdc3\xb2;\xd6x\xb7\x96\x14?u\xe1\x15f\
n\xa7\xbcF\x94eh\xad\xa8\xf4\xf5\x10E\x8a)\x93\
&r\xc4a\x87p\xe2\xab\x8fa\xef=wc\xfc\xd8\
N\xd1d\x14X'\x1e\xcd\xf2\x1e\x9f\xd2\xc4\xf9%\x84\
\xafg\xbd&\xb9\xb6[ke\x0b]i\xbe\xf1\xad\x0b\
\xf9\xc6\xb7.\xa0\xd06\x1a\xa7$\xb5n\x14E\xa4i\
JR\xedc\x87m'q\xed\xd5\x972\xba\xa3P\xd7\
\xb66\xa6E\xbc\x12\xc8\xf7\x82\x1aDc1z\xfb(\
\x11V\xae^\xcf\xad\xb7\xdc\xc9\x15W^\xcb\xdd\xf7\xde\
\xcf\x9a5\xebqQ\x8c\x89\x0b8\xa7\xc4h\x9e+C\
\xda\xd3\xbc\x9ckE\xabPj\xdc'\x82E;\x8b\xd3\
\x92[\x1ce\xfd\xa4\x22\x9b\x07Y\x96\x81\xca\xe8^\xbb\
\x92\x1dgN\xe73\x9f\xfa('\x1d\x7f8\x85\xb8@\
\x90K\x8e\x11jN\x9b\x85\xd2?16\xb9s\x82\xc1\
\xd5\x1b)qT\x13\xa8Tk\xfc\xef\x1f\xfe\xca7\xbf\
\xf3C\xfa\x06\x12J\xc5v\xa2(\xa2\xbfR\x05 \xf2\
\x06J\xd7\xe2i\x9cW\xf7\x05\x81\xc1E\xab\x0a3r\
\x10F.\x9c\x0eb\x1d\xa0\xb16E\x19\x8dr\xb2$\
\xb16\xc3\x91R\x1b\xe8\xa7\xbd=b\x8f]v\xe2\x9c\
\xd7\x9c\xc6I'\x9e@\xd7\xa8v\x94F\xacY~\xeb\
\xbe1\x886,$\x86\x22S`\x8d\xcc\xc2\x92\x15k\
8\xe2\xe8\x13Y\xdfo1\xa6M\x9c.\xa3\x98,K\
\x88\x0dT\xfa\xd6\xf0\xa3\x1f|\x9bs\xcez5Fe\
\xf5\x13B\xfe\x11\x1a\xd3\x86\x10\xdads\xc1qJ\xc1\
s\x0b\x97s\xf5\xd5\xd7q\xc9\xe5W\xf3\xf4\x9c\x05T\
2P&\xc6:Y6G:FiW\xcfk\xde:\
qm2\xc2\xf2\xcf\x13>\xf3\xbb\xb3hGd\xe4l\
\xac,\xadp\xdekO\xe7\xd3\x9f\xf8\x08\xe3\xbb\xda\xd1\
J\x1c[_\xf2\xbb\xff\xc9\xb1Y(\x0d\x82\xf8\x98(\
ep@%\xb1,[\xd9\xcd'>\xf99\xae\x9cu\
=\xe5\xb6.\x0a\xa5vl\x22\xe1 i=\xec!<\
\xdf\xfc\xa2\xd6\x993_\xa10\xe3\xe6\x19\xcc\x22\xbe5\
6u\x14\x0a\x05)\xc0Z\x5c\x96\xe1\x5cF\xb5\xb2\x9e\
\x89\x93\xc6q\xdc1Gs\xdey\xafa\xdf=w\x06\
g\x89\xb5\xce\x09\xa2\x9cFT/\xbbY\xf8\xb5\x22O\
\xa6\xba\x80\xf4~>\xd6)t\xa4\xf9\xd0\xc7\xbe\xc0/\
~\xf3g::\xc7\x91&\x19\x98\xe0\xda\xe0H\xab\xfd\
\xec\xb1\xcbL\xae\xb9\xf2\x22\x0a\xb1\xf8o\xcbo#\x13\
J\xf9z\x0dW\xc7MC\xab\xc1\xba\x19\xf5\xdd4\x97\
I\xfb\xb4\xc1:\xa8&p\xcf\xfd\x8f\xf0\xcb_\xfd\x8e\
\x9bn\xbd\x9d\xb5\xdd\xbdttv\xe1\x1c\xc4\x85\x22\xd6\
6<\xe07\xb5\x8e.\xb7\x14l\x1dv\x0d;\x9e#\
.\x18\xf1\x15K\xab\xac\xefY\xc5\xbe\xfb\xee\xcew\xbe\
\xf6%\xf6\xd8m\x87&#\xf8\x8b\xa9\xc3\xbf\x02\xfe\xef\
\x0b\xa5\xe10\x8c\xb0\x0a\x1d\x9df\x8ej\x96r\xf7}\
O\xf2\x99\xcf\x7f\x95\xa7\xe7\xcc\xa3T\xea \xc9\xacx\
\x16g\x99$\xff\xf2K\xaeME+3)%\xa7m\
\xd4\x8f\xba\x06|\xb4\x07\xd8\x1aI\xad\x8f\xed\xb7\xdd\x8a\
\xd3O;\x85s\xcf>\x9d-\xa7M\x02\x9fVI\xe4\
B\x0b\x83\x0e\xd3\xbeV\x84\xba\xe7\x9f\x15\x81\x16\xc2(\
\x1a\xb6\xa5\xd9s\x9f\xe5\xe8\xe3\xce\x00S\xc6\xa9\x08\xad\
\xc5X\x1bE\x11FA_\xf7\x0a~\xf7\x9b\x1fs\xca\
\xab\x8fAaQJ\x84\xfb\x86\x114\xd3\x86\x00m\x1a\
l\x1bi\xc7P\x03s\xa8kCA\xda\x9e\x9b\x84\x9c\
\xa4\x96\xc92G\xe6\x14\xb3g\xcf\xe3\x7f~\xffGn\
\xbc\xf1V\x16\xafX\x83\xf6\xf6\xb4f\x1b\xd3\xc80\xb8\
N\x8dIBh \xdf\xeb\xc6z+\x9b\x10\x9a\x8cj\
\xad\x9f\x09\xe3\xbb\xf8\x7f_\xfc\x0c\xa7\x9ex$\x05c\
\x88\x22-\xdat.\xf0\xf8\xff\x0a\xfe\xbd\x85R~\x0c\
\xe7\x98\xc6:X?P\xe3\x82\x1f\xfd\x82\x1f^\xf8+\
\x1c\x05\x8a\xe5\x0e\x92DB4\xf2\xcc\x15vg\xc2j\
`S\xc2\x17\xea\xef\xf3[\xe8r\x16\x9b\xa4\xc3\xc8\x92\
\x1a6\xab\x82K\xd9g\xef\xddy\xc3\xf9\xe7r\xe2q\
G3\xaa\xb3\x84\xf2\xda\x99\xdf\xc8\xf7\xe5\xb4h\x04\xb9\
\xc1\xdc: Z\xbf7c\xb0\x86Qw?\xd0\x9a\xf3\
\xdf\xfc>\xae\xb8\xfaFJ\xe5N\xacX\xad\xeaK\x8a\
\x81\xfen\x0e?hw.\xf9\xf3\xffP\x88\x15\xcaI\
\xbb6\x8c\x97&\x94^:\x1a'\xf8\x06\x01!\xcb\xea\
\x08\x94&\xb5\xb0lY/\x97^u=\x17\xfc\xf8\xa7\
\xac[\xbb\x1e\x1d\x8bMm$P-\xf6'\x17\xce\xa8\
\xb3^\x13\x0d|\xd3\x94;]\xecK\xe1\x1dJY\xb2\
\xa4J\xad\xb6\x9eO~\xf8}|\xe0}o\xa1\x14\x15\
\x09\x9e\x05\xff\xd70\xb4n\xfb\xef\x80\xdc\x96\xbb\xc5\x89\
\x9f\x8b\x83Z\xe2X\xb5v\x80\x8f~\xfc\xcb|\xf3;\
?\x06U$*\x94H\x12\xd9v\x8f\x14\x18\x9c\xd7\x02\
\x1a\xcc\xa6\xdc\x86\x05\x92\x0a\x0e\x85J\xec\x09afN\
\xad$\xaf\x07\xc8\xd2\x1a.Kq\xe9\x00e\x93r\xec\
\xe1\xfb\xf1\xbb_\xfd\x90\x8b\xff\xf8+\xce9\xf3\xd5t\
u\x94\xea\xcb\x22\xad\x84#e\xd0\x0f\xd1\x8d\xaa1\x90\
[\x07\x90|\xcf\xb9\x03\x8c\x14\x16\xde\xf1\xf6\xb7`\x90\
\xcc\x8b\x06\xb1\x8b9\xe7\xc8\x9c\xa5Xn\xe3\x9e\x07\x1e\
\xe6\xee\xfb\x1f%K\x9b\x891\xdc\xdc\xe7\x06-eD\
\xc3\xaa#\xd7\x8eW\x02\x22\x0cEK\x0d\xf50\xc6\xe0\
\x94\x84\xd2d6!*\x1a\xaa\xd5\x01\xaa\xd5j]\x80\
\x05\xb4\xd2V\x9c*\x1a\xbf\xb7\xb6;\x08)\xab\xac\x0f\
\xbe\x96~PV\xdcH\x04r\xd2\x8a\xaag\xbdTD\
\x852\xe5r\x17_\xfb\xce\x0fx\xff\x87\xbf\xc8\xca\xb5\
}\xa4\xa9#\xcb\x9a\xe9\xd7\xfa\xbe\x7fE\xfc\xfbjJ\
\x1e\xce\xf9(t\x07\x99s,xv)\x1f\xf8\xc8'\
\xb8\xf5\x8e\xfb\x195z\x1c\xe8\xc8\xc7Q\x89P\x11K\
\xd3\x86w\xd7\x86B\x98!\xad\x7f\xdee`\xbcm\xc0\
\xda\x0c\x9b&\xb8,\xa5\x10\xc1QG\x1c\xc2\xbb\xde\xf1\
\x16\xf6\xdfo\x0fb#\x12\xafq\xf8\xa1\x7f\xde3\xfe\
&V#\x87f\x8dH\xca\x0e\xc2\xaaq=\xfc\xe6\x9c\
\xc3:Ej\x15'\x9d\xfa\x1a\xee}\xe8i\x8am\xa3\
\xeb\xcbX1\xc6;\x06\xfa\xd7q\xee\xd9's\xe1\xf7\
\xbf\x8a\x09\x8e\x9c\xad\xdaO\x13Z5\xa5\xc6r\xea\xef\
\x81\xc0\xfe\xa1nijI\xad%\xb3\x96\x17\x96\xac\xe4\
o\x97^\xc9E\x7f\xbc\x98y\xcf.\xa2T\x1e\x8d\x89\
K~sB4\xaa0\xd9\x04a\xd3\xe8\x97\xc62l\
\xe8v\x0b\xc2\xfb\x1b\xb6\xc70\x1c\x9bw]\xb5\xd6r\
V\x9d\xad\xd1\xb3n\x15\x87\x1d\xb0\x1f\xdf\xff\xee7\xd8\
~\xdb\xc9(\xd5H\x87\xb2\xa1w\xfd\xab\xe0\xdfV(\
\xb9\xdc\x80\xb6\x16\xaa\xa9e\xf6\xdc\xe7y\xd7\xfb?\xca\
\xe3O\xcc\xa6\xdc>\x1a\xad\x22\xefU<xF\x0c\xa8\
3\xa3\xffy\xb0\xb6\xd4\x88s\xb3\xd6\x929\x099\xb0\
\xd6R\x8c%\xac@\xd9\x1a\xca\xd68\xe0\x80\xbdx\xff\
\xbb\xdf\xc5\xc1\x07\xedM$\x01\xfa\x83\x84\xce&3^\
\x83\xc77\x88\x0d\x09\xa5\x80`\xf4\xbe\xec\xca\xeby\xc3\
\x7f\xbe\x97r\xc78i\x9f\xd1\xd84#\x8a\x0c\x99M\
(F\x197_\xf37\xb6\xddz*\xdak\x94\xc3\x0b\
\x99f\xa1\x14v\xb7\x86\xbf\xff\xa5\xa2\xd1>a}\x99\
p\xb0\x8e$UX\x12\xe6.X\xc6\x85?\xfd\x05\x97\
]y-k\xd6u\xd3\xd6>\x9a(*\x80\x16\xad4\
\xd8{\x9aw\xc2\xe4\xaf\xf5\x9e\xf4\xadh\xe5\x0fW\xdf\
\xfd\xdb\xb8\xb6\x9a\xa7M\xe6,\xb8\x94\xa42\xc0\xf4\xad\
&\xf3\x9do}\x85\xc3\x0f\xda\x13\x8d\xa2\x10\xab!\xfb\
\xed_\x0d\xffvB\xa9\xde\x5c%Q\xa1\xca\x87+\xdc\
q\xf7\xe3\xbc\xe5\x1d\xeff\xe9\x8an\xdaG\x8d\x01\x1f\
\xcc9R\xa3\xa6\x0d)HZn\x95e\x9a\xecbE\
\xde\xd9$l\xeb\x93\xa5\xd4*\x03\xec\xbd\xc7.|\xe0\
\xfd\xef\xe2\xf8c\x0f\xa7\x10\xc9s#\xb1_\x8eH@\
\xe5\xa5o\x0b\xf2\xcfoL(\xe5i\xd0W\xc98\xfc\
\xd8S\x99\xf7\xecb\xa2B;\xca\x87\xb5\xc4q\x8c\xb5\
\x19\xeb\xd6.\xe7\xb3\x1f\x7f/\x9f\xfc\xd8{PN\x12\
\xec\x07:\x0c\xaeo\xeb\xfb\xf2\x86\xe7\xa1\xee\x7f\xa9h\
\xd8\x90\x94\xdf\xd0p\xce\x91&\x09O>\xbd\x90\x1f_\
\xf83\xae\x9cu\x1d=\xfd5J\xe5v\xa2BY\xfa\
5\xd7\x8f\xa2\xfdyg\xd94AkEj\x9d\xb7\x09\
\xb6\xbeO\x10dP\xd0x7E(\x81L\x9c *\
\x95\xd6\x1a\x0dT\xfa{h+j\xbe\xfa\xe5\xcfs\xee\
kN R\x868jv5i\xc5+C\xd3\x97\x17\
\xffvB\xa9\x156\x83\xf9\xcf/\xe5\x8cs\xdf\xc0\xbc\
\x85Kik\xebD\xab\xa8\x1e\xe35\x5c\xe7\xca\xcc\xd5\
L:\xa5\x94\x08'\x7f98@:\xe7\xb08\x7f\x04\
\xb4\xc2\x90Q\xab\xf5\xb2\xc5\xf8\xb1\xbc\xe5-\xe7\xf1\xe6\
7\xbc\x9e\x8e\xb6\x02\xaa\x91Y\xa3\xae\xe0\x0c\xdaU{\
\x09\x18Z>\x0d7(Z\xec\x22Jb\xb0\x9c\xcbp\
*\xe2\xa7?\xbf\x88\x8f~\xfcs\x94\xbb\xc6\xa3M\x01\
\x9b\xca2\x0e\xa0:\xd0\xc3\xf4\xad\xc6s\xcb\xf5W\xd3\
^\xd4D\xc6\xa1\xb5\xa4\xfb\x1d\x8e\x9e/\x05\xa1\x1f6\
D\xa70\x18\x83&\x969H\x13G\xea2\x1e{\xea\
Y~z\xe1o\x98u\xed\xf5\xf4\xf6\xd7(\xb5\xb5\x83\
\xd6\xf5$tA;RJ\xa1\x02OX\x8bM\x13\x14\
5\x8c1\x98\xb8H\xad\x96z\xc7\xcb\x06_\x0c\xe6\x13\
\xf9\xbc\xf1Q\xd7\x10\xd2y\xb8\x9c\x93m\x9a&(\x97\
\x91&\xfd|\xea\xe3\x1f\xe0=\xef|\x03\xc6)\x8a\x85\
\x91\x1b\xe2\xff\x19\xf1\xf2s\xc8\xbf\x08\xc4@\x0b\xd5\x9a\
\xe5\xe3\x9f\xfa\x1c\xcf,XD\xa9<\x0a\xa3c@\xf9\
\x9c=\xc3\x0d\xd8f\xcda8\x04\xbbS\x1c\xc7\x18\xa5\
p.\xa1\xda\xbf\x0e\xb2~\xce;\xe7t\xae\xbc\xec\x22\
\xde\xf7\x8e7\xd1\xd1.\xc9\xe5\x87\xd2\x8e^.\xe6\xda\
xm\x87Gs\x1d4d\x8e\xb3\xce8\x95\xa9S&\
\x91\xd5*\xa8\xba\xedC\x9cM\xe3R\x99g\xe6.d\
\xd6\xb57\xd4\x05\x154\x8e\x11\x7f\xb9!\x9a\xcc\x86\xe9\
\x14~\xb7(2\xab\xa9%\x19O\xcey\x96\xf7~\xf0\
3\x9cv\xfa\xb9\xfc\xe5\x92\xabH]\x81\xb6QcA\
\xc78\xa4-!\xfd\x89\xd6\x924NaQY\x8d\xa4\
\xda\x8b\xb5\xe2\xa6\xf1\x83\xef}\x83\x93^\xfd*\x06\x06\
\xfa\xe4t\xdd&!\xd8Ly\xd1\x92F\xd2\x1b\xb2D\
\x1c\x0aY\x164\xb6\x08\x13\x97\x88\x8a\xa3\xf8\xc2W\xbe\
\xc9\x17\xbf\xf2=\x12\xef\xbe\xf1\xaf\x8cW\x86K\xfe\xa9\
!\x9d\xad\xb5&\xb3p\xf7\xfd\x0fs\xed\x0d\xb7P\x88\
\xcb`\xc5\xf3\x9f\xaca\xc0\x14x\x89\xd1$5\x1c\xe0\
|\xce\xe8\xc6L\xad\xbc\x07w\xc8>\x08\xa0p\x14\x8c\
\xc2\xd6\xfa\xd8m\xe7\x19\xfc\xfe\xb7?\xe5[\xdf\xf8,\
\xd3&\x8fG!9\x8aZ\xa1\x86\xd4j\xd8 \xb3n\
\x08\xf5\xf2\xa4\xda\xb9\xc1\xa1G\xc4\x06\x0a\xb1\x87\x84\x04\
\xfc\xe3\xc7\xb5\xf3\xba\xd7\x9dE\xb5:\x80\xf3)t]\
.\xa9Z\x5cl\xe3\x97\xbf\xfc_\xaai6h\x87h\
h\xbc\xb8v\x0d~\xae\xf1]\xda\x98\x817JWk\
)\x95Z\xc6\xb3\x8b\x96\xf1\xa9/|\x9bW\x9f\xfe:\
\xfe\xf4\xd7\xab\xc9(\xd21j4:\x96\xb5\xb3\xb5\x96\
4I\xb0\xa9#\xb3\x16\xa55J\xcb\x0e\x1di\x15\xed\
\xaa\x1c\xb8\xcf.\xfc\xe2G\xdfa\xd6\x15\x7f\xe4\xd4\x93\
\x8e`\xc6V[\x90\xa5\x15\xef\xe4*m\x95\x89/h\
F\xa1\xfd\xca\xa7\xf5\x95\x7fM<6\x92~\xf06\xba\
,\x93\x7f\xd6)\xac\xd3\x94\xda\xc6\xf2\x83\x9f\xfc\x9a\x8f\
\x7f\xe6+\xac\xaf\xd4\xa8%\x8d\xf7\xe6i\xbf\xf1~\xf8\
\xc7c\xe3T\xf8?\x88\xd0Q\xca\xc0_.\xb9\x8cj\
\xe2\x88L\x11\xa5\x0cJ\x19Q\xc7\xfd\x0c\xdf:\x03\x07\
a\x95\xff\x17\x90g\x00\xad5\xc6h\xacK\xa8U{\
\xd1T\xf8\xe0{\xdf\xce\xac+/\xe6\xd0\x83\xf6&\x02\
\xb4\x0a\x03\xe8\xc5\x0c\xc6\x97\x86\xa1\xea>\x14\x86\xba\xae\
<\xe3\xbc\xe9\x8d\xafcT[\x99$\xad\xe2\x9c\x1cq\
\xad\xb5\x06e(\x95;\xb9\xfb\xfe\x07\xb9\xee\xba[\xd0\
FR\x85\x0cU\xd6+\x81z\xff*\x85S\x9a4S\
$\xa9emw?\xff\xfd\x83\x9fs\xdc\x89\xa7\xf3\xb3\
_\xfc/\x99\x8d\xe8\x18=N\x0e\xfc\xf4B'\xf8\x07\
\x19#~c\x91Q(,Y\xb5\x0f\x9b\xacg\xb7\x9d\
\xb7\xe5\x87\xdf\xfb:\x97\xfd\xed\xb7\x9c\xf2\xeac\x18\xd5\
\x1e\x13k\xd8q\x87\x99D~\x8b?\x04+7\xd3\xd7\
z-j\xb0\xb0h\xe5\xb1\x06\x86\xa6\x97\xf2q\x87\xc6\
\x18\xb2LlYq\xa1L[G\x17\xbf\xfc\xcdE\xbc\
\xff#\x9fb}\x7f\x8d\xcc\x8a-*\x94\xdf*\xa0\xfe\
Y\xf1\x8a\x0b%7,i_\xe9\xc18t\xf9a\x99\
\x01\x92\xae\xf5\xb1G\x9f\xa2\x5c\xea\xa8\xdb\x0c\x9cv`\
\xc4n\x10\x96\x1b*\xe4\xe0nj\x88\xe8\x1ebw\x90\
\xfb\xac\xb5\xa0\xc3\xf6-\xb2\xde\xaf\xacg\xf7\x9d\xb7\xe1\
\xe2?\xfe\x96\x8f}\xf8\x1d\x14\x0drNX\x93\xb1s\
S\xd0:\xa3\x0e\xdd\xceV\xd4\xfbA\x05u\xb0\x19\x0d\
\x7f\xa7\xe6\xf2\xf3\x03\xa6\xf1\xd9\x82\xb3l\xbd\xe5\x16\x9c\
p\xc21\x0c\xf4uK.\xea\xc8\xa0\x1cX\xebpJ\
AT\xe2\xe7\xbf\xfe-\xa9\xb3\x92\xf2\xc5\xc9\xa0\xcd\xd7\
W\xae\xb8\xa6\xf7\xe6\xc9<\x88\x7fr\x17Z\x07\x98\xf3\
\x9a\x9a\xf2\xcb\xa6\xd4fTj\x19=\xfd\x15.\xfa\xeb\
,N>\xf3\x0d|\xed\x9b\x17\xd0\xdd\x97\xd19j<\
q\xb1L\xac#\x89\xdc\xcfd\xa9\x96\xb9\x14\x1d\xc9\xa0\
W\xca\x81\xcd\xb0\xc9zv\xde~*\xdf\xfa\xda\xa7\xf9\
\xeb\x9f\x7f\xc5)\xa7\x1cC\xa4\xc1\xe8\x86&\xb4\xfd\xb6\
\xdb\xd0\xd6&\xa9k\xb4\xd6\xf5\x03\x14\x94RdY\x0a\
6%\xad\x0d\xe0\x5cJ\x96\xa5\xa8z\x1c\x9b?-\xb9\
Ic\x0a\x18\x9e?\xb4\xdf\x9d\x15\xa1)\x89\xfc\x14\x11\
c\xc6M\xe6\xaf\x97\x5c\xcd\xdb\xde\xfd!V\xad\xed'\
I\xa5]\xf8\xfe\xcb/\xa1[\xe9\xf7\xcf\x82W\xdc\xd0\
\x1d\x0a\x1fL\xde\xc0\x98\xaf\x94\x5c\x1c\xbe\xfc\xd0\xe4\xee\
\xde*\x87\x1f}:\xcf\xbe\xb0\x12\xb4\xa1\x5cn\xf7\xb9\
t\xe4\xf7\xe6-\xdf\x91\xc1)\xc8\x92\x14l\xc6\xf8q\
\xa39\xff\xf5\xaf\xe1\x9do\x7f\x13\xa3\xda\x0c\xd8\x8c8\
\xf6\x1aX\xb8\xdf\xc7\xa8\x0dU\xcf\x91a\xf8v\xe6\xd1\
\xe8\x87\x91\xdd\x9fG\x9e\x06u\xfa8\x87%\xe2\x81\xc7\
\xe6p\xfc\x89g\x10\x15;1qY\x0c\xb1\xc6;#\
\xda\x84Ze\x0d\x97\xfd\xf5\x0f\x1c~\xf0^u\x1f\xaf\
zY\xa1\xfc\x10\xf5\xee\x840\xfeO\xd3=\xf5\x1e\xc8\
]h\x089\xea\xed\xb18\x9cU$\x89\xa5o\xa0\xca\
\xd5\xd7\xdd\xc4\xcf~\xfeK\x1e}b\x0eQ\xdcFT\
({\xe1\xd5\xb0\xf9\x18cHSK\x1c\x1b9\x1a]\
\x01.%Kkl;}\x1ao\xff\xaf7\xf3\xdas\
N\xa3X4>\x09\x9e\xec(\xe2\xdb\x92YMo\x7f\
\x8d\xa3\x8e;\x85\xf9\xcf-\xc7\x14\xda\xb16\xf3\xf9\xb9\
a`\xa0\x9f}\xf7\xde\x8d\xddv\xdf\x85?\xfe\xe1\x8f\
\x92\xd7\xdd\x940F\x8c\xe2\xe1_\xb3\xcdM\xda\x15\xea\
8<\x9a\xfb\xd1)\x8b\xcdj\xf4\xf7\xae\xe3\xa8\xc3\x0e\
\xe2g?\xfa\x1e\x93'\x8ej:\xadwSy\xfa\xef\
\x8d\x91s\xe6\x8b\x84\x1aR 1hFv9~k\
\xc2\xb0?l\x0c\xcd\xe5\xe7\xcbQJ\x919+\xa7h\
\xa4I]+\xaa\xf3{N\xdd\xdd\x14(\xa5\xea6\x17\
\xa5\x14\x07\x1ex \xa7\x9ez2\x95J\x85j\xb5J\
\xe62\x06j\x09I\x9a\xd4\x13\xdbo:sxM\xa3\
\xde\x9e\xe6vZ\xc9&4\x08\x8d~h\xa1\xcb\x08\x90\
\xafc\x18$\xc1Ip\xdf=w\xe4\xb8c\x0e\xa72\
 \xa7\x96@\xd0F}\x90\xab\x8d\xb9\xf0\xa7\xbf\x22I\
SjIF\x9ae\xd4\xb2\x94\xd4J\x9c_\x93@\x02\
\xc0\xe6\x04g\xa3\xde\xa1\xb9\x0e\xe7\x1b\x22t\xc8\xf7Q\
\x92\xa5\x0cT-\xeb\x07*\xfc\xe5\xd2k9\xed5\xff\
\xc1\xbb\xde\xf7q\x9e\x9c\xb3\x88\xf6\x8e\xb1\x14J\xed(\
\xefKd\xbd\xafX\x9a&\xd4\xd2\x9a\x0cfk\xd1X\
\xb2\xa4\x9f\xa9\x13F\xf1\x89\x8f\xbc\x83k\xae\xb8\x88\xb7\
\xbc\xe1L:J\x86X9\x94\xf7\xd9\x0e}\x0c\xa0\x95\
cTG\x81\x1d\xb6\xddF\xb2:8\x0b\x99\xc3&b\
\xf4\x8e4,]\xba\x90\xcf}\xfa\x83|\xef;_e\
\x8b\xf1]\xd8\xb4J\x9a\xd6\xb0\xa4\x8dt4N\xf2e\
\x89'\xa5\xf4\x93h\xd3\x8d\xbf\x0d\x84\xdf\xb3\xbaCm\
\x9a\xa6$\xb5\x0c\xa5cF\x8d\x9e\xc8\xadw\xde\xcb;\
\xde\xffA\x96\xafZO\x92\x82s\x9e\xcc\x1b\xe2\xef\xdc\
\xa5!~\xfd\xbb\xe0\x15\xd7\x94F\x8a\xba@h\xb9>\
\xfc\x0f\x9b\x88\x5c9\xce\x1b\xa2\xfb\xab\x19\xc7\x1c\x7f6\
s\x16,\x06\x1dS(\x96\xd1\xb9\x18\xa4<\xe3\x8d\x14\
\xf9\xfbmZ\xc5\xe8\x94-&\x8eg\xc7\xed\xb6e\x9b\
m\xa7\xb3\xddv\xdb\xb2\xd3\x8e\xdb1m\xf2T:;\
K\x98H\x04b\xa45\x0a9m$\x14\xd1\xfaf\xa9\
\x97\x9fA\xc3\x09\xab\xb9\x9b\x9ckd\xedo}\xf6\xe5\
BC\x93\x94\x01b\x9d\xe2\xbe\x07\x1f\xe7\xc4S^K\
T\x1a\x85\x8eJ\xa0dI\xa1\x94\xa3\x96\x0c\x10\x91\xf1\
\xa5\xcf\x7f\x82\xb6r\x11\x97&\x8c\xee\x1a\xcd\x84\x89\xe3\
\xd8r\xda\x96\x8c\x1f\xdbA\xa4#\xe2\xa8q\x82\xac\xb4\
\xb1\x91\xa5\x91!\xd8 \xfc&\x02R\x91\xa6\x19\xd5$\
\xe1\x8aY7q\xe1O~\xc1\x83\x8f\xcc\xc6\xc4e\xca\
m\x1dhm$\x9e0\xcb|\xd2\xb7\x5c2>\x9b\xe1\
\x5cJ\x9ae(\x9b\xb2\xd5\xe4I\x9cs\xce\x99\xbc\xf9\
\x8d\xafe\xd2\xa4\xd1D\xde\x0dB\xe7\xea\xd1\xca\x13Y\
\xe6\xd0\xc6\xf0\xf5o\xfd\x98/}\xf5{\xb4\x8d\x1aG\
\x96Z\xa2(B\xc7\x11.\xab\xd1\xd7\xb7\x9a?\xff\xe1\
\xb7\x1c{\xe4A,[\xba\x86\xf7~\xf8\x13\xdct\xeb\
]\xe8\xb8@\xa9\xd8\x8es\x10E\x05R\x9b\x004N\
\xd0\xf5\xa8\xb7\xb5E\xb3n\xc4\xcc\xf9\xfe\xf0\x86ym\
 K\x12*}k9\xec\xe0}\xf8\xf9\x85?d\xca\
\xa4Q\xc3\xf2V\x1d\xae\xf1c\xee\xe3\xdf\x15\xff\x00\xa1\
\xb4\xe9\xcb\x87!\xd1\xc2\xa5\xadL\xbb1Xkqh\
^\xfb\xc6\xf7p\xd5\xb57S*\x8d\xc2\x14\x8a\xf9;\
\x9a\x84R\xabG\xeepp>\x1f\x92R\x0a\x9bf\xa4\
\xb5\x01\xaa\xb5\x1a8\x09\xe65F\xd1V.3q\xdc\
x\xb6\xdaz*;\xed\xb8\x03;\xef\xbc#;l\xb7\
-S\xa7MalW\x99(\x16!\x15k\x8dS`\
\x94\x84\xde*G\xc3\x1e4\x02\x8f\xe7V!\xe5\x5c\xfe\
\xec\xfa\x17\xdb\x0fa0\xcb\xdf,\xcbPq\x91\xd3\xcf\
|\x13\xb7\xdc\xf9 \xed\x1d](S\xf0\x86^\x078\
jI\x85\xa4Z\x916\xe0\x0f\xb9\xd40a\xcc\x18\xf6\
\xdas7N;\xed\x04\x8e\x7f\xd5Q\xb4\xb7\x15\x88\x95\
\xaa;\x99\x0e\x05\xd9M\x13\xba\xa4\x89%M-\xd5$\
\xe3\xb6;\x1f\xe0G?\xfe9w\xdd\xf7\x00\xda\x14(\
\x16\xdb\xfcQ)\xcd\x1c\xe1\x94_&\x85\xd3G\xd2*\
YZa\xcb\xa9[p\xcekN\xe7\x8d\xaf\x7f-[\
L\x1a#I\xd5\x5cc\xd0\x87>m\x15\x0a\x0d\x01\x0a\
\xd7\xdep\x07g\xbf\xee-\x94:\xc6\x93\xd4R/\x94\
\xc4\xcb\xbd\xbfg5_\xf8\xcc'x\xff\xbb\xdfJ!\
\x82$\x83o~\xfb\x07|\xff\xc7\xbf@Gm\xa0\xa3\
@\x9d\xba\x002\xc6\x886\xe9\x1a9\xc4\x83\x9fUk\
\xbfig[\xb2]*\xacM)\xc6\x11}\xbdk8\
\xea\xf0\x03\xf9\xd9\x8f/`\xcc\xa8\x92\xe4k\x0al\xd0\
x\xe4\x9f\x06\xff\x00\xa1D\xbd#_\x12^\xa2P\xc2\
:\xacR\xfc\xcfE\x97\xf1\x8ew}\x88R\xc7\xb8\xba\
\xf7\xaes\xae>k\x8fT(5\xcd\xdc\x0a\xef\x80i\
\xc9\xd2\x9a\x0c\x02\x9f\xd4\x0b+\xc9\xbc\x14\x8eZu@\
v\xac\x94\xa3P(2\xb6\xab\x93)\xd3&\xb2\xfd\xb6\
\xdb\xb2\xcb\xce;\xb1\xd3N;\xb0\xd5\xb4)\x8c\x1b7\
\x8eQm\x05\xa2X\x0eYt(\x8c7\xa6\xc3\xd0\xfe\
M\x01\x83\xe8R\xbf\xf0\xd2\x84\x92\xcc\xda\xd2f\xeb\x0c\
W\x5cs\x1b\xe7\xff\xc7\xdb)\xb6u\xa1s\x87n\xa2\
\x9d\x18v=\x01\x8d\x89\xeb\x83+\xcbRj\x95^l\
m\x80]w\xdd\x81w\xbf\xeb\xed\x9c~\xea\xb1\x14\xe2\
\x98Xkt.\xc3A\xfe\xafu\x8aZfI\xb3\x84\
[o\xbd\x97\x0b~\xf0S\xee\xba\xf7A\x94.Qn\
\xef \xf3m\xcc?\x17\x96\xe8\xe2M\x9fa\x93*6\
K\x986e\x12\xaf{\xed\xd9\xbc\xe1\xfc\xd73yB\
\x87P\xc3\x1b\xa8\x03\xf2\x9f\x07O\xaa\x0d\x0f\xf4g\x17\
.\xe7\x80\xc3\x8e'\xb1\xb1\x18\x97\x9d\xa2\xdc\xd1Ff\
\x13\xfa\xba\xd7p\xca\x89\xaf\xe2\xf7\xbf\xfd>drx\
\x80U\x9a\xebo\xba\x87w\xbf\xef#,_\xb9\x8e\xb6\
\xf6\xd1\xa4V\x1cM\x01t=g\xb84Hj\x11\xd2\
.\xfb\xd7{44\xa6\x00\xd14\xb5\x86B\xa4X\xbd\
j\x19'\x9fx4?\xf9\xc1w\xe9\x1a%\x93\xafj\
$\x1e\xfd\xa7\xc2?H(\xbd\x14\xb42\xc5\xa6\xa2\xd1\
\x9b\x99\xd5,_\xb5\x9e\xc3\x8f:\x9eU\xdd5\x0a\xa5\
\xce&&kt\xb4\x1b\xe2\xec\xfa\xe6\x01\xa3\x1d\xf5d\
\xf2\xf2\x9bg!+\xa9N\xc2\xbf\xf0\x9cl\xe7\xa6P\
\x1f<P\xab\xd5\xc8l\x8d\xac\x96\xe0\x5cF\x5c(\xd0\
\xd9^f\xdc\xb8\xb1\xec8s&{\xed\xbd\x07\xbb\xee\
\xbc\x033\xb6\xd9\x8aI\x13\xc7\xd1V\x92\x5c\xd2\x912\
h\xe3\x07_]\xea\x04\xf5^\xcaV\xad)L\x06I\
\xab\x91\xc1\x92\x89\xb6\x95\xdb9\xac\xd6\x1c\xcb\xd7\x0cp\
\xec\x89\xa7\xb1j\xf5\xfa\xba1Y\xde%\xf4\x0cF\xdc\
4\x15\xb7\x01\xa1O\xf0\xf0v\xa4\xb5*i:\xc0q\
\xc7\x1c\xce\xc7>\xf6>v\xdfy[\x8cS\x14b\xe3\
w\xd4D\x1b\xa9%\x96\xd4&<\xfa\xe4|\xbe\x7f\xc1\
\x8f\xb9\xf1\xc6\xdb\xb1\xca\x10\x99\x02\xcaD\xe2\x1c\xe9\x9d\
\x0b\xb5\xd6(#\x1b\x16\xca\x89\xfd\x05[#M\xfa\x98\
\xb6\xc5x\xce=\xf7l\xde\xf2\xc6\xf3\x980\xa1\xcb\xe7\
\x15\x07UON7R\x04\xcd\x11*5\xc7aG\x9f\
\xc2\xbc\xe7\x96\xa0\xb4\x18\xb1Kmm\xa4Y\x8d\xda@\
?[O\x9b\xc0-\xd7]\xca\xb8\xae\xf6\xfa3\xda(\
\x1e{r\x01\xef~\xefGxb\xce|\xa2\xb8\x1d\xa7\
4&*@\x8e\xc7\xea\x9f\xfd[\xf3\xf4m\x85\xf4\xb9\
\x9f \x9d\xc4$\xda4\xa5\xbfg5\xe7\x9dw\x16\xdf\
\xf9\xe6\xe7(\xe8\xd8\xc7\xca\xfd\xf3\xe1\xdfZ(\x89I\
U\xf1\xe3\x9f\xfe/\x1f\xfb\xd4W\x18\xdd5\x01\xe7c\
\x9c\xf0\x877\x8a\xba<X(\x05\xb2\xe5\x85\x124g\
\x0fh\x9a\xe5r\x8c.\xe56\x98M\x9c\xec$\x84A\
\x18\xc9o+[K\x9a\xd6H\xd3\x04l\x8a\xb3)Z\
[\xda;JL\x9d\xbc\x05;\xed\xb0={\xed\xb9\x07\
\xbb\xec\xb2\x13\xdbL\xdf\x8aq\xe3\xba(\xc6\xde\x9d\x01\
-g\x88y\xfb\x0eu\x8d\xca\xbf\xf7E\x0a%\x09\x98\
qu\x9bG\x9a\xc1\xda\x9e\x0a\xef~\xdfG\xb9\xe1\x96\
\xbb\xd1q\x09\xadE\x1b\x12a\xd2\xdc\xce\xb0\xa3)\xcb\
\x0b\xc9\xb4h\x8c\x1c\x93`m\xc2\xfa\xde\xb5t\x8d*\
\xf2\x95/~\x86\xf3\xce9\x85\x82\x8e\xc929\x952\
\xb3\x09\xb3\xe7,\xe2\xfb\x17\xfc\x80Y\xd7\xddL\xa5\x96\
\xd1\xd6>\x06\xe3CX\xac\x0dK\x98|\xb0\xadh\x0b\
\x12\x8eQc\xea\x16\xe38\xe7\x9c\xd3y\xd3\x1b^\xcb\
\x94\xc9\xe3$I\x1e\x83w\xbf\xea\x83\x22/\xc8[ \
}(wZ\x0bJk\xde\xfc\xb6\x0f\xf3\xe7\xbf^I\
\xb1}\x14Y\xe6(\xb7\xb7\xe3\x9c#\xa9\x0e\x00Uf\
]\xfa{\xf6\xddkgL\xee\xb4\x15\x94a}\x7f\xca\
G?\xf9Y~w\xd1%tt\x8e%S\x9a8*\
\xe2\xbc\x03\xa6\x0auk\x19\xaea\xe2l\xd5\xe4\x95\x0a\
\xc2\xdcO\x92i\x866\x8e\xf5=\xabx\xf7;\xdf\xc2\
\x17?\xfd!\x0a\xde\x0f\xeb\x9f\x0d\xe6\x0b_\xf8\xc2\x17\
Z/\xfe]0\x82A!\xcc+I\xcfd\xb6\x0f\xfb\
2\xda\xaf\xf7\xa5\x98pNY~\xa0\x0f\x0b\xa7\xe4\xa5\
J\xe1\xac\xc4\x0f\xed\xb2\xcb\xce<\xf1\xf8\xd3<\xf7\xfc\
B\xe2\xa8\x00J\xd7+&\x87\x03\x0eQ\xb6\x96,\x85\
\xa1\x1d\xaeYy\x10fo\x1c\xaaQ\x176\xe1\x9f\xb5\
V\x9c\xf5\x9c%\x8eb\x94\x92\xc4^Fk\xbf\xfb$\
\x0e|\xc6h\x8c\x89\x88\x0bE\xe2b\x99B\xb9\x8d\xcc\
\x1a\xd6\xad\xedg\xf6\x9cy\xdc|\xcb]\xfc\xed\xb2\xab\
\xf9\xf3\x9f/c\xd6\xb5\xb7\xf2\xc0C\xb3Y\xb4x\x05\
=\xbd5d\x91\xa8P\xda\x92Y\xd9\x95sN8\xd7\
\xe5\xf4\x7f\x19\xc0\xcd\x82\xb3\x01\xeb\x1b\x19h \x06y\
\x80Z\x921\x90\xa4\xbc\xf5m\xef\xe3\xcaY7\xd0\xd1\
9Fh'\xca\x8fG\xa3\xbdJI>\xa9\xccZP\
\x8e(\x8e\xa4\xdf|\xaa\x10\xa7\x1c\xc5b\x1b\xd5\x9a\xe5\
\xbak\xae\xc7D%\xf6\xddgw\x92\xcc2\x7f\xc1R\
\xbe\xf1\xad\x0b\xf9\xec\x17\xbe\xca\xa3O\xceEGe\x8a\
>\x13\xa8\xb8\x01\x80s\x96\xd4f\xa0E\xd0HcS\
lVa\x8b\x09\xa3y\xd3\x1b\xcf\xe1[_\xfb\x02'\
\x1e\x7f\x14\xa3;\xda\xbc`\x90~m\xb4=\xb4W\xfe\
\xb5NFy\xc83\xe1\x9f\x18\xfd\x97,Y\xc1\xb57\
\xdcH\xb1\xd4\x81\xcd%\xc0\xb3\x0e\x06\xfa\xd6\xb3\xcf\x1e\
\xbb\xb0\xcf^\xbb\x07\x92\xd65\xc0R\xd1p\xc2q\xc7\
R,\x14y\xe0\xfe\xfb\xc82)W)'<X\x17\
6\x9e\xe3\xfdx\x08?\xe8\xfaD#\xbc\x1b\xee\xc3\xdb\
\xfd,\x0a\x13E\xb4\x95\xdb\xb9\xfb\xee{)\x95\xcb\xec\
\xbf\xdf\x1er|\xfc\x86\xd6\xff\xff\x00\xfc\xe34\xa5\xf0\
\xd6a\xe8\x11\x84@R?\xba\xc8y\x1b\x8aj\xec \
\x84#\xa0Gr\xbaC@\xee\xbd\xce9R\x9b\xe0T\
\xcc\xea\xd5}\xbc\xee\xfc\xb7\xf2\xe0#O\xd11j\x0c\
\xa9\xa5\x1e\xfc8\xd4`ua94\x0c\xf5\xc22\xca\
\xe6\xea\x154$\xf9'ZC\x96\xc99nZk\x0c\
\xaaq\xac\xb7U$6\x13\x07\xb9(B\xfb\xd3.\x9c\
\x92r4\xb2\xa3\x14\x1c\xf4\x5c\x9aQ\xadV\xa9$U\
\xb4\xca0\x1a\xda\xcb\x05\xc6\x8e\xe9d\xfa\xf4\xad\xd8{\
\x8f=\xd9s\xef=\xd9a\xe6\x0c&L\x98@{\xd9\
\xa0\x8d8~j4\xc6/=\xb5Vu\xcdA\xda-\
\xc2+D\xc9\x07Hn\xa5\x8c\x8f|\xf2\xcb\xfc\xf27\
\x171j\xf4$\xacw\x87\x90\xa0\xe4\x86\xc16<\xe5\
\xc2\xc1\x8f\xde\xa6T?0\xd3\x0f\xf0,,\xb9\xb0\xd8\
\xb4\xca\xc0@7\x1f~\xdf{\xe9\x1fX\xcf\x1f\xfe\xf0\
W\xba{\x07(\x95;\x89\xa3\x02NK|b\xf0\x9c\
\x8eT\x84\x8aT}7\xcde\x96,\x1d`\xe2\xc4\xf1\
\xbc\xee5g\xf0\xe67\x9d\xc7\x96S\xc7!'\xadd\
\x9e~CL6\xc1f\xe6\xbf\x05\x01\xbc1\x88\xe0Q\
\xdc\xf7\xe0\x13\x1c\xff\xea3P\x85\x0e\x9c\x8a)\x97\xcb\
dY&\xbb\x83\xfd\xdd\x9cw\xeeI\xfc\xf4G\xdf\x12\
a\xe8l]\xe3\x17:\x89@\x9fu\xcd\xed\xbc\xeb=\
\x1fc\xdd\xfa\x01\x0a\xe56\xe2b\xb1\x9e\xd3\xab\xa10\
5\x84h\xa8\xbf\xf4O\xa8onE`-\xd6J\x0c\
\xa6\xd6\x90\xd6\xfaH\xab\xeb\xb9\xe0{\xdf\xe4\xec\xd3_\
M!\xd2\x98\xdcI:\xffh\xfc\xe3\x84R\x0b\xea\x8c\
\xeb\xb5\x1e\x9b9\xaa\xb5\x94$\xb3\xa4\xd6\xd1\xd7; \
\xea\x7f\xa4ho+\xa3\xb5\xa6\x5c(\xa0\xb5\x13\xafV\
\xe5SGn\x82\xd4\x0f\x9d\x90\xa6)(\xc3\xb3\xcf/\
\xe6\xf5o|;\x0b\x16.\xa7Pl\xf7\x83,\x0cF\
\xcf\xac/\x92\x5c\x0d\xc6\x910\x04\xeb\x0d\xe0J\x19L\
,G4\xc9\xac\xec\xbc\xe0\x95\xe5\x91s\x99\xcc\xfe\xc1\
\xd9O\x89\x8d\x04+n\x0d*g\xc4\x05\xd9]\x02P\
N\x91$\x92\xc92I*dYF\x14Et\xb4\x97\
\x998q\x02;l7\x93\xdd\xf7\xdc\x99]w\xda\x89\
\xedfn\xcb\xa4\x09c(\x974Z\x1b\x22\xad\xbdP\
u\x0d\xa7\xbbz*\x11\x87E\x92\xbd\xfd\xe5o\xb3x\
\xe7{?*\xcb\x0d'm\x09\x1a\x91\x1ce\xe4S\xda\
)Cb\x15V7\xce\xab3\xce\x12)\x8b\xb3)\xc6\
\xd7Yk\x9dK7\xec\xbcA:\xc3\xba\x948*`\
L\x5c?t\x92Llx ^\xf46\xf5\x9b\x136\
!K\xfb\x19?v\x14g\x9c~2\xef~\xfb[\x99\
6u\xa2\xe8\x0fC\x18vG:\x10ssY3\xfc\
\x0f\x0e\x11Jk\xd6\xf5q\xe0a\xc7\xb0|u?\x85\
R'\xc58\x22I\x12\x92L\xfc\x9fv\xdbikn\
\xb8\xf62Jqc\xe2\x92\xf7\x8b\xc0\xb6N&\xdd\xbb\
\xefy\x8c\xf7}\xf0\x93,Z\xb2\x82B['i\xd8\
-\xf4\xde\xdf.lT\xb4d\x1bl5x;\x7fb\
qXn+\xe5\xbc\xb1?\xa1`\x1c\xbf\xfb\xf5O8\
\xf4\xc0\xbd0J\xbc\xc3\x87o\xe8\xdf\x0f\xff4B\xc9\
za\x04\x90XGOO\x85{\xeey\x90[n\xbf\
\x9dg\xe6\xcec\xf1\x0b\xcb\xa8\xd5\xaa\x98H3u\xf2\
d\x0e8`?Nz\xf5\xf1\xec\xb4\xc3\xd6D&&\
\xd2\x8dYd\xa4\xc83dR\xab\x10\xc5%\xe6=\xb7\
\x94\xd7\xbf\xe1\xbf\x98\xf7\xdc\x12:;\xc7P\xcbd\x99\
\xe5\xbc\xed#<7RfnE\x96\xa5\x14\x8a\x11\xc7\
\x1f{\x0c\x95\x81>\xe6\xccy\x9a5k\xd6\xb0~}\
\xaf\x9c\x94\xa1cI(\x86B\xa1H\xadE\x1b\x83\xf1\
iO\x94R$Y*\xc1\xb1\xbe\xc1\x99\x0f\xfe\x15M\
\xca\x0b5\x0c\x858\xf6Lh%\xfeLY\xb2$\xa5\
Z\xad`]\x8a\xcb\xaah\x1c\x9d\xa3:\xd8r\xca\x14\
v\xdei&{\xed\xb9'{\xee\xb6+\xdb\xcc\xd8\x9a\
\xae\xaev\x0a\x91\x06\xa5\x89\x8c\xc6Z\x0dd$\xd6\xb1\
rU\x0f\xc7\x9dp\x1ak\xd6'\xe8\xa8XOM\x02\
2\xfa-\x8a\xd4\x19\x12\x22\x0a\xe5\xd1t\x8c\x99@[\
G'\xca\x88\xd1u\xfd\xba\xb5\xf4v\xaf \xad\xac\xa7\
\xa8,\xc6\xd6\xc4[\xdaO*\xce\xbbV4\xf2\x0f\x09\
\xbd\x83\xd0\x03\xc9\xc4(\xe9;\x1c\xd6&\xa4\xb5*\x93\
&vq\xcek\xce\xe0M\xff\xf1z\xb6\xd9j\x92\x84\
\x07)\xea\x0e\x99\xc1\xb1sC\x18\xaao\x87\x1d\xabB\
n\xf0\xf6!\x0b\x9cq\xf6\x1b\xb9\xfe\x96\xfbh\x1f5\
\x96b,\x07w&\x99\xc5\xa8\x94\x92\xb1\xdcv\xcbU\
l\xb3\xd5d\xb4\x0f7\x0a\xed\xc1OB\xd6\x82V\x86\
E\x8b\xd7\xf2\xae\xf7}\x94\xbb\xee}\x90\xb8\xd4\x0e&\
\x92\xf4(\xfe\xc0\x0a\xd1\x9e[\xeb\xda\xaa9\xc9\xd8\xc2\
\x86\xa5\xa4Ld\x99\xb3T\xfa{\x98\xb9\xf5d\xfe\xfc\
\xfb_\xb1\xed\xf4\xc92\x019\x10g\xaeA-\xfd\xbb\
\xe1\x9fB(\x85*d\x16j\xa9\xe5\xe9y\x0b\xf9\xd4\
g\xbf\xc4\xedw\xde\x07N\x11\x17\xcbu\x81\xe5\x9c\xc3\
\xa6)\x8e\x8cQ\xed%N=\xfdD\xde\xf3\xce\xb73\
s\xfa$\x94\xd3\xc4~G!\x90tXf\x1a\x02Y\
\x96\xa1\x8d\xe1\xa99\x0by\xfd\xf9oe\xc9\xca\xb5\x94\
\xdb\xba\xa8\xd4\xc4\xa1\x0d-\xda\xd8 \x86\x1d\x86\x84\x81\
\xe1\xf2L\xa2\xb5\xa6R\xedc\xdb\x19[\xf2\xcd\xaf~\
\x85\x9dw\x98\xc1\x92\xa5KX\xb2x1\x8f>\xf6\x18\
O=5\x9b\x05\xf3\x17\xb2t\xc5J\xfa\xfb*$\x16\
L\x14\xcb6\xb1\x16\xfbC\xa3|a8\xe7\x1c:0\
\xb7\x0a\x06\xb8\xb0\x05.\x06`\xb1O5\x96`Z\xfb\
\x01\xae\xc5E\xc1\xa5\x96ZM\xb6\xc9\x8b\xc5\x12\xe3\xc7\
\x8cb\xc66\xd3\xd9e\xa7\x1d\xd8y\x97\x9d\xd8y\xfb\
\x99l\xb5\xd5\x96\xb4\xb5\x17\x88\x0a\x8a\xaf|\xe5G\x5c\
\xf8\xf3_\xd3\xd69\x86p\x9e\xafRbg\x13\x81\x14\
\x93\xc6\x1d\x8c\x9e\xb6#\x93\xb6\xdc\x0e\x0am\xa0d\xab\
\xdb\x91a\x9c#\x1dX\xc7\x8a\xe7g\xd3\xb3\xecY\x8a\
I/1)\xd6{7\xdb\xb0\x94\xf3K\xac\xd0\x8e\xa0\
\x15\xd6w.\xd3\x844\xe9g\xca\x16\xe39\xf75\xa7\
\xf3\xa67\x9f\xcf\xd4\xc9\xe3r\xc2\xa8\x19C\x09\x9c<\
\x06\xfb!\x8d\x1c\xd6\xbf\xf3+_\xbb\x80/\x7f\xf3\x07\
\x8c\x1e\xbb\x05\xb1?\x9e\xbb\x9a\xa4D\xda\x91\xd5\xd6\xf3\
\xbb\xdf\xfe\x9cW\xbf\xeaP\xb4j\x04\xed\xb6\x0aK\xe7\
\x1d\xd7\x97\xaf\xee\xe3\x83\x1f\xf9$\xd7^\x7f\x07\xa6\xd8\
F\xe6d9\x1f\x96o\x83\xfd\xa8|\xff\xe6ry\xe5\
\xdb\x1c\xf8E)\x85r\x8ej\xb5\x87W\x1dq\x10?\
\xff\xf1\xf7\xe8l/\x11G\x1b\xa7\xd1+\x8d\x7f\x1a\xa1\
\xe4P$Y\xc6%W\xdc\xc4g>\xf7e^X\xba\
\x8a\xf6\xce1\x14\x0a\xc5\xc6N\x8d\x9f\x89\x8d\x91\x18\xa4\
4K\xe8\xed[\xcb\x96\x93\xc7\xf3\xad\xaf\xff?\x8e;\
\xf6@\x0c\x06c^\x9cP\x02\xc8\x9c\xc5)\xcd\x93O\
>\xc7k^\xfb\x06V\xae\xea\xa6\xa3k\x1c\xd5ZJ\
6L\xe2\xb7\xe1H\xd8\xda\xb9\x0d\xc6\xb1\x0c\xf4\xf70\
ql'\xbf\xfe\xe5\x85\xec\xbb\xf7N\xb8\x0c\x8aEM\
\xe6\xa0\xa7g\x80\x85/,c\xee\x9c\xb9<\xf6\xc4l\
f\xcfy\x86\xf9\xf3\x16\xb0b\xd5\x1a\xfa\x07\xfa\xd1J\
\xa3\x8cD\x89+ePF\x96\x5c\xca\xfbFi\xad\xc1\
\x89M*\x8f\xcc\xfb\xc7(o\xf7\xc9C\xb9|\x9b,\
\xd8\x8cZ\xadB-\xa9\xa2\xb0t\x94\x8aL\x9e\xbc\x05\
\xe3\xc6\x8ea\xeaV\xd3\xb8\xed\xf6\xfb\x18\xa8\xa4r\xf8\
\xa62\xe0\x1a\xa7\xcfV\x88p\xc51\xcc\xd8u\x7fJ\
\xe3\xb6b\xc0\xc6dDdN\xcb\xee\x9dsD\x0ab\
U\xa3\xacj\xf4.\x7f\x96\x85O\xdcK1\xeb\x07W\
E{\x07\xc7\xfc \x0b\xedrY*K\xda\xb4J\x9a\
T\x99\xb6\xc5D\xfe\xe3\xbc\xd7\xf2\xa67\x9d\xc7\xa4\x09\
\x1du\xf7\x87\x91\xf6\xf7`4\x5cB6\x05\x0e\xc8l\
\x86\xc2p\xd3\xad\xf7p\xca\xd9o\xa0}\xf4x\x0a\xa6\
@\xadV#\xb5\x8eB\xa4\xa8\xf4\xae\xe5#\x1f~\x0f\
\x9f\xfd\xf8{P\xe43\x094\xe8\xef\x9c7ax\x85\
\xa5\xa7?\xe3\x1d\xef\xfa\x08\x97_s\x03\xc5\xb6N\xaf\
I\x8b\x8d1\xb0b\xab\x10\xc9\xef\x06\xd75X\xcf\xdf\
Q\x14a\xe5\xd8>9\x91w\xcdr\xde\xff\xce\xb7\xf2\
\xa5\xcf\x7f\x84H\x9b\xa68\xb9\x7f\x04\xfeaB\xa9\xf1\
RK\x96)j\xa9\xe3\xf2\xabn\xe4C\x9f\xf8,\x03\
\x03>\x81\x95\x8eP\x91\x04w\xd6j5?\xa8e\xc6\
W\xd6amJ\x86%\xad\xf5\xd3Y.r\xe1\x8f\xbe\
\xc3I'\x1c\x8ar\x92H\xfd\xc5\x22$\xc9z\xea\xe9\
gy\xd3\x7f\xbd\x935kz\xc9T\x81\x81j\xf0+\
j\x9c\xf7\xd608R\xb7;5\xe9\xf4\x9ea\xf2\xb6\
\x00\xa3\xc4\x89/\xad\xf5\xb3\xe5\x94\x89\x5c\xf0\xfdor\
\xd0~;\xe3RK\x1c\xb7\xa4T\x95$\x87\xf4\xf6V\
X\xb8h\x09s\x9e~\x9a'\xe7\xcc\xe1\xc9\xa7f\xb3\
\xe0\xb9\xe7Y\xb5\xb2\x9b\xa4\x96\x80)\xa2U$y\xa4\
\x9d\x18\xcc%N\xcc\xd7\xc3kxA\x18\x05\x03}\x96\
5\x04\x97\xb5\x162aZ\xa7\xc5h,7[\x22%\
\xf6\x9e4MI\x92\x94RIv\x03C]\x952\x92\
\xdbG\x1b\xaaQ\x07[\xefq4\xf1\x98\xa9d\xce\x90\
Xq\x14\xcc\xb3\x9aA\x81K\x884\x94U\x95\xdee\
\xf3X4\xfb~\xe2t=\x05%t\x06|\xbe\xaa\xb0\
\x94\x83\xb4V!K\xfa\x99<y\x1c\xe7\x9fw\x0eo\
\xfd\x8f72nL\x07\xaa5\xdd\xd5\x8b\x84C\xecC\
#\xde8\xc9\x091\xe1\x87\x8cEKVs\xc8Q\xa7\
0P\xb3\x14\xbc\xcfV\xa5R#\x8e\x0d\xd5J\x1fG\
\x1d\xbe?\x7f\xb9\xe8\xe7\xc4^+\x14\x0c-\x09\xac\x0f\
s\xec\xe9\xad\xf1\xa1\x8f\x7f\x9aK\xaf\xb8\x8eB\xb9\x0b\
\xa54I\x22\x93\x8cL\x92\x0d\x9b\xa7nI\xe1,\xf5\
\x92\xefaY\xec2\xd1\xb2\x00\xd2l\x00\x9dT\xf9\xc1\
\xf7\xbf\xc99g\x1c'\x93^\xce\x95\xe3\xef\x8d\x7f\x02\
\xa1\x04\x19p\xf3m\x0fr\xfe\x1b\xff\x93\x8a5\x14\x0b\
\xedXkq\xa9C\xc72#\x84Y\x1e\xef?\xa4\xac\
\x9c\x99emJ\x9a&dI\x95\xcer\xcc\x95W\xfc\
\x91\xbd\xf7\xd8\x9e\x9c'\xfd\x8b\x82\xf8\x9d\xc0\xb3\x0bW\
\xf0\x867\xbf\x8d\xa7\xe7.\xa4T\x1aE5\xcd\x88\xa2\
B\xdd)\xb2Y(\xe1\x99\xa3Y(\x11\x06\xad\xb5(\
\xe3g5+\x9e\xce\xd5\x81\xf5l1a\x14\xbf\xfa\xc5\
\x85\x1c\xb0\xcf\xce(\x87\xcf\xb3,\x03\xb3^\xbegz\
c\xc4:\x929\x11T\xcf/Z\xc6\xbc\xb9\xf3y\xe2\
\x89\xd9<\xfa\xd8\x13\xcc\x9d7\x9fUk\xd7Q\xf5\xb6\
\x07\xa3c\xb4i,\xfb\xb2z}\x1b\xcb\x85 \x98\x02\
C\x07\x03:\xc8\x92\xd59\x19\xa4\xe1\x9a,\x07\x83\x1f\
W\xb0miR\xab\x19p1\x93w\xd8\x9b\xb1\xdb\xee\
Kw*\x9e\xdd\xf9\x99:@\xfbDs\x18M\x81\x1a\
\xedz\x80\x17f?@\xcf\xa2\xc7)S\xf5\x13\x90\x08\
F\xa5\x94\xe44OS&\x8e\x1f\xcd\x7f\x9c\x7f\x0e\xff\
\xf9\xd670\xaa\xa3\xe87\xc0\x87\x87\x08\x8c\x0d\xdd\xd1\
\x8c \xb47E(\x09\xbc p\x19\xa9\x8d8\xee\xe4\
s\xb9\xef\x91'\xe8\xec\x18\x83R\xaan\x0b\x82\x941\
\xa3\x8a\xdcy\xcb\xd5\x8c\x1b]\xda\xa8P\x82\x10[\xa7\
\xe8\xaf\xc1\xbb\xde\xfdQ.\xb9\xf2Z\xe2b\x07\xca\xfb\
\x83\x89V\xd9l\xe0\xce\xa3.\x90\x5c\xc3V$\x1b\x03\
Z\x82\x81\x9d\xc3e5\xda\x8a\x8a\xbf\xfc\xe1\xd7\xec\xb7\
\xf7N/\x8b\x80\x7f\xb1x\xc5\xfd\x94\x86b\x0a\x17t\
l\x8f\x9e\xde\x84w\xbe\xeb\x83,^\xbe\x86R\xb9\xb3\
~]\x99\xc6\xceR\x1c\xc7\xde\xc0\xa7d@\x18q\x0e\
4\xc6P,\x96(\x96\xca\xf4\xf6\xadg\xfe\xfcy\x9c\
p\xc2\xab\x89\xe3\x08\xc8\xe4|\xb4MFc\x06\xeb\x1a\
\xd5\xce\x01\x07\xec\xcf5\xb3\xaeg]\xcfzJ\xc52\
(\x11\x162 i\x11BC\x09$\xd9QQ~Y\
\xd1pg\x84\xb8P\xa2\xaf\xaf\xc2\xcd7\xdd\xccv\xdb\
\xef\xc0\xb6\xd3\xa7\x91&5\xe2($\xfap\x88\xdf\x8d\
\xff\xec\xffj\x1c\xa58f\xd2\xf8.v\xdeq\x1b\x8e\
<l\x7f\xce8\xfdd\xce9\xeb4\x8e;\xe6pv\
\xddy;\xc6uu\xa2\xc9\xe8\xeb\xeb\xa1\xbf\xb7\x9b\xb4\
V!M\xab\x00d\xd6a\xfdV5\xb8\xba(\xb5\xae\
\xe1\xc3$\x83\x0c\xb4\xdf\xf1\x0a}\x19\x5c\x19\x02\x8dD\
8Y\x12\x0c\xb6m\x1c\xd3w\xde\x9f\x01\xca\xa4\xc4X\
7t6\x04\xa7\x00\xa5r\xcb\x0cC\xb9X`\xcd\xe2\
g\x89I\xea\x1a\x12\xc8n]m\xa0\x9f\x19[O\xe1\
\x92\x8b\xff\x97\xe3_u(\xe58B\x8f`\x99\xd6\xfa\
\xde\x06\xa4\xc5\xc2\x8a\xb9{\x9c\xf5\xe1-\x1bz6\x0f\
/\x0c\x94\xc4\xe39\x0b\xdah\x9ezf>\xf7\xdc\xfb\
\x00\xa3\xbb\xc6\x00\x8a\xc4\x1f\xf3\x1e\xc71\xeb{\xbb9\
\xe5\xd5\xc71y\x8b\x09\xde\xe5`\x03\xefqb\xffs\
\x16b\x03G\x1cq\x04\xf3\xe7\xcf\xe5\xe9\xd9\xf3\x89\x8b\
E\xf1s\x02lf\xd1\xda\xc8FG\x13]B\xbe\xaf\
\xa0A\xc9\xfbt\x08\xfcv\xde\xd96\x8e\xe9Y\xdf\xcd\
\xfcy\xcf\xf0\xea\x13N\x90e\x5c\xf0\xf0\xfc;\xe3\x15\
\x17JCu\xact\x228\xab\xa8&\x96o~\xe7\x87\
\x5cy\xcdM\x94\xdbF\xd3p\xa4o\xec.\x91+'\
_\x9e\xf26\x07\xad\xc5\xaeQ,\x96x\xee\xb9gY\
\xb1r\x05G\x1dy\x88\xf8\xf7\xe4<\x9aG\x0e\x11,\
\x0a\xc8\x5c\xc6\xf8\xf1\xe38\xf2\xe8c\xb8\xf5\xe6[Y\
\xbal\x19\xc5B\x914\xcb\xea\xbeS2S\x85\xba\xca\
\x00\x0c\x031\x08\xd5\xd6\x81Y\x1f\xd0Q\x8411\xeb\
\xd6\xf50\xeb\x9ak\xd8w\xef}\x981}\x1a\xceQ\
\xd7F\x84\xc9\xbc\x86\xa8\x1c\xda/U\x14\xdec\xd7Y\
\xc0b\xb4\xa5\xbd\xbd\xc4\xb4)\x93\xd9\x7f\x9f\xddx\xf5\
\xab\x8f\xe1\xb5\xe7\xbe\x86\xb3N?\x8d\xc3\x8f8\x84\x1d\
\xb6\xdf\x96\xae\xd1\x9dD\xc6Q\x19\xe8\xa5V\x19 M\
*\xc8\xf1\x89\x9682\x80#2\x9en9\xfa\x8bq\
\xb5\x11\xbe\x81\xb7\xed\xe5\xdbR\xb1\x9a\x8e\xc9\xdb\xd15\
u[\x06lD&\xfa\xd5\x86m<a\x16\xd7\x9ar\
\xac\xe8Y\xfe\x1c\xb6\xba^\xae\xd9\x0cc4\x99M\xc9\
\xd2\x84\xaeQ\x1d\xfc\xe7\x9b_G\xa9`\xbc\x93)^\
\xb8\x0c[\xfa\x90\x90\xbe\x10A\x1a\xfa-h\x13*\xf8\
\x9f\x8dx2\xf3R\xd5\xdf\xaf\x90B\xfa\x06\x12.\xbb\
\xecJ\xca\xe5\x0e\xd2\xccR\xad$\xc4QLT,\xd2\
\xb7~\x1d\xbb\xee\xb2#{\xef\xb5\xdb\x06\xf4\xa3\x16(\
\x87\xcd\x1c\xe5R\xccQG\x1e\xc5\x93O<\xc53\xf3\
\xe6\xa3\xb5\xa9\xbf\x1b_\x0d\xe7\x1c\xce\xbb\x10h\x1dl\
c\x9e/=\xadtX\xc6\x05\xa1\x07DQ\xcc\xdc\xb9\
s\xa9Uk\x1cu\xc4\xc1B\xe3\x7f\x80\xff\xd2\xdf}\
\xf9&s\xb20\xd4@\x02w\xdc\xf5 \xe7\xbd\xe1?\
\xc9T\x09\x13\x97\xeaQ\xd0\xaa\xc9\xcbv\xc3\x08D\xcb\
\xb2\x8cr\xb1@\xf7\xba\x95\x9cq\xfa\x09|\xf3\xeb_\
\xa4\xab\xa3H\xc1l\x5c\x19\x0fD\x18\xea\xbe\xcc\x8aF\
\xf4\xd4\x9c\x178\xf7\xf5ob\xf9\xean\xa2\xb8\x9d\xac\
i\xc7Dfv\xdbr\xf8\xe0pm\x08d\xd7\xde\x09\
P)EZ\xab0i|'?\xfa\xc1\xb79\xec\xe0\
=%en\x8bQ=\xc0\xc1 \xdbGsW*\xb2\
\xdcN\xa1\xd8\xc0\xc4\xf0Y\x1dHY\xbej\x15s\x9e\
\x9e\xcb\xc3\x8f=\xc1\xec'g3o\xfe\x02\x96.[\
AOo?\x0e\x83s\x06\x1d\x150\xb1?H\xc1f\
`U\xd3\xf2S\x84\xa4\x94\xef\x9c\xa3\xd7\x16\x99\xb8\xcb\
\x91\x8c\xd9r'*\xb6@\xda4\xe4\xfc\xa0\xf74\xc9\
\xd7U\xca\xb0t\xb8>\x96<v#\xfd\xcb\xe6R\xd0\
\xce\x9f\x19\xe7\xdbeSJ\x91\xe3\x96\x1b/e\xc6\x96\
\x93\x06\xf5\xd3\xa0\xfe\x1bt\xa1\x81\xc0/\xf27\xdc\x18\
&\x8e\xb0;5RCwc\xf9\x86\xef\xff\xccj\x9e\
}a\x19G\x1d\xfbj\xd0%\x92\x14*\x03\x09\x85B\
\x81B\xb9H_\xcf*\xce9\xf3D~\xf2\xc3o\xa0\
\xac\xf5\xda\xf6\xd0\xfd\x9c\x87s\x92!S\x1b\xcd\xc2\xc5\
\xaby\xdd\x1b\xff\x93'f/\xa0\xdc\xde\x85\x0baQ\
\xb6q\xe0E\x984\xe4\xd9!\x08\x01\xf5\xf6:\xe7H\
\x92\x848\x8eH\xab\xeb\xf9\xe1w\xbe\xca\xb9g\x9f\x88\
\xf2\xbc3\x1c\x1f\xbf\x12\xf8\xbb\x0b%\x09\xe848\x07\
\xcbW\xf5r\xfc\xc9g\xf3\xc2\xd25\xc4Q\x09LT\
\xb7\xa5\xb0\x89\x82\x09o\x1bQ\xca\x90e5\xfazV\
p\xc6\xe9'p\xe1\x0f\xbeC{\xb9@\xac7\xac1\
m\x80\x87\x01\xb11\xa1\xe0\xf1\xe0.\xb0|-\x1d\xa3\
\xc6P\xad\xd6\xc4\xaf\xc4w\x5c+9\x87\xab\x7f\x18\x18\
2\xe8@)C\x92TIk}\x8c\x19\xd5\xc6\xef\xff\
\xf7\xa7\xec\xbf\xf7\xce\xde\xdb\xba\xf5\xe9\x8d\xd7\x97\x96\xc1\
\xd7\xb8&4\xc2\x1b\xdf\xb5\x1cNB\xa5\x92\xb1x\xc9\
2f\xcf\x9e\xc3\xa3\x8f=\xc5\x83\x0f?\xc6\xe2%K\
Y\xd7\xd3COO/\x03\xd5\x9a\xe4p2\x11\x85B\
\x11r!\x14\x01\xeb\xb3\x12S\xf6:\x86\xce\xc9;P\
I\x0diSb\xfc\x86P\x92z\x0c\x9e};\xf5\x00\
\xab\x9e\xba\x855\xcf?I\xc94\x84R\x9a\xa6`-\
\x1d%\xc5u\xb3\xfe\xccv\xdbL\x1dd\xf3\x19D\x8f\
A\x17\x86Fc\x12\x94\x01\x5c\xcf3>\x02!!h\
\x16J\xce\x9f&\x928\xc51\xc7\x9d\xc2\x9cy\x8bq\
D\xd8LQ,\x16\xd1qDZ\xede\xab\xc9c\xb9\
\xf9\x86+\xe8h\x8b}\xae\xf6\xe1\xdf\x97\xa7\x95s\x8e\
4\x13[\xdc3\xf3_\xe05\xe7\xfe\x07\xcbW\xf5\xca\
\xc9\xbd&&Kku\xfbk^\x93\x0d\x01\xbay~\
\x08\x93\x01\xden\xe5\x9c#\x8ac\xaa\xfd\xeb\x998\xa6\
\xcc\xe5\x97\xfc\x91\x993&K\xaa\x93a\xfa\xec\x95\xc0\
\xdf](\x85N\xeb\xabf\xbc\xe3\xdd\x1f\xe2\xe2K\xaf\
et\xd7x\x14>\x94\xc2o\x936\x06\xed\xc6\x88\x10\
:S\x5c\x062g\x89\xb4D\xcd\xaf_\xbb\x8a\xd3N\
{\x15\xdf\xff\xce7\xe8j+\x10G\x123\x07\x1bg\
\xd6:r\xf7g\x16\x9c\x86G\x1e{\x86\xf3\xdf\xf8v\
\xd6\xf5VQ\xa6\x88\xb5\x0e\xfc\xd9`\xa2\x91\xb8\xc6 \
\xdc\xc82\xa0A~M\x96\xc9LU\xab\xf41u\x8b\
1\xfc\xf4\xc2\xef\xb3\xef^;bPC\x0a\xa6f4\
\x0f\x8e<6\xc6L\xa1\x06\x22\x1c\xe5o-\x85\xbe\xbe\
~V\xaf]\xc3\xf3\xcf.\xe2\xbe\x07\x1fa\xc9\xb2e\
\xdc\xff\xd0\x13\xcc\x9d\xf7\x1c&.\xfb\xcc\x92A3t\
\xac\xcf\x8a\x8c\xdf\xe9P\xc6\xcd\xd8\x9dJf\xc8\xf0'\
kz\xa8P\xf8\x10\x03M;\xe8\xd0\x03\xacx\xe2F\
z\x96\xcc\xa1h\xf0\x0e\x8fr\x7f\x96T)\xc7p\xd9\
\xdf~\xcb^\xbb\xef0(\x1b\xc2\x8b\x81\xd4\xa1\xb9>\
\x0d\xff\x9f\xe1\xe9\xd5\x8cf\x17\x02\x8b\xc3f\x80Q\xbc\
\xe7\x83\x9f\xe2\x8f\x7f\xbe\x82(n'M\x9c\x08%\xad\
Qd$\xd5u\xdcx\xed\xe5\xec\xb2\xe3\x0c\x8c\xde\x80\
P\x0a\xceO-\xd5IR\x8b2\x9a;\xef}\x947\
\xbd\xe5\x9dt\xf7\xa6D\x852Z\x8b\x079\xde\xf6\x17\
\xe8\xdd\xd0\x08[!\xef\xcdR\xf9]\x1bp.\xa32\
\xd0\xc3\xab\x8e:\x98\xdf\xfc\xfc\xfb\x14#9Knc\
|\xf4ra\x18J\xbcrPJB%~w\xd1\xdf\
\xb8\xf4\x8akh\xef\x18U\x8f\x99\xaa\xff\xbe\x09r2\
/\xb8\xc2ge48CG\xe7\x18.\xbe\xf8*>\
\xfd\x99/Q\xb5\xa9\x8f\xc8n-a\xe40\x1a\x94\xb3\
\xec\xb9\xfb\xf6\xfc\xefo\x7fF)r\xac\xef^\x8ds\
\x96,\x13\x07\xcbF\xc75\x06\xdcPp\xb9m\xda0\
\xab\x19\x13\x83?\x9e\xe8\xf9E\xcby\xeb\x7f\xbd\x8b\xd9\
\xb3\x9f%C\x02:7\x15\xa1\xfc\x0d1\x92s>\x81\
\x18~c\xc6e\xe0R\x0a\xc62fT\x89\xedfL\
\xe3\xe8#\x0f\xe2\xe3\x1fz'\xdf\xff\xce\x17y\xc7\x7f\
\xbd\x89,\xad\x80\xf7\x1bk\xd0_\xa1\x95\xa3\xbf{\x0d\
\xc6\xd5\x9a\x06{\xf8\x9b\xff\xdcZ'\xad\x1c\xd8\x1a\xd5\
\x81^\xa2\x9c\x1d#\xec\x0c\xcag\xcb\xc0@\xc5\x97\xb3\
)\xda\xcc\xd0h\xed\x9b\xa1\xea\xf5b\xe0\x9c$\xeb?\
`\xdf}\xc9R\xa9\xbf\xf1'\xd7\x82\xc6\xc4\x05\x06\x06\
j<\xf4\xe8cdC\xd4\xa3\x09\xb9\xfa\xe4\xe9\x17\x19\
\x85\xcb,\x87\x1c\xb0\x07_\xfe\xc2\xa7Hj\xebqY\
\xd2\xc4\x87asb8\x84>q>Z!\x8ad\x12\
1FN\xa3\xb9b\xd6\xb5\x5c\xf0\xa3\x9f\xa3#\x99\x02\
^\x0e\xda\x8c\x04/\xadW7\x01\x818\x99\x85\xa7\xe7\
,\xe2\xbb\xdf\xfd!\xa3\xbb&\x82\x8e\xe4\xf8\x19%\xff\
\x02c8\xd5\x1cu?\x1c\x9c\xcb\x9a\xecPFi\x09\
\xc6\xcc2\x92\xcc1\xbak\x22\xbf\xbb\xe8\x12\xbe\xf0\xa5\
\xefRI\x13\x92\xd4n\x9a`\xf2#6\xd4\xdf(\x8d\
\xb2\xb0\xd7\x1e\xdb\xf1?\xbf\xfd\x09]\x9dE\xb05\x0a\
\x85B]\xedo0\x82\xda\xe8\xe0\x09B8s)\xca\
@ZKp\x0e\xda;\xbaxa\xc9\x1a\xde\xf2\xf6\xf7\
2\xfb\x99Eu\xe6\x19\x1e\x83\xdf\xa3\x94\x8fe\xca\xff\
kA\x83\xd1\xc4X.>X\xa2\xb5*\xbfI`4\
\x12*\x9c\xc2v3\xb6&\xd2\x0a\xe3\xe3\x0d\xf3\xb6\x8a\
HA\xb5g\x15\xb6\xd2\x83\xf2\xd6\xc3P\xbe\x02\x18\xa2\
\x0d\xce9\x0c\x8eH[j\x95\x1e\x06\xd6w#i\xec\
\x84\x17\x1av\x11M\xb1T\xc6)C%\x91\xb8\xc8\x97\
\x0a\xa5\xc4\xc0+5\x92\xd8=\xe1\xa5\xa0u\x8e\x04\xf2\
\x5c\xee\x1b\xda\x80v\x8e}\xf6\xda\x8b\x8e\xb6\xb6\xba]\
P\x1bEFFj-\xd6D\xdcs\xff\x83\xe0\xb5\xab\
a\x91\xe3\xbf:-\xfdD\x10\x04\xd39g\x9d\xccG\
>\xf8^l6\x80Q`\x8c$\x01\xb4Y&\xb4m\
\xe2\xf7\x06\x9fHy~\xb3DY\x1c\x12N\x95e\xb2\
\xad\xdc\xde9\x8e\x1f\xfe\xf8\xe7\xdc\xff\xf0\x1c\x92p\x8e\
\xdc\xd0lT\xc7\xc6~\x1f\x09\x86\x1f-\xaf\x00\xac\x83\
\xfej\xca'?\xf7\x05V\xae\xed!.J`m\xab\
17\xdf\x01\xc3\xa1\x95\xb9\x03\xf2\xcfim@\xc7t\
t\x8e\xe1\x87\x17\xfe\x92\xaf~\xe3\x87\xa4.\x13\xc1\xb4\
\x89\xc8\x97\x1b4\xa6\x83\x0f\xd8\x83?\xfc\xee\x97\xb4\x97\
46\xa9\x88\x0f\x91\xcf\x8d$a\x03\x8dX\xb9\xa1\x10\
\x04R\xf8+\xfe?>z]iJ\xe5\x0e\x9e\x9c\xbd\
\x80\xb7\xbd\xed=<\xbbp\xe5\x88\xb4\xa5\xe1\xde\xf5b\
\x10\x98\xd69\xc9:`4\xec\xb4\xf3vl9m\x0b\
Y\x22\xf8\xf7\x85\x10\x09\xa3\x15\xb5\xbe5t/[H\
QY\xb4\xcf\xe7\xdd\xda\x9f\xe1s\xa8\xabV\x19\x05;\
\xc0\xda\xa5\xcf\xa1l\xe2mI\xcd\xb6\x0f\xa5\x14}\x03\
\x15\xbe\xfc\x95o0\xeb\xda\x9bH\xac\x1cD\xd08\xba\
\xa9\x19\x81\x9e\xff\x08h\x14Z+fL\xdf\x8a-\xb7\
\x9a&61/\xeaB]\x8b\xe5\x0e\xee\xbd\xff!\xfa\
\x07\xaa#\x1a\x86y\xfa\x85\xe6\x06\xc1\xa4q|\xecC\
\xef\xe2\xd4\x93^E\xef\xfa5\x18\xe5\xfcd=x\x12\
hE\xa3\xdc\x06\xad\x94\x92\xd8\xc9\xc8\x14\xe8\xee\xad\xf1\
\x99\xcf|\x89\xf5}\x15O\xeb\xc6\xfb_)\xbc\xa2.\
\x01\xce\xc9z\xd8\xe1\xd0J\x91X\xc7\xaf\xfe\xe7\xaf\xfc\
\xfcW\xffK\xb9\xdcI\x9a\xc9\xf9`\xaa\xbe\xbd\xdbH\
w$\x9b\xc9\x0d\x86\x94d\x5c\x0d\xed)\xdfI\xcdp\
^\xe3m0\xb56\x86R\xb1\xcc\xedw\xdcE\x1c\x17\
8`\xff=%\x8f\xcc0\x86\x9a\xd6A4\x14\x82\xab\
\xc1\x96\xd3&1s\xbb\xed\xb9\xfc\xb2+$\x06L+\
\xa8\x9fA/\x90\x1d\x0ei\x98\xaao\xc56\x06\x9cs\
\xfe\x94\x0c\xe5\x1bO\xd8\xc5q\xb4\xb7w\xb0x\xc9R\
\x1ey\xe4\x11\x8e<\xf2H:\xda\xdb@\xe7rm\xd7\
\xed.\xf2\xbd~=\xfc\x1c\x8al\x14=\x08\xd2^=\
\xcc\x0d2\x8b*%\x8e-\xc6\xc4\xcc\x9d\xff,\x0f>\
\xfc\x04&*\xfa|S\xc2\xfc^Od`\xa0\xca\x98\
I[BTB\xf9\x9cN\xf5\xd2rB\x18d\xd9\x16\
S\xc5\xf6\xbc\xc0\xd2g\x1e&v\x15\x0c\x16\xedO\xe3\
\x15mK\xd7\xb3\x0e,za\x19\x97]v\x15\x0f?\
2\x9b\xd1c\xc73m\xaa\xf8\xfa\x04r\x07\xba\x07\xbe\
\x11\xd7e\xcf8\xae~\x9cG\xbd\xa9J\x05N\x0b\xcf\
\x86~\x19\x9a7\x86B\x9e_\x5cx\x95\xb5D\x05\xc3\
\xfd\x0f<\xc6\x13O=M\x14\xc7\x12r\xae\x94\x94\xed\
\xa0{\xed*\xce<\xfd$&\x8c\xeb\xf2}?\x94}\
\xa1\xb9\x7f\xf1\xe3\xa0Q\x7f%y\xc7Q\x1c\xb0\xff\x01\
\xdct\xf3\xad\xac^\xbd\x1acb\xb41\x12\x02\xa4\xa5\
o\x85\xe4\xd6\xd3*\xf4w^\xc2\x88\xbf\x15\xca\xe7\xb8\
\xcaR\x0a\xc56\xe6\xcd\x9b\xcb\x98Q\x9d\x1c\xb8\xdf^\
8\xbftlE(E\x0d\xd1\x82M\xc5+*\x94\xea\
\x03\xd3)\xd2\x0c\xe6?\xbb\x84\xf7~\xe0\xa3\x10\xb7\xa1\
uL\x9af>\xa7\x8f_f\x90#v\x13\xa3x\xf2\
y!\x17\xb01\xe1\x11\x18SkY\x10\xc4q\xcc-\
\xb7\xdeF\xb9\xdc\xc1~\xfb\xee\x06Nf\xf7Vl\xa8\
\xcc<\x14\x12\xf5?s\xe6\x0cv\xd8ag.\xbf\xec\
R\xb2\x0c\xe2\x82\xb4\xcdy\x1f*\x11D\xda3D\xa3\
]\xad\xef\x09\xc2\xc1\xe5\x96-Jk\xda\xcae\xe6\xce\
\x9b\xc7#\x8f>\xcc\xab^u\x0c\xe5r\xc9\xdb>\xf3\
L\xd5R\xe7\x915\x01|]\x86\xa7\xa5\xf3\x0e~\x12\
\xd7\x96\xba\x8c\x95\xab\xd7s\xf557\x11\x17JM\xcf\
)\x05\x91VT\xaa\x09\x95Z\xc2\x84\x09\x13\xd0J\xc9\
\xc1\x8cX\xd91S\xb2\xb4\xd1d\x14tJ\x91*\xba\
\xb2\x8eEO\xdc\x07\xb5u\xc4N\xe2\xb9\xb4\x1f\xc0\x8d\
\xd5\xa1C\x9b\x88\xd8\x14\xd1Q\x81\xf9\x0b\x16p\xc9%\
\x97\xf1\xc8\xa3O0v\xec\x04&O\x9d\x88V\xb2\xab\
+\x822\xd0\x13?\xb5{!\x13\xda\xe8'\x87\x80|\
\x1b\xe4\xf3P\xb4\xd80\x9a\xe8\xe7\x1cZi\x96,[\
\xc3\xb5\xd7\xde\x80\x89\x0b(-Z\xb0\xf4\xad\xa3{\xed\
j\xf6\xdbw\x0fv\xdfm'\x94sB\xebA\xc2p\
\xd0\xc0\x18\x5c5\xbf\xfco\xefhc\xbf\xfd\xf7\xe7\xea\
\xab\xaf\xa6\xb7\xafB\xa1X&\xcb\x1a1\xa3\x81\x17\x05\
\xe1C(_\x04\x9f$\xc7\x93+\xc6D>C\x84\xe1\
\xa1\x07\x1f\xe4\xe8c\x8ea\xc2\xf8\xb1u\xa14\x14\xcf\
\xb4V\xed\xc5\xe0\x15\x15J\xf8J\xa6\x99\xa5\x9ae|\
\xe0\xc3\x9f\xe2\xd1\xc7\x9f\xa1T\xee$M3,\xce\x9f\
\xd4\x913V\x87\x7f\xb9\xc1\x0b\x0d\x0f\xe0\xa6\xb2\x87\x1c\
DRB~\xd0\xd7\xe3\xbb\x94\xa2X(q\xe3M7\
S(\x94\xd9o\xbf\xdd\xb1\x99\xc3\xe8f\x011\x14\xb1\
\x87\x83\xd1\x1ag\x1d\xdbm\xb75[m\xbd\x15\xb3f\
][\x9f\xa5\xa2H\xc2\x00@\xd5\xed^\x82\xa1\x973\
\xa1\xce\xf56;\xe7\x07\xb4\xa2Tlc\xde\xfc\xf9<\
9\xfbI\x0e?\xe20:\xcae\xef\x00\xd7\xa2\xe1\x04\
\x02z\x0c#\xb2\x06\xa1\xb5\xbd\x8d\xe7d\x86MRK\
5K\xb8\xe4\xf2\x1b\xf8\xda7\xbfG\xa5jQ:\xaa\
\xb7\xc5\x88\x15\x08\x94#2\x86J_7\xfd=\xab\xe9\
ho\xa7P\xf4\x87\x05(\x11\x18\x8a\x94\xc8\xd5(\xba\
>j\xab\x9eg\xe1\x13\xf7\xe2\xfaVS\xd0\xfe\xcc4\
\xe4\x80\x05\xa5\x14\xca\x9f8L\xe6\xc8\xd2\x8c\x0cI\x8d\
[\xf0\x83|\xee\xfcE\x5c|\xc9e<\xf4\xc8S\x8c\
\x197\x81iS'xf\x094\x96\xfa\x8b\x06+Z\
{\x9e\xbeb\x90\xcf\xa5\x08U\xfe\xfe\x11\xf6?\xb9~\
\x0b|#\x93\x85\x18\x87\xab\xb5\x8c\xbf\xfc\xed\x12LT\
B\xe9\x08\xa7\xa4.\xce:\xaa\x15\xc9np\xc2qG\
\x89\x10\xd3-\x9d'\xa5\x0fq\xad\x81\xf0\xce\xc0\x87\x93\
&\x8ee\xda\x96[q\xed57\x802(\xadI\xd2\
|\x8c\x5c^\x08\xe5\xb5\xa4\xfc;D8*\xa5pd\
hm\xe8\xed\xef\xe7\x85\xc5\x8b8\xed\xd4\x13\xc1I\xb6\
\xca<\x8d$Y\x8d\x08\xb6\x97\x8aWT(9\xaf\xa2\
;\xad\xf8\xc3\x9f\xaf\xe4{?\xfc\x19\x1d\x1d]^\xa5\
\xf4\x03\xd0wj\xbdC[4\x88`p\xddT\x04-\
%\x94\x1b\xbe[\x07\x91\x89\xb9\xf1\xe6\x1b\x89\xe3\x12\x07\
\x1e\xb0\xd7 \x8d)_\x9f\x91@)\xb0\xd6\xb1\xeb.\
\xdb3c\xfaLf\xcd\xba\x1a\x9bZ\xe2\xb8@j\xd3\
z`k~\xa6R\xb9\xdc@\xe1}\xcde\xe6\x04\xb5\
\x92%a\x5c,2g\xce\xd3<\xf1\xe4\x93\xa21\x95\
J\xa0\xf2K\xb9\xe1\xb1\xf1;\x86\x86\xb5\x12z\xb2\xae\
\xb7\xca\xc7?\xf5e\xbe\xfa\xad\xef\xd1\xdf\x9f\x12\x99\x22\
\xca\xf7\xa1sbh\xd0\xc6\xc8\x04\x83#R\x96\x81\xde\
nV\xaeXNm\xa0\x9f\xc8Y\x22j\xa8\xb4\x17W\
\xe9f`\xcdb\x96-x\x92\xd5\xcf>\x85\xa9\xf5R\
\xd0\xa9x\x96\xfb\x9d7\xed\xdb\x1f\xc2T\x8c\x96]!\
\x1b\x96\xbd\xda\xe0\xd0\x14\xe2\x12&.2\xe7\x99g\xf8\
\xdb\xdf.\xe5\x89'\x9ef\xca\xb4)L\x9c8^\xcc\
\x02*\xaf\x1d\x0c\x166\x8d\xaf\xa1c\x06\xdf3R\xe4\
\x9f\xf3$\xa1\xad\xbd\x93\x8b\xfe\xf8Gz\xfb\xabDq\
\x11\xe7\xf9\xc0YG\x96\xd6 \xadq\xde\xeb_Kd\
\xc4[\x7fc=\xd5:\xc9\x04>Q\xaa\xa1\xe5\xec\xb4\
\xe36\xf4\xf6%\xdcq\xe7\x9dh#iN\x1a\xfc\xd4\
\xccg\x01\xa1\xeea\xd9\x8c\x0f-\xb2.\xc3D\x11\x91\
\x89y\xf2\xc9'\x992e2{\xef\xb5\x8b\x08\xa5\xa6\
\x12Zk\xf6\xe2\xf1\x8a\x0a%a*\xc5\xb2\x95\xdd\xbc\
\xeb\xbd\x1f\xa3Rs8\x15\x89_\x8f\x8f\xa9\xca\xdf\x9b\
\xffK\x8b`\x093_\xfe\xbe\x0d\x09\x8e\xd6\xeb\xae\x9e\
\x93GRl\x94K\xed\xdct\xd3\xcd\x14Km\xec\xb7\
\xdf\x1eu\xe9?\xdc\xf3\x83\xd6\xf6\xb9\xebJy\x8d\xc9\
\xc1\xae;o\xcb\x16\x93&q\xcd5\xd7a\xa2\x18c\
4J\x9b&\x1b\x09y\xcdp\x88v7]7\x9a\xcc\
Z2+a-\xe5\xb6\x0e\x9ey\xe6\x19\xe6\xcd\x9f\xc7\
\xe1G\x1eI\xb1\x10c\x9alLCc\xc3\xbf\x0e\x86\
\xf2\x0eu\x89My\xf0\xa19\xbc\xe9-\xef\xe1\xc6\xdb\
\xee\xa6\xd4\xd6\x89\x89J8+\xa9\x803'\xc1\xb9\xf8\
~\x12\x01%\xc26\xd2\x0acS\xaa\xebV\xd1\xbb\xfc\
9z\x96-`\xdd\x92\xb9\xf4\xbc0\x97\xfe\x15\x0bq\
\x03k()\xc93\xa4\xb0h'~fZ\xcb\x91T\
\xa9M\xc9\x92*8KR\xad\x22\x967\xe9\xcb,\xb3\
\xb84\xa3\x96%X\xe7d\xf7\xd3D<=w>\x7f\
\xfe\xdb\xe5\xccyf\x01\x13&m\xc1\xc4\x09c%%\
\x82\x0ff\x0e\xb2?\xf0\x92hE\x12\xca\x93\xd7\xa2^\
:\x84WJ\xe5\x98\xeb\xae\xbb\x99E\x8b\x97\x11\xc5%\
\x9c\xb5\x18m\xc4h\x9c\xa5T\xfaz8\xe7\xec3\x18\
=\xaa\xc3/u7\x5c\x07\xd5\xda\x979Y \xcf\xc9\
\xb1\xe5\xfb\xee\xbb\x0f\xf7\xde{\x1f\x8b\x16\xbd@\xa9\xd8\
F!\x8epV\xd2)\xe3\x85\x8f\xa2\xa1 \x06[n\
\xfd\xb3\xb7\xcd*\xc4\xfe\x15\xf2\x84?3\xe7iN|\
\xf5I\xb4\x15[\xfd\xfe\x06\xd5\xecE\xe3e\x15Jy\
\xad\xc4\xf9\xd4\x9e\x99\xb3|\xf5\xeb\xdf\xe7\xc6[\xef\xa2\
\xdc>\xba\xce\x14A\x9d\xdcP'\xe4\xaf\x07M\x22\xfc\
\xcd\xff>\x922B\x9d\x9c\xb7\xd7h\x13Q,\x96\xb8\
\xf1\xa6\x9b\x18\xd5\xd9\xc5>{\xef\x0a~\xd7dh\x0c\
7\x134\xae+$>i\xf7\xddvb\xd2\xe4)\x5c\
y\xd5\x15\xd8\xccQ(\xc4\xa4\x89?Y\xb6E\xed\xa5\
\xa5\x9dy(\xe5\x15\xe2\xa6\xa4g\x9ar[\x07O<\
\xf9$\xf3\xe7\xcf\xe5\x98c\x8f&\x8e\x0b\x18\xafu\x0e\
\x87\x0d\xfd\xd6\x0a\x07\xa4)T\x93\x1a?\xbc\xf0\xb7|\
\xe0\xc3\x9fd\xd9\xcau\x94\xdaF{\x97\x01\xef\xbah\
]=\xfd\xae\xc4\x01\xca[\xc2\xe0P\xca\x11a)\x18\
\xd1\x92\x22W%\xb2U\x22*\x14uF\xac2\xb4\x92\
3e\x8c\x7f.\x08\xa5$\xa9a\x94e\xeb\xad&\x91\
T\xfa\xe8\xeb\xed\xc1D\x92>\x05%\xe9z]=B\
^\x89\xbdFGDq\x89\xc8\xc4<\xfe\xc4S\xfc\xf5\
\xaf\x7f\xe3\xe99s\x992e\x1a\x13'\x8d\xf7\xbb\xa1\
\xd2\xc7\x81g\x02\xbf\x86\xcf/\x06\xc3\xf1\x9f\xb5\x19\x91\
\xd1<=\xef9\xee\xb8\xeb~\x8a%9\xd9D)\xd1\
\xd8\xb5\x82\xde\x9e\xb5\x1cs\xcc\x91l;c\xcbz<\
\xda&A\xa4jS\x07[\xeb\x88\x0a\x86\xfd\xf6\xd9\x87\
\xbf]r\x05I\x9a\xa2\xa3\xa8n2Q9^\xa9\xdb\
\xec\xfc\xdf\xd6\xb7\x87~\xd5\xda\x10G\x86\xe5\xcb\x97\xa1\
\xb0\x1cu\xc4\xa12\x89\xbf\x02)N^V\xa1\x94g\
J\xa5\x14Y\x06\x8f>5\x9fO\x7f\xee\xcb8U@\
\xe9\x88,\xcb\xbc\xa1Ol!\xf9\xf6\xb4v\xaes\x0e\
\x1d\x19\x99\xc1Pu#\xb0\xac\x8d\x1b\xf7\x0fE\x94F\
\xb4\xb4\xfc\x16\x9e\x09\x8ci\xfd\xe9\x1eqT\xe0\x96\x9b\
na\xec\xb8\xf1\xec\xb1\xc7\x8ebc\x1abW.\xb8\
\x18\x0e~\x93\x5c\xc7\xb7[kq\xf2\xdbm\xb7\x9d\x18\
?v<7\xdcx\x13\xc5R\x19\xa5\x0d\xb4\x84e4\
\xa3A\x8f\xa6\xc1\x82\x91\x99J\xc9\xee\x91$\xd77\x94\
J\x9d<\xf6\xf8\x13,^\xb2\x98\xc3\x0e=\x94B!\
\x1aB\xa5\xce\xd7n8M/\xff\x9b\xe4o\xae\xa6\x96\
\xa5\xab\xbay\xef\x07>\xc1\xcf~\xf5\x07\xe2b\x07\xc6\
\x1b\xb5\xf1Gd\xa7iJ\x14\xc7\x80\xa4`\xd1\x0e\x5c\
\x93P\x92DsA\x93\x94\x9f\xc2\xec\xdb\xb8'd\x03\
\xc8|>\xef@\xfbX\x83V)\xff\xfb\xab\x9f\xf0\xb6\
\xb7\xbd\x99\x95\xcb\x96\xf0\xfcs\xcf\x92d\x19\x85X\x82\
\x98\x83\xc0\xd6\xfe`\x09\x9b\xa48/\xc8\x0b\x85\x22\xda\
\xc4\xcc~\xe6Y.\xbe\xf4JV\xaeZ\xcd\x8cm\xb7\
\xa5\xb3\xa3,\xcb\x99!\xecz\xc1 <\x14?\x0d\x8f\
\xb0\x9b\xd5\xfa\x8c\xf5K8E__\x85K.\xbd\x92\
B\xb1\x1d\xfc\x00w\xd6\xe1lF\xa5:\xc0\xcc\x99\xdb\
p\xf8!\xfb\xa1\x94<\xb3I\xef\x0f\x04\xad\x7fU\x92\
\xe5\xc0:\xc6\x8d\xebb\xec\xd8q\x5c\x7f\xfd\x0d\xe8\xa8\
\xe0\x0fn\xf0\xe3H5\x8ee\xa2\x89OZ\xe0M\x96\
N\xb6A1\xc6\xf0\xf8c\x8fr\xccQG1i\xe2\
x\x94\x96\xc9\xa7>\x06Z\x9f\x7f\x11x\xc9B)/\
H\xc2\x80sN\xc4HjS\xde\xff\xa1\xcf0\xff\xd9\
%\xc4q\x09\xeb$\xed\x88\x0c\xba`+j\x0c\xd2\xd6\
\xcePJa\x83\xe0\xc9]\xd3\xb9\x9c?\xe1\xdf \xf8\
K\xe1\xc9\xc6\xbd\xf9%\xa3l\x7f*\xad\xb9\xee\xfa\xeb\
\x98\xbc\xc5Tv\xdf}\x07\x89\xc8\x1f\xa2HFHt\
\xbfK\xce\xde{\xefFG\xc7h\xae\xbb\xfez\x09l\
U\xba)\xe5G\xfeo\x83\x19\x85\x1e\x8d6I\xbd\xeb\
\x1a\x9c\xcfJ\x80\xd3DQ\x81\xc7\x1f\x7f\x8c\x85\x0b\x9f\
\xe3\xa8#\x8e$\x8a%\xb5\xcb\xd0u\x0ctn\xfd5\
\xf8\xa7\xc8\xc0\xaeZ\xc7\xfd\x0f<\xc6\xf9\xff\xf1\x0e\xee\
\xbe\xefaF\x8d\x9e\x00ugJ\x999\xe5T\x0c\x0d\
6\xc3f54\x19Q$)j\x95\x93\x12\xad\x0f\xd8\
\x15\xa1\xd5\x1cd\xed\xeaG.5\xdb{D\xb8X\x5c\
V\xc5\x90\xf2\xf9\xcf~\x8cSN<\x82Q\x9d\xed\x9c\
u\xc6\xab9\xeeU'\xb2l\xd9b\xe6\xcd}\x86Z\
R\x95C\x16\x83\x8f\x14\x1a\x15\x89\x90\xb4Vv\xeaP\
\x86b\xa9\x8db\xb9\x8d\xbb\xef\xba\x87?\xff\xf5/\xd4\
j\x19;\xee\xb8\x13\xc5b\x04\xce\xbbp\xe4x8\xcf\
K\xad\x93\xe4\xd0\x18\x9a\xae\x81\xbf\xb5\x82b\xa9\x9d\xdf\
\xff\xf1/$\xa9\x93\xc9\x09\xf1\xa1K}\x16\xcdr\xa9\
\xc0k\xce:Y6}6\xfa\xbe\x8d#\xbc\xd79\xd8\
}\xf7\x1dy\xfc\xc9\xa7y\xfc\x89\xa7\x89\x0b\xe5\xfa\xc4\
\x10\xc6\xea\xc6\xde\xe7\x02\x1dPD\x91\xc1\xa1X\xdf\xdb\
\xc3\x9aU\x12\xf4\x1e\xb2W\xc8\xbd\x1b7#\x8c\x04/\
Y(\x0dj\x94R\x80d\x92\xfc\xc5o\xfe\xc8\xcf\x7f\
}\x11\xe5\xb6QT\x93\x14pD\x91$\xc0\x0f3s\
\x9dQ\xe511:\x1b\xd9\xd5\x01\xc09\xe2(BY\
G\x9a$di\x82u\x96(\x8a\xd1\x91A\xf8\xdd\xdb\
\x0a\x94\xf6V\x07\x11Fy\x81\x04\xb2\xf4A;\x94V\
\x18\x7f4\xb2\xb5\x19\x85b\x91(*2\xeb\xdak\xd9\
r\xcb\xad\xd8y\xa7\x99\xe0\x9a\x97r\xa1z\xc3\x22\xc7\
\x9bA\x88(\x05{\xef\xbd;\xd5Z\x8d[n\xbe\x8d\
(.\x8a}I\x1b\x09\xf0EIn\xed\xfaD\xd3\x10\
\xd0\xd4\xeb-\xbb2a\x80h%\x87TZo\x13(\
\x97;y\xec\xd1\xc7Y\xb2d1G\x1c~\x04(I\
A\xd2ZW\xbf)\xdct=\xec\x08:'\xa7\xcaV\
\xd3\x94\xdf_t\x05\xefy\xff\xc7X\xb5\xa6\x97\x8e\xce\
\xb1\x92\xee\xd63\xa6L\x04\x22<\x8c\x82,\xadP\xd0\
)\x1f\xfd\xc8{\xf9\xaf\xb7\xbe\x81\x87\x1e\xbc\x8f5\xab\
\xd7R(\x16QZ\xfb\xf4\xc1\xc6\x1b\xa5\x15\xe8p\xe6\
\x9b\xec\x16\xb5\xb6\x17$\x1b\xc0\xe8Qe\xfe\xdf\x97?\
\xc9\x9b\xce?\x13\x0d\x18\x03X\xc5\x84\xf1]\x9cq\xfa\
\xab9\xe8\x80\x03X\xbc\xf8\x05\x16/Z\x88B\xe8\xa9\
\x94\xaa\xbb\x97\x04\xa1GfI\xb2\x944\xcd0qD\
\xad\x96q\xdb\xedwq\xe9eWS\xabeL\x9f\xb1\
\x0d\x85\xa2\x9c=\xa7|\xbe\xa1\xd0\xd6:_\x07a\x95\
\xaff\x13\x86\xe7\x0c\xa9KF{[\x07\x97_y\x1d\
K\x96\xaf\x147\x0a%\xf9\x91\x9c\xb3(\xa3\xe8\xed\xed\
\xe6\xbc\xd7\x9eC{\xb90\xa8\xa4\xa1E\xde\x06\x90#\
\xa9\xf2\xf9\xa2\xf6\xd9g_.\xbd\xec\x0a\x06*\x15L\
\x14\xfb\xf7\x8b\xf7~c\xf86\xbf)oc\x92IP\
~K2\x09X~~\xe1s\xec\xb6\xeb\x1eL\xdfz\
K\x22\x1f\x8c\xfer\x08$^\x0e\xa1\xd4\x0a\xa7 C\
\xb1`\xe12\xde\xf5\xee\x0f\xe2T\x11\x13\x17\x9b\x96]\
\xd4\x07\x9c\x7f\xc6\xf9\xa5\x96\x12\xe6\x08\x04\x92\xc1\x1d\xd2\
\xb0\xd6h+\xc6L\x9c8\x8e\xf5=\xeb\xc4\xbbYi\
l\xd68jH\xa9\xa0g\x0e~G\x9d\xc2!0\xd1\
\xcf\xb0N\xc9\xaeQH\xdav\xc3\xf57\xb0\xf5\x8c\x19\
\xec\xb8\xc36\x83\x04\xd3\x061\x04o*D\x8d>\xf4\
\xb0\x83\xc0)\xee\xbc\xe3\x0e\xd9\x16\xf6ZIh\xb7f\
\xe8\x5c\xae\xf56\x0dq]\xf2\xe4\xc8tX.\x95y\
\xe8\xe1\x87Y\xbbv\x1d\xc7\x1c{\x18\xca{W7?\
)\xdf\x1a\xd7DcsN\x9c\x1b\xd7\xf6T\xf8\xf4g\
\xff\x1f\xdf\xfa\xce\x0fq\xaaD\x5c,\xfb\x98Dy\x8f\
s\x96BA\x8e\xa2vYB_\xef\x1a\xb6\x9b\xb15\
\xbf\xf8\xe9\x0f8\xeb\xf4\x13\x99>}K\xce>\xf3\x0c\
\xb2\xac\xc6\xe3\x8f=F_\xdfz\x8aq$K;\x0d\
X[?01\x88#\xd5r@\x80\xf5y\xc1g\xcc\
\xd8\x92o~\xf5\x93\xd8$\xf3\x02V\x16\xcf\xb2\x0d\xed\
\xd8j\xdaT^{\xce\xe9\xec\xb9\xc7\xde,\x98?\x8f\
E\x0b\x9f#\xb3)\x91\xdf\x9d3F4;9sO\
\xf8\xce\x98\x18\xa5\x22\x0a\xe56z{\xfb\xb9\xf6\xfa\x1b\
\xb8\xe6\xda\xeb@\x19fn\xbf=Q,\xcb\xcd<\xcd\
\xf3\xb4\xcf\xd3rd\x1a\x94\x87\xb3\x98\xc8\xf0\xd8Ss\
\xb9\xef\xfe\x87(\x94\xdaq\xc8&\x8f\xd0\xc6\xd0\xb3n\
5'\x1d\x7f,[N\x1b\x9c\x92%`\xb8\xeb\x1b\x82\
R\x0a\xeb2:;;\x982m+\xae\xbcj\x96\xa4\
\xb3\xa9\x1f\xb7\xd4\xac\xa9\xfa\xa7\x9a\xff\xf8\x1b\x8c\x96\xa4\
\x83\xb5Z\x95B\xa1H\xb9\xd8\xc6\xdc\xb9s8\xfb\x8c\
S(\xf8\x84{/\x17^\x16\xa1\x14\xd4;i\x80\x22\
u\x96/\x7f\xed{\xdcu\xdf#\x14\xcb\x9d(%\x07\
-\x1a\xbf\x5cjyZ\x18G\xc9,\x1e\x88 \x1d/\
\x92<\xd2\xd0\xdb\xb3\x86\xff|\xf3\xf9|\xeb\x9b_\xe6\
\x91\x07\xefg\xd1\x0b\x8b\x89\x0b%\x14\x10\x99\x08\xea\xdb\
\xc8\xbeT\xbfvn\x9d\x01\x02\x83\x837\x92\xa2H\x13\
9\x14\xc09P\xa6\xc8\xf57\xdc\xc0\x8c\xe93\xd8q\
\x87\x19\xd8\x97x\x82\xa8RR\x85C\x0e9\x80,s\
\xdcz\xcbm\x14\x8aeT\xa4\xd1Zfi\x11\xa3R\
\xcf<\xc3+\xd5\xf0d\xcf\xc7G)\xd5h\x85u\xe2\
G\xd2\xd9\xd1\xc5\xfd\x0f<Lo_?\x07\x1d\xb4?\
&g\x9f\xc1\xb7^\x91'\x87dCL3X\xb0h\
)o{\xfb\x07\xb8\xf2\xea\x1b)\xb5\x8d\xc6\xc4\x05\x91\
\xed\xce\x91\xa4\x92\x05R\x05\x81oS\xaa\x95\x1e\x8e9\
|\x7f~\xfb\xeb\x0b\xd9m\xe7\x19\x220pt\xb4\x17\
8\xea\xa8\x839\xf6\x98#\xe8\xeb\xedf\xf5\xaa\xa5T\
\xfa\xd6\x93&5\x5c\xe6pV\x96+Y\x9aH\x5c\x96\
\x96\x0c\xa2\x12\x9a#\xb4\x8a\xe2\x88\xa5/,b\xff\xbd\
\xf7f\xbb\x99\xd3\xfdl\xdf\xb0K\x09\x8f\x08\x0d\xb6\x9d\
1\x8ds^s&\xdb\xcf\x9c\xc1\xc2\x85\xcf\xb3|\xc9\
\x12\x94\x12M[i\x85\x89\x0d\xda\x18\x7f\x02\xb1\xa2V\
K<\x07h\xca\xed\x1d\xac_?\xc0u7\xdd\xc25\
\xd7\xdcH\x14\x97\xd8v\xdb\x19\x18\x9f:8otn\
]\x96\x8cX \x09\x09\x01E__\x8d\xcb/\xbfR\
\xfa\xde\x0b\xfa,\xb3\xa0\xa12\xd0\xcb\x9e\xbb\xee\xc4~\
\xfb\xfa\x93ss\xf6\xae\xd0o\xcd\x5c\xbc\x01\xe4v\x11\
\x95\x12?/\x0b\xec\xb0\xfd6<\xbb\xe09\x1e{|\
6Q\xa1\xe4\xd3\xceX\xaf\x11\xc9d\xa1r+\x16o\
\x92m\xbc_9\xf0\x07:\xc4&\xa6P,1w\xfe\
<\xb6\x988\x91\xddw\xdb\x05\xed\x97\x8c#\xaf\xe8\xf0\
xY\x84\x920\xact\x9dup\xff\xc3O\xf1\xe9\xcf\
\x7f\x0d\x1d\x95\x88\x22\x7f\xd0\xa2\xbf\xb7\x9e\xb8>\xd7\xb1\
\xf29|wM\x9f\xb3,\xa3V\xede\xeb\xa9\x93\xf8\
\xe67\xbe\xc4\xb4)c8\xf1\x84\xe3\xb9\xef\xde\x07\x98\
;o\x9e$\xce\xf2iA\xb3,\xab3w\xb0\x1d5\
^\x93/?0K\x8b\x10\xd0\x868.2PI\xb8\
\xf5\x96\x9b\xd8q\xa7]\xd8f\x9bi8g\xfdrc\
x\x0c\xd7\x17\xc2\x1c\xa0P\x1cr\xf0\xfed\x16n\xbf\
\xe3\x0e\xa2\xb8\x841q=.\xaa>\xf0[h\xa3\x91\
\xe5H~\xd7\xaeN/%Z\x86\x89\x22\xacUD:\
\xe2\x96[o\xa1\xbf\xaf\x9f\xa3\x8f:\xc8\xaf\xf7\xe5\x19\
\x17l\x08\xc8\xc8NSK\xea\xe0\xb6;\xef\xe7\x8do\
z;O\xcd}\x8e\xf6\xce\xb1\xf5t\xa9\xe1\x19e4\
Q\x14\x91e\x09I\xad\x0f[\x1b\xe0\x1do\x7f#?\
\xf8\xefo2ftYN\x1eQ2\xa9\xe03XN\
\x980\x96\x93^}\x02g\x9dy\x06\x87\x1fr0{\
\xec\xb6+\x93&\x8egtg\x99\x89\xe3\xc7\xb0\xf7^\
\xbbb\xb3\x8cUkVc\xb4\xe4vj@Q\xab\xf5\
\x81K9\xe5\xe4\xe3\xea\xcc\xde\xcc/\x8d\xbfq\xac\xd8\
i\xc7\xedx\xdd\xb9\xe72c\x9b\xad\x99?w\x1e\xcb\
\x96,\x06\x85hG\xbe\xaf\xad\xb5\xc4\xb1da\xb0\xce\
\x12\xc5\xa2\xc1\xc7q\x99\x15k\xd6p\xf5\xd5Ws\xfb\
\x1dw2f\xec\x04\xa6O\x9f*KN?P\x85\xbf\
\x9b\xdf=R(%c\xa2Tn\xe7\x0f\x17\xfd\x89$\
S(\x1d\xd5\xf9U+EZ\xab2nL'\xa7\x9d\
r|]\xe0\x0e\x87\xe1\x7fiF\xa3\x0c\x05V\xf8h\
\xef\xbd\xf7\xe1\xf2+\xae\xa6\xb7\xaf\x0f\x97\x81\x89\x22d\
\xbbG6RDsono\x1d\xbe8\xe3\xc7U\xea\
s\xa7?\xf5\xd4\xe3\x9c}\xc6\x19t\xb6\x17\x9b\xb5\xa5\
\x91Vt\x08\xbcx\xa1\xe4\x1a\x129l3: \xc9\
2>\xf6\xc9/\xf1\xd8\xecy\x94\xca\x1dh\xa5\xeby\
\x98Az\xb5\x99\xe8~\x80\xe5\xbe;\xbfu\x1fE\x06\
\xa3,\xb5j/_\xfd\xca\xa79\xfc\x90\xbd\xb0I\xc6\
\xe8\xce\x22G\x1c~8\x0f<x/K\x96,\xc5\x98\
\x18\xeb\xc4~a\x9d\xf3\xb6%\x99]%\x22+?\xcf\
\x05\xa1\x18\x8cs\x12\xca\x11\x84N\x96e\x14\x8b\x05\x92\
\xc4r\xdd\x0d7\xb2\xc3\xf6;0s\x9b\xade\xf6\xdc\
\x80\xc6\xd4\xda\x8a<\x94_\x96\x06\xc1T\xab\x0dp\xe7\
\x9d\xf7R*\x96\xea>!:\xf8ci\x11\x1a!w\
\xb3\xc3_\xcb\x97\xa5\x94<\xa3d\xado3\xb1\xa1$\
YF[[;\xf7\xdd\xff\x00\xfd}5\x0e=t_\
_o\xd1\x02\xb5\xd6d6!\xcb\xa0\x96\xa5\xfc\xea\xb7\
\x7f\xe5C\x1f\xf9,=\xfd\x19\xc5b;Ni2\xef\
+\x94\xb9\x0c\xedS\xe0*g\xc9\x92>\xa6L\x18\xc3\
\xf7\xbe\xfdU\xde\xf5\xf67R\x88\x14F\xc9\xb2N\xea\
\x1560<-\x14t\xb6\xb5\xb1\xed\x8ci\xec\xbf\xef\
n\x9cx\xc2\x91\xbc\xee\xdcS9\xe7\xccS9\xf3\x8c\
\xe3\x19?n\x22\x97^r\xa9,\xed\xd1\xc4FSK\
\x12\x9cs\x14b\xc3\x92%/p\xd6\x99g\xd2^.\
\xd5\x03t\x05\xbe?\x83&\x00\xe2z\x10)v\xdbe\
{\xce=\xe7,&O\x9a\xc0\xbc\xb9sX\xb9j\x85\
h\x04\xfe\xfe\xd4\x8a[F\x14E`\x156\xcb\xbc\xb0\
\xd7\x14Km,^\xb2\x82K/\xbf\x9a\xfb\x1fx\x94\
q\x13\xb7`\xda\xd4\x898\xa5\xe5\xe0\xcf!\x84Ep\
~\x1d\x09\xda;:\xb8\xf2\xaakX\xb6|-&.\
a\x10\xbb\x8eC4HE\xc6\xf9\xe7\xbdNN{n\
}x#\xfc\x95\x87C\x88\x1f\xee\x95\xbf2\x9e::\
\xdb\x183f\x02\xd7\xcc\x9a\x85)\x14\xd1&\xaao$\
\x85\xbc\xec\xca\xf3Z\xb0\xcd\x86\xf1\x18,F\xc1#=\
M,\x911\xacZ\xb3\x9a\x8e\xf66\x0e>p\x1f\xef\
\x220\xc2\x8an\x00/^(\x05\xf8NQ(2\xe0\
\x86[\xee\xe7\xeb\xdf\xfa\x1e\x85R;&*\xd4\xb7\xb2\
C\xe7\x05\x016\x1c\x82\xe6\xa2\x94\x22\xb3\x09\x03}\xeb\
8\xf9\x84c\xf8\xec'?\x80\xb3)\x85(\x22\xcb,\
]\xa3\xdby\xd5\xab^\xc5M7\xdc\xcc\xe2\xa5\x8b\xd1\
:\x06\xbf\xac\x11;Ec9\x99\xd7\x86\x1a\x9a\x92\xad\
S\xaf\xc1\xdc\xd2\x15\xda\xc8\x96s\x7f_\x1f\xd7\x5cs\
\x0d{\xec\xb1\x17\xd3\xb7\x9e\x22\xea\xeb\x06\xea\xbe!\xc8\
;\x1cJ;\x0e=\xec\x10j\x03\x097\xdex\xb3\x18\
g\xfd\xac\xec\x5c8;\xcd\xd6\x1dK\x87{]\xd0|\
\xc4\x80\x9f3\x84\x9b\x98R\xa9\xccm\xb7\xdeFo_\
\x85\xc3\x0f?\x00g\x15\x91\x91\xf8\xbf$u\xac\xeb\xe9\
\xe7\xa3\x1f\xff\x02?\xf8\xd1/0\xc5\x0e\xa2B\x19\x97\
\x9b\x0c\x8c\x09'\x908\x94K\xa9U\xfb8\xe6\x88\x83\
\xf9\xe5\xcf.\xe0\xd0\x83\xf6D)\xd1|\xa5\x9f\xc2`\
m\xd07\xb45\x1f\xeb\xa7\x95\x1c~\x18\xc7\x90\xa5\x96\
\xa9S\xa7r\xf5\xackY\xbb\xaeG\xd2\xd7X9\x09\
\xd8Z\xb1\xc1\xac[\xbb\x96\xa9S&\xb3\xdf~{\x12\
y%U\xda\xd8\xaa\xb1\xfa\xc9\xc79\x94\x82b\xc1\xb0\
\xc7^\xbbr\xee9\xe70q\xc2\x04\xe6>\xf3\x0c\xab\
W\xaf\x14m\xce\x18\xb1\xf8+%\x9aA.\x90W\xeb\
\x08\x13\x171\xa6\xc0\xdc\x05\xcfq\xc9%\x97\xf2\xe4\x93\
\xcf0y\xca\x14&M\x1a\x8bVF|\x8bZ&\x88\
\x91@)1\xd6?9{\x1e\xf7\xdc\xff\x10\xed\xe5Q\
u\x81\xe6\x94\x849\xf5\xf5\xac\xe5\xec\xb3\xcedlW\
GC\x8d\xdf\x84w\x04\xe4{\xa2\x1921m\xbf\xc3\
\xf6<\xf0\xd0C\xcc\x9b\xff\x1c:\x12\xb7\x8a,,\xa5\
\xb5\xaekN\x8d1\xdb\xa2D\xf8\x8f\xb2C\xad0Q\
\xc4\x93O=\xc1)'\x9e\xc8\xd81\x9d\xc3\xbc{\xd3\
\xf0\xe2\x85Rx\xbb\x12\x19\xea\x1cT\xd3\x8c\x8f}\xf2\
\xcb,|a9Z\xc7(o\xb7\xc1\xafU\x9dg\xe0\
f!!\xc8_3F\xc2P\x9cM\x19\xdd\x1e\xf3\x8b\
\x9f\x5c\xc0\xd8\xaeN\x8c\x9f1\xb5\x16\xc9>\xba\xb3\x8d\
\xc3\x0f?\x9c\xdbn\xbf\x955k{\x88\xe2\x02N!\
[\x97\xce;\xd4\x0d\xf2#Q\x8d\x81\xa3\xf0\x9f\xe5/\
\x08\xb3\xda,#\xcd2\xf0G\xe3\xdcr\xf3\xcd\xec\xb5\
\xc7\x1eL\x9b6\xd9\x0b&\xb9w(4\xe6\x97\xc1\x90\
\xc1*\x02\xfc\xe0\x83\x0f\xa0\x7f`=\xf7\xdes\x1f\xe5\
\xb6v\xa2\xb8 \xe17V\xa6\xa3\x10\x935\x1c\xbd\xc2\
\xf7P\xf7\xc0\xc7:\x12[E\xa9\xdc\xce\xddw\xdfC\
oo?\x87\x1dv \x95\x81\x1aN+\x9e\x99\xbb\x90\
\xffz\xd7\x07\xb8\xe1\xa6\xbbh\x1f5\xc1[\x83@Y\
\x89\xc7\x12_#\xf1\xa1I\x93\x01J\xb1\xe5c\x1f~\
7\xdf\xfa\xda\x17\x980\xae\xd3+ryF\x95\x165\
\xe0[\xa8d\xb7S\xe8\x1c\xea*\xbfi\xad(\x97\x22\
\xba\xbb{\xb9\xe9\xe6\xdb)\x95\xdbI\xfcysa9\
[\x88b\x96/]\xca\xeb\xce=\x8b(\xd2\xfe,\xb2\
V\x81D\xee}9\xcd\x09h+E\xec\xbd\xd7\xae\x9c\
{\xf6\x99\x8c\x1d\xdb\xc9\x82\xb9sY\xbbv5\x85B\
A\xceR\xf3qx\xf8\xe5\xaa\xcb| \xaaV\x98(\
&\x8a\xca\xcc\x9e3\x97\xbf\xfc\xf5R\x9e{~13\
\xb6\xdd\x961]\x1d8\x1b\xfa\xa6\x85\xaf6\xd0\xf1\xce\
\x9b6z\xd6\xf7q\xd9\xe5\xb3(\xb7u\xfaI\xd1\x91\
\xda\x0c\x1d)\xfa\xd7\xf7p\xc8!\x07\xb1\xc3\xcc\xe9u\
\xc1\xd7\xd4\xe7\x1b(\x7fc\x901\xa3A\x89\xc8\xd9q\
\xc7\x1d\xf9\xdb\xc5\x97Id\x85\xcf\x9f\xa5\x82\xb2\xe0m\
I\x81\xa6\xf92\xfce)\xcbkV\xc6D\xac^\xb3\
\x8ar\xa9\xc0\xe1\x87\x1d\x88\xb2~\x5c\xbd\x88z\x06\xbc\
x\xa1\x14\xe0+[K\xe1\x86\x9b\xef\xe2\xbf/\xf8\x09\
\xc5\xb6Qd\x99\xb7w\xe4\x92\x977\x1ei\xae\xb1\xcb\
\x85\x93\xd45\x00\x05i\xad\x8f\x0f\xbe\xf7m\x9ct\xe2\
\x91\x92\x03\x9b`{\xa1\xbe&\x1f;\xbe\x8b\xa3\x8f<\
\x9a\x9bn\xb9\x8d\x15+V\x8a\x1dA\x8b?\x90hL\
f\x08f\x0e=\xdc<\xe8\x03\x93\x85ka;\xbb\xb7\
\xaf\x8f\x9bo\xba\x99\xbd\xf7\xda\x9b\xa9\xd3\xb6\x00?\xf3\
o\x08\xc3\xfd*\x03G\xb6\xf9\x8f:\xf20j\xb5\x94\
\xbb\xee\xbd\x97\xc8\xc8\xceV\xde\xbf\xa7\xbe\xa4\x1b\x82f\
\x01\xe1\xf7\xb0-\x8er\x12\xf2\x82\x22\x8ac\xee\xb8\xe3\
6\xaa\xd5\x94#\x8e<\x88\xdf\xff\xfe\x12\xde\xf7\xc1O\
\xb0`\xe1Ro?28\xed\x03\x96\xad$\x07\xcb\x92\
\x04\xa5\x1cI\xb5\x97\xe9[N\xe2\xc7?\xf86ox\
\xdd\x19D\xa6nZo\x11\xf2\x8d:\x0cW\xc7\xa1\xa1\
\x98:m\x1a\xff\xf3\xbb?\x93\xb9\xc6b\xc19\x87v\
\x8ab\xb1\xc4\xe2E\x0b9\xe8\x80}\xd9f\xfaV\x1b\
\xdc\xddi\x15\xda*\xac\x22\x9c\xa5\xbd\xad\xc0\xbe\xfb\xec\
\xc5Yg\x9eE{\xb9\xc4SO=\xc9\xfa\x9eu\x98\
HN\xc0\xc9\xb2\x94\xc8\xc42\x19y~\xd1Z\xa1u\
LT(\xa2M\x81\x07\x1e~\x88\xcb.\xbb\x92\xde\xde\
\x0a3\xb7\xdf\x8eR[A\xf2\xcc\xab\x16>\x18\xa6\x8e\
J),\x96\xa8P\xe2w\xbf\xff\x0bNG\xe0$&\
T\xc2\xad\x15\x03\x95\x01\xb6\xddf[\x0e9d/\xd9\
\x14\xf0\x13\xbd\x10\xdb\xd3\xb7\xfe}\x03\x18Bx\xd5\xe9\
\xe3D\x98n1y\x02=\xeb\xfb\xb9\xf3\xee{\xc8\xac\
\xa2P(\xe1ZNS\x1e\xb6/\xfde\xe7wM\xad\
\xe7\xe5ys\x9e\xe6\xe4\x93OalW\x87?\x08\xe1\
\xc5c\x93\x84\x92s\xde\x8a\xec\xeb&\x03L\x84fj\
3>\xfe\xc9/\xb0h\xf1J\x94\x16\x03\xae1\x12\x92\
\x80\x0c1\x10\x9d\xaa\xa5\xd4f\x02\xa46#2\x06e\
k\xec\xb8\xddV|\xf3k\x9f\xa7\x14\xcb\xba\x1e?\xcb\
\x86\x81\xad\xb4\x01k\x193n4\x07\x1fx \xb7\xde\
r\x0bk\xd7\xae\xc7\x98\x82\xd8\x89\xfc\x16\xb1\xd6\xfe(\
\x0f\xa8/)\x9a\x99\xb8\xf1\xd9\xf9\x00WUgRE\
\x14\x17\xe9\xe9\x19\xe0\xc6\x9bof\xef}\xf6f\xda\x94\
Ib<\x0c\xdc\x9f\x83\x1a\x9e7\xeb\x08\xf5\xc7)\x0e\
=\xf4@\xd6\xaeY\xc3\x9dw\xdfC!.\xe5\xf21\
\x09\xbd\xf0!\x09u\x1d\xab\xf5}\xf5\xb6\x88\xc6\xd78\
GL(\xdd\xd6\xde\xc9#\x8f=\xc1C\x0f\xcf\xe6\xf7\
\x17\xfd\x99\xdejF\xb1\xadC\x8e5\xc1Q\xa9U\xc5\
\xc6\xa2\xc0\xd9\x14\xad\x1ci\xa5\x9bc\x8f<\x90_\xfd\
\xfc\x07\xec\xbb\xe7\xce(\x95\xa1\xfc\xf2(\xec\x1c\x0d\xae\
\x83\xf3#b\xf8\xd6\xcb\xe0p\xd26\x0b\xa3Gw\xf0\
\xe0#O\xf2\xcc\xdc\xf9\x14\x8bE\xac\x03\x97\x8a\x9d%\
\x8abji\x0d\xa3\x1d'\xbd\xfa\x18\x1c\xc3/\x9d\x95\
_v\x93\x7f\xbb\xf3\xd1\xf8>\xfa\xbe\xbd\x5c\xe0\xe0\x83\
\xf6\xe5\xd4SN$\xa9U\x987g\x0e\x03\x95\x011\
\xe2\xa7\x19N\xcb\xac\xef\x9cC!\xbe`\xce\x09?D\
q\x91,U\xdcv\xc7\xdd\x5cy\xd5,\xfa+\x093\
\xb6\x99A\xb1XD9\x8bV~\x7f\xce\xd7/O\x85\
 \x10\xb4R\x94\xcbm\xfc\xf1\xcf\x97\xb2\xb6\xa7W\x0e\
4E\x02\x8e\x15`tD\xcf\xfan\x8c)\xb3t\xf9\
j\xacU\xb4w\x96\xc4\xf5\xc5Io\x86\x00\xe8z\x13\
\x87\xd0\xa0\x87b\xc0p\x8f\xf0\x9d\xf8|\xed\xb2\xcb\xae\
\x5cq\xf9\x95\xf4\x0fT1Q\x8c\xd6b\x16\x91]6\
O\xcfp\x7f\xbe,|}\xfc\xf8\x08\xfd\xd2\xdd\xb3\x9e\
\xf6r\x99\xc3\x0e\xdd_\x96\xea\xdeV\xde\xfa\xfcH\xb0\
IB\xa9i \xe7\xaeg\x0en\xba\xe5>\xbe\xf7\xa3\
\x9f\xd0\xde\xde\x85Cr+G\x91\xf8\x8b\xe4\x9f\x18J\
(\x89\x86 \xd1\xe0\xdah\xd2\xb4J\x96\xf4\xf3\xff\xbe\
\xf4\x19\xf6\xd8m\x07\xb4\xcbP*x\x8e\x8aq5\x0c\
l\xa54\xce\xc2\x84Ic8\xf4\x90\xc3\xb9\xee\xba\xeb\
\xe9\xee\xee\xf6\xe7\xa9Eb\x00\xf6Y\x12\x83\x062\x1c\
\x82\xd0\x15M\xc6k\x1e^\x9b\xd2Q\xcc\xda\xd5\xeb\xb8\
\xe3\xce\xdb\xd9o\xff\x03\x98\xba\xc58\xaf\xd5\xbc\x18\xb2\
\x0b\x82\xc6t\xf8\x91\x87\xd3\xd3\xbd\x9e;\xef\xbe\x938\
.y\x0d)w_X\x96\xf8\xfa\xe4\xaf\x0f\x86\xb7\x0d\
y\xed\x09\x1fZ0w\xfes\x98\xb8\x8421Z\x1b\
2\xe7\xd3\x83\x04\x0d5K\xc8\xd2*\x91J\xf8\xe0\xfb\
\xde\xc1\xb7\xbf\xf9e&\x8e\x1b%\xe7\xdd\xd7\xdf\xb5\xa1\
)p\x90X\x18\x84F\xfd%@\xd6\xa2\xe8\x1c=\x86\
\xbf]|\x09:*`\x1dd\xa9\xb88(\xa3\x89#\
\xc3\x0b\x8b\x9e\xe5\xec\xb3\xcf\xa6\xb3\xbd\xcd[-\x87\xf2\
\xadi\xa0\xf5\xa7\x06\xed\x00g\xe9\x1a\xdd\xc9\xb1\xc7\x1e\
\xc1\xf1'\x9c@\xdf\xfan\xe6\xcc\x99C-\xe9G\x87\
\xa5\xbb\x95\xa3\x91\xa3HxG4\xcf\x02QT .\
\xb4\xb1\xb6\xa7\x87\x1bo\xbe\x85\x9bn\xb8\x05\x1dE\xcc\
\x9c9\x93(2\xfe\x84\x18\xa1\xbb\x22h%\x8d>\xaa\
\xd6R\xa2Xs\xeb\x1d\x0f1{\xce<\xa2bI\x84\
\xb3\xdf\xb94Q\xc4\xca\x15+\xb9\xfa\x9a\xeb\xb8\xf8\xd2\
\xcb\xf8\xcb_/\xe6\xb6\xdb\xefa}_\x85\xf1\xe3\xb7\
\xa0\xbd\xb3\x84$\x88iLLC\xf7\xff\xd0h\x12`\
\x0e\xda\xcaEF\x8f\x1e\xc3\x95\xb3\xaeC\x9b\xa2\xb8\x07\
8I\xd9;H\x88\x0d\x03\xe7\xbc#\xb22(c\x98\
?\x7f.g\x9ev\x1a\xa3:\xe5\xc0V\x86\xe8\x8f\x91\
`\x93\x84\x12\xe1%\xb9\x06:\x7f\xb2\xc2\xc7?\xf3e\
\x9e_\xb4\x1c\x1d\x15\xc5,RO\xed\xea\x0d\xb6\xa2\x90\
6\x17\x06~\xd0{\xb5]k\xb41\xd4\xfa{9\xf2\
\xb0\xfd\xf9\xd4\xc7\xdeO\x84\xcc\xae\xe2,\xe8Y_\xf9\
l\x81J\xfb\x99W<d'M\xe8b\xff\xfd\xf7\xe7\
\xd6[n\xa6\xafo\x00\x13E(\x1f\x1a\x11\x96\x92a\
-\xef\x94h9y\xa25w\x82\xd7\xc8\xea\xa1!\x9a\
8\x8aY\xd7\xbd\x9e\xdbn\xbb\x93\xbd\xf6\xdc\x93)S\
'\xe2\xb2M\x13L\xf5\xa1[\xefx\x19\xea\x87\x1fq\
\x18kW\xaf\xe6\x81\x07\x1f\xa2Tj\x13\xcdR\x89\xe3\
\xa0\xcc<2\x98\x83'x\xde\x85\xa0\x19R\x1fE\xf0\
\xef\x11\xaa\x9b(\xf6\xd9\x0a\x94\xe4\x88\xb6\x16\xb4O\x9f\
\xe2,I\xad\x97\xe9\xd3&\xf1\xd3\x1f\x7f\x8b7\xbe\xe1\
l\xe2\x08\xc9\x95]\xd7\xc46$\x90\xf0\x9c1T}\
Z\xe1\x07\xab_\x8fO\x9b:\x95+\xaf\xba\x9a\xd5k\
\xba\xd1*\xaeOf\xd5$\xa1T,\xb0f\xedZ\xa6\
O\xdf\x9a\xbdv\xdf\x05\xad\xbd\x96\x95\xa7c\xeeo\xd3\
\xdb\xfd\x85\xfc`\x94\xbfB\xcf\x09cGs\xe2\x09\xc7\
p\xcc\xd1G\xd2\xb3n\x0d\xcf?\xf7\x1cI\xadF\x1c\
\x17D`:\xc4\x85\xc0\x89\x8d1\xcb21\xc2\x1b\x09\
\xfa]\xbb\xae\x97\xebn\xb8\x89\x9bo\xbd\x03Shc\
\xeb\xad\xb7FG\x12(\xacq('>B\xce9j\
IFj3\xae\xbd\xe1>\xfe\xf2\xd7K\xe9\xed\xafa\
\x22\x89Zh\x1c\x1a)\x1b\x1eQ\x5c$\x8a\xcbd\x99\
\xe2\xd9\x85\x8b\xb9\xe6\xda\x9b\xb9\xf4\xd2+X\xb9\xba\x87\
\xed\xb7\xdf\x81\xf6\xb6\x22\xae%\xa3\xc5H\xd0J\x83\xcc\
Z\xb6\xddn&\xd7_\x7f+\xabV\xadF\x9bXV\
\x09\xbe\xbf\xc5O)\xff\x8e\xa0\x81K}\x1b\xfeLr\
\xbfV\x9a\x95+\x973e\x8b\xf1\xec\xbb\xef^`\xc5\
\x80\xbf!\x0c\xa9\xe9\xbd\x18\xa1\x14\x10\x0aK\x12\xc7]\
\xf7<\xc27\xbes\x01q\xa9\x1d\xa3#\x99\xa5\xbdq\
m\xa8\x97\xb6B)\x09\x90\x15\xcf\xec\x94R\x0c?\xf8\
\xceW\xd9z\xda$?(\x81\x16\xbb\x90\xaa7J\x06\
\xb6\xf2\x82i\xea\x94\xf1\x1ct\xf0!\x5cs\xcdu\xac\
[\xd7-\xda\x92\xb7\x0f\x85\xfb\xfdK\xeb\xe5\x0c\x85\xfa\
nT]\xc3\x02e\x0c&.\xb0b\xc5\x0an\xb9\xe5\
\x16\xf6\xdbw?\xa6M\x9d\xe0\xcfO\x1b\x5c\xd2pD\
'\x8c\x99\xba\xb0\x91\x8c\x8dG\x1fs$\xcb\x96\xad\xe2\
\xfe\x07\x1e$\x8e\xe3&mI\x84M`\x8c\xa1\xdf\xd7\
\x0a5\x94\x91\xdcIb=\x9c\xd0\xd5\xd9\x84Zu=\
\xc7\x1ds(\xbf\xfd\xc5\x85\xec\xb5\xc7\x0e\x92F\xa4)\
\x80wc\x02iS\xd0,N\xe2X\xd1\xdd#\x06\xef\
\xb8X\x96\xd3?\xbc\xd3g\x14\x8b\xd3\xe3\xca\x15\xcbx\
\xdd\xb9g\x12\x0d\x95a\xa1\xe9\xdb`\x0c\xba\xbf>\xf1\
8\x1c\x96\xc9\x93'p\xea)'p\xd4\xe1G\xb2v\
\xcd\x1a\xe6\xcc}\x9a$I\xfc\xee\xa7\xc5\xdaL\x04U\
\xdd\x05\x00L\x1c\x13EE\xe2B\x99%K\x97s\xf5\
\xacY\xdcs\xdf\xfdt\x8d\xeeb\xeb\xad\xa6\x89F\xa3\
5\x99\x95}\x8b5\xdd\xfd|\xe8#\x9f\xe7\xff}\xed\
[\xf4\xf6'D\xc5R\xae\x1f\x9bwO\xe5\xb4O\xd9\
\x1c\x8a\xe3\x12\x1d\x9d]$\xa9\xe3\xf6;\xee`\xd6\xd5\
\xb3\xd8b\x8bIl\xb7\xfd\x0c\x9c\xd5>\x15\xcb`\x1e\
\xcbYY\x86\x85\xf2\xf9\xa9&n1\x99\xbf\x5c|\x09\
JKb\xc2PV\xe0\xcf\xdc\x13\xfe\xaf\xef\xbf\xfaW\
\xe1\xcb\xd4\xef\xd6.~\xe19\xce=\xe75\xb4\x15E\
!\xc8\xa3\xb5\xae\xad\xf5\x0e\xd8d\xa1\xe4\x82\x94t\x80\
\xdf\xd2\xfc\xd4\xe7\xbf\xc6\xd3s\x9f\xa7Ph\x93\xda:\
\x99\xd5\x95\x92\xf0\x89\xf0j\xed\xa8o'\x07\xb3i\xb0\
\x9dX\x0bQ\xa4\xa9\x0dts\xd6\xe9'\xf0_o}\
=*,\xd3r\x02I\xe5\xe8!\x8d\x92\x7f\xca\xef\xca\
\xd9\xcc\xb1\xc5\xa4\xb1\xec\xb7\xdf~\xdct\xe3\x0d\xf4\xf5\
U)\x15%J_\xf9P\x06\xb11ymkH\xed\
-G{\xed\xb0N\xb6\xe8\x9doWd\x22\xd6\xf7\xf4\
r\xd3\xcd\xb7\xb2\xcf>\xfb0y\xea\x049C>'\
(Z;  _\xffpE)\x05\xce\x12i\xc5\x91\
G\x1e\xce\xa2\x85\xcf\xf3\xc8\xc3\x8fP*\xb7\xd5=\x93\
\x95\x0fM\x11\xcd\xb01S\x85\x7f\x83\xdf$\x08\x0c_\
\xff\x87\xe4~R\x1a\xd2Z\x15l\x1f\x1f\xf9\xc0\xbb\xf9\
\xee7\xbfD\xd7\xa86\xbf\xbb\x16\x84\x91\x1a^ 5\
\xcb\x96M@\x83\x02\xbe\xd9L\x9c\xb4\x05\x7f\xf8\xd3%\
d\xcea\x95\xf4I\x08\x1d*\x15\xcb,zn\x01G\
\x1dy0\xd3\xa6L\xae\xf3U+\x1d7\xb5:\xca\xcf\
\xeeHfu&o1\x9e\xd3N=\x9e\xc3\x0e;\x98\
\xd5+\x97\xf3\xfc\xb3\xf3\xc0\xa7P\xae\xd6j(m$\
\xcc\xc6fdi\x0a\xde\xbei\xa2\x98\xb8Xb\xf1\x0b\
+\xb9\xf4\xf2\xab\xb9\xef\x81G\xe8\x1a3\x81)S'\
\xe1\x94\xe2\xa9\xa7\x17r\xfe\x1b\xff\x8b\x9bo\xb9\x87\xf6\
\xceq\xb8\xa6Sk\x1b<\x22\x02\xcf\x80\xcb\xfcRJ\
Z\x18E\x22\xa4\xe2B\x99\xb5\xebz\xb8\xf2\xcak\xa8\
\xa6)\x07\x1f\xbc\x0f\xce\x8a/\x9f\xf7s\xa8\x977\x04\
\xdb5\xa1A?\xc5\xf4\xe9[q\xeb\xad\xb7\xb2l\xf9\
\x1a\xa2H\x22$\x5c\xc8\xfa\xd9T\x90\xf0~\xbd\x0c\xff\
\xbcCL\x0d\x0e\xc9\xab\xb5r\xe5Jv\xdca\x07v\
\xdaqf]\xd3\xae?\xb3\xb1\x8ayl\xb2P\x0a\x90\
\xf57<\xf8\xd8<\xbe\xfc\xff\xbeA\x5cl\xf7\x9e\xaa\
\x0d\x86\xd3\xde\x1d TE\xd5\xff\xd7\x10J\xce\xdb\x93\
\xa2(&K\xfa\xe9h3\xfc\xe0\xfb\xdfb\xfc\xe8Q\
\x18\x13\x84\xd6\xf0\x10A\xd1h\xb0\xd6\x8a$\xcd\x982\
u\x22\x87\x1c|0\xb3\xae\xb9\x8e\xbe\xfe\x01lf\xd1\
\xfe\xec\xad\xb0\xcb\xe2K\xc8\x95\xd6\x80\xf2BH&-\
\x85$\xa7\x97\xcc\x07\xa0(\x15\xdaX\xbbv\x1d\xb7\xdd\
~;\xfb\x1fp\x00\x93\xb7\x18'\xb1r\xbe}#\xed\
\x80\x00\xb9\xdf\x11\x19\xcd\xb1\xc7\x1e\xc3\xb3\xcf=\xcf\xe3\
\x8f=J\xa9,a\x09\xd6\x8a\xb7z}\xd9\x16\xe8\x18\
\x18\xb1\xb5\xc0\x16H\x9b}\x8c\x19\x8eZ\xb5BWg\
\x1b?\xfd\xc9\x05\xbc\xfe\xb5gP\x8a\xf1'\xb5\xb6\xd2\
c\x98\x92\x85+_\x12\xa4\xee0v\xech\xee{\xe0\
1\xe6\xcc\x9dGT(PKR\x14\x8aB\xa1@\xb1\
P`\xa0\xd2\x8f\xd1\x8e\x13O8Z\x8c\xbdu\xa19\
\x18C_\x1d\x1e*l!\xf8\xb9t\xea\xd4I\x9cy\
\xc6I\xec\xbb\xef~<7\x7f>\xcf.\x98G\x14\xce\
=\xf3\xfd\xa4\xb5&\x8ab\xacu\x988\xf29\xa6\x0a\
\x98\xa8\xc0\xbc\xf9\xcf\xf2\xb7K/\xe3\x89\xc7\xe7\xe0(\
\xf0\xf1O~\x96\xd9\xcf<K\xfb\xa81\x104\x11\xad\
P\x98z\xe0\xb9\x94)\xf6W\x03D~\xd7\x17\xa4\xbf\
\xb3,\x13\xd1\xa94Q\x5c\xe0\x86\x1bo\xa2:\x90p\
\xe4Q\x07\x83\x1c\x96+-\xd9\x04\x9eS~u\xa2\xb4\
b\xd2\xa4)\x5cr\xd9\x95\x92\x84\xce\x8f\xc7\xfa\xea`\
#e\x86\x15\x85\xd6\x22\xe4\x934\xa3\xafg\x1dg\x9f\
~\xb2L~\x1b~|Hlx\xc4\x0f\x830\x042\
\xe7\xf8\xfd\xef\xffL\xa5f!\x97\xc2@\x1a\xe2\x1b\x9d\
\xe3q\xab\x90\x1d\x87\x1c\xebX|\xce$e\xa9T\x06\
x\xfd\xeb\xcea\xbbm\xb6Bk\xe5g\x8b\x0d#\x10\
-\x08'\xe72\xc9\x88\x97Yv\xdbm;~\xfd\xf3\
\x0b\x183*\x06jh'\xb3b\xe4S}\x0a\xc4\x10\
,\xef\xca\xd7_N\xbb\xc5*\x94\x13U\xde\xb9\x0c\xe5\
\xc4\x15!\xc9RL\xb1\xcc\xb3/\xac\xe4\xcdo}/\
\xf7?<\x1b\x8b\x95\x03/7\x84\xe6\x09G.\xe5\x04\
\xab\xc2R.j.\xf8\xef\xafs\xd2\x89\xc70\xd0\xdf\
Ml\xc2\x12\xb2Q\xb8r\x1a\xac\x92\x04\xfb\xadr\xc4\
3s\x03\x83\x8f\xb1\x8aLL%\xa9Q\xab\xd5P*\
#I\xc4\x88\xdc\x80~\xb1\xec1b(o\xbb\xc82\
x\xc3\xeb\xcfA\xb9\x14\xed,\xc6\xc7Jj\x07\xa9u\
\x94\xcbm\xcc\xba\xe6\x06\x96\xad\xec&M\x86>`\xf1\
e\x90\x91\x92r\x17\x88\x80\xa3\x0e\xd9\x97\xcb/\xf9\x1f\
~\xf5\xb3\x0b\xd8}\xc7\x19D\xb6F\x84\xd8\xdf@\xd4\
~\x13kl\xea\xc8\x12K\x9a\xa6\xd4j5\xa2B\x19\
Sl\xe7\xda\x1bo\xe7\x9d\xef\xfd\x08\xcf\xbf\xb0\x82\x8e\
\xae1u\x9e\x17\x1b^\xe3\x9d\xf9Ao\xad\xc5*\xc8\
\xbc\x07\xb61\x06\x13G\xe8\xc8\x90&\x89\xa4&\xc6\xd0\
5f\x12\x17\xfc\xe4\x97\xfc\xf4\x97\x7f\xc4i\xa1Q\x9d\
\xff\x07\xb3\xd7\xb0\xd0\x9e\xf8G\x1fu\x08\xfb\xed\xb3\x07\
6\xa9\x88)\xc4l8\xf9b\x13\x94E\x1b\xb0\xfe\xd0\
\xcdR\xb1\x9d;\xef\xb9\x9f\x07\x1fzB\x8e/O\x9a\
]\x0dF\x82M\xd0\x94\xac0\xba\x12\xafOg\x15K\
\x96\xad\xe5\xa3\x1f\xff\x1cV\xc5\xfe\xe4\x83\xe65n\xeb\
@\x18\x0ai\x96b\xad\xc5e)\xe3\xc7v\xf0\xdf\xdf\
\xf82\xe3\xba:\xea)U\x87\x22L+\xc1\x9a?\x03\
\xde\xfeb3\xc7\xb4i\x13\xd9k\xcf\xbd\xb9z\xd65\
\xf4\xf5\xf77\xbc\xa7=\x93\xe4\x85\x9aRb@nF\
\xb8\xaf!lA4\x95\xccJ\xf2\xfc\xb5k\xbb\xb9\xe3\
\xf6\xdb8\xe0\xc0\x03\xd9b\xd28y\xff\x10\xf5nB\
\xee\xe7\xe6\xfa\xcb\xceT\xb1`8\xf6\xd8W\xf1\xc0\x03\
\x0f1\xef\x99g\xc4&V\xdf\x81\x8403\x0eo\xf0\
\x96r\x83`\x17\x8d\xb3!\xfc\x9c\x824I\xb8\xe1\xfa\
\xeb\x98>}\x1bv\xd8~\xba7\xa0\x86\xfb\x86.3\
 0\xfe\x86\xef\x1a\x09d\xb91q\xd2$.\xbe\xe4\
2\xd6u\xf7\xe3\xd0D\xda\xd4\x9dh\xb5V,]\xb2\
\x98\x9dw\xde\x91=w\xdb\xc9\x87\x9dl\x9c\xb7^\x0c\
\xa4\x9f\xa5\x1f\x14\x8a\x9dv\xdc\x86s\xce9\x87\xae\x8e\
N\x1ez\xf8\x01V\xad^E!.\xd4\xedNA\xa3\
\x16\x7f<\x07Z\xa3\x9c\xc6D\x92\xd4\xb0P,\xa2\x08\
\x9b,>uO\xc8\x14\x81!%\x22S\x05j\x14H\
UL\xaa\x22\x1c1\xd6/\xc3\x5cf\xbd\x9b\x87\xf0\xa8\
6\x11\xdah\xb4\x8a\xb8\xed\xd6[9\xf6\x98#\x99:\
y\x92\x8c\x15\xdf\x06\xef\xa0\xd0\xd4\xae\xe1\xa0\xb4\xec\xb8\
\x8d\x1b\xb7\x05\x7f\xfe\xeb\xdfpJ\xc6\xb1\xaa\xf3\xd7\x86\
\x85\x93\xf3\xfc\xa4\xeaN\xcf\x9a\xbe\xf5\xeb1\xdar\xd2\
\x09G{~\x0dc\xab\xc1\x7f\x1b\xc2&\xf4lc\xe6\
\x0c\x0a\xf4\x15W^\xcd\xaa\xd5k\xe5\xba\x93\x99-/\
\xab\x87\x9a\xd1\x02\x942d\x99#K\x1d\xb1\x89\xa8V\
\xba9\xe7\xacS\x991}\x8b\xba@\xcak\x06y\x0c\
\xd7(\xe7\x5c]\xe3q>\xd9\xbcM-\x07\xec\xbf;\
?\xff\xf1\xf7\x18\xd3Y&\xadU1\xc6\x10\xc7\x12/\
\x174\xa6\x06\xd1Ds\x0a\x10\x1b\x8e\xecz9\xa7\xd0\
\x1a\xe2X\x8e8\x8e\xa2\x88(.2a\xd2dV\xac\
\xee\xe3\x9d\xef\xfe\x10s\xe6>G\xe6\xd3\x00\x0f\x09\xb5\
\xb1\x91,\x82G\xe1\xe8l\x8b\xf9\xf9O\xff\x9b\x83\x0f\
\xdc\x9b\xa4\xd2O\x1c\x96\x9c\xca\xf8\xe0\xe3F}\xf3\x9a\
^@\xab\xa6\x19\xee\xb1V\xda\xab\xa3\x02\x19E\xde\xff\
\x81O\xf0\x9b\xdf]L\xea$\xff\xd0H\xb0\xd1f\x8c\
\x14^\x08\x8c\xee,q\xca\x89\xc7Q\xadV\x89\xb5\xf8\
\x0b\x19c\xa8T\x06\xa8\xd5j\x14J\xed\x5cr\xe9\x15\
\xd8\x90\xd0\xb2\x0e\xdb\xf2\xefe\x82\x92\xbe\x06(\x15\xe0\
\x1d\xff\xf5:n\xbc\xf6\x12\xde\xfd\xb67\xd0QV\x90\
UqYB\x92Tq\xfe\x88\xa3\xa8\x10\x13\x9bB\xbd\
\x0f\xe5\x18l\xb1\x89\x8a\xcdH&\x83\xccY2\x15\x91\
\xe8\x12Yq<z\xf4\xd6\xb4m\xb1#\xe5);\x11\
\x8f\x9bI\xd26\x81\x0amT]\x91\xcc\xf94#Z\
S(\x16e\x8d\x89\xa2Pj\xa3\xaf\x92\xf2\xad\xef\xfe\
\x90\xc4Z\xb2,\xb8#\xe0\xb3fm\x9c.J\x89\xa6\
\xad\x1d\x1cu\xf8\x81\xec\xbe\xf3\xf6dI\x15\x8d\x08\xd0\
\x0d\x8d\xdf|<\xabR\xca\x9f.,1qq\xb1\xcc\
\x8d7\xdd\xc1\xf2\x15\xbd\xd4B\x1a\xe8\xfa}\x1b\xe1\x1a\
\xb7I\x9aRC\x18X\x0b}\x03)\x1f\xfb\xc4g\xe9\
\xe9O$\xc5H\x90\xac^\xa3\x08\xf7\xb6V\xa2q]\
\x96A\xc6\x18l\x960\xba\xbd\xc0\x7f\x7f\xe7\xff1\xa6\
\xb3\x03c\x84\xa8r\xef\xf0\x8dhh7\x83\x0ds\xe1\
\xbbR\x9a,M\x991c\x1a\x07\xec\xbf?W^5\
\x8bj5AG\x86$I7 \xbd[\xb5\xb1\xb0\x93\
\xd8\xe8\x8dP\xbeV\x8a(.\xb0h\xd1\x22\xee\xbd\xf7\
\x1e\x8e:\xf2H\xba\xba:e\xc6\xf5\xf5\xdf\xd8\x8c3\
\x14\x14\x8e\x8e\xb6\x12\xc7\x1dw\x02\x0f<\xf8\x08s\xe7\
\xcfC\x1b\xc9Q\x14\xe8\x12\xcal0Px\x8f\x1fQ\
!\xea\xdf\xa7\x9d\xc0k\xb0\x0e\xc9\x02\xeaP\xd4\x92\x94\
\x1bn\xb8\x81\xc9\x93\xa7\xb0\xfb\xae;z\x81\xbe\x09\xf3\
\xd5K\x84L\x0c\x8a\x89\x93\xa6\xf0\xfb?\xfc\x15\xe5}\
\x84\x94\x96\xcc\xa3\xd5ZB\xb1\x18\xb3t\xc9\x0b\x9cy\
\xfa)\x8c\x1d3:\xa7\x094\xf7\xc9\x86\xf8\xe5\xc5@\
l\x84\xa2\xf9vv\xb4q\xf4\xd1\x87q\xeai\xa7\x91\
T\xab<3g6\xfd\xfd\xbd\x14\x8br\xce\x9fT\xc3\
\x87txm=R\xe2\xf5\x0c\xa0ML\xea4\x89*\
\x90\x15F1q\xab\x9d\x98\xba\xc3\x1e\x8c\xdbjG\xc6\
L\xde\x9a\xd1\x13\xa61~\xf2\x0c&M\xdd\x9a\xce\xae\
\xf1$\x19\xf4\xf7\xf7\xfb>\xcd\x80\x0c\x13\x92\x04:(\
\x95\x8b\xcc{f\x0e\xfb\xed\x7f\x00[o=U4\xc8\
z\xfbE\xa84xnx\xbaX\x0b&R\xb4w\x8e\
\xe2\xb2+f\x11\x9bB=Pw\xb8\xd5\x8e\xc2\x87\x8d\
\xf9Y%l\x04\xa5YF\xa9Td\xc5\xca\xe5l\xb5\
\xe54\xf6\xddw7\xa2\x11\xec\x14\xe7\xb1IB\x09_\
\x99,\x83kn\xb8\x8d_\xff\xf6\x22L\x5c&\xc9\xe4\
\x84\x06\xad},H\xfdN\xbc\xbb\x97|\x93\x7f\xb2p\
RZ\x91$5\xe28\xa2\xbfo-\xaf\x7f\xcd\xa9\x9c\
s\xd6\xc9D\x06\x1f\xaf6\xd8sx(\xd4w\xa3\xf2\
i&r\x83U)\xc9+d3\xc7\x94\xa9\x93\xd8{\
\xaf\xbd\xb8\xee\xbak\x18\x18\xa8\x10\x15\x0a\xb2\xcbcT\
\xdd\x90-\xb3J\xa3C\x1b\x1d+\x1a`\xd8\x15\x09\xbb\
\x86\x0aH\xd3\x8c$I\x88L\xcc\xd2\xe5+y\xe0\xc1\
\x079\xf4\xd0\x83\x19=z\x14 \xc9\xcd6.\x90d\
`\x06\x84\xb68g)\x97\x0a\x1cu\xd4\x91<p\xdf\
\xfd<\xbf\xe8\x05J\xe5v\xef\xad\x9e\x17\xbe\xe1\xd90\
@}\xfbu\xe3\x9a\xb4E\xe6S\xd9\xa8\x906)\xad\
)\x16\xdb\xb8\xee\xfa\x1b\x98<e*;\xef\xb8\x83\xcc\
X\x1bb\xa6\xe6\xd7\xe4.\x0b\xfdF\xba|\xa0\xeey\
m\x197~\x1cw\xdcu?\x0b\x9e}N\x5c\x22\xfc\
\xc4U(\x14\x88\xa3\x02=\xddk\x19?\xb6\x8b\xc3\x0e\
9@\x9e\xab\xbfB\xfadPe\x18\xbe\x9e\x1bC\xbe\
4%\xb3\x8b\x17\x0e\x8a1\xa3\xdax\xd5\xb1\x87q\xc6\
i\xa7\x92\xa5U\x16,x\x86\x81\xfe*q\x14\xb2U\
\xe4^\xa6\xe4\x7fZk24\x99.\xa2\xdb'\xb0\xe5\
\xee\x87\xd21u{\xb2\xe2hj\xc4\xa4\x14H\xac!\
S\x052S\xc2t\x8ce\xfc\x94\xadi\xeb\xe8b]\
O7*\xad\x12i\xeb3FJ]@6uzz\
\xd6q\xe6i'\xe4\x12\xfbY\xd1\x97<\x8f\x0e\xd9x\
O\x97:o;\xd8f\xc6\x0c\xae\xbc\xf2ZV\xad^\
Cd\x0a\xa8pP\xec\x10\xc8k\xab\xaa\xee7'\xf9\
\xbdBj\x98\xc5K\x17\xf1\x9a3O\x93D}u\xf3\
\xc7F\xe0\xfd\xf66\x1d\xda\xf2?\xff{\x11VE\x14\
\x8b\xc5\xa6\xf8\xb6\x8d\xa9}xB\x840\x14\xe52\xba\
:\xdax\xf3\x7f\x9cOl\xf0\xea\xe9\x8b\xabV\x1e\xad\
\x1aPd\x14\xcaZ\x0e9d/~\xfd\x8b\x1fQ\x88\
\x1c\xb5\x81\xf5\x22\xb4\xbcz\x9d\xafw\xb3@j.3\
|\x0e\xbf\xd5\x0d\xfc&\xa2\xdc\xde\xc5]\xf7>\xc2\xfb\
?\xf8\x09\x96\xaf\xea\xc6!\xbb]/\x162\xe9fL\
\x994\x9a\xdf\xfe\xfa'\xec\xb3\xc7NT\xfb\xbbe\xf8\
\xe7\x9c\xfaZ\xeb\x1a\xd0\xda\xa6\xf0\xb7.t\xd1\x92?\
\x5c\xc7X\x17\xf3\xe1\x8f|\x86+f\xdd\x84\xc5\x91f\
/\xbe\xde\x9b\x04\xff\x1a\xa3\xe0\xbc\xd7\x9f\x83\xb2\x09\xd6\
\xca2R\x1c_e\xd7\xaaXn\xe3O\x7f\xbe\x98\xde\
\xbe\xdaK\xa0\xe8\xa6\xa1\x95~\xc1e\x22R0}\xcb\
I|\xf3\xeb\x9f\xe1\xbak.\xe3\xb5g\x9fBd\xc4\
6\xea\x9c\xec\xf0\x86q\x11\xe8\x9cXE\xcdt0c\
\xd7\xfd(\x8f\x9dF\xaf-3\xe0\x8aT)Pu\x86\
D\xc5T\x9da\xc0F\x0c\xd8\x22}\xaeL\xc7\xe4m\
\xd8z\xa7}HU\x09\xeb\xe4\xac\xbb\x86\xc9A\x13\x17\
\xdb\xb8\xe9\x96\xdby\xee\xf9e\xf5zn*\xb4\xd6h\
\xe5\xe8h\x8bx\xf3\x9b\xce\xa3V\x19 \xf3\xf4\x1f\x09\
\xc2\x98W\xfe`\x01\xe7\xa0X*\xf3\xf8\x13\xb3\xb9\xe1\
\xa6\xdb\xfc\xcag0o\x0e\x87\x11\x8d\xfe|\xc7d\x16\
\x9exr\x017\xdf~'q\xa1Dj\x858N+\
\xac\x02\xed\x14:'F3\x9c\x84YyX\x14\x99\x13\
\x95\xb1\x18G$\xb5>^\xf5\xaa#\xd8u\x97\x99~\
\x16\x18\xaa\xf2C\xaf\x89[!\xf5\x945t(\xa7.\
\x9c\x9c\x04\x9c\xaa\xccr\xc0\xfe{\xf0\xdb_\xfc\x98\xce\
\xb2!\x22%2Z\xb6}]&\xe7\xb39ZH\xe3\
\x13\xea\x84\xb8\xbb\x5c\xd9\xcaf(\x9b\xa1\xbd\x1d\x04\xa0\
k\xecD\xee\xbc\xef\x11\xde\xfd\xde\x8f\xf2\xc2\xb25\xd4\
\xd2zB\x88\x0d`\xb8\xae\xf0A\xcd\x0e&O\x1c\xc5\
o\x7f\xf9c\xf6\xd8e[\x06z\xd7R0\x9a(\x8e\
\xbdwp3Z\x05h\x03\x8d _\xb1]\x81\xcb \
\xcd\xe4L>\x1dw\xf0\x91\x8f~\x9e\xcb\xaf\xbe\x05\x8b\
\xa5\xe6wO\x9a\xea\xbf\x81\xc6x+E\xeb\xe5\xe1\xe1\
\xf9U\xfb\xed\xe3\xe3\x8f=\x82\xad\xa6M\x96\xcc\x94J\
\xdc\x02\x00\xaaI\x8a\x89J\xcc_\xb0\x90\x1bn\xbc\xad\
\xc5\xb1t\x03PV\xfem2\x9a\xf9(\x8f\xfad\xa4\
\x1c\xca\xc2\xd6\xd3&\xf2\xbd\xef~\x89\xcb/\xf9\x03S\
&\x8f\xa7:0\x00>%\x88S\xc27\xce92U\
d\xe2\xf4\x9d1\xa3\xa60\x90j\xef\xea\xd1\x18\xd0Z\
k\xd0\xde\xf8\xac5\x99\xd5\xf4\xdb\x98\xce\x09[\xd11\
q\x1a5''\x92\x88'>\x80&\x8e\x0b\xf4\xac\x1f\
\xe0\x8e\xbb\xef!\xabw\xcd`\xfa\xbb\xd6n\xcb\xc9\x89\
\xc0\x0f\xce\xc1k\xce8\x8d-\xa7M\xc2\xa6).\xa4\
\x8cn\xe2%\xd1\x84[Q_\xe6\xf9\x1dw\xe7\xc0\xe8\
\x02\x97_q5\xa9ud\xdes}$\x18\x5c\xfba\
\xe0\xbc\xe3\x9d\x05\xfe\xfa\xb7\xcbH\x92\x0ce\xc4\xebX\
\x18\xaa\xb9\xf2\xc3\xc1\xe5\xfc \x9c\xcb0d\xbc\xe5\xcd\
\xe7\x89\x19=\xb7~\x0dE\xb5\x96\xe9F\xa0\x89\x054\
1\x94\x92\xed\xe7(\xd2\xb8,\xe3\xf0\xc3\xf6\xe57\xbf\
\xfc\x09\xceV\xa8\xf4w\x8b\x01<xq\xd7;\xa9\xf1\
\xbd\xb9c\x1a\x9f\xf3\xef0&\x16\xb5Vk\xcamc\
\xb8\xe6\x86[x\xe7\xbb?\xc0\xca\xd5\xdd\xdeP>\xb2\
z\x0f\x05\xedc\x8a\xa7M\x19\xc7o\x7f\xf9Sv\x9a\
9\x83\x81\xfeu\x18\xedw\x1asF{Z\xea5\xd4\
\xc0\x02[\xd7F\xa4/\x9c\xc4w\x15\xcb\xf4\x0d\xa4\xbc\
\xef\x03\x1fc\xd6\xf5w\xe2\xb4\x84\x11\x0d\xc2Kh\xcb\
pp\xd61\xb6\xab\xcc\x19\xa7\x9eHV\x13\x032\xbe\
\xfe\xa2y\xc4\x10\x95\xf9\xdd\x1f\xfe,\xc7w\xff\x1d1\
T\xdf)\xa5\xd0\xca\x11\xe1\x88\x15\xec\xb2\xe3t\xda\x8a\
\xb1l\xed\xe7\xb4W\x9b\x09/\x99B\x1b\xe3\xa7m\xcb\
\x80-`]L\xe6\xe9\x1a\xe8\x9f\xe7\xb3,\xcb\xc8\x1c\
\xa4\xc4TU\x81\xc9[\xed@\xa2c\xc9\xa8\x90\xcbw\
\xef\x90Sm\xee\xba\xfb>\x99`\x06Ws\xa3\x08\x13\
\xads0q|\x99\xd7\x9e}:\xd5\xea\x00\xce9\xd2\
4m\x9e\x847\xb0rp\xfep\x09c\x0cFE\x94\
J\xed\xdcz\xdb],\x5c\xb2\xba!\x01G\x80\x11\x09\
\xa5|Ez\xfbR\xae\xb8\xeaj\xa2\xb8\x08\xb9A,\
\xf9\xb4M\xdd\xcf\x22\x0f\xe7\x5c]c\x0a\xc2\xcb\x18C\
\x92T\xd9w\xdf\xdd\xd9{\xcf]s\xf6\x01A\xf8.\
\xf77\x04^ `\x1e\xad\xc4\xc9#\xe4\xbe!xA\
\x03\x85X\xb2\x0b\x1cz\xc8\xde\xfc\xf4\x87\xdf!V\x09\
\x91\xb6\xc4\x05q\xfe\x0c~\x22\x8dw\x89\xaf\x92r\x0d\
-#\xc0*\x8dU\xba1\xb3:\x8d\xcb$\xb8qT\
\xe7Xn\xba\xe5^\xde\xff\x81O\xb1r\xedzlN\
\x83t\xfe\xdfF\x91\xbb)\xc8\xec\xad\xa6\x8d\xe7\x7f\x7f\
{!\xdbm3\x95\xb46@\x14\xfb-g/H\xc5\
3X\xbc\xd6\x87\x87F\xec\x0e\x0ek\xd3\xba\x0bC\x96\
e\x98\xb8@-\xd5\xbc\xfd\x9d\x1f\xe4\xeako\x97\x1d\
#?\x80\x9c\xf3\x09wd\x1d\xf3\xb2\xc2\x18\xc9\xe9t\
\xce9g\xd2\xd1\xd1Vw\xcf\x08\x93X\xe6\x1c\xa5r\
\x077\xddz'\xcf\xccyN\xb2\x0al\x94\x8e\xd2\xce\
MG\xf3s\x83x\xce\xff\x0b<b4,_\xba\x92\
E\x8b\x16\xa1\xfda\x17\xcaO\x84\x00\x99Ut\x8e\x99\
\x80\x8a\xcadV\xcb\xea\xc1k\xde\x81\xa7\x9c\xf3\xd1\x0e\
-\x83?\xcb\x1c\xa5Qc\x89\xdbF\x8b\xb5\xce'\x04\
\x0c\xcf\xc4q\xcc\xd3\xb3\x9f\xc1\xbb\x0a\x0d\x09\xe1\xe2\x0d\
 \xf4\xbf\x85s\xcf9\x9bQ\x1de\xc8\x12Y5x\
\xe7\xbb\xbc\xd2 \x8f4J\x0c\xe3_\xf9\x10\xa1\xb0\xdb\
\xb8jM7W\xcf\xbaN\xb4\xb8\x11J\xcc\x8d\xf6V\
\x10: K\xae\x9bo\xbb\x9d\x05\xcf.\xa2X,\xd7\
+\x19:&/8Z+\x10\x1a\xe0\xeag~9\xd2\
\xa4\xc2\x7f\xbc\xe1\xb5\x94\x8a\x12a\xbd!\xb42E\x1e\
\xcd\xc4\x19|\xdfP\xf5\x89#ITu\xca)\xc7r\
\xe1\x0f\xbf\x8bM\x06\xb0i\x05T#cA(+<\
\xdfZ\xc6p\x90\xa5\x9c\x02\x1d\xd3\xd95\x91\xcb\xae\xba\
\x96\x8f~\xe2\xb3t\xf7U\xe5\xb8\xe6\xd6\x076\x01\xc6\
kL\xdb\xcc\x98\xcc\xef~\xf7+&\x8e\x1dE\xf7\xea\
\x15r.}\xb0\x13\x85znd\xd9\xd2\xda\xa6\xa0\xf1\
j\x9f\xe4l}_\x8dw\xbc\xeb\x83\xdcx\xeb}\xa0\
dp\x0cE\xcb\x97\x13\xc6(v\xdai&\x07\x1d\xb8\
/\xb5Z?\xd6\xca&\x82\xf3\xf1\x8b:*\xd0;P\
\xe5\x8f\x7f\xba\xb8\xc9,\xf0\x8fD\xa0\xc7\xc0\xc0\x00i\
*G\x10\x05Z\x0a/)j\xd6Q*\xb7\x8b\xf3\xb0\
\x92\xe3\xa7\xf2\xb4l\xa5\xa9E\x0e\x8b\xb4\xd6\x8a7w\
\x5c\xa4X\x1e\x05C\xf0\xb8\x8e\x0a,Y\xb6\x9c\xb5k\
e\xd9\xc8\x10\xe5\x8d\x04JK<\xe4\x0e;N\xe3\xe8\
\xa3\x0e\xa72\xd0\x876b'j\xd4uh\xa2\x07^\
RJ\x96\xab\xd6\x8a\x7fU\x14\x97\xb8\xf4\xf2\xab\x19\xe8\
\xaf\x8d\xb8N\x1b\x15J*\xb7\xbb\xe3\x94\xe3\x92K\xae\
\x02]\xcc-md\x8d\x99e\xc9\x06m?\xca:\xb4\
O\xe0n\x8c\xc6(\xcb6\xd3\xb7\xe2\xd8\xa3\x8eD\xb3\
!\x99$\x02,\x8f\x916.\x8f|G:?\xd3D\
F\xe1\xb2\x94W\xbf\xfaX\xbe\xf1\xd5\xcfa\x93~\xb2\
\xa4F\xc1D\x0d\x0d+\xa7Q\xc0`o\xe2`\x83\x92\
\xddB9W\xae\x9e\xf7\xd8\x9f\xa82f\xc2\x16\x5c|\
\xe9\xb5|\xfcS_\xa4\xa7\xbfF\xea\xb5\x8e\xa1\xba\xd7\
\xf9\x7fu\xe4n\x0a\x1f\xb5\x92\x13\x1fgN\xdf\x82_\
\xfc\xfc\xfbL\x18\xdb\x81\xcbjD\x91g\x1c\xa5p\xe4\
\xa7\xcd\xa1\xfb%O\x13Y\x1e\x8aWw\x9692\x14\
\xc5R;\x95\x9a\xe6]\xef\xf90\xb7\xdf\xf5\x08\xa8\xa0\
\xce\x0f\xa6\xff\xa0z\x8f\x10\x9e\xaa\x8d\xef.\xc3(x\
\xfd\xeb\xce!K*\x18%\x0e\x87\xba\xae\x1d(\xcam\
\x1d\x5cr\xc5U\xf4\xf6\x89\x97\xf3Pt\xdc\x18Z\xfb\
q$\xc8?\xa3r\xfd\x11\xe8\xa8\x8d\xf8\x8feY\x86\
\xb2\x0e\xc2\xc1\xa3ZB\x9cu$)c\xac\x0f\x86\xce\
g\xcd\xa8\x97\x11\xdc6\xbcF\x14\xd4{\xeb\x0c&*\
\x90\xe6\xb4$ru\xaa&)}\x95\x81\xba\x99@\x9e\
\xad\xdf\xb6Q($)\x1eH\x14\xf1\xf9\xe7\x9d\x0b\xb6\
F\x1c\xc7D\xc5\x02d\xb2\x93\xde\xb8\xbb\x19\xda?\x1b\
\xdaamJ\x86#.\xb6\xf1\xc8\xa3O0o\xfe\xb3\
8'\x9b>\xb2C;<6*\x94\xf0\xaaX\x969\
\x96/\xef\xe1\xf6;\xee\xa6P,\xd7\x8fh&'\xb8\
\x86\x83\xaa\xcf\x18\xb2\x16\xd6X\xfa\xfb\xd6q\xd6\x99'\
3\xba\xb3\x1dZ\xb2\xde\xbdRhH\xfbFoEZ\
\x81\xadq\xdeyg\xf1\xb5\xaf|\x96J\xffZ9\xf1\
UKN\xa80\x03\xb8\xa6\xe5\xdc`41\xb9j\xb4\
\x15e\xd0*\xa6\xa3s\x1c\xbf\xfa\xed\x1f\xf9\xe2\x97\xbe\
N%M\xfd!\x9a#G\xd3\x80\xf0\x8e}6\xcd\xd8\
g\x8f\x1d\xf9\xcd\xaf~\xcc\xe8\xf6\x98d\xa0_\x86\xb8\
\xb7-\x89\x8di\xb0\xd1\xbf\xf53\xf5{\x1bj\xb7R\
\x0a\x13\x97(\x97;X\xb5\xa6\x97\xb7\xbe\xed\xdd\xdc\xf7\
\xe0\xd3(\xadI\xbc:?\xdc \xddT\xe4\xdd\x07B\
]\x8f9\xea0\xb6\xd9zK\xd2TfXqD\x14\
\xc7\xc3b\xb9\x8d\xf9\x0b\x16r\xdb\xadw\xbd\xe8,\x87\
\xc3\xf5\xe3\x86\xb0\xa1g\x92\x14\x0a\x852\x85\xfa\xf1E\
-\xfd\x85\xc4\xb0\x05\xda\xb6\xf2T\xf8\x17\xe8\x1f~#\
\xd0\xd9eX+y\xc1\x02\xc2=\xc6\x88\xb7\xff\xcd\xb7\
\xdd\xcd\x9a\xee~*\xd5\x84\xc492op\x0e\xef\xda\
0\x82\xa0\x10\xde=\xec\x90\xfd\xd8~\xbb\xe9\x0c\x0c\xf4\
\xd5wxs&\xcba\xa1\xbd\xfbC\xfd_d\xe8^\
\xdf\xcb\x0d7\xdc\x5c?\x94`c\x18Q\x97\xca\xe0R\
\xdcr\xeb\xed\xac\x5c\xb3\x16\xe3\xedI\x81\x91sw\xd6\
?\x09=\x9d\xf7!j\xc4\xf4\x18c\xd0\xca1\xa6\xb3\
\x8d\xd7\x9cyr\xdd\x7fa\xf8\x0e\x1fl\x13\x18\xee\xde\
\xa1\xaf\x0f\xfd|\xb8W)E!2(\x97\xf2\xfa\xd7\
\x9f\xc9\xd7\xbf\xf2Yl\xda\x8br\x96\x82\xc9\xefj\x05\
Oo?\x9bxX\xe5\x938\xd6/\xb8z\xc7\xe0\x07\
\xaa\xb5`Qt\x8d\x99\xc0\xcf~\xfd{>\xf7\xc5o\
\xd1[\xa9\x0d2 ;'\x0e\x04rRW3Z\xdb\
\xa6\xbcmL\x91q\xe0~\xbb\xf2\xf3\x1f\x7f\x871\xa3\
b\x5cR\xadk2\xdax\xed\xcd\xfb`\xe5\xcbh-\
/\xb4O\xaa\xdd\x18\x18N+J\xe5\x0eV\xac\xed\xe3\
\xcd\xff\xf9\x1e\x1ez\xf4\x19,\xe2\x8d/\xc2\xa4\x99\x1e\
\x9b\x8aA\xfb\x92N\x8eL\xef\xea,r\xe6\x99'K\
\xe29-g\x09\x9ap\xa0\x81\xd3\x98\xb8\xcc\x9f\xfe\xf2\
7\xac\x15\xed\xcd\xb9\xcckz/\xad>#\x85\x93\xe1\
K\x92Z\xaa\xb5\x84\x81\xea\x00w\xdcu?\xa9\x93\x98\
\xd0:\xfd\x9c\xc3e)FC\x7f_\x0f\x9aL\x0e1\
h\xda\xd4i\x08\x8d\xfa\x94\xa9\x1by\xed\xb5\xd6\xa8\xb4\
J\xa5\xb7\x1b\xd3\x12\xb2\x91\xd9\x04e\x0c\x95*|\xe8\
#\x9f\xe6\xb0\xa3O\xe2S_\xfc\x0ew?\xf8\x14\xbd\
\xd5\x01\xfa\xaa\x09\xb5\xa4axo\x15N\x0d\x9a\x05\x9e\
\x90z\xb5\x955g\x9fu*Iu\x00\xad5N;\
l\x8b9 \xcfCa\x0c(oG\x0b\xbf9\x07\xca\
\xc4\xdcz\xfb\xddT\x13\x89\xe0\xc8s^\xbd\xbd9l\
\xd4y\xd29\x87u\x8a\xd4:\xbe\xfe\xad\x0bX\xf0\xfc\
\x12\xc9{\x93\x85$n\xf2b\x81\xaa\xbfB\xae7f\
\x82\xbc\x15\xbf:\xb0\x9e\xe3\x8f=\x947\xbd\xe1\x1c\x1f\
c\xe4\x9ab\x99\xc2s\xe1\xef\x86\xd0\xf89\x0c\xba\xf0\
\xfe\xa1\xe5\xadRa\xc9)\x0f\x86z\x1a\xef\xc0\xb7\xef\
~{\xd25z\x0cW^y\x15&*x\xcff\xa9\
K\xf0\xc1\x90w\x0c]\xafP^\xa8\x8f,W\xc5\xd1\
\x11\xa5(\x16J\xdcr\xeb\xad\x0c\xf4\xf7s\xd8\x11\x07\
\xa31!}PS\xfd\x87+? \xd0F+\xd1\x98\
\xb6\xddf+v\xdbu7\xae\xbaz\x16\xb5Z\x0aZ\
\x9c\xe7\xf2\x83chZ\xb6\xd2\xab\xf1\xfeP\x1f\xa5\xc5\
6\xb0r\xe5\x0an\xbf\xfd\x0e\x0e;\xf4\x10&M\x1c\
\x83s\x92.X\x1e\x0b\x5c\xe9\x1f\x1f1|?\xb4^\
r0}\xfat\xfe\xf0\xc7\x8b\xc5\x85\xc4\xcf\xf8&\x8a\
P~F^\xb1b\x05\xa7\x9dz\x1aQ\x1cQ\xadY\
\xd2L\xfe9\x1b\xee\x17o\xe3|\xb3\x87\xa7\xc3\xc8a\
\x1d\xd4\xac%IR^X\xba\x8a\xdf\xfd\xf1\x12>\xf5\
\x99\xaf\xf2\xbb\xdf\xff\x19\xab\x22I\xa6\xe7\xe9i\xa2\xc8\
'#\x84\x81\xc42f\xf2V8S\x04\xa7\xe4\xf8\xec\
\xd0\xefaY\xd6RW\xad\x15E\x93\x91\xf5,a\xe5\
\xf3s\x88I0\xd8z\x7f9?\xd1gi\x06J\xd3\
\xb3\xbe\x8f{\xef\xbb\x9f\xbf^r\x19\xd7\xdfp\x0bK\
\x96\xae`\xf4\xa8\xb1\x8c\x19;\xca\x8fEqC\x90\xcf\
\xd2\xef\x8d\xf8I\xd9\xc8\xd1Z\xa4\xe1\x96[n\xcd\x1f\
.\xfa\x0b\xd5\xd4\xe6r\xc7\x0f6x\x0f\x85:\x9d}\
\xba\xa0\xb5\xabVr\xfai\xa72q\xfc\xa8!\xb3<\
\xe4\xbfmT(\x81\x0c\xa6\xa5\xcb\xd7\xf1\xe5\xff\xf7\x0d\
j\x99\xe4\xd6S\xde\xaf\xa2Y\xf06\xbe\x84\x8e\x0f\xc9\
\xd5\xc2Va\xa4\x15\xb6\xd6\xcf\x17>\xfb\x09\xb6\x9d\xb1\
%*\x0c\xe4\x1cs\x86g\x87c\x9e\xbc\xb0\xf3O\xe4\
\xeem\x1dd\x0d\xc8s\x8d\xc1*\xf7\xc9oJ\x19\xb4\
\x12\xc1\xb4\xe7^\xbb\xd1V*s\xf3\xcd71\xbak\
\x1c\x91\x89\xb0\x99Dw;\xdf\xa6\x06\xac\x0c\xdc\xdc\xa0\
\x0e\xf5\x0a\x9d\x12\xba@N\x8f\x90\xa4\xf8w\xdf{/\
\xbd\xbd\x15\x0e;\xfc\x00\xefC\x15\x9e\x0fm\x1a\x0e\x8d\
\xf7I{<\xfd\x9cf\xc6\x8c\xa9\xcc\x9c\xb9\x1d7\xde\
x=i*\xc1\x9bi*t\xa7NOy\xbe\xf1\x8e\
\xd0g\xce\x97\x1b<\xe9%\x00[b\x9a\x84\x9eQ\x5c\
`\xf5\xda\xb5\xdcv\xfbm\x1c|\xd0\xc1\x8c\x9f8\x16\
B~*\xf5\xe2v\xe3\x06\xb5\xd6\x7fq\xce2\xaak\
\x14/\xbc\xb0\x9c\x07\x1ez\x84B\x5cB\x9b\x18\xeb\xcf\
\xb27\xc6\xd0_\xa9r\xcf\xbd\xf7s\xc5\x95\xd7\xf1\xfb\
\x8b.\xe1\xb2+\xae\xe3\xfa\x1b\xef\xe0\xc9\xd9\xf3Y\xb7\
\xbe\x9f\xf6\x8eN\x0a\xc5X\xb2;\xca\xf4\xbd\xf1@\xe9\
A\xf4\x91\xef\x16HS\xa8\xd52\x06\xaa5\xee\x7f\xe8\
I\xbe\xfb\xfd\x9f\xf2\xf9/~\x93\xab\xae\xb9\x91Uk\
\xfb\x89\x8bm8%\x91\x0d\x8e\x9c\x96\xe3\x8b\xaa\xd42\
L\xa1\x8d\xd1c\xc7c\x89\xb1\xce\xd4#\x12P\x92\xa9\
\xb2\xce\x8f\xfe\xc8x\xa3\xa1\xac\xaa\xac\x98\xff0\xb5u\
K\x89H\xbc6\xeb\xfb\xcb\x9f\xf0\xec\x9c\x84\x0d\x99(\
\xa2PjG\x99\x98%\x8bWs\xf3\xadw\xf2\xc7\xbf\
\x5c\xca\xfd\xf7?F\xa5\x06c\xc7M\xa4\xdcfpV\
\xa3tc\xd45/\xf3\xc4\x04\xd05\xa6\x93\x87\x1f~\
\x8a\xd9s\xe6R*\xb7\x8b\xf6\x96Kk\xb2!\x84\xf1\
\xe5\x00\x9bY\x06z\xd7\xb3\xdbn\xbb\xb0\xdb\xce;x\
%$\xbcy0\xdblT(9'1\xc7\xd7\xddx\
\x07\x17\xfd\xe9o\xb4u\x8c&\xf5\x06<!x\xa3\xc8\
\xfcgi\x5cC\xaa\xca\x9a4\xc3f5fL\x9f\xca\
'>\xfa>\xca\xc5\x90\x7f\xa9\xc1\x04\xad\x15\x1c\x0e\xc3\
\x09\xac\x0d\x09\xa5\xd6\xfa)/\x84\xfc\xaf\x22\xe8|\x82\
\xb1\xfd\xf6\xdb\x97\xd1\xa3Fs\xd3M7c\xa2\x98J\
\xa5\x8a\xb5NR\xad4\xb5;\x0c\xeaa\xbek1\xec\
\xd5c\x03Qhc(\x16K\xdcy\xfb\xed$\xb5\x8c\
C\x0f\xdf\x1f\x9d;\xcdv\xc3h\x94\x1fh\xa7\xbc\xca\
\x9ce\x19;l\xbf\x0d\xdbm\xb7\x1dW]}\x8d\xc4\
\xf8)\x998\xc2yr\x0d\x124\xd7\xb7\xa1A4\xae\
\x87\xefRoPF\x11\xc7E\x96-[\xce]w\xde\
\xc5\x11\x87\x1d\xce\x98qc\xc4\xe9T\xe5\x05\xf5\xcb\x03\
\xad\x14\xd3g\xcc\xe4\x0f\x17\xfd\x894\x13\xafB\x1d\x1c\
X\xfd\xc0_\xbcx\x19\x8b\x16/g\xc9\xb2\x95,\x5c\
\xb4\x84\xa7\x9f\x99\xcf\xedw\xde\xcd\xe5\x97_\xc9\xdf.\
\xbb\x9c\xe7\x9f[\xcc\xc4\xc9S\x980~\x0ch3\x02\
O\x06Ww\x1a\xc4o\xe5g\x99\xa3\x96\xa4,_\xd5\
\xcd\xa5\x97]\xc3\xe7\xbe\xf4u.\xf8\xc1Oy\xe8\x91\
\xa7H\x94\xa1X\xea\xc4Dr\xa8\xa6</<\x92\x1f\
\x03\xceg\xd8\xe8\xe9\xebe\xec\xb8\xf1\x94\xca\x1d\xe2s\
T\x0f\xf7\x11^T^p\x1a,\xb1\xb1\x14\xdd\x00\x03\
\xab\x17\xb2\xe4\x99\x87)\xb8*ZK\x12\x94`{\x0a\
\xe5k-\x1a\x10\xdakgD\x98\xa8@\xb9,y\xce\
\x9e}~\x11W\xcd\x9a\xc5\xa5\x97]\xc1\x9c\xb9\xcf\xd1\
\xd69\x9a\x09\x13\xc7K\x19N&jI\x17\x144%\
\x0b\x18\x0a\xe5\x0e.\xbd\xfc\x0at\x14{W\x93\x0d\x8d\
\xbd!\xa0$\x9dp\xadV\xa5\x5c\x8c9\xe5\xe4\xe30\
>G\xd9p\x18\x99PR\x8a\x1f\xfe\xf87<\xf9\xf4\
\x02\xa2\xa8H\xe6\x97$ub\xe7\x84@^\x8bQ\xb9\
\x80\xbeZ\xadF!2T+\xbd\xbc\xee\xdc39\xf1\
\xb8\xc3\xfd\x09\xab^{\xf1\xc3A\xe4\xff\xc6c\xa7\x86\
o\xd4\xf0B)\x8f\xc6\xf3\xcd\xf7+E}\x80\xed\xbf\
\xdf\x1et\xb4wr\xd3\xcd7\x812\x92\x16\xb5\x9e>\
$\xcc\xa8\x01\xad\xe5\xf9\x7f2\xac\xbd0\x90\x99F)\
$\x93a\xb1\xc4]w\xdeC\xa5\x9ar\xc0\x81\xfbb\
\x94\xf2\xcb\xc8\xc6L\x92\xff,\x08\x94\x12\x08\xf5ew\
P)\x99\x95\xb6\xddn\x1b\xb6\xdbv&7\xdcp=\
Iji+\xb7\xa3\xb4\xd8c\x1aE\xb5\xd67\xff\xdd\
y\xdb\x82j\x94\xeb\x84O\x95V\xc4\x85\x12\xcbW\xac\
\xe4\x8e\xbb\xee\xe6\xd0C\x0fbLW\x97oo\xa3^\
\xc3\xf5\xce`\x08\x1d\xf3\x9a2~yR\xa9\xd4\x18\xd5\
5\x86\xe7\x9e{\x81\xc7\x9fx\x9aB\x5c\x10\xa2z(\
%\xc7H\x99(\x96|\xda&\xc2\xc4\x05\xe2b\x1b\x85\
b;}\xfd\x09\x8f=\xf94\x97\x5cv%}\xfd\x15\
v\xddeW\x8a\xa5X\x04.B\x0b\x11\x04\xd45\xfe\
\xa0\x81\xd6\x92\x8c4\xcd\xa8\xa55\x1ey|>?\xbc\
\xf0\xd7|\xf1K\xdf\xe0\xa2\x8b/g\xc9\xf2\xb5D\x85\
v\x0a\xa569\x05\xc4\x89\x9f\x87\x08\xa1\xc6\xa4%\xf4\
\x10A%e\x8b}i}\xf7:F\x8f\x1dGT(\
`1\x92\x8b\xdd\xa7hQ\xceaT\x86\xd6)%7\
@m\xcd\x02\x9e\x7f\xea\x1eL\xb5\x97\x82\x01\x9cwW\
1\x1am\xc4\x0e\xa8\x94\xf6\x9e\xeb\x0e\x85\x01\xe7\xad}\
Y\x06Zl\x8b\xc5b\x89\xb8P\xa6\x7f\xa0\xc6\x83\x0f\
?\xce\xc5\x97\x5c\xc9\xcd7\xdfE\xdf@\x8d1\xe3'\
\xd1\xd6\x1eK\x1f(\x87MS\x22\x1d\xa3\x8db\xca\xd4\
-\xf9\xcb_\xffF__\xd5\xfb\x22\x8d\xbcgAr\
\xf5+%\xbbq\xdd=\xebx\xfd\xb9g\xd1\xdeV\xca\
w\xe3 lT(\x81\xa2\xaf?\xe5+_\xff.\xfd\
\x95\x14e\xe4(\x96\xc6\x92@:\xa3\x91\x03\xdb3\x97\
\xff\x1bv\x22\x9c\x93\x1d\x04\xe5j|\xfes\x9fd\xab\
)\x13\x0712\x9e=\xf1\x03y8\xb4>\xd3\x8c\x91\
\x09\xa5\x80P\x07Y\xa2\x84\xd9J>\xdb\xcc\xb1\xdf~\
\xbbS(\x94\xb8\xf1\xc6\x9b(\x14Kh%\xd9\xab\xb3\
\xaca#\xf3%\xf9\xf6\x87r\x1b\xbf5\x04\xb5\xd4K\
b\xb9\xc0\xa1\x89\x0b\x05n\xbc\xe9F*\x95\x01\x0e;\
\xec`Ip\x96\xd3\x986\xdcV\xea\xc38\xa8\xc4\xc2\
\x00\x96\x1dw\xdc\x96m\xb7\x99\xc9\xd5\xb3\xae\xc5!y\
\x92\xac\x8f\xc9\x0a\x13A\xe3\xf9\xbcp\x0d\x08\xef\x95\xdf\
\x5c\x8b\x8d).\x94Y\xb8p!\x0f=\xfc G\x1c\
q\x14c\xbb:r\xc2wS\x84Rxwh\x87\x88\
\xd9\xcc*t\xa4\xe9\xef\xaf\xf2\xc8\xe3O\xf3\xe0C\x8f\
\x11\xc5\x8d\xe8\xf5\x06\xaf\xc9\xf3\xe2\xf7\xa3\xc5yO)\
\xd2\xd4a\xa2\x22\xa5\xf6v\xac3\xdc|\xf3\xcd\xdcy\
\xd7\xdd\xec\xbf\xff~\x8c\x1f\xd7\x05!\x8eM)/\xd4\
E\x8bM3K-MY\xb8h%\xbf\xfb\xc3_\xf9\
\xfcW\xbe\xcdw\xbf\xffc\xee\xbe\xffa\xfa*\x19\xa5\
r\xa7l\xf4x\x17\x10\xe77\x15\x14\x8dT'\xf8>\
\xd7\xfe\xfc\xc1\xa0\x01\x15\xa2\x08\xed2*\x95~\xd6\xae\
^M{[\x1b\xedm%\x22g\x89T\x82\xb1U\x8a\
*\xa1\xe0*\xb8\xbe5\xacZ\xf84K\xe7>\x82\xa9\
\xf6P \x93(\xca\x90\xbb\xc9\x89\x18\xcf\xb2\x04\xad$\
\x0eR+\x09S\x09\xbc\x5c(\x14\xd0F4d\x13E\
(\xad\xd1:\xa6Pl\xc3D\x05^X\xb2\x9c\xebo\
\xbc\x81K/\xbd\x9c\xc7\x9f\x98\x8d\xc30a\xc2\x04L\
\x5c\x02e\xb0\x16\x0aE9\x09\xe7\x81\x87\x1e'.H\
f\xca\x8d\xf3d\x03\xce\xef\x9c:\x05\xabW\xad\xe0\xe8\
\xc3\x0fa\xe6\x8c-_\xbcPr\xde\xc0\xf8\xe8\xe3\xb3\
\xf9\xc1O~I\xa1\xd4Y\xb7\xa7\x04\x0dH;\x9f\xeb\
8\xc7(J\xc9\xce\x81u\x0e\xe3\x85\x95\xc5\x91\xd9\x1a\
\xdb\xcf\xd8\x8a\x8f}\xf0\xdd\x14\xe2\xc6Z\x9b\x1ckJ\
\xe6\xec\x0d\xd4x\xa3\x08D\x1bi\x19\xadB\xac\xf1]\
y\x87\xc1\xfd\xf6\xdd\x8b8\x8e\xb9\xed\xb6\xdb\xd1&\xc2\
)\x851\xb1\x8f\xe7\x91\x99*\xb4=\xd8_\xf2\xc6C\
\xf9\x1e\xca\x94\xd9\xd491\x00f\xd6\xd1V\xee\xe0\xde\
\xfb\xee\xc7Z8\xf8\xc0}\x00\xd1\x98F\x82FK\xe5\
\x93R2@p\x8a\xedw\x98\xc1\xb4i[r\xfd\x0d\
7P\xab\xa5\x18\x7fL\xb3\x9c\x92\xd2pXuN2\
.*\xc0\xd5\xeb\x1a\xde\xef\xdf\x10\xfa\xd5\x06\xadBl\
c\xcb\x96\xad\xe4\x81\xfb\x1f\xe4\xd0\xc3\x0ee\xf4\xe8v\
\xd9y\x1cY\xd5=|\xf99!\x93ZGj\x15\x8b\
\x96\xae\xe6\x8do~7W\x5cu\x03\x85R\x1b.\xd4\
!\xe7\xa6\xe1\xbc\xe6\xe0\xbc\xaa\xe3|\xff\x1b\xaf\x19f\
\x99\xc3)G\xb9m\x14\x8b^X\xc2\xad\xb7\xde\xce\x9e\
{\xed\xc3\x94\xc9\x13PJa\x1d\xa4\xa9hF\xb5\xb4\
\xc6\x03\x0f=\xcdw\xbf\xf73\xbe\xf8\x95\xefp\xe5\xb5\
7\xb1d\xc5\x1at\xa1\x8d\xa8P\xc4\xf8c\xa0B\xbd\
\xad\xb5d\xd6o\xf3\xe3'5k\xc1Yl\x96\xf8\x15\
E#\xc1\x9bs\xb2\xbc\xd2Xl:@\xf7\x8a\xc5T\
\xbbWbj\xeb\xa1\xb6\x1e]\xe9&Y\xb7\x8c\xee\xc5\
\xcf\xb0\xea\xd9'\xe9[\xb9\x90(\xeb\xa7\xa0,\xc6\x81\
8\xd3\x84\x10-GZ\xabR*8\x8c\xb6>\xb1\x9a\
B\xeb(l\xa0\x09\x1f\xf9\x14\xd0Yb\xb1\x99\xf8N\
\xe1\x97\x8c&\x8e(\x16\xdb\xa8$)O\xcfY\xc0\x15\
W]\xcb5\xd7\xde\xcc\xf2\x15\xab\x988y*]]\
r\xaa\xce@5\xe3\x8a\xab\xaeG\xc7\xc5\x11\xd8\xe4\x02\
\x1a\xbc\xa5\xbd7\xfe\xc0@/;\xce\x9c\xc1\xa1\x87\xec\
\x0f0\xac`\x1aR(\x05\x02fV\xac!\x17\xfd\xf9\
Rn\xbd\xfd\x1e\x7f\xdcp\xf3\xbd\xa1\x5c\x17:%0\
\x977\xf2\xd9,\xf3\x09\xd5,\x95\xde\xf5\x9c\xff\xda\xd3\
9\xee\x98C\xfd,\xd5\x5c\x16\xb9\xf2^<\x9ag\xde\
\x8d\xa3\xf5\xfe\xbcP\xf2\x83$\xcb8\xe8\xe0\xfd\xe8h\
\xeb`\xd65\xd7\x13\x17d\x19\x91y\xbf\xfe \x88\xf3\
h|\x95\x0f\x0d;T\x10\xdc~\x93@C\xa1Pb\
Tg\x17\xd7]s\x0dm\x1d\xed\xec\xb7\xdf\x1e\xe0\x06\
/\xe5F\x06\xd1\xd6\x14\x80S\xec\xba\xebvl\xbd\xf5\
6\xcc\x9a%\xbbrNi\x9f\x1bZ\x8e\xf7\x0eE\xcb\
a\x93b\xe3\x18\xee}\xf9vj-\xe5\x14Ke\x16\
\xcc\x9f\xcfC\x0f>\xc0q\xaf:\x96\xf6\x0eQ\xcd7\
4\xb1\x0c\xd5\xa6\xf0=0\xf1\xbc\xe7\x96r\xf6\xb9\xe7\
\xf3\xe4Ss)\xb7\x8d\xc6\xe5v\x12\xc3\xfdbK\x91\
\xeb2I\xaa\xbaP\x12\xc1\x18\xea\x1a\xa1uD\x14\xc7\
\xacY\xb3\x8e\xdbn\xbb\x95\xa3\x8f>\x86r[\x1bi\
\x96\xb2bU/\x7f\xb9\xf8r>\xfd\xb9\xafs\xc1\x0f\
\x7f\xc6C\x8f=E\xea\x0c\x85\xf2(\xa2\xb8@T(\
\x88cd*\xf9\xb7\xc4\xdfHS(D\x18\x9f\x96\xc3\
\xa6)\xd8\x94\xa4\xdaGl\x1c\x13'\x8e\xa3o\xfdz\
\xbf\xf3\xa6IS\xaf\x81#\xcb\xb4HYb,\xb5\xfe\
\x1e\xbaW/c\xcd\xf2%\xac]\xbe\x88\xee\x95\x0b\x19\
\xe8^N\x94\xf4SP5\x22\x7f\xd0F\xd8fWF\
v\xb2]\x92P\x1b\xe8\xe1\x1b_\xfb<\x1f\xfa\xc0{\
\x18\xdd\xd9N\xcf\xba5\xac\x5c\xb9\x9cZ\xb5\x82Q\x10\
iM\xad*1\x84IR#\xcb,\x99?\x04C\x02\
\x9d\xb5\x18\xd7\xb5!\x8eK\x98\xa8\xc8\xeau\xdd\xdcq\
\xd7\xdd\x5cz\xc9e<\xbfp)S\xa7n\xc5\xe4)\
S\xf9\xdb\x15\xb3\xa8\xd6\xd2\xfa\xae\xe2\xc6\xa1\xea\xf4w\
\xce\xe1ph2\x5c\x96\xf2\xfas\xcf\xd8\xa0\xfdT\xb9\
\xd0\xcb-\xb0\xd6\xe2\xd0\xa48N9\xfd|\xeey\xe0\
)\xda:\xba\xd0\xce'\xdf\xaf\x97\xd9\xec\xbb\x90G`\
\xa2b\xb1H\xa52@Z\xed\xe1\xd2?\xfd\x9aC\x0f\
\xdc\xcb\x1b,[\x9fx9\x10\xea3R\xe25\xdf/\
~\x1b\xf8]\xa7\xc6R!\xb3\xe0\x94\xe2\xdb\xff\xfdS\
\xbe\xfd\xdd\x1fRh\x1bKZw\xce0u\xd5:_\
\x9e\x0c4\xf9.F\xd0\xbc\xa8\x94\xa5\x94\xb5x\xc7@\
\x8bM\xabd\xd5>>\xfe\xd1\xf7\xf2\x81w\xbf\x99\xc8\
\x18\xa2h\xa4\xed\x18\x0c\xe7\xdd9\x9c\x82K.\xbd\x9e\
\x0f|\xe8\x13$6F\x17\xcbh\x1d\x91$I#\x99\
\xd70\x9dQ\x9fl\xea\xae\x0d^\xa0\xd8\xe05n\xc9\
\xb2\x94\xda@7\x87\x1e\xbc??\xbf\xf0\xdbL\x18?\
\x8a\xd8\x18\xc4\x14=\xb2\xfa\xcb\xfe\x96x\x93\xaf\xefO\
8\xed\xcc\xf3y\xf0\xd1'\xe8\xe8\x1c\x832\x92\xa4_\
\xe8\xeb\xdf\x9fI,\xa5\x0cY\xe1I\xad5NY\x99\
\xf0Z\x0c\xb2\x8d@Q\xe8^\xb7\x8a\xd7\x9e}*o\
x\xe3y\xfc\xe67\xbf\xe7\xce;\xeff\xf9\xaa5\x98\
\xa8H\x1cG\xe8\xa8\x00^\x13j\x08\xcb\x86&\x979\
\x8b\xf6\xb6\x22k\x1d\xd8\x84\xa4\xd6\xcf\x841\xa38`\
\xff=y\xe3\x7f\xbc\x91\x9dw\xde\x99\xb7\xbc\xe5\xbf\xb8\
\xeb\xde'\xe9\xe8\xec\x22\xf5g\xaa\x19%qqZk\
\x7f\xd6\x1a\xde\xd3\xd9\xf3\x87\xcb|n\xf8`e\x93w\
\xe3Cp\xb2\xcc\xa1\x5cJ\xa5w-o\xfb\xcf\xf3\xf9\
\xf2\x97>)\xa9T\x8c\x22I\xe0\x91G\x9f\xe4\xf2+\
\xaf\xe2\xc6\x9bnc\xc1\x82\xe7\xb1NQ(u\x908\
\xe5\xf3#\xc9i\xd3\xa1\x0e\xe2\x9b\xa6qN\x1c$\x95\
Q\xe2\xf3e-\xb5Z\x85\xd1\x9d\xed\xec\xb2\xcb.\xcc\
_\xb0\x98\xee\xee\x1e\x7f\xf4\x97\xd7\x82<\x9d7\x06\xc9\
\x96\xe0\xb0\xb5\x01F\xb7E\xdcr\xe3\xd5L\xddb\x1c\
\xf1\xe0\xe4\x16\xb0!\xa1\x94\xf9\x13\x14\x9e]\xb8\x92\xc3\
\x8f9\x01\xabJ\x98\xb8DV\x93-\xe0F\xd0\xed\xd0\
B)t\xa6\xf2v\x8eZ\xa5\x8f\x19[m\xc1\x0dW\
\xff\x85\xd1\x1d\x92\x8e\x22\xcf4/\x1f6M(9'\
\xeaw\xe3\xfe`s\xf9\xff\xec\xbdw\xbc$E\xd5\xff\
\xff\xae\xea\xeeI7o\xdee\xd9%\xe7\x9c3\x82\xa2\
\x181\xa2`\x02\xc9I\x82$Q\x82(\xa8(\x92s\
Nb\x00ET\x10E\x10D\xc9H\x8eK\xda%l\
\xde\x9b'tw\xd5\xef\x8f\xaa\xea\xe9\xe9;s\xef]\
\xc4\xef\xefy|\xf6\xf3z\xcdkf:TWW\x9d\
:u\xea\xd4\x09#w\x93\xc2H\xa1\x85\xe4\xa7\xe7\x5c\
\xca\x99?:\x97\x8e\x9e\xa9\xc6\x90\xd0\xd8\xf6\x03\xa4\x5c\
0FgJ\xe9\xe7J)\x89\xe2\x18\x15\x87Hb\x06\
\x96-\xe4\x87?\xf8.\x87\x1d\xfcU<\xe9\xe3{\xff\
^;E\xb1\x09\xbd\xf2\xbb\xdb\xff\xcaA\x87\x1d\x83\xf0\
\x0a\x08i\x5c\x16\x94\x0bP\x9f\x89\xf4\x90\xfcv}\x94\
,\x8fl\x9fj\xa3\x5c5Kts\xd9\x92\x85o\xb1\
\xfb\x87w\xe4\x9a+.\xa2\xa3\xa3H\xe0$\xb6\x14\xea\
\x83;s\xdc2\xa5H)\x8e;\xf1\x07\x5cz\xd5M\
ttN\x82dg\xa9\xbelQZ\x10\xe1\xa3\xb4$\
\x96\x01A\xae\x80\x94\x1eQ\x14\x12\xc55<\x1d\xe1\xe9\
\x18_j\x88#\x1b\xcf\xc7\xd0\xb4\xef\xfb\x08\xadPq\
\x15\x15\x86\x94\xab\x11\xf9b\x09/\xc8!\x84\x09c,\
\x84\xd5\xec\xa7h\xd4\x17f\x19\x16\xaa\x908\x0e\x8d\xd3\
\xb5\x0a\x89\xe3\x88\xb5\xd6X\x85\xcf}\xfa\x93|\xfe\xb3\
{\xb0\xca\xec\xc9D1H\x09\x0b\x17\xf6\xb3\xf7W\x0f\
\xe0\xc9g_\xc4\x0bJ\xf8A\x8e(\x8a\xf0\xfd\x5c\x9d\
N\x9d4l\x15\xe5\xf5\xa6q\xcc\xb0\xce4\xb4\xd6\xa8\
(\xa4R\x1e\xe0\x8b\x9f\xfd(\x17_\xf4\x13\x02\x01\x9a\
\x10O\x18\xe9\xd7M\x8b\xe5\xb2\xe2\xb1\xc7\x9f\xe2\x8f\x7f\
\xb8\x93\xbf=\xf0\x00s\xde\x98kv\xd0\xbc\x00\xcf\xcb\
\xe1I\x93\x85EkM\x14)<\xcf\xb8\x808\x95\x82\
\xc4CH\x8d\x8ec\xaa\xd5*\xf9|!q\xf7\x19\x9f\
\xcf\xa1L\xde1\x8a\x22\xa3\x98\x17\x8a\xa1\xa5\x0b\xb9\xee\
\x9aK\xf9\xe4\xee\x1f \x9fk>F\x9b.\xdfH\x88\
G\xf2\x97{\xff\xc9/\x7fu\x1b\x85R\x07\xda\x8a\xc7\
vm`?\xad`\xd6\xfb\xa62\x82\xcap\x1f\x9f\xfb\
\xcc'\xf8\xe8\xee;'K\x85f\xc4i^D7\xc8\
\x14\xcb\x07W\xa7\xf1\xdd\x9f%\x82d&N\x14\xd7\xf5\
o)L\xf1\xdbl\xb3%Q\x14\xf1\xd0\x83\xff\xc4\x0f\
\xf2\xc9\xae\x84n\x88:\xe8\xde\xcf|\xdc\xaf\xe4iV\
\xac7LP\x19\xfd\x94\x04\x90\x14\x8a%\xfe~\xbf\x89\
W\xb5\xf9\xe6\x1b&K\xb94F\xbc\xe5\x88\x03u\x98\
\xad^Xg\xdd\xd5\x98>}%\xfer\xf7\xdd(%\
\xf0\xec\xce\x95\x1b\xec\xcd`l\xd2lDQ!\x10\xd2\
\xd8\xfc$\x0c\xcb\xd2\x09Hr\x85\x22s\xe6\xbc\xc6K\
/\xcfa\xd7\x0f\xecD.\x1f$\xcao\xd7\x86\xcd\xfb\
\xdc\xb4P\x1c\xc3\xe3O\xbe\xc4\xb1'\x9c\x0c\x9eI1\
\xeey>q\xac\xf1<\xdf\xe88\x11\xd4\xf0\x89\xf3\xdd\
t\xceX\x87\xc9\xaboL\xcf*\xeb\xd23sM:\
WZ\x8d\xb6\x9e\xe9h/O\xb9ZE\xc5\x11>:\
\xb1\xa06\xefh\xea\xad\xb5@x\x81\xd9\xbc\xf0\x8di\
J\x14E\x08\xcc\x8eQ\xac\x95\xc9\xe2\x8bg\xf4\xa2*\
\x22V\x11QXE\xc75:K\x01;\xee\xb09\xdf\
\xfd\xf6\xb78\xe5;\xdf\xe2\x03;n\xc9\x84\xae6\xa4\
\xb0)\x8f4tv\xe4\xf9\xe8\xc7v\xe7\x99\xa7\x9e\xe4\
\x8d\xd7\xdf\xc0\xb3\x91)\xb5\x9d\x08\x84\xddL\xb1U\xb2\
4\x94\x9a\x10,}\x0aac|iEep\x19_\
\xfa\xfc'\xb8\xf0\x82\x9f\x10\x08\x8d\x90\x1a\xcf\xaa\x03\x5c\
\xd3J\x01\x81/Xe\xd6t>\xbc\xdb\x8e\xec\xb5\xe7\
g\xd9p\xfd\xf5(\x97\xfbY\xf0\xce;T\xca\xc3F\
\xcf\xa4c\xebm\xa0\x88\xac$)\x84Q\xb9\x98an\
\xcc\x04\x82 \xb0\xde\xffi\xc7\xf9Q\x08\x0e\x92\xf3\xc6\
\xd7\x0d\xabk\x94\xd4\xa2\x1a\xd3\xa6L\xe4C\x1f\xd8\x11\
\xcf\xda\x8ee\xd1\x92)\x81Y\xae\x5c~\xe5\xcd<\xf3\
\xfc\x1c\xbb\xfe\xae\xfb\xee@\xebY\x0f{.\x0cC\xfc\
  \x8ek\x10V8\xee[G\xb0\xc6*+\x9b\xfc\
\xf4)\x03\xc6\xcc\x9d\xf6\xbb\xd9\xb9\xf1`y\xef\xcf^\
_\xff\x9ffH`\x88EZ\x03\xb2\x1d\xb6\xdf\x96\xde\
\xde^\xee\xbd\xef~\x8a\x85\x82%67N\x1b\x99\xea\
h\xed\xe5\xfe\x0ai\x12N\x0a\x09\x9eg\xac\x82\xff|\
\xd7\x9f\xc9\xe5\xf3l\xbd\xf5\xa6Hall\xb2\x18q\
h\xc4\x01\x03gz\xb2\xe1\x86k3y\xca\x14\xee\xbc\
\xf3O\x08\xe9\x1b)\xcf\x9ad\x90\xaa\xab\x83a8$\
\xed\x22d\xfd\xfd\x84]\xf6\x09!\xac\xfeT\x10\xe4\xf2\
<\xfe\xf8c,X\xb0\x80\x8f|\xf8\x03H\xeb\xdc\x9c\
]\x1e\xa6\x850\x07%4\xdf9\xf9\xc7<\xf5\xdc\xcb\
\xe4\xf3%\xa4\xe7%\xf9\xd0\x00\x22%)+\x9fB\xcf\
J\xac\xbe\xf1\xb6t\xad\xb4\x06\xb2m\x12*\xe8@\xfb\
%\xb4_$\xdf\xde\xcd\x84)\xd3\xe9\xee\x99H\xad\x12\
2<<h\xd4\xc3J\xe1[\x03U)%\xbe\xf4\xcd\
+Y\xbb'\x952s\x01\xf0\xa4q?UQ\x08*\
&\x0a\xcb\xc8\xb8\xc6\xac\x95\xa6\xb0\xf7^\x9f\xe5G?\
8\x95\x03\xf6\xdf\x9b\xb5\xd7\x5c\x95B`\x96\x85\xc2J\
\x86\xc2\xb6\xb7\x8ac\xdaK\x05>\xf9\xc9O0\x7f\xfe\
|\x1e{\xf4Q\xa4'\xc9\x15r\x84\xa1\xd9\xbdu\x1b\
G\xa6\x9d\x1d#2\x0d\xe3\xea\xa2\xb5F\xc5\x11\x1dE\
\x9f\xa3\x8f<\x88S\xbes\x1c\xc5\x9c\xc9\x90kL\x1b\
\xdcS\xebu\xc0.l\x85\xd0\xe4r\x01\xeb\xac\xbd:\
\x9f\xd9\xe3\x13|d\xb7\x0f\xd3\xd5\xd1\xc6\xe2%\x0bY\
\xbch!aT\xc6\xf7\x03\x84\xd0\xa8H\x11\x85\x11\xb9\
 \xb0:O3\xc9\x1a\x86n\xc6\xabs\x22\x96\xf6\x89\
\xf5Efsh\xec\xb8\xc0\xbe\xab\xd2T\xca\xc3\xec\xf9\
\xd9OQ(\x06\xd9\xcb\x81\x16\xcb7mu(}\x03\
5>\xf4\xd1\xcf1\xef\xdd\xa5\xe4\x8b%\x9b#\xcc4\
Z\xf6.7\x80\x1d\xb4\xd6T\xabU\xda\xda:\x88j\
CL\xe9.\xf0\xd7?\xff\x8e)\x13;\x11D\x08a\
\x17\x94#\xdei\xf9\x96_#\xb1\xbc\xf7g\xaf\xcf\xfe\
\x1f\xc9L\x5c\xfb\x84\xb1\xe0\xa8o\x9d\xc8/\x7f\xfd{\
J\x9d\x93\x89\xb5\xd9\xad3\xd77\xfa7\xa5\xe1\xdc\x1f\
\xcc\x1f\xb3\x1cv\xcf0\xe1A4\xa0QQ\x8d\xb0<\
\xc0\xc9'\x1f\xcf\xe1\x07}\x85\xc0\xf3\x92\xa5\x9c\xb9\xc2\
\xf8\xd9-\x0f\x8cn\x0c.\xbf\xea\x17|\xe7\xe4\xef\xe3\
\xe5\xbb\xc8\x17\xdb\xd1J\x10FU\xb0\x84\xec\xde_7\
aTi\xb8~wN\xc0R\x82&\xa26<\xc0\xc7\
?\xba\x1b?\xfd\xd1)L\xe8i'\xf0\x1a}\xa2\xb2\
s\x81\xd2\xf0\xc6\xdc\xf9l\xbb\xd3\xc7\xa8D\x1e\xb16\
A\xf3\xf2\xc5\x1c\xda\xae\x17\xca*\x8f?aeV\xdf\
p\x1bt\xb1\x9b\x9a\xf2\x88m\x8c\xab:\xfd\x99L\xc3\
9\x11\x91\x8b\xcb\xbc;\xe7q\x96\xbe5\x87\x02\x15|\
a\xa4\x03\xad5\x9e0KBe\x9d\xc1\x1dspz\
$\xadcT\x14\xa2\xe2\x90\x89=\xedl\xb5\xd9\x86|\
z\x8fO\xb0\xdb\x87>@WG)\x91`\x1cZ\xb5\
\x90\xb6\xc6\xc7\x91\x82?\xfc\xf1/\xfc\xe8\xa7\xe70\xe7\
\xb5\xb7\xf0\xbd\x92\xd1\x95\x09a]?\x94\x092(\x9d\
\xee\xac\xbe\xfc\xd7qD\x1cU\xb8\xe0\x9c\x1f\xf3\x85\xcf\
|\x08)b\x93z=\xd5\xfe-\xfbH\x03\xda\x84A\
1\x12\xa2Y~\x0d\x0d\xd6\xb8\xef\x1f\xff\xe4W\xbf\xfe\
-\x0f>\xf4(\x8b\x97\xf4\xe1\x07\x05\xa4W0n:\
\xce\x1e\xcf\x19I\xa7\xd44\xeey\xd91\xdf\x0c\xca\x1a\
\x93\x0a\xbb\x81\x11\x865\x02Y\xe3\xaf\x7f\xbc\x85u\xd7\
\x5c\x05\xcf\xce\x0d\xe9\xda7\x95\x94\xb4\x16(-\xf8\xd7\
S\xcfs\xc9\xe5\xd7\x90/\xb4A\x92&\xa6NX\xd9\
\x81\xea*\xe9l\x98\xcc.\x05\x94\x87\xfa\xd9u\xe7m\
\xf8\xca\x97>\x0d\x18E$$\x06\x15I\x19\xb6$\xfb\
\x9d=>^,\xef\xfd\xd9\xeb\xb3\xff\xed\xbfT=\xcd\
o\x13~\xe2\xc3\xbb\xed\xc6\xbcy\xf3x\xe4\xd1\xc7(\
\x16\xdb\x88U\x8c\x91\x22\xea\xf7\xa6\x97G\xa63I\xca\
\xcf\xce\x90nY\xe7,\x80=\xdf\xe7/w\xfd\x99I\
\x93\xa7\xb0\xc9\xc6\xeb\x81\xdd\xbd1%\x8c\xb6\xc7\xd5\x1c\
R\x98\xf8>[l\xbe\x01]\xdd\x93\xf9\xf3\xddw\x9b\
\xa5\x912!5L?\xbaz\xd5\xd1\x92\xe8-\x9c$\
$<\x81'|\x82\x5c\x91G\x1f}\x84\x17_|\x81\
\x8f\xee\xfe\x11\x8a\xf9\xc0\xce\xdc\x99r\xec\xdfXi~\
\xf7\xfb?s\xeb\xedw\x91\xcf\x9b\xb8CA\x10\xe0I\
\xb3m\x1fj\x89l\x9b\xc0j\x9b\xecHT\xec\xa1J\
\x8e\x88\xc0\xd0\x90\xb1\xd22\xdf\xd2C)A\x8c\x07\x9e\
OOw7C\x83}\xd4\x86z\x91\x22F\x22\x8d\xcd\
\x96\x95\x8c\xb4u\xf4\xb5\xe1!\xd1qHT\x1b&\xf0\
a\xa3\xf5\xd6b\xbf}\xf6\xe2\xb4\xef\x9e\xc07\xf6\xdd\
\x8b\x0d\xd6]\x93R\xc1G\x0ac\xdcY\xa7\x98\xd6\xc6\
\xbe\x8eV<)X}\x8d\xd5\xf9\xf2\xde_d\xcd\xd5\
W\xa7\xaf\xaf\x97\xa5K\x1610\xd0\x87R5TX\
\xb3.4\x02\x5c\xff[+o\xa5\x15C\x83\xbd|p\
\xd7\x1d\xd9d\xa3\xb5\x09$\x80[67i\xd3,\xdc\
\xeaF\xbbm\x01\xc8\xe7}V[m6{|\xea\xa3\
|\xeaS\x9fd\xa5iS\xe9]\xba\x84\xf9\xef\xbeE\
\x18\xd6\xf0\x85\x11\xb94\xca\xd8@\xa5t\x8ec>/\
\x0dw\x8f\x1d\x07\x9e\xe71\xd8\xdf\xcb\xd6\x9bm\xcc\x06\
\xeb\xade\x13[\x8c\x83)\x09af\xbc\xdb\xfex\x17\
\x7f\xfc\xd3_\xc9\x17\xdb\x93\xdbLC\xb8\xdf\xf5\xa2\xb2\
\x8c\xca\xccB\x8a \x08\xa8U\x069\xf4\xc0}\xd9x\
\xa3\xf5\xacV\xca0\xa3\xe6\xa1\x0c\x9a3\x85\xf1cy\
\xef\x17\x99k\x1b\xffkl\xa7\xa6\xae\xd0\xd60\xce\xb4\
\x93`\xa7\x9dw\xe4\x85\x17^\xe4\xa5\x97_!\x97+\
\x18[+it \x86xF\xb6\x97i\x02\xf7_\xa4\
\xae\xd3\x86\xcc\xb5\xf9-\xbd\x00?\xc8q\xef_\xef\xa5\
g\xc2$6\xd9d]\xb42\x99FF{\xc3\x84x\
\xb2\xcda#\x01h\x05\x9bm\xba>Rx\xdc\xf7\xb7\
{\x91^\x80\xf0\xac\xdb\x8fY\xa3%3%\xd9\xba\xdb\
\xf2\x81D\xc7\x94\xbc\x8f\x99\x92\xd1Z\x91/\xb6\xf1\xe2\
\x8b/1\x7f\xfe|v\xddeg<i\x0cC\x93\xba\
\x09\xec\x5cjL\x11.\xb8\xf8J\x9e}\xeeU\x84\x9f\
7\x99r\x03\xbb\x9c\x92>5\x0aL[}}JS\
WeX\xe7\xcd\xae\xa2v\xeb\x08\x9b)X\x08\x84M\
=.\xb0\xcb\x22\xdf#\x9f\x0f\xe8]\xf86\xbe\xae&\
\xcc#=\xc3K\x14a\xb5\x02q\x85)\x93:\xf9\xdc\
\xa7?\xc6\xf7\xbe{<\xc7|\xf3`v\xd8a3&\
O\xe8\xc4s>j\xb81`\x7fCs\x86d\x8bw\
&\x0a\x02\xb3\xa4\xcb\x07\x92u\xd7[\x83/|\xf6\x13\
|\xfe3{\xb0\xc5\x16\x1b\xb3\xee\x9a\xab\xb1\xee\xda\xab\
\xb2\xe6\x1a\xab\xf0\xe2\xcb\xaf\xa0bc\xa0*\xa5\x89\xc5\
$\x85 \x0akL\x9f2\x99\x8f\xec\xf6\x01\xebj\xd2\
8\xb9\xb5\x84\xa9\xa0\xf9\x99\xd1\xe9Iit=]]\
ml\xb5\xe5&\xec\xf5\xa5/\xb0\xc3\xf6[\xe1K\xcd\
\x82\xf9\xef2\xd0\xd7\x8b\x02|?\x97LVH\xa3_\
4q\xd8Ej\xbc\xb5\x82\xb9.\xd1\xb5JA\xb5R\
f\xd5Y3\xd8e\x97\xed\x01\x10\xc2\xbc\x8fa^\xa2\
\xf9\xf2\xcd\x04\x91\x17|\xe3\x80\xa3\xb9\xf5\xf7\x7f\xa1\xb3\
{\x12:\xd9\x1dh\xde\x08\xd9b\xb4\xd6D\x91\x89\xff\
\x12\xc8\x1a\xf7\xdcy+\xeb\xad\xbd\x0aZ\xd9-\xcfD\
<m\xbc'\xbd{\xf5\xde0r\xf9\xf5\xef ;\xa6\
I\x0dxm\x8dB#\x05\x95\x8af\xff\x83\x8f\xe0\x8e\
;\xee\xa1s\xc2\xd4d)\x17E5<\xcf$\xaf\x94\
v\x866\xc8\xd6\xcf\x1cw\xe5j\x17\x02\xd8*2\xc3\
j\x99\xa8:\xc0\xf9g\x9f\xc9^_\xfa\x14\x9e\x90\xe3\
\xdb\x95\xcb\xbe@\xea\x7fl\xe2y\xf1\x93\x9f]\xc6\x19\
?<\x87\xb6\xce\x1eb<\x94\xb6\xfeW\x9eG2\xd3\
\xa5\x98SC_\xdbp\x16.T\xb0#|\x0dh\x15\
\xe1\x09X<\xffM\x0e9h\x1f~x\xc6I\xe4\xfd\
 \x13\x15\xc1\x98\x9e\x841|p\xf7\xcf\xf2\xf8Ss\
\x90~\x11_@\xa1P F\x13\x92#,Ld\xdd\
\xadv\xa5R\x98H\x95\x82\x09Ol\xa3\x84\x0a!L\
P5,\x93\x04\x93n]h<\xa1(\xea~^\x7f\
\xf4O0\xb0\xc0\x84\xfeP1\xda\x0e\x92(\x0aAU\
Y{\xf5U\xf8\xea\x97\xbf\xc8g?\xfdq&N(\
\xd9\xe5\x06V\x12\xb3I\xb7\xcd\xa84\xe5\x8f\x05\x9d!\
\x1aw\xd8\xd1\x8e+\x9a\xfa\xd6z5\x82mv\xf8\x18\
\xaf\xcf\x9bO\xbe\xd8f}\xd9\x8c\x19A\xb5<\xc8\xd6\
[l\xc8\x1fn\xbb\x06_\xa8\xd4\xb2}\x9c\xf5\xc9\xc0\
\xf5aBoB\x99\xb2\xb4Y\xa8-\x5c4\xc0\xdd\xf7\
\xdc\xcf\xefn\xbf\x83\xe7_x\x99w\x17.\xc2\x0f\xf2\
H\xbf`\x94\xde\xc9\x16\x5c}Y\xd7\x0c\xdaE\x1ep\
\xe3Z\x0a*\x83\xbdl\xb5\xe9\xba\xfc\xe6W7P\xc8\
\x09<\xdf\xec\xf6\xd9\x1b\x9a\xbd\x91\x09GQ\xa9i\x9e\
}\xf1%c\xb9\xec\x1cpG\xb0\xafF4ra\xcb\
\x95U\x95\xd5V\x99\xc5\xac\x95W2;\x13\x9e\x8d\xe5\
\xdb\x84\xb95;\xb6\xfc\x90\xef\xb9\xa3\x9aA4\xa7-\
\xdb\x19&\xef\xbd/\xa1\xbd\xe8q\xd9\x85g\xb3\xd3\x8e\
[S\x1eZF\xe0\x19E\xa4\xe7\x05\xf8~\xce\xe4\xbf\
\xab\x9b\x03\x8f`\xe2\xae\xde\xf5\x81m\x19\xb42\xd6\xb7\
\xd2\xcf\xe1\xe5J\x9cx\xf2\xf7\xf9\xe5-\x7f\x22R*\
\x89`9\xead\x95\xbc\x80\xa9o\xfa\x85\xa4\xcd\xb1u\
\xec\xd1\x07q\xe2\xb7\x8e@\x85CH4\x81/M,\
\xa6\x06\x86T\xaf_C\xdd\x93X\xe0\xca\xf8vY3\
\x01\x01FW\x82\xa0g\xf2\x0c\xae\xba\xe6\x17|\xef\xfb\
\xe7R\x8b\x22\xc2\xc8\xd0\x93c\xd0ZC\xb9\xa2\xe8\xef\
\x1b4\xff1:\x8d\x18\x81\x87Q%\x14\xda{\x90\xf9\
\x12\xb1\x0b\x91\x82J\xdaS\xeb\x18%\x14\xca\x06\xd7\xd3\
\xda\xaa\x05\xa40\xd9?D@\xb1\xad\x8bHY5m\
\x12\x91\x01P\x8aR1\xcf\x0d\xd7]\xc6~\xfb|\x81\
I=%<\xbb\x83f\xde\xc1\xe8|\x9c[Ik\x98\
\xf6\xd5\xae;RD\x93\xee\x1eG\xe3\xc2\xb5\xbfeH\
h\x08|\xd8t\xe3\x0d\x88\xa3\x1a\xc2I\xe3\xd6.0\
\x08\xf2\xbc:\xe75\x16-\xea\xb3R\xf4\x18t\x9eT\
\xa49\xd2\x93\x87\x914=\xa3\xf3C\xe3\x09\x986\xb9\
\x83/\xef\xf9q~y\xd3E\xdc\xf3\xe7\xdfr\xc5\xc5\
g\xb3\xc5\xa6\xeb\x13\xd5\xaa\xc6\x1c\xc4\xd1\xd3\x18\x10(\
\xa40:-\xd7u\x9e\x170o\xde\xdb,\xeb\x1d0\
\x91C\xd3\xb1\xe4-M6@k\x93\xa2\xfa\xcd\xb9\xef\
2w\xde;x\xb9\x00\xe9{6\xe4k\xf3\xe1I\x86\
\xa18\xee+tL\xb5Rf\xcb-6\xa5Tj\xae\
io\x86\x91\x03\xf6\x7f&\xdc;{\xc2(\x02\xbb;\
\x8b\xdcp\xedel\xb7\xf5\xe6\xf4.\x9do\x88\xdbJ\
3Q\xd4\x98G+\xdd^\xd9\xf7MK\x1c8\x02\xf2\
<\xbc\xa0H-\x96\x1cy\xcc\xf1\xfc\xf6w\x7f&F\
\x13\xc7\xba\x15\xd7\x1c\x13\xc2\x0e>\x09\x9cp\xc2a\x1c\
\xf5\xcd\x83\xa9\x0c,M\x02\x91\xb9%\xb8a\x1eu\x22\
\x1c\x8d\x0e\x80$\xf2&\x98\x99Rx9\xda\xbb'r\
\xcey\x17\xf3\xc3\x9f\x5c`\xd2\x83G6\x19\x80\x0d\xc1\
Y\xadV\x09C\x9bm\xd9\x96\xef\x18\x8cR\x8a\xa0\xd8\
\x86\x92\x815QH/C\xea\xcfrH\x06\x9c2\xe9\
\xbc\x84\x1fP(\x96\xd0\xd0\x90\x0aKkS\x87J\xa5\
L\xa5<\x80'\xcd\x00j\x16d\xef\xbdb<\x94,\
\x05fc\x04\xd8i\xa7\xedQ\xa1\xc9$\x92H\x81B\
\xe0I\x9f\xf9\x8b\x16\xf3\xe4\xd3\xcf\x1aF\xfb\x1f\x80{\
\x96\xc00'\x81\xc2C3\xa1\xab\xc4\xa7>\xb9+\xd3\
\xa6M56Z\xcb9>]?\xba>\xf3\xf39\x16\
,\x5c\xc2\xdc\xb9o\xe1\xfb#WLM\xde\xceP\xe9\
K\xaf\xcca``(\xd9\xf9 E\x8c\xd9Je\x0b\
\x053\xfb)\xa5\x08$l\xbb\xd5\x96\x89q\xd8H\x8c\
\xe4\xb8\xcd\xca\xfb\xff\x1f\xf5\x990Q.\xd8\xe3&t\
\x87\x04\x0d\x13\xba\x0a\x5cu\xc5yl\xb7\xf5fT\xca\
}\xe4|\x0f\xcf3J[3\xb8\x1bg8\xa9\xd3\xb1\
\x8fII$\x02\x90F\xff\xa3\xad\x13\x22\x02\xe9\x17\xd0\
\xb2\xc0\xd1\xc7~\x97\xdb~\x7f/1*ax\xce\x1a\
\xbd9Z\xcf\xac\x9e4\xb3\xe3\xf1\xdf:\x94#\xbf\xb9\
?\xb5\xe1>t\x1c%\xf6=f\xf7\xa5\x91\xf7e\xff\
'\xc7\xad\x8a)\xe9S\xd7\xe72\xa0{\xd2t\xce>\
\xef2~r\xee\xe5\xc4:\xa6\x16\xc6&m\x92\xeds\
G\x1fR\x08|\xe1\xe2>\xa7\x06\x8b0\x8e\xa8n\xc0\
:\x03\xde4\xbd8jre)Lv\xe48\xaa\x87\
\xfcp0\xfa*I\x18\x86\x94\xcbedK3\x95f\
\xc8\xd2\xadi\xdfl\xbb\xb4\x8a$\xea\x90\x1e\x13Z\xc3\
\x16\x9bmB[\xa9\x94\xa4\xbfr}\xaa\xac\xa3\xf5\x83\
\x0f><\xe2\xbe\xa6\xc8V\xa4\x05Z]f\x8c{\x8d\
\xb4\xee\xfb\x92\xd7\xdeX\xc0_\xee\xb9\x87 _\xcc0\
Z=&\xebu\xfd\x97@K\xaaQ\xcc\xb3\xcf\xbf\x98\
\x90G\x1aM\xa9T\x08x\xe6\xe9\xe7\xd0\xd6\xda\x18e\
M\xfam\x09\xd9\x8eK7P\x03\x81(E[{\x81\
M7\xd9\x10\x91\xda\xb5\xfboBz\x060:\x08\xc5\
\xa4\x89\x9d\xdcp\xed\xe5l\xbe\xf1z\xf4\xf7.\xc4\xb3\
\x04\xa5F\xc9d\xdb\x0a\xaeCM\x88\x0a\x0f\xa4$W\
h#\x8c=\x8e8\xf28\xfet\xd7?PB\x12\xc5\
\xba\xa9\x15\xfax \x84\xb0;S\x9a\x93O\xfa\x16\x07\
\x1d\xf0U\x06\x96-DGUk\x08h\xd20\xd5\xad\
\xd0\x1b\xefm\x0d\xc7T<\xb40Y7\xda;&\xf2\
\xc3\x1f\x9f\xcb\x05\x97\x5c\x8fBS\xad\x99\xc1W,\x14\
(\x95J\xa0\xac\xe5rJJ\x00\x08+\xc3\xe8(\x1c\
\xe3y\x06\xe9\x99\xd9\x18\xe8i\xa2\xb0f\xcf\x9a:\x19\
\x9a5\x8c0\x08\x02\x8a\xc5\xa25\xf3k\xcd@\xde/\
\xb8\xf1\x92\xa6\x05\xf7\xbd\xca*+3c\xa5)Vj\
l\x0c9\x1d\x04y\x1e\xfc\xe7CD\xa1\xdd\xe2\xff\x0f\
\xd6\xd5\xed\xb6)\x05Zh~\xf9\xab[\xe9\xeb\x1f6\
\xea\x97\xb1\xf48\xa3@'\xb1\xa6\x04O>\xf5\x0cQ\
\x93|\x88M\x99\x92\xd6\xf0\xf4\xb3\xcf\x99\xe4\x8a\xa9\x1b\
\xc62/O\x0f\x9eX+\xa2\xa8\xc6*\xb3g1s\
\xe6\xf4\xec\xa5\xa9\x99&;\x83;)\xa1\x15\xb23\xd4\
\x7f\x18\xc9D\x90\x9d\x09\xed\x7f\xe1Y\xbb#s\xb9\x94\
\x12\xa14\x93'\xb4q\xd3u\x97\xb1\xcd\x96\x9bP-\
\xf7\x11\xe4|\xf0\xea:\x19\xf7\x19\x11\xe3;\x83\xba\xfe\
\xc0v\x9e2\xbbN~P\xa0\x16I\x8e8\xfa\xdb\xfc\
\xe5\x9e\x87\x89\xb5\xf1\xc9\x1a72\x13\x9c\x10&,\xaf\
'4\xa7\x9d|<G\x1c\xb6/*\x1c\x22\xb0\xd9\x83\
\xdd\xfbjbK\x94\xa6\x1f\x9c\xce\xc0eu\x19\x01\xa9\
Q\xc4\xe8\x18\xb3\x8d\x1e\xe4(vts\xea\x0f\xce\xe2\
\xcak~\x05R0\x5c\xaeR,\xc2\xb4\xa9\x93\x0d\xd1\
\xda\x88\x97`\xf4JB\x08\xaaC\xfd\x88\xb0\x8c\xb4Q\
\x01\xa4\xb5\x01\x93Z\x22S:\x09WS\xe3\x17\x17#\
\xb4B\x87U\xca\x83\xfdN\x95\x9a\xba\x12P\x8ab.\
O\xa9Tj\xbe\x8b\xd6\x12Y\xbam\x85\x91\xd7e\x19\
\x91\x83\x94\xd0V\x92l\xb4\xc1\xfa&aB\x12\xb9\xd2\
2\xcf\x5c\x81\x97_y\x9d\x05\x0b\x975\xac`H\xba\
3\xdd\xff\xa6\x7f2\xdd\xbc\x1c0\xf5VZ\xf0\xf6\xfc\
\xa5\xdc\xf0\xf3_S(v%O0|\xc10\xf6f\
\xb2V\x9a\x16\xdcp\x16\xa2\x9e\x07\x0f!x\xfd\xcd\xb9\
\xe8&j\xa1\x11\xad*\x84\xa0RQ\xbc\xfa\xea\xab\xe4\
ry\xb0\x12\xcfx\xe08\xbfcdQ\x14\xb1\xde:\
kQ*6\x92C\x963f\x91\xad\xe4\xfftd\xeb\
\xeb[K\xdbI\x13:\xf8\xf9\x0dW\xb2\xf5\x16\x9b\xd0\
\xd7\xbb\x90\xc0\x93&\xf5\x8c\xcd\x92\x92\xbdo4\xb8A\
\x88e JH\xbc|\x91\xde\x81\x0a\x07\x1c|$\xff\
\xf8\xe7\x93\xc4*\xc9\x1b86\x9a\xf4\x81\xb0I\x15}\
\x09\xa7\x9f\xfam\xf6\xf9\xda\x17\xe9]\xfc.Q\xad\x9a\
ZN4\xde\xe7\xa4\xbf\xd1 \x12\x89GZ\x86Z\xa4\
P\xec\xe4\x84\xef\x9c\xc6\xaf\x7f\xfb'ry\x1f\xa5`\
\xa3\x0d\xd6#\xac\x9a\xdceZk\x22\xcbd\xa5\xd0\xd4\
\x06\xfb(\x0f,!\x90\xda\xf8\xae\xa5\x9ce\xb3pM\
 \x84&/c\xc2\xe1^\xaa\xc3\x03\x89\xf2\xda\x9c3\
R\x88R\x11]\xdd\x9dtu\xb6[I\xe9?\x8fV\
\xed\xe5\xa6\x9f\xad\xb7\xd9\x92ZXi8\xe7y\x1eA\
\x10\xb0\xb4\xb7\x8fg\x9e\x7f\xa1\xe1\x9c\xc1x;~t\
\xa4\xeb\xa6-C\xb9\xf0\xe2+Y\xb8hY\xe2\x8ec\
\xf8A\xf3wh\x85\xfa}\x06A\xa1\xc8\x1b\xf3\xe62\
<\x5c\xcfU\xe70\x82)\xc5\x0a\xe6\xcf\x9f\xcf\xfcw\
\x17P,\x96Fq\x07i\x05\xc3\xa1\xf3A\x0e\xcf\xf3\
\x985{\x16\xd81\xe0^\xd8\x11h\x93\xc77dW\
h\x8e\xe6\xf7\xfd\xc7\xd0|\x22h\x09m% i\x94\
AL\xe8*r\xd5e\xe7\xf3\xc1\x9d\xb6\xa32\xb8\x8c\
\x9c\xef\x19\xfb\x10\x09\xa0\x9aH\x18V\x02\xb1m.\xb5\
Q6\x0a\xbbE\x9f6+\x10B\x90/\xb5S\xae)\
\x0e?\xfax\x1ex\xe8i\x22\xad\x88F\xa4\xacj\xd2\
\x9e\xb2.\xdd5\x0c\x12a\xbc\xff\xf3\x01|\xef\x94\x93\
\xf8\xf0n\x1fHtcA`\xd21\xeb\xb8\xfe\x9e\xae\
\x9e\xad$>\xa7c\x12\xc2\xa4\xacB\x09$\x92B\xb1\
\x93b\xdbDN\xfa\xee\xf7\xb9\xeb\xee\x87P*f\xad\
\xb5\xd6\x22\x08\x02\x13V\xc33L\x05\x14\x9e\x8e\xc9\xe9\
2K\xdez\x15\xa9\xab\xf8V\xd7\xa5T\xfd\xb9N\xa2\
TVz\x95R\xe2)\x85\x1f\x0f\xb1x\xde\x1cd\x5c\
\xb5\xba\x1d\xd3\x16\xee\x9dk\xb5\x0a[l\xb1\x19\xc5b\
\xc1F5\x18\x1d#\x18\x8a\xce\x8c\xcf\xec\xff,4c\
Jd[n\xbe\x09\xf9 \x87\xb0\xcf\x0a\x82\x80 \xf0\
\xf1<\xb3\x9b\xf9\xcf\x07\x1fJ\xa9S,\xbd\x18\xef\xb2\
T)f\x9c\x8c \xdf1\xea\xe7\xda\x5ckM\x18j\
\x9e~\xee\x0dn\xba\xe9V\x82B\xd1\xf4\xb5\xb2\xce\xc3\
\xc2\xd8\x965\x83\x10\x22\xa1\x05\xe1l\xc8\xb4\xab\x8d\x81\
\xe7y\xf4\xf7\x0d\xd0\xdb7\x90\x8aQe\xea\xd60\xba\
\x0d\x91\xc1\xebo\xcce``(\x09S0^\xa6$\
\xac\x94\xe4\x06N.\xf0\xd8h\xa3\x0dP\x9a\x94\x8f\x8e\
\xc1\x88\xce\xb5\x18\xef\xb3\xfe'\xc3\xbd\x83\x10\xc6\xfdb\
Bw\x1bW_q\x01\x1f\xdce\x07z\x97-\x22\xb0\
[\xd2J)B\x15'\x12A\x1a\xae}\x94\x90\xe8\x86\
D\x05u\xa9\xc9\xf3\x02\x90\x82\x5c\xa1\x8dw\x17.\xe3\
\xab_\xdf\x9f\xfb\xff\xf18J\x1b_4\x83\x91eg\
\x91ms\xe3\x80\xaa(\xe6%\x97_~\x1e;\xed\xb0\
5\x03\xfdK\x88kU\xe28$\x8a\xea\xd2\x1e\xa3\xf4\
\xa5C\x9aQ\x1bz\xf2\x88\x15\xe4\x8bm\x94k\x9aC\
\x0e?\x9a\xdf\xfc\xeen\xb6\xd8j[\xfc\xc0\x07\xa1m\
\xbc\x1f\xd3F\x9e\x84\xbcT\xf4.\x98\xc7\xd2\xb9/Q\
\xa4B\xa0+&l\xac}\xb4{\x07O\x98\x80;\x81\
*S\xf4\xaa\xf4\xbe\xfd\x0a\xbd\xf3_''ufC\
\xc1\xcc\xf6q\x1c\xb3\xe1F\x1b\xa1\xb4\xa2\x1a6\x97\x06\
\xd3\xc8\xb6\xd5\xfb\x0d\x8df\xf5\xd5We\xd2\xa4\x09\x84\
a\x88\xe7\x19#]\xec@\xf6sy\x1e|\xf8\x91\xba\
9\xc8\x7f\x00Zk\x22\x15\xa3\x85\xe2\xcc\x1f\xfe\x94\x81\
r\x15\xdfk\x8c\xec\xe1&\x9bfm\x95>\xd6\xec\xbc\
\x10\x12O\x06\x94\xcbe\xde}wA\xe3\xbeQV\xe4\
p\x0f|\xf5\xd5\xd7\x09\xc30\xc9\x1f\xdfl\xf9\x96e\
V\xf5\x81hDu\x89fBO\x0f\xeb\xac\xb3NB\
\x94i\xfc\xa7;\xf7\xff/8\xc6\xec~\xfb\xbeD\x0a\
MWG\x8eK/:\x9b\x0f\xef\xba\x03\xc3\x83\xbd\xf8\
\xce\x8e\xcb2\x19\xd7nf\x89S/C\x03q&g\
\x97\xbbO)\x85\x8e\x95\x09O\x1c\x14\x19\x18\x8e9\xfc\
\x9b\xc7\xf2\xc0\xc3O\x13ZO\xf7\xe5\x95,\x85\xfd8\
\xc6\xd7\xd5\x1ep\xf5e\x17\xb0\xf3\xb6[S+\x0f\xe0\
K\x91\xd8_\x19}Z\x9d\x0e\x9a\xf5\xb3CB\x1fR\
\x12+\xe3\xba\x10E\x11Z\x04\x94kp\xe2wN\xe7\
\xe1G\xff\xc5F\x9blB\xadV\xb1\xd9e\x9d?Z\
\x04:&/\xaa\xcc\x7f\xf9\x09z_\xff\x17A\xdcG\
^\x84\x08\x1d\x22m\xec!_h\xa4\x8e\xc9\xeb\x1aE\
=\xc8\xb2\xd7\x9e\xe1\x9dW\x9e\xa4(jh\x156H\
r\xae\x9f\x8a\xc5\x22\x17_z\x19\xd7^\xffk\x1b\x0a\
7\xb6\xfeZ\x8d\x12\xbb\xb6\x9f\x11p\x0d\xd6\xea\x7f\x16\
c\x9c\x17Z\xd1\xdd\xd9\xce\x06\xeb\xadM\x1c\x96S\xc6\
\xa0\x8a0\x8c\x09\xfc\x22/\xbd\xf2:\x8b\x16/\xb3\xb6\
S\xcb\x891\x9e\xaf\xb5\x09\xec\xa8\xa5\xcf\xef\xef\xbc\x87\
?\xdd}/\xc5\xb6.s\x932z\xcbt\x9fg\xc7\
q\xda\x1e\xa9)\xa4 R1\x9eg\x96\xec/\xbd2\
\xa7\xf1|\xdaNIk\x8d\xd2\x10kx\xfe\xc5\x97\xf0\
\xf3\x05s\x8d\x10&\xc6nf@d\x07_\xfawl\
c\xb0\xcc\x9a\xb9\x12+M\x9f\x8a\xb0y\xa6\xfe\xaf \
\xdbaR\x82V1\xdd\x9d\x05\xae\xbc\xec\x02\xb6\xd9r\
cz\x97-\xc2C\x1bQ\xd9\xc5\xaf\xca0\x1e!L\
x\xd3\xec\xae\x9aN\xdc\x5cL\xf9\xbe\xef#\xbd\x1c\xf9\
b;\xf3\x17\x0d\xf0\xb5o\x1c\xc4\xe3O\xbd\x90\x91\x98\
\xc6\x0fS\x0fk@\xa8\x15\x93z\x8a\x5cs\xf5El\
\xb3\xf5\xe6\xf4.]H \x8d\xab\x8a\xb31r\xf7\xb8\
:\x93\xa1\x09w\xde\xc1]\xa3\x14H\xdf\xc7\xcf\x15\x19\
\xaa\xc4\x9cy\xd6\xcf(\x95:\xc8\xe5\x0aIY\xa6\x0d\
\x8c\xf5\xb6OLA\x97y\xf7\x95'\x99\xf7\xdc#\xa8\
\xfey\x94\xf4 mb\x88\x0e\x86(1D1\xee#\
\x5c6\x97\xb9O?\xc8\xdbs\x9e$\xa7\xcb\x04\x98d\
\x90i\xfd\x97\xa9\xaf\xc4\xf7s,]\xd6\xcf\xd1\xdf\xfa\
6_\xdf\xff(\xde|k!Ql\xec\x9b\x96\x87\x99\
\xbf\x9f\x90\x12\xb6\xddf+\xc2Z\x05\xa1\xac\xf9C\xa4\
\x88\xc2\x18/\xc8\xd3\xbb\xac\x8f\xe7\x9euz\xa5\xf7\xb7\
\x8eB\x08\xd0\x92\x81\x81\x0a?>\xeb\x1c<\xdf$\x9e\
uRnBw\xb1Q=\xa4\xfb\xd5\xa1Y_\xa7\xff\
\xd7\xe9F\xf2\xfc\xf3\xcf[\x99\xb5\x8e\xe4\x8d\x0c\x01\x18\
.\xf7\xea\xeb\xaf\xe1y\x1e\x91\x0dx\xd5L\xa9\x98&\
\x9a\xf4\xb1X\x9b\xb8\xc4JE\xac\xbb\xde:\xe4\xf3f\
\xc7f,\xa4\x07d\xb3\x17\xfd\xdf\x0b\xb3\xe6\xf7l\xb0\
\xf7\x89\xdd\x05\xae\xbe\xfc\x02\xb6\xdcd=\xaa\x95~\xf2\
\x81ov\xbdl\x1e\xfa\xb4\x92Ik\x8d\xb6RB\x16\
\x8e\x09h\xa4\x09\x1b\x82\x95\x98\xf2%\x96\xf5W8\xfa\
\x98o\xf3\xecKs\x09U3\x1dS\x0az\xa4\x08\xe0\
h\x01k\x18\x0a0\xa9\xa7\xc0\x95\x97\x9d\xcbv[o\
J\xb5j2\x08\x07\x81\xb3r\x96\xd6z\xba^F\xba\
~\x89i\x09\xf5\x89\xda\xd1\x8e\x89J(\xf0sE\xfa\
\x07+<\xf5\xf43H?\xb0\x8e\xb5)3\x0ae\x8c\
\xf9|b\x8a\xa2F\xf9\xddWx\xe3\xb1\xbf\xf0\xe6\xa3\
w\xb2\xe8\x85\xbf\xb3\xe8\xf9\x07x\xf7\xa9{y\xfd\xa1\
;\x99\xfb\xc4_)/\x9cCQT\xf0U\x84V\x91\
U\xd4\xa7\xcd\x0cl\x04U<4y\xba&L\xe7\x8e\
\xbb\xeec\xf7O\xec\xc9\xad\xb7\xff\x850\x8a\xa9Y7\
)\xa3\xb3\x19U\xc0Xn4i\xf6:\x14l\xbb\xf5\
V\xe4\xfdz\xfao7\x0e\xb5\x8d)\xf5\xc8\xe3O\x98\
K\xc7\xb1\xd10\x1e\xb8\xfa(e2Y\xff\xfc\xe6\xdb\
x\xea\xd996\x97]\xfd:i\xcd(b\x15\xa1\xac\
\x89H\x03\x0f\xc8\xe8\x8e\xb2oZ\x1f\xe7\x92\x5cP\xe0\
\xed\xb7\xdfM\xce\xba\xefFII\xc1\xf0p\xc8[o\
\xbdC\xa1XD)\x95\xe4pwDF\x8a\xfb\xa5\x19\
\x89H\xe9\x93\xe2\xd8\xc4\x9f\xd9p\x83u\xf0R\x01\xbe\
\xb2x?\x1a\xf3\x7f\x22\xd2\xef\x95~w\xcf\x13\xa0c\
\xa6N\xee\xe4\xfak/c\xed\xd5g\xd3\xd7\xbb\xd8\xc4\
v\x0eM\xd8\x10\xb7TN\x97\x91\xdeyK\xc3\xb57\
V\xd2\x92R\xe2{9\xda;&\xf0\xf2\xabo\xf3\xf5\
}\x0e\xe4\xd9g_A\xf1\xde$&\x07i\xbd\xc5\xa7\
L\xe9\xe0\xea\xab/e\xfduV\xa3\xafw1:\x0e\
\x09\xc3*Q\x145,\xf1\x1b\x88\xd4~\xbb\xf7I\xd3\
\x0c\x80\x14>Z\x19S\x12\x93\xae\xc8^\x03\x90\x92\xd2\
\xa5\x94\xc6\xab\xc0\xc4\xfa\xa4$Cr\xe1 Q\xef\xbb\
,\x9b\xfb<K\xe6>\xcf\xe0\xfc9\xe8\xc1\xf9\xe4\xd5\
0E/\xc6\xd7\xc6\x00\xd4\xf5\x81k+W\x077\xfb\
\xbbR\x8b\xed\x13X\xb4t\x98}\x0e8\x8c3~|\
\x01\xb5(&\x8aM\x22\x83\xffWpm\xb7\xfe\xba\xeb\
0qBOB\x17\x00\x91\xb5@\xcf\x05\x05\x1ez\xf8\
1\xc2\x18\x1b\x03|\xe4\xd8z\xaf\x88\x15,Y<\xc0\
E\x97\x5cA\xbe\xd0\x8e\xb0!L\x94\x8d\xfc\x19\xc7\x11\
*\xaa\xb1\xceZk\x92\x0f<tT\xd7-\xa6\xd1\xaa\
N\xeeZ!\x04\xf9b\x817\xe6\xbe\xc9\xd0p\xe3\xa4\
\x99\xd1)\xc1\xd2\xde~\x16/\xe9m\xb0\xb4M3\xa1\
\xc6\xebEbO\xe2v?\x9cwv>\xe7\xb3\xd6\x1a\
\xab'\xc1\xbf\x9aU\xd2\x1c3\x92\x84#\x9c\xec3\xfe\
\xb7\xc1\xbd\x87Cb\xc7\x94\x91\x98fN\x9f\xc0\x0d\xd7\
^\xca\xaa+O\xa3V\x1d\xa6\x10\x04f\x19\x867B\
0j\x18\xf0\xca\xd8\x04%\xed\xa5\xac\xb3\xa8\xdduR\
v\x87+Wh\xe7\xb57\xe7\xb3\xcf\x01\x87\xf3\xf8\x93\
/\x1b\x97\x94&\x0a\xf5\x11\x22\x80\xb2i\x803\xf0\x84\
D(XiZ'\xd7]u1\x1b\xaf\xbf\x16\xb5\xea\
\x10\xbeo\x02\xf2\xfb206T\xc2-H\xeb\xfd+\
\x9a\xd8\xcb$\xc4i?J\x1b\xbf\xb9\xa4\xbdtc\xf8\
\xb0\x98F\x03^\x0fc\xbe\x10\xf8P\x0c\x04E\x1fr\
\xd2l\xae\x98}\x04C\xdaFaK\xb2\x94U*&\
\x8ec\x942\x8cT[\x7fL#\x95i\xbc|\x91b\
[7?\xfa\xe9\x85\xec\xf5\xd5\xc3\x983\xf7\x1d\x22%\
\xa8\x85\x99N\xc9\xbe\xd0r\x22\xdb\xecY\xf4t\x17Y\
s\x8dUP6I\x01v\x99\xae\x94B\xf8\x01/\xbd\
<\x87\xa5\xcb\x86\x88\xacSxk\x18\xba\xab\x7f\xb20\
\xc7\x05&D\x8a\x16\x82ko\xb8\x99\xd7\xe6\xbeM\x90\
7;n:VF\x12\xd6\x0a\xa5#z&\xb4s\xc6\
\xf7\xbfK{\xc9O\xc2\x18\xd7a\x1a\xc6d\x99i\xf6\
<\x13\xda\xc8\xd1\xf4\xe2\xc5\xcb\x18\x1a\x1c6\xf6J\xf6\
\x8a\x06\xa6\xa45\xcc\x7fw!\xe5r\xa5A\x8f\xe4\x90\
\x1el\xee\x5c\xfa\x1am\x09I\xc71\xa5b\x81UV\
\x9dm\x22\x1d4aHY\xb8k\xc6s\xed\xffd4\
\xab\x7f\xf6\x98\x93\x98V[e\x06\xbf\xba\xf9ZfL\
\x99@\xa5<\x84\xb4\x01\xbe\xb4\xcd\x98\xd1\x0c\xe9v\xd2\
i#\xc2\x06e9h$\xf9b\x07\xaf\xbd\xf9.\xdf\
8\xe0P\x9e{\xee\xd5\xf1\xe9\x98\x9a\xd4\xdf\xc1\x93 \
\x95b\xe5\x95'\xf3\x8b\x9b\xaea\xfd\xb5V\xa7<\xd4\
\xd7\xa0\xafqF}\xee=\xb2\xf4\x81\xad{\xb6M\x1c\
\xb2\xe7\xd2\xef\xe8\xce\xbb\xe3\x1e\xc2x\x9f\xeb\x18\x81\x93\
\x8a\xcc\xccm\xda\xaf\xbel\xd4*\x82\xb8\x0a\xaaF\x1c\
\x0e\xa1\xa3*\xa8\x10\x15E\xc46\x15\xb8\x99`\x05\xd2\
+\xd09a*\x7f\xfa\xeb\xfd\xec\xf1\xb9\xbd\xb8\xf7\xfe\
\x87Q\xa8\x91\x8c\xa9\xf9+\xbcg$m\xa5cr>\
l\xb9\xe5\xe6\xd4j53\xael\x7f+\xa5\xc8\xe5r\
,X\xb4\x94\x17\xe6\xbc:\x8eJ4\x97\xb2\xb3\xd0Z\
\x83\x96\xbc\xf5\xf6b\xae\xb8\xf2Z\x8a\xc5\xb6\xc4O\xd0\
=?V!\x95\xc1>\xf6\xfe\xc2g\xd8d\x935)\
\xb5\x95F\xf8\xc2\xa5\xfb\xaeY\x1f\xbb\xfeU\xd6\xc9x\
\xb8Re\xd1\xa2%\x0d\xd74,\xdf\x00\xe6\xce{\x8b\
Z\x14\xdb\x08\x8a\x8d\x0a\xec4\x5c#9Nk\xfc\x94\
\x9c\xeeI1y\xe2\x04&O\xe8v\x89;\x1b*\xee\
\x90=\x96\xfd\xff\xdf\x05\xd9@ \x9e\x8dY\xb4\xe6\x9a\
3\xb9\xea\xaa\xf3\xe9\xec\x08\x08\xabe3\xc8RK\x0d\
\xe7\x7f\xe4\xda?k\x0f\xe4\xdaLj\x13\xdc^\xd8\x81\
\x89%\xa4Rg\x0fs\xdf^\xcc\x01\x07\x1f\xc9\xb3\xcf\
\xbd\xdaZbr\x10-\xe8\xdcv\x8d\x94VbZ\xa9\
\x9b\xeb\xaf\xbd\x98\xf5\xd6^\x85\xcap\x9fU~;\x06\
PW\xd0\x0bauM)\xc9\xa7Y?\x0b\x1a\xbd\xc5\
\xd3\xef\x9d\xbe\xde\xcd\xb0J\x18\xe9\xc9\x9d\xd3\xdaD\xed\
\x8c\xb5\x99\xd5\x11\x02\xa55X\xfa#\xaa\x92\x93!\x87\
\x1f\xfcu~\xf8\xfdo3\xb1\xa7DX\x1d\xc2%\x8b\
\x89\xe3\xd8lf)k\xe4\xa7=\xda\xda'\xf2\xd6;\
\xbd\xec\xfd\xb5\x83\xb8\xe0\xd2\x1b\xa8\xc5\x11\xb5P\x11\xc6\
Q\x936j\x94Dt\xbd\xc9\xc6\x0d\xd7\xc7f\xd0\xc2\
6[mF\x10\x98\x14N\xe9\xc1,\xf0\x88\xb5\xe0\xd1\
\xc7\x8c^\xc9\xe8pZIB\xb4dL\xa6\xed\x1c]\
J\x14\x9a+\xae\xba\x9ew\x16.Cx\x01\x91\x0aM\
\xe6\x16\xdfJ\x92a\x8di\x93\xba9\xf8\xa0o\xe0i\
Xy\xe64\x22mL\x07\x1c\x5c\x0a\xf2Vp:'\
\x0d\x84\xb1\xa2\x5c\xa9\xb2p\xf1\x92\x06[\xde\x86\xda*\
\xcb\x94\xdc\x0c\xe3\x1a\x82\x16\x84\xe4\xa0\xed\xcc\xe4[1\
3\x0e#\xa6O\x9bB{\x9bY\xca\xb9\xb2V \x05\
a\xb6\xd6Q\x11\x9bm\xbc.\xd7_{)\xa5<T\
\xca\x83\xf8\x9e\x19\x88\xeeCj0\xb6\xea\x07\xd7\x07\x0e\
\xc2\xee\xdcI\xe9Q,u\xf2\xfc\xcb\xaf\xf1\x8d\x03\x0e\
g\xce\xab\xf3\x8c\xb0\xde\x8a~G\x83}\xb4\xdb\x95\x9b\
5k\x0a?\xbf\xf1*V\x9b=\x83eK\x17\xa1\xb5\
[\x1a\xd5\x15\xd4f%fnL\xd3S\x1d\xa3\x0d&\
so\xc2\x90\x95B\xa2@\xc4\x08\x1d\x83\xcd\xbea\xa0\
\xf0}i\x96\x99\xda\xa4!\x92:\x22\xae\x0dS+/\
c\xe3\x0d\xd6\xe0\xe7\xd7_\xc1\x09\xc7\x1c\xca\xbe_\xf9\
\x02\xf7\xff\xf5\x8f|e\xef\xcfR\x1d\xeaE\xa8\x9aI\
_\x14F\xc6[_\x1a\xe5\xbc\xf0<\x0a\xc5N\x84,\
\xf0\x9dS\xce\xe0\xa0\xc3\x8e\xe3\xddEKMx\xdb\xb8\
n\xff\xdd\xaaO\xde+\xb4\x8eA(6\xddl\x13&\
\xf5t\xa3\xe3\x18\x5c\xd4\x06L\x8c\xa5|\xae\xc4\x03\x7f\
\xff'*6\xc7\xc7\xc6H\xc6\x94n\xd7(\xd6\xbc\xf4\
\xf2<\xae\xbd\xfef\x0a6\xa8\xa3k{\xd3\x9f1\xe5\
\xca \x87\x1c\xb8/S&\x14\xc9\xe7`\xf5\xd5W\xa1\
Ri\xb4\xc8\x1e\xd9\xbf\xcdQ\xa7o\xc1\xfc\x85\x8b\x1b\
\xaa7\xa2\xa6\x0b\xe6/J\xecO\xd2\xc4\xd2\x8c9\x09\
a\x8c\x0a\x14\x0a-\x8d\x15\xa7\x10\x9aX\x85\xac\xb4\x92\
\xf1w3\x97;\x85b\x1a&\xfeN\x1a\xe3}\xa1\xff\
\xcdH\x18\x8d}\xd5\xc0\xf3!Vl\xbb\xe5F\x5cs\
\xf9\x85t\x14<\xe2\xb0\x82\x9f80;}]Z\x12\
\x1d\x09-\x05Z\x9a\x98W\x9e\xf5\x17\x03\x8c3\xb5\xd2\
\x14\xdb'\xf0\xe2kor\xe0!\xc70\xe7\xd5wP\
v)0n\x88\xc6\x09\xd0\xe9\x98VYy\x12\xd7^\
q\x01\xab\xaf6\x1d\x15U\xf0\x84Bzn\xb6W\xf5\
\x99\xb1\xc9r\xce\xa0Q\x82\xcc2\xa9dy\xaa!\xe7\
{L\xe8i'\xaa\x0d\x12\x85\xc3\xe8\xb8j\x83\xcc)\
P\x11\xda*aUX%\xaa\x0dB<\xc0:kN\
\xe7\xec\x1f\x9f\xc2\xed\xbf\xb9\x81\x1d\xb6\xdd\x84\xbc\x0f\x81\
\x84\xa9\x93\xda9\xff\xec\xefq\xf5\xe5\xe7\xd3\xdd\x1e\x10\
U\x07\xf1\xa5F\xd9g\x0b\x1bc(\x8a5\xb1\x96t\
tN\xe1\xd6\xdb\xeeb\x8f\xcf}\x85\xbb\xee}\x900\
\x8e\x88\xa2\xb4\xcdN\xe3{d\x9ak\xb9 \x84@h\
\xc5\x94I=\xac\xbb\xce\xda\xc4a\x15\xe9\x22Q\xda1\
\x15\x04y\x9e\x7f\xee%\x96\xf5\xf5-G(\x93f\xd7\
)\x94\x0d\xecv\xfe\x85\x17\xd3?T\x01\x19\x10E&\
\xab\xae\xe7y\x86\xf9\xc7!k\xac\xb6\x0a\xdf\xd8\xf7+\
\xa04R\xc2\xecY+\x13Ho\xd4\xdd\xb6\x91h\xe4\
#B\xfa\xcc}s\x1eim\xc5\x88Z.X\xb0\x00\
?\x08\x88,\xc1\x0a+>'\x85\xb4\x1a\x14v\xa6V\
J\x11\x86!k\xae\xb9&\x18~\x9b\xbd4\xc1H\x02\
\xfd\xefG3\xe6\xee\x9b0\x02|`\xe7-\xb8\xfe\xba\
\xcb)\xe5\x04qT\xc1\xb3F|J\xa9\xc4\x8e\xa9U\
\xfb\xd7a\x9cX\x1b\x8eH\x89\xf4}\xda;&\xf1\xaf\
\xa7\x9f\xe7\xeb\xfb\x1e\xcc\xebo\xbec\x22\xe6,\x07_\
\x22So'1\xad\xb3\xceln\xbe\xe9jfL\xe9\
\xa6Z\x19@\xda\xd9w\xf9\xea\xdd\x1c\xeeyJ)P\
1\x07\x1e\xb0?\x97\x5cp\x1e\xbb}pG\xd6Xe\
:\x1d%I\xde\x8f(\xf81]m>3\xa7\xf5\xb0\
\xcdV\x1bp\xf8A\xfb\xf0\x8b\x1b\xae\xe6\xce?\xfc\x9a\
\xaf}\xf9\xf3\x14\x0b E\x8c\xc0D>\x15\xc4\xa0\x15\
\x9f\xfd\xcc\x87\xf9\xcb\x9f~\xc7\xe6\x1b\xaf\xcf\xd0\xe0R\
\x84\x0e\x11\x02\xe2\xc8d\x1b\x09\x02\x13\xc3\x09\x19\xd0\xd6\
9\x899o\xbc\xcd^_\xd9\x8f\xb3\xce\xbd\x8crX\
Ci\xb3\x8d\x9e\xae\xeb\xfb\x85\xc0\x83\xad\xb7\xda\x9cj\
y8Q\xcc\x1b\x86\x05^\x100\x7f\xd1b^z\xf1\
U{\xf5\x88\xa1<.\x18\x07z\xc1?\x1fy\x9a[\
~\xfb\x07Jm\x1dI\x94T\xe1L6bEu\xa8\
\x9f\xc3\x0f9\x80\xce\xaeb\x12\x83k\xd6\xac\x95\x09\xac\
To\xcaj\xfe\x9d\x85\xb0\x12\xb3{\xc6\x9bo\xbe\xd9\
p>y\x13\xc3T`\xc1\xa2\x85\x86\x88\xa4\xe1x\xae\
\x00\xc7\x9c\xd20\xffE\xb2\x1e\xf4<\xcf\xe6N\x17\xcc\
\x9e\xbdrr]V\x222p\x8aE3\xc3\xbcW\xa2\
\xfd\xdf\x08\xd7\x9e\xb8yE@\xe0KT\xa4\xd8y\x87\
M\xb9\xf2\x92s\xc8\xfb\x8a8\x1a6:\x22\xa1\x92\xd4\
\xd3.\xce\x8d+'\x0dm\xa3\x0e\xb8\xdfi\xa5\xb5\x8e\
!\x8e\x15\xa5\xb6\x1e\x9ey\xe1\x15\xf6=\xe0H^{\
s\x01\xaaIt\x81\xc6~\xb6\x92\x88!\x87\x11\xcft\
\x12\xd3:k\xce\xe4\xba\xab.b\xda\xa4n\xa2j\xd9\
\xf8\xf6\xd9\xec,&\x8a\x82\x8b\xde8^4J\x1e^\
.O\xa44\x97]r\x19\xc5B\x8e\xeb\xaf:\x97?\
\xfc\xee\x17\xfc\xed\xae\xdb\xf8\xdd\xaf\xae\xe17\xbf\xbe\x9a\
\xdb\x7f{\x1d\x7f\xbe\xf3\x97\xdc\xfa\x8b\xab8\xf5\xe4\xa3\
\xd8i\xfb\xcd\xe8(\xe5\x8c\xd4iS\x04\x9961\xbb\
|B\x08P\xb0\xea\xac\xa9\xdcv\xeb\x0d\x1cv\xe0>\
\x10\x96\x91*\xc4\xf7\x8c%}\x14E\x14\x0a\xc6\x90X\
k\xc8\xe5;\x90A;g\xfc\xf0<\xf6\xfe\xea\xe1<\
\xf7\xe2\x1b\xd4TL\x18\x8e\x0c\xeb2:Z/[\x8d\
th|\xfb\xb6\xd8lc<\xcf\x8cC)\xa5\xe5\x80\
f\xdc\xc5\xb1\xe6\xb1\xc7\x9e\x00\x1b\x8ax\xf9`\x9e\xad\
\xd0\xd4\xa2\x98\x9f\x9e}\x11\xb5\xd8\xe8\x01\xcd\xf3M\x9c\
0\xad5\xb5\xb0\xccF\xeb\xad\xc9\xde\x9f\xdf\xc3XW\
\x1b\x9bwV^i:\xc5|\x01\x91\xa2\x1f\xb3\x09o\
\xda!\xdb\x1e\xe9\xffB\x9a\xa5\xb7\xd6\x82%\xcbz\x9b\
\xeb\x94\x84\x10T\xabU\xfa\xfa\xfa\xcc\xd6\xa3\x15\xa7\xc6\
\xe2z`\x15\x89\xa9-\xcbb1\xcf\xac\x99+a\xe8\
r\xe4}\xe3)\xf3\xff\x0a\x04$\x0e\x9a\x81/\xd1\xb1\
b\x97]\xb6\xe1\xea+.\xc2\xd3!Q\xadL>h\
\x1e\xb53\xbb\xfc\x12\xc2X\xe3\xa2\xeb\xae\xa5\x8e\x98\xcd\
,\xeb\xa1\x85\xa4\xb3k2O<\xfd\x1c_\xdf\xefP\
\xe6\xbe\xb3\xc8\xe8\x98\xec\x0d\xba\x95T3J_y\x12\
P1\x1bn\xb8\x06\xd7_{9\x13\xbb\x8b\x0c\x0f\xf6\
\x22\x85\xc6\xb7\x99mL]\xeb\xd2\xf7x\xe1\xea\xa3\x94\
\xc2\xf7\x02\x96\xf6\x0dp\xf4Q\xc7\xf2\xd0CO\xd1\xd9\
\x91g\xe6\xb4Il\xb6\xf1\xbal\xb9\xe9\x06\xac\xb9\xda\
L&\xf5\x94\x08\xbc\x18\x1f\x85'\x15B\x9b\xedn\xf3\
\xcc:\x933\xc3\xda\x98\x15\xa0\x15\xedE\x9f\x1f\xfe\xe0\
$.\xbf\xe4|\xda\x8b>\xd5\xca \x9eP`\x07\xa6\
\xf1\xc5\x93xA@>\xd7F\xd7\x84i\xdcs\xffC\
\xec\xb9\xd7>\xfc\xf6\xf6\xbb\x09ulc\x035T\x7f\
L4\x1b\x0b\xe9>X\x7f\xfd\xf5\xe8\xeal\xa7Z\xad\
6\xb4\x9b\xab\xd3\xdf\xff\xf1\x10\x8a\xb1\xcc\x02\x9a#\x8e\
cT,\xf9\xd3]\xf7\xf1\xd7\xbf\xddO>_\xb4f\
\xa2f,\x07\x81\x0fh\xa2Z\x99o\x1ev\x10\xa5\xa2\
1\xf4u\xf5\x980a\x02\xf9|0\x22\xaaj+d\
\xc7{\xa4bd\xe03\x7f\xfe|\xaa\xd5z\x19\x92\xe4\
bI\x18\xc6\xf4\xf7\x9b8\xc9\x86\x88\x9as:\xa5T\
\xdd.\xc9\xce\x9eRKt\x14#\xb4&\x17\x04\xf4\xf4\
\xf4\x8c\xb8\xcfUjt\xa2t\x12\xd4\x7f;\xea\x83\xd4\
\xe5L#aL1\xbb|`kn\xbc\xfe\x0a&\xb4\
\x17\x91*\x22\x97\x88\xc9f\x06u\xbbS# \x14\x88\
\xb4\x05\xb2\x99u\x8dj\xc6\x86\xb7E\xd0\xde1\x91\x7f\
=\xfd<\x07\x1fv4o\xbd\xbd\x88\x9a\xdd\xb9\x1a\xd9\
7VbIE\x15H\xc3\xf5\xa9/=t\xa4\xd8b\
\xb3\xb5\xb9\xe1\x9a\x8b\x991\xb9\x0b]\xabP\xc8Y\xfb\
+\xb3\x05k\xefI\x1b\xdc5J\x0c:\xe3;\xe5\xa4\
\xe98\x8e\x89\xd1\xf8\xf9\x12\xfd\xe5\x88C\x8f<\x96\x07\
\x1fy\x1a%4Q\x5cC\x00\xbet\xbe\xf2\x966\x85\
\x89\x07\x9ffF\xee}\xea\xedc\x97D\xf6\xcc\xe7>\
\xf5A\xfe\xf0\xdb\x9b\xd9r\x93\xb5\x89j\xfd\x14r\x1e\
\xe8\x18E\x8c\x9f\xf3\x88jf\xb6\xf6<\x9f\xb6\x8e\x1e\
\x16.\xabp\xf0\xe1\xc7s\xf2\xf7\xceai\xdf0Q\
\xa8QQ<\xe2\xbdF\xc2\xd6\xc3\xb6w\xba\xdd\x85\x10\
\xb6\x7fa\xea\x94NV[u\x16\xda\xda+yB \
\xac>\xd0\x0f\xf2<\xf7\xfc\x8b,^:\x90\x08\x11c\
B\xdb\x0f\xc6v\xab\x16E\x9c}\xde\x05\x08\xe1\x1b\xdd\
Tl\xa4C\xcf\x93f\xb5\x14U\xd8b\xe3\xf5\xf9\xf4\
\x1e\x1f7\xa1\x82\xed\x8aIhEG[\x89\xb6\xce\x0e\
\xe2\x14\xb3\x11I\xe4\xd1\xe4H\x03\x1fq\xfdk\xde\xd1\
D\xbeX\xb2\xac\x97J5L\xd8\xaa$i\x04\x18\x1e\
\x1efhh\xb8!\xb8\x9bN\xe9\x93\xd2L%\xdd\x88\
RJ\xa2(\x22\x8a\x22j\xb5\x1a\xa5b\x81\x9e\x09]\
h\x9b\x80\xae\xd9=Yd\xb9\xe8\xff%\xb86r\x08\
|\x89\xd0\x8a\x9dw\xda\x82\x1b\xae\xbb\x0c\x8f\x1a\x95\xf2\
\xa0\xd9D\xb0\x1aA7\x9b\xa6gU\x87\xf4\x7f\xd7\xae\
\xe9\xddT)e\xc2\x98\xfe\xfe\xcf\xc7\xd9\xef\xc0#X\
\xb4\xa4\x97X\xcb\xc60\x12\xe3@\xfaY\x81/A\x85\
l\xb1\xf9\xfa\xdct\xfd\x95L\xe8.2<\xd4\x0f\xd4\
\xf5b\xefUZ2\x9e\x05\x12\x05H\xbf\xc0;\x0b\x97\
\xf1\x8d\xfd\x0f\xe3\xf1'_@\x0b\xdfl\xd3g\xe8u\
,4\xd2\xb3\x89\xdb\xa4\xe2\x88u\xd7\x9a\xcd\xef\x7f\xfb\
k\x0e>\xe0\xeb\x0c\x0f-\x05U!\xaaU\x09\xab5\
\x13\xbe\xc53A\x0c\xa5\x97\xc3\x0b\x8a\x04\x85\x0e.\xbc\
\xe4*\xf6\xfe\xea\xfe<\xfb\xe2\xab\xc4@\x1c;67\
~d\xeb-\x85\xd5+m\xb99\x95j\xd9\x9a|\x98\
v\xd36b\xe6\x82E\x8by\xe1\xa5Wm\xae\xc0\xf1\
\xbd76\xd4\x8b\xe7K~\xf5\x9b?\xf2\xc8#OR\
(\x96\x12\xa3\xc6\xb4\x8dbX\x1d\xe6\xb0C\x0e$\x9f\
\x08\xebuW\x9db\xb1Hww\xb71\xa7\xc8\x08\x1e\
\xad\xea\x92>.\x84\xf1@\x18\x1a\x1afp\xd0\x08C\
\x98V\xb3\xb35\xb0\xac\xb7\x9f\xa1r\xd9\xee\xa25g\
\x22\xf5\x87\xd6\x09Lk\x8d\x12\xca&\x96Stuu\
Q,\x16\xcd6\xa6\x0d\x9d\xd5\xac\x92\xe9\xf2\xeb\xbf\xc7\
\x9aa\xc6:\xff\xbf\x05V\x02i\x02!\x84\xd51\xc5\
l\xbe\xd9z\x5c|\xc1O\xc8\xf9\x1a\x15U\xf0}a\
r\xdc\x0b\xb33\xe4\xdc4\xeaHI`\xa9A\x07\x12\
\xcf\x0b\xf0\xbc\xc08\xc2Z\x97\x8e\xf6\x8e\x89<\xf4\xe8\
\xd3\x1cu\xccI,^\xd2G\xcdf\xf85\x05\xa4\x8a\
\x1d\x81\x8c\x84c\xef\xf1\xa5\x87\x8a#6\xdahM\xae\
\xbd\xea\x22&t\x17\x09\xab\xc3Hi\xe2\x02\xc5\xca\xcc\
\xd0F\xcaS#\xdbA\x09\x846.%\xe9\xb0$\xce\
\xa9;\x8e4\xb1\xd6x~\x89\xc5\xcb\x869\xec\x9b\xc7\
\xf3\xf0c/\x10k\x8fH\xe9\x94t46\x5c\xbb8\
h\xadm\xfdCJ\x05\xf8\xc1\xa9\xc7\xf2\xc3\xef\x7f\x97\
\xbc\xaf\xd0a\x05_\x0a\xe3f\x81BhI\xadZ5\
\x11\x1c\x84\xa0\xb3g*\x0f?\xfe\x1c\x9f\xdf\xfb\x1b\xfc\
\xea\xb6\xbb\xa8\xc6!\xa1\xdd\x9d\x1b/\xea\xf5il\x93\
m\xb6\xd9\x12\x0f3\xbe\x84\xb0Q\xa1\xecr<\xd6\x1e\
\x0f=\xfc\x98\xed\x09\x13'~\xd4~\xb3\xa4\xa2\xb5\xa6\
\x7f\xa0\xca\xf9\xe7_B\xa9\xa3\x070\x11S\xb5M\xf5\
\xa75\x84\x952[m\xb6\x11\x9f\xfa\xf8n\xd9R\xd0\
\xdaD\xc0\xe8\xeahO\xcc3\xd2\x0c\xa9\xd5{\xa7c\
+\x19\xe1YS.W\xe8\xeb\xebK]c_Pk\
\x18\x1a\x1aJb\x03g3\xa4\x8e\x06\xc7P\x22;\x1b\
N\x9c8\xd18\xe2j\x93\x5c\xae\x19\xb2\x95\xce\xfeo\
\x8d\xd6\xf5\x1a\xad1\xfe7\xc2\xec\xca\xc5|x\xb7\x1d\
\xb9\xe6\xaa\x8b\xc8\xc9\xd8\x0c\xf0\x94\xc4\xe4\xf4J\xe9w\
7\xfdYo\x87l\x9b8\xa9\xc9\xb3\x09(\xdb\xbb'\
r\xe7\x9f\xff\xc6\xfe\x07}\x93\xbe\xfe!\xa2\xb8\xbey\
1^\xa4'\x98\xc0\xf3\x11:b\xcb-6\xe0\xe77\
^\xc5\xe4\x9e\x0e*C\xfdI\xf4J!D\xb2\xfc\xcf\
\x22]N6\xd4\x08V\xd7\x81\x96\xf8~\x9e\xf6\xce\x89\
\xbc\xf5\xeeR\x0e?\xf28^|\xe5\x0d\x94\xb5\x1fZ\
\x1e\xd4\xdbF\xd9%\xae\xad?&\x98\xd9A\xfb\xed\xcd\
oo\xb9\x99\xb5V\x9bIe\xb8\x17T\x0decJ\
im\xad\xc9\x85@\xc8\x80b[7\xbd\x03e\x0e<\
\xfc\x18N\xfd\xde\xcf\x18*W\xcdF\xc2\xbf9\x87n\
\xb4\xe1\xfat\xb4\xb7\x11\xd5\xc2\xc4q[\x08\x9316\
_h\xe3\xc1\x87\x1e[.\xdaW\x1a\xa2Xr\xed\x8d\
\xbf\xe4\x959\xaf\x13\xe4\x8ax\xd2'\x8a\x22|\xdf\xa7\
V\xab\xe1K\xc8I\xcd\x89\xc7\x1dE\xe0\x99l\xd0\x06\
u\x86)%\xf4\xf4t\xa1\x94\xd9\xa9L??\xdd\x8f\
\xcd\xe0\xce\x0b!\xa9V\xab,[\x96aJn\xf90\
<\x5c\x19\xa1<\x1d\x89\x91\xac\xb8q\x00\xc4\xf4\xf4t\
%kKa\x0e\xa6/\x87\x840\xad\x145\x8e\x97p\
0\xd7\x8f$f\xdc\x8c\xea\xca\x19Y\xcd\xff5p\xed\
)\xa5$\x17x\xa0\x14\x1f\xd9u\x1b\xae\xb8\xe4\x1c<\
\x1d\x12\x87e\x93\x9bM\x9au\x7f:\x0a\xc3h\x84\xd9\
\xc0\xb8l\xdb+4J\x0b\xda\xbb&s\xdf\x03\x8fr\
\xd4\xb7Nf\xe1\x92\x01j\xa1\x93q\xd3\xf7\xa7\xffe\
$\x9c\x86\xe3n`\xc7l\xba\xf1\x1a\x5cq\xf9\xb9L\
\xe8*\xa1\xa2*y\xbb\xfc\xd1V/\xa2\xc1\xfa\xbc\xd5\
\xfb_\xa7v\x11\x850F%Nz\xd7\x0d\x8e\xb4&\
\x82\xe5\xbc\xb7\x17\xb2\xdf\x01\xdf\xe4\xf1'_A\x09\xa3\
@\x1d/\xea\xcf\xb5\xefc\x93\xb1\x09aB\x1a\x0b\x0d\
\x9bl\xb4&\x7f\xf8\xfd/\xf9\xea^\x9f&\xae\x0e#\
u\x8c\x87\xc6\xf3\xac^DHb\xeb\x94,\xfd\x02\xf9\
b7\x17^v-\x9f\xfa\xec\xd7y\xe4\xc9\x17\x09\x95\
\xc9u\xf7^ \x80\xa9S'\xb3\xfa\xea\xab\x13\xda\xe4\
\x07\x9eg\x96WJi</\xe0\x85\xe7_d\xe9\xd2\
\xfe\x16\xfd\x91\x85\xf1\xf1[\xb4\xb4\x9f\x8b/\xb9\x12/\
WL\xda\xd3MV\xbe\x84\xb06\xc4n\x1f\xda\x85]\
v\xd9\xce\xea\x92\x1aKqt4i\xc2\xc4D\x1f\x97\
>\xee~gu\x84\xf5\xff6^\xbd=788\x98\
\xe8\xa2\xa4\xbbYJ#)\xa5\xd7\x87\xe3a\x14:\xa5\
\xd3\x10v\x97d\xca\x94)\xc9\xac\xe3\x8e7\x83!\xb8\
\xd6\x83\xa8\x19\xb4\x065\x9a\x9b\xc4\x7f\x11\x5c\x07\xfb\x9e\
\x00\xad\xf8\xc8\x87v\xe0\xea+/\xc4\xd35\xe2Z9\
\xb1\xfcVIn\xb6\xe6\xf7\xbb\xdf\x8e\xe8\xd2}&\xa5\
\xc4\xf3|\x84\x90\x94\xdaz\xb8\xf5\xb6?p\xc4Q'\
0\x5c\x09G\xcc\xf0-\xba\xb1\x05\x94\x09d\xa7\x15\xdb\
l\xb9\x01\xd7_{)=\x1dy*\xe5\x01\xb0\x96\xdf\
i\xba\xc9\xd2\x91\xfb\xed\xde@gl\xe5\x9c\x8e\xaaV\
\x8b\x10^\x9e\x97\xe6\xbc\xc9\xd7\xf6\xd9\x9f\xe7^|\x1d\
e\xc3\xb9\xb4B\xba]F\x83\x94f\x83@\xa2\x98\xd0\
Y\xe4\xdc\xb3\xcf\xe0\x9c\xb3\xcf\xc0\x171\xd5j?\x81\
g\x96\x98Z\x1b'S\xc3\xd4$R\x18\x9b\xa6\xc7\x9f\
~\x81\xcf|no\xae\xb9\xf17\xd4\xe2\x900Z\xfe\
yRk\x13\x9ax\xab-7\xa3R1\xf9\xe0H\x8f\
)\xe9\xf1\xee\xc2E<\xff\xc2KY\x9drShm\
\xdc~.\xb9\xecj\xde~{!\xb9\xa0\x90\x08%A\
`v\xd2\xe2\xb8F>\x90\x1cw\xf4\xe1Hhi\x82\
\xe2\x09\xe8\xechK$\xe04\xd2\xfd\xd9\x0c\x1a\xb3\x8c\
\xc7f\xe4\xee\xef\xefO\xceI\xc3\xb1\x8c\x11\xdd\xd0\xd0\
\xd08:\xac\xf1\xcd\x1dA\x81\xb4~/\xd0\xdd\xd9\x95\
\x9c\xd7\xf6\xd3\xac\x82J\x99\xf4\xc3#\xcf\x18\xb8\xba\x18\
\x824\xe5DQD\x1c)k\xff\x92\xbd#\x85qt\
\xd0\xffT\xa4\x07\xa7\xfbv\x84\xf3\xd1\x0f\xef\xc0E\xe7\
\x9d\x85\xae\x0dATCZ\xe5\x8b\x19\x14\xf5{\xb4\xf9\
c~k\xb3S\x97^>\xa15\x9e4\xe9\x97]\xcc\
m\x85\xa0g\xc24\xfer\xef\xfd\x1cs\xc2),\x1b\
\xacP\x0b3\xd3\x86\xeb\xd01a$\x0fOHt\xa4\
\xd8~\x9b\x0d\xb9\xe0\xbc\xb3\x08|E-\x1c6\x119\
=\x1b\xa06\xe5\xc4\xeb\x90\xa5C!\xad\x99\x83\xdb]\
\x94\x12\xa55a\x5c3\x86\xa1\x9d\x13Y\xb8d\x90\xfd\
\x0f9\x92\xa7_|\x8d\xb0\xc1\xfe\xaa\x91C5\xa3\xc5\
V\x10\xce\x16\x0bM\xe0\xc1W\xf6\xfe4\xb7\xdfz\x13\
\x1b\xac\xb3\x0a\xd5J\x1fBj\xbb\x94\x8b\x91\xbe@E\
\xceR^Pl\xeb\xa2F\x81\xa3\x8f\xfb.G~\xeb\
{\xbc\xb3\xb8\x97\x9aR\xa32\xcc,\x8cw\x05\xec\xb0\
\xfd\xb6\xe4\x03+\xc1\x09\x01q}\xe9\x1e\xa9\x98\x07\x1f\
y4uS\xfdg\x16\xb1\x82W^\x99\xcbUW\xdf\
H\xa9\xbd\xdb0\xf8\xc8\x84\xbdQJ\x91\xf3}\xaa\x95\
2\x9f\xf9\xc4G\xd8t\xe35\xed\xb2-+\x81\xd5\xbd\
1zzz\xf0\x93\xa4\xab\xf5>K\xda\xd8\xc6\xf4\x1e\
\x01\xa1\x10\xb2>QVja\x225I,\xed:I\
\xc9\x84\x8d\xc8V\xa25\xdc\xc3\x9d\x1eC\xc51]]\
\x9d\x0d\xe7H\x18K\x86\xd02\xe7\xb3\xa83<#\xc2\
\xf7\xf6\x97\xf9\xf5o\xff\xc0U\xd7\xdf\xcc\xabo\xbc\xb5\
\xdcR\xd6\xffv\x98l\x1c\x8aO\xef\xf1!\xce;\xe7\
\x87\x0c\x0f,\xa6V\x196\x03\xdf-\x87l\xcf\xba\xf6\
\xd6)\x09)aX\xa9\xb6\xae\xb7\xb1\xf9-<\x9fR\
[\x177\xff\xea6\x8e:\xe6\xdb\x0c\x94k\xd4\x96g\
\x145\x81\xef\x09t\xac\xf9\xd0.[s\xd9\xc5\xe7\x90\
\x13\xb1\x09\xf5\xeaL\x14\xec\xc7\xd5/\xfd\xed\xea\x96\xd4\
9I\x13n\xe0y\xd6\x08Rx\x14\xdb\xbax\xf9\x95\
7\xf9\xda>\x07\xf3\xd2+s\xd1\x98\xa0\x83\xff.\xb4\
\x9d\xf5\x0d\x83\xd2l\xb4\xd1Z\xdc\xf1\xfb\xdf\xb0\xef\xd7\
\xf6b\xa0o!\xa8\x908\x0eQ\x915l\x956X\
\x8b\x94x~\x9e\xce\xaei\xdc\xf0\x8b[\xf9\xfc\x9e_\
\xe5\xc1\x87\x9f%\x8cC\xa2\xf1\xaf0\x01\xd8d\xe3\x0d\
\xe8\xec*\x99\xd4K\xb6>.\xb5T.(\xf0\xe0?\
\x1f\x22L\xf9\xe3\xa5\xe1\xe8@i\xb3l?\xef\xfc\x8b\
\x19\x1a\xae\xe2\xc9\x1c\x9e\x17\x10\xc6F'\xa4t\x8c\xd6\
\x11S'\xf7p\xd4\x91\x87Y\x1e\x93\x95x\x1a\xdb\xb3\
\xa3\xa3\xad\xa5\xa4Nf\x8c\xa7\xa1\xed\xc7I\xcc\xe5r\
\x19e\x8f\xd9\xe5\x9b\xb9pxx\xb8e\xe1\xad\xe0\x1a\
\xc8\x10\xbf \x08<Jm\xf5P\xba@\xc2<ZU\
\x90\xb1\x18\x94\x80Xk\xbe}\xf2\xe9|\xe3\x90c8\
\xf2\xb8S\xf9\xd2W\xbf\xc1\xbcw\x97\x98\x1d\x8e\xc6\xab\
\xff\xab\xe0:\xcf\xc1\x13f\xc3t\xcf/|\x82\x1f\x9d\
q\x0aQ\xa5\x1f_jr\x9e\x8f/\xccl\xa7\xb5\x09\
\xe9\x91\xb6+1\x11\x1f\x0cs\x17\xa9e\x9c\xb6K\x0f\
m\x83\xacE*F!\xe9\xee\x99\xcam\xbf\xff3\x87\
\x1fu,\xfd\x03\x95\xbaND\xd8O+d+l\xfb\
\xd6\xf7\xccn\xcb\xc7w\xdf\x89\xf3~v&\xbe\x0e\x89\
\xc3\x9a\xd5jY\x86(\x04Z(\x94\xd5\x91\x8d\xa0\x03\
\x0b\xadm\xc4\x01\x1d\x8361\xbcT\x1c\x13\xc7\x8aB\
\xb1\x8b\xb9\xf3\xde\xe5\xf0#\x8f\xe3\xd57\x17\x10\xd9\xd4\
\xdd-\x91\xaao\xab\xe7\xa5!1:\x97\xf6vcl\
y\xe5\xa5\xe72\xa1\xc3G\x85\x15$\x1a-\xeaRk\
]\x02\x85\xce\x9e\xa9<?g\x1e{\xee\xbd/\x17^\
v#C\xd5*a\xd4Z\xda\xafWK!\x04L\x99\
\xda\xc5*\xb3g\x12[CE\xe9R\x9e\xc7\x8a\x9c\x9f\
\xe7\x85\x17\xe7\xb0pQ_\xcb\xf2\x84\x10\xc41<\xfa\
\xf8\xf3\xdcz\xdb\x1d&\xd3\xad\x09\xbb\x9d\xc4\xe2\x17B\
\x10\xd6\x86\xf9\xf2\xde_d\xd5UWj\x11v\xc8\xea\
\xde,J\xa5R\xc2X\x9a\xb7\xdfH}\x14)2\x92\
\x98\x89\xd6\x99\x04h\x97\xcdD\xd8-\xc0\xa1\xa1\xe1&\
\x95\x18\x1bn\x96\xd3v\xb6.\x95\x8a0\xceNvH\
_\x9b03;h\xa2\x08^~e\x1e\x7f\xfc\xe3\xdd\
\x14\x8b\xdd\x14\xdb{x\xee\xa5\xd7\xf8\xcdo\xff\x88\xce\
\xd8\xf8\xfc7\xa2q\xfe\xb3\xc9\x1f\x85\xe2\x80\xfd\xf7\xe6\
\x8c\xd3\xbfKep)qTm\x98 \x5c{\xbac\
\x0e\xd9\xf3\xb8et*\x92\x83\xb0\xa9|Jm]\xdc\
\xf2\x9b?r\xcc\xf1\xdf\xa1R\x8b\x96k\xd9\xd1\x0c\x9e\
\x04\x11k>\xb7\xc7\x879\xf7\x9c\xb3P\xb5\x01\xc2j\
\x99\x5c`\xa4\x9d8\x8e\x8dy\x83u\x9bhF?\xce\
\x0d\xc211\x1a\xde\xd1\xf8\xf8\xb5\xb5O\xe4\xc9g^\
`\xdf\xfd\x0ee\xee\xbcw\x89\xc7\x13G*EwY\
d\x8f\xbbP\x86>\xf0\x85\xcf~\x9c;\xff\xf0[\xb6\
\xdal}\x06\xfb\x17\xa3\xe3\xaa\x09nfU\x19\xf5e\
\xb5\xa4Pl'\xd4>'\x9d\xfc\x03\x0e?\xf2\xdb\xcc\
}{\x91qQI)\xc1\x9b\xbd\xb3\xb6K\xc7-7\
\xdf\x8cr\xd9\xa8XT\xca\x9eH\xfa\x1e\x0b\x16.\xe1\
_O=\x9b\xbd\x15l\xfd\xa3\xc80\xfb\x1f\xff\xf4<\
\xaa\xb1@\xfa\x01xf\x12\xf3}\x9fP\xc5\x84a\x95\
\xee\xce\x12\xdf\xd8\xe7\xcb#\x16l\xad\xd0\xde\xde\x9el\
\x5cd\xdbi,\xa4\xfboxx89\xde\xf0\xec\xa1\
\xb2Q\xa4\xbd\xd7\xc2\xddoc\xe8f\xa1\xebk\xcal\
\x83g\xff;\xb8\xe3B\x98\x9d\x10-\xe1\x95W\xdf`\
h\xb8blP\xb4\x8f'\x0b<\xfa\x98I\xc0X\xbf\
1\xf5\xfb\xbf\x05Z[\xfbce?v;_\x18k\
\xfa\x83\x0f\xfc*\xc7\x1c}\x08C\x03K\x90\xc2\xac\xf5\
=\xcf3\xf1\x8c2\xba\x1aa\x97 -\xa7S\xa3\x05\
B\xc7F\x1c\x8f\x14L\x988\x9d_\xdfz\x07'~\
\xe7\xfb\x0c\x95kV2\x1de\x84\x8b,\x13\xb5\xb0\x87\
\x8cK\x8a\xe6s\x9f\xde\x8ds~\xf6\x03rR\xa1\xe3\
\x08\x88\xf1|\x1f)L4M\x84\xb1\xc7\xcaZd;\
kp\xb3{\xd8hL(\xa5\xc4e\xe2mk\x9f\xc8\
\xd3\xcf\xbf\xcc\xfe\x07\x1f\xcd\x9bo-&\xd44_\xca\
\x09\xfbYN\x08\xfb.\x9e\x80\xd5fO\xe5\xd77_\
\xcd1\xdf<\x00\x11\x96!\xac \xa5\xb1\xc5r\xdb\xec\
Qh\xccn\x84\xf4\xe9\x9c0\x95\xdf\xde\xfe\x17\xf6\xf8\
\xc2W\xf9\xe3\x9d\x7f'J1&\xf7>\xf5j\x19\xad\
k\xac4[o\xb3E\x2299z\x88\xd1F\xb1\x8f\
\xe0\x1fI>\xb8F\x8br\xad\x01!\xf9\xcb\xdd\x0fp\
\xcf\xbd\x7f\xa7\xd4\xd6e\xcc'\xa2\xc8\xc4\xa4\x92\x82\x9c\
\xefQ)\x0f\xf0\x8d}\xbe\xcc\xcc\x19\x13\xad\xa0\xd2\xa4\
\x1f-\x5c=\xdb\xdb\xdb\xf1m\x92\xcaf\x0d9\x16/\
\xd1\x02\x84'\x89\xc3\xd0\xa8\x0b]o;+\xdej\xd5\
\xc4\x03v\xb3\xd4X\x05\xa6\x91^W\xe6r\xb9\x84\xee\
G+#\xcb\xcc\x9a\xc1\xcc\x9e\xf0\xce\xbb\x8b\xa8\xc5\x10\
E\x0a\xdf\x0f\xf0\xfc\x02K\x97\xf5S\xabE\xf5A\xd0\
\xbc\x88\xff\xd5h\xd5.Z\x9b\xe5\x99'\xe0\xf8c\x0e\
\xe3\x84\xe3\xbeIyh1:61\x81\xb4\xd6&\xa7\
\x5c\xca/i\xb4~M\x9fs\xe7=\xcf\x03\x19\xd0\xdd\
3\x99\xab\xae\xf99'~\xe7tjqD8\x86\xd9\
w\xb3\xf2\xc10&!l\xb4H\x15\xb3\xf7\x9e\x9f\xe2\
\xa7g\x9dN\x5c\x1d\xa0Z\x1eD\xd9(\x86q\xd4(\
\xe9\xb9ORL\x93\xdf\x8d\xcf\x94h!(\x96zx\
\xe4\xb1\xa78\xf4\xf0cX\xb6\xac\x9fX\xd7}\xfcF\
C\xfa\xd9c\xc1\xe9\xf9\xdaK9N\xfd\xee\xb7\xb8\xf1\
\xba+\x99\xdc\xd3Ny`\x09BG\xe88&\x0e#\
|+MH\xe9!\xa4O\xa9\xa3\x87\xb7\xdeY\xc2~\
\x07\x1c\xc1\x0f~|1C\x95\x1aQl\xf4>ih\
\xbbT\x0d\xa4`\xcb\xcd6\xa1\xab\xab\x03\x15Ex\x9e\
G5\x0a\x13\x01\xc0\x0f\x8a<\xf8\xd0c\x84\xb5\x91m\
\xa34Tj\x11g\x9fs\x11~\xbe\x88Vu?U\
\xcf\xf3\xa8\xd5\xaa\xd4*\xc3\xac\xbd\xe6j\x1ct\xc0\xbe\
xB\x1b;\xadV\xfd\x98*\xbbX4&\x05n\x09\
\x97U\xff\xa4\xdb0;\xde\xcd9\x81V\x82J\xd9\x98\
;\xe8t2J\xad\xcd\xce\xd6{E\x9a\x90]\x22A\
\xad\xad\x1d\x92\xad\xcbh/\xd9\x0aB\x08|\xdfd\xed\
u\x8cO\xd9\xed\xe0\xde\xde^\xc2Z\x08VW\xf2\xdf\
\x8d\xfaZ>=\x10\x1dc:\xee\x98\x83\xf9\xd6\x91\x07\
S\x1b\xeeEhc\x08h\xb6\xb4\x1b\x97:\xee~m\
\x0aH\xbe\xebH\xcf\xd8\x86\xc8\x22\x05m]\x93\xb8\xfa\
\x86_\xf2\x9d\xd3~\xccp\xb9q\xc9\xd1\x1c\xf5\x99:\
\x0b)e\xe2|\xbc\xf7\x17?\xc1\xe9\xa7\x9d\x88\x8f\x09\
M\x02\xe0\x05\x12\x89g=\xfb\xcd\xce\xa1\xa9\x8dA\x9d\
\xa0\xebH\xfe\xdb\x88\x93\xca\xeakz&L\xe3\x9f\x0f\
=\xce\xfe\x07\x1d\xc9\x82\x85\xcb\x08U\x0b\x89)\x05\xd7\
V\x8d\xf4:\xfa\xfb\xb8p\x1e\x1f\xdeu\x1b\xee\xfa\xe3\
\xaf\xf9\xe4\xee\xbb\x12\x96\xfb\xf1%V\xba\x8b\xedd\xad\
\x89c\xb3)\xe4\xe7\x0a\xc8B'?;\xffr\xbe\xb2\
\xcf\xe1<\xf9\xfck\xd4\xe2(1\x00\xd5v\xd7\x14\x14\
Z)f\xae4\x95\xf5\xd7^\x1b\x15\xd5\x10\xb6\x7f\xcd\
5&U\xd4K/\xbe\xcc;\xef,H\xd2C9\xcb\
v\xa5\xe0\x96[\xff\xc8\xe3O<C\xe0\xe7Q\xc2\x98\
2\xb8\xe4\x9c\xf9@\xa2\xa2aN8\xf6H&t\x96\
\x8cl\xe6\xde]\xdbO\x02\xd7\x0e\x86\x16}i\x22\xa8\
\xa6i\x92Q\x18\xba\xb0\x92\x7f\xfa\xbc\xd6\x9a8\xf5\x90\
D\xa7\xe4T3\xe9\xc2[\x15\xdc\x0a\x9e%\xfe \x08\
\x10I\x90\xb2:\x5cy\xcbS\xae\xb6\x8a\xc2yo\xbf\
\x03\xc2C\xda\x99\xc1\xf3<\xe6/Z\xcc\xf0p%\x19\
S\xe3/\xf5\x7f?\xd2\x03G\xa0\xf0%|\xfb\xc4#\
9\xea\x88\x83\x18\xea[\x0c\xca\xec\x049\x7f\xa6\xb4\xde\
/\xdd\x0f\xad\xfa\xc8\xe9B\x003\xbb{9:\xbb&\
s\xc9\xe5\xd7r\xf2\xf7\xce0\x12\xd3\x98\x8c\xa95\x84\
U~K\xad\xd9o\x9f/\xf2\xe3\x1f\x9eJ\x1c\x99\xd8\
\xd9\xbe'P\xda\x06\xf6oA\x8f\x22\xc3h\xd3p\xef\
%\x84\xd1\x8duuO\xe1\xee{\xff\xc1\x81\x87\x1eM\
o\xdf\x10\x91v\xa9\x0c\x9acy\xe83\x0d'5\xcd\
\x986\x91\xeb\xae\xb9\x88\xb3\x7f\xf2}\x88\x87\x88ke\
\xa2\xb8j\x1cu\x95\x19\x94B\x98\xc8\x96\xc2\xf3\xe8\x9e\
0\x85{\x1fx\x84\xcf|\xfe\xcb\xdc\xfc\xab?R\x8b\
B\x22e\x07fj\xe9*\x81\x9dv\xdc\xde\xc6W2\
z@\xf7\xae\x9e\xf4\xe9\x1b,\xf3\xf2\xabo\x12\xc5\x9a\
J\x18Q\x8b\x15\xe5J\xc4\xe0p\xc8y\xe7_J\x90\
+\x824\xc6\xabQ\x14\x11\x04\x01aX\xa3R)\xb3\
\xfdv[\xf2\xd9=>bM\x00\x96\xaf_\xd3\xb4\x98\
=\xe6~7^c\xe9\xce\xee\x1e\xba\xf3J`\x98-\
\x80\xb6\x81\xaa\xd2\xca\xcez\x01c\xc3t\xa2\xe3\xa0\xcd\
<\xcd\x0d\xd2\x15k6 \xd20%\x1a\xe2\xa8\xd5\x14\
\xf3\xe6\xcdCXe\xa8R\x0a/\x08\xe8\xef\xefg\xc1\
\x82\x85\xf5\xa5\xa2\xbbQ3\xea\xcc\xf6\xdf\x04\x8d\xd9M\
\x93\xc2\xd8\xb9\x9ft\xe2\x91|\xf3\xf0o04\xb0\x04\
\xcf\x12\x98\xb4\xdb\xe6\xf5\xc1jtK\xa6\xbd\xea\xde\xfb\
\x06F\x22s\xbbqBxD\x91\xe9\xd3HAW\xd7\
T\xae\xbc\xfafN\xfd\xde\xd9T\xc3\x88j-j\x18\
\xde\xf5\x01]\x97\xec\xc0>,\xdd\xddv)\xe7y&\
\x9b\xf2\xd7\xbe\xfc\x19\xce8\xed\xdb\xa8\xb8LT\xab\x1a\
\x86\xea\x9b\x1d\x18A\xdd\x02=\xcdP\xb5\xd6h!\x8d\
w\xbb\x93\xfa\x1c\xec\xff0RDJ3a\xe2t\xee\
\xf9\xdb\x83\x1cr\xf81\xf4\xf6\x0eQ\x0d\x9bg\xc25\
\xb7\xa6+\x9a\x96\x0cR\xef\xd3\x02Nj\xf2%|\xed\
\xcb\x9f\xe5\xcf\x7f\xfc\x0d[l\xb26>\x91Y\xce\xa5\
r):\x06U\xab\x85\x14\x8a\x1d\x0c\x95#\x0e;\xf2\
x\x8e\xff\xce\x0fY\xda[1\x91\x1b\x14\xb6/\x0c\x8f\
\xdai\x87m\xf0\xa45\xbfQ\xa9v\x90\x1e~P\xe4\
\xb2+o\xe0\x9a\x9b~\xc757\xfd\x8e\xfb\xfe\xf9$\
\x03\xd5\x90s/\xbc\x82\x97_}\x1d\xbf`\x96ZJ\
\xc5\xe0\x09b\x14\xbe/(\x16|N>\xf9\x04\x02\xcf\
<\xc3\x99\x95@\x93~K\xe8\xc3\xb4\xb6\x94\x22\x89\x88\
\x99@\xd4U9\x8e\xee\x1c\xdco\xe3\xeda\xae\xd1\xda\
\x98Q\x98\xdf\xa9V\x16)'\xdc\xe5\x9d)\xd2\x9d\xa8\
\x9db6\xc3\x0f\xb2\x0c(\xfb\xbf\x15\x84\x10\x94\xcb5\
\x16-\x5cL\x10\xd4\xb3uJ)\x19\x1e\x1e\xe6\xf5\xb9\
s\x0d\x87Mn\xc86\xe2\x7f\x1fZ\xb5\x9d\x14f\x97\
\xe6\x94\x93\x8f\xe5\xc8C\xf7g`\xd9BT\x14\xa2\x95\
\xf1\xd3\xca\xae\xf7\xd3pe\xa6\x07\xbd\xb0F\x9bN\xda\
\x92\xd2C\xe1\xd1\xde1\x91K.\xbd\x9a3\x7f|\x01\
\x91\xd0TS\xb9\xbfZ\xd5\xad),\x99\x99\xa5\x8ff\
\xbfo\xec\xc9\xf7N>\x81\xb8\xda\x8f\x8eB\x94\x8a\x88\
\xe3\x9804\xba&G\x9f\xa4\x9e\xe3\xdc\x99\x92\x22S\
\xb4\x9b\xd0\xb2\xf0\xd0\xc2\xa7g\xc24\xee\xb8\xeb\x1e\x8e\
\xfa\xd6\x89\x84QL\x1c\xe9q;\xef./<\x09\x1e\
\xb0\xe1z\xabs\xfbm7\xb3\xefW\xf6d\xa8o1\
B\xd7\x90R\xa0\xc2\x08)\xeb9\x15\xb5\x10\x08\xaf@\
\xb1c\x02W\x5c}\x13{}e?^x\xf9\x0dB\
\x15Q\x0bM04\xd0l\xba\xe9&L\x9d:\xd5\x86\
GI\xb5\x83\x10\xe4\x0aE\xee\xb9\xef\x1f|\xeb\x84\x93\
9\xf6\xf8\x93\xf9\xdc\x9e_\xe3\xa3\x9f\xdc\x9b+\xae\xb9\
\x81bG\xb7a&\xa9\xc9)\x8akT\xca\xfd|\xee\
3\x9fb\xab\xcd\xd6O\xea\xbe<}\xa8\x1b\xf4\x94\xf5\
\xb6\x97v\xe9\x95.\xab~\x9dA\xfa\xb7\xd3\x8d50\
%2\x22\xfb\xf2\xc0\x14nf\xd7:17^\xb3<\
\x8cN\xb8\x99\x5c\x03Z248L__\x9f-\xd7\
lc:}\xc7\xcb/\xbf\xdc8\x01\xb7\x9a\xa9\xffK\
!\xdc\xc7\x0eX)4\x9e\xd6|\xe7\xdb\xc7p\xd8!\
_\xa76\xdcG\xe0Ir9\x1fR\x8a\xc8l\x7f$\
\xff\xcd\xec\x94\x10\x8c\xd2.\xbb\x8ao-\xff\x8dwz\
{\xd7d.\xbc\xe4*\xce\xbd\xe0j\xc2\xa8I\xfa\xa1\
\xb1\xe0*n\xad\x83\x9d\xb9\xc0A\xfb\xef\xc5i\xa7\x1e\
\x87\x0a\x87\xd1q\x84\xefK\xfc @&\xd2\x9d\x09\xda\
\xe6`2\xb7\xd8\xec-\xe9b-\x5cT\x840\x8aP\
\x08&L\x5c\x89\xdb~\x7f7\xc7\x1d\x7f\x1a\xe5jh\
$\xbdQi\xb3\x91\x8et\xc3\xd0k\x0e\xd7vR\x9a\
\xba\x04\x02~\xf0\xbd\x13\xb8\xe2\xb2s\x09\x84\x86($\
\xc8\xf9\x84a\x95J\xa5\x82\xf0\xcc\xaea\x14Eh%\
\xe9\xe8\x99\xc4cO>\xc7\x1e\x9f\xf927\xdct;\
\x91VT\xaa\x8ae}\xc3\xf4\x0d\x0c\x91/\x16\x89\xe3\
\xd8DR\xb0Jf\x13\x91\xd4d\x1a.\x96z(\xb5\
\xf5P(v\xf3\xe6\xdc\x05D\xb1\x87\xb6\x01\xfe\xe2\xd8\
N.6\x7f\xe0\x84\xce\x0e\xbeu\xf4a`\x93\xc0d\
1\xd6\xfbV\xc3\x88\xc8\xee\xd6b\xdf\xddL\x04\xc6\xf2\
\xde\xf9e:\xbe\x90nk\xf7[\x08a\xe8\xd3\xb6Y\
\x83\xa4\x14\xb4\x88p8\x16\xd2\x85\x0b!\x9a:D\xa6\
\xb9\xe2x\xe1^\xa4\x5c.\x13E.\x88\xb99\xeey\
&D\xc5\x9cW^\xa5!\x7fbV\x8c\xff?\x80t\
G\x1b\xa5\xb0\x22\x1f\xc0\xf7O\xfb6\x07\x1d\xf0Uc\
.`\x07s\x1c\x1b\xbf\xb3\xec\xacU\xbf\xdf\x1c\xcb.\
k\xd2\x0as\xe1\xf9\xe0\xe7\xc8\x97\xba8\xf3\xc7?\xe3\
\xc2K\xafE\x0b=\x821\x8d>\xd8\x1b!\x84\x89\x02\
)\xd1\x1cv\xd0\xd79\xf5\xbb\xc7Q\x1d\xeaE\xc7\x11\
\xb9 \xc0\xb3\xde\xf1\xda\xc6\x94N\xeeK\xd1]\xf6y\
f\xb6\xae+\xfd5\x92XCG\xe7\x04\xae\xbb\xe1W\
\x9cp\xd2\xe9\x84J\x19\x9f4{o\xf6{y\x91\xbd\
_J\xf0\xa4\x91`\xbf\xf0\xd9\x8f\xf1\x9b[ndb\
w\x81\xfe\xbe\xc5\xf8\xc2l\xefG5\x93\x1e\xdc\xf3\x02\
\xe3\x0c\x8cO\xb1\xd4\xc9\xc0p\xc4\xd1\xdf\xfa6\xc7\x9c\
\xf0}\xde^\xd4\xc7\x9c\xd7\xdf\xe5\x88\xa3\x8e\xe5\xadw\
\x16\x92/\x16\xd0\xb2.\xcd\xba\xfe\x91\xbe\x8f\xf4}\xb4\
\xf0A\x06xA\x0e\xe1\xf9\xf8~`\xd4\x1e\x89M\x11\
\x0c\x0e\xf4\xf1\x99O\xed\xce\xea\xb3\xa7$z\xd9\xf1\xc2\
\xbd\x9f\x93b\x9dd\xc4r\x8eu\xd7o9\xdf\xe8\xa1\
1S\x80\xe5h\xdal\xe5g\x0b\xcf>\xc0\x15\x92=\
\xee\x08X\xd9\xc4\x01\x06\xd9k\xc6\x83\x91\x12\x8e\x96\x02\
\x19\xf8&\xe7\xbc0q_\x84\xf0\x08\x82\x1c\x8b\x16-\
\x22\x8eh\xd0+\xbd\x97\xa7\xfeoFc_\x98\xe5\x96\
@!\x81\xd3N>\x81\xaf\xed\xfdY\x96-\x9dO\xe0\
I\xbc@\x1a{\xa0DI\xaa\x1b\x98\x8fk?\xa5E\
\x12\x8d\xc1\x95\xefy^\x22y(\x05\xb1\x96\xb4\xb7O\
\xe2\x87?>\x8f\x0b/\xb9\x91Hi\xaa\xb5()/\
K#\xcd\x07z\xaa\xbf\xad\xf2\x1b\xa59\xe4\xa0\xafp\
\xcaw\x8f\xa16<@X)\x1b\xc9\xc0\xf3\xd0\xd6\x7f\
\xcbHG\xf5Y\xb8^\xb6\xd5\x01\xe9\x18\x15\x87V\xb2\
\xaa\xd3\xad\xc9\x98\xeb\xd13y&\xd7\xdcx\x0b\xa7\xfe\
\xe0\xec$\xc666f\x93\xa9J\x96\x8aL\xb9YI\
-\x816\x9f\xfa\xfd\xf5v\x15V\xca\x93\xc0\xd6\x9b\xad\
\xcb_\xef\xfa\x1d\x9f\xfb\xd4G\xd0\xe109O\xe0\x19\
\xe3-\xbc@\xe2K\xe3\x14k\x96\xcb>m]\x93\xf8\
\xe5-w\xf0\x91\x8f\x7f\x91/|y\x7f\xfe\xf9\xf0\x93\
\x04\x856b\xad\x8d}O\x92\xe7\xce3\xfde|I\
\x92\x80p\xc2\x1dO\xe2i\x99<r*\xaa1k\xa5\
i\x1cq\xd8\xc1&\xbeQ\xeau\x9b\xf7S#\x1c\x9b\
HKH\x09\x5cHfk\x08;*2F\xa6dG\
\x7f\xa9T\x82\xcc\x03\xb2\x15t\x0cid\xa7\x99.\x88\
cM\xa5Rk\xd6m\xef\x19\xd5\xaa\xc9W\xef,X\
\xdd\xf3\xf3\x85\x22\x0b\x16-\xa6R3\x19(\xb2\xc8\xd6\
\xfd\xff\x02\xea3\xb4D\x10\x91\x0f\xe0\xc7g\x9e\xc6\xfe\
_\xdf\x9b\xbe\xde\x05\x08m\x15\xc8\xce\xb99\x93\x89\xb7\
)\x91\xa5 \x5c\x16\x0a)\x91^@,<\x82\x5c\x1b\
\xdf?\xf3,\xae\xbf\xe97h\x09\xd5\xda\xf2\x057\xc3\
\x8ei\x07g\x94x\xe4\xe1\xfbq\xfc\xb1\x87S\x1e\xee\
%\xac\x94\x11\xf6\xfd\xdc\xa0%E\x8fY\xb8\xe3\xc6\x8b\
\xdf\xe4w1\xc90\x8c\xc5\xba\x16>]\x13\xa6q\xe9\
\xe5\xd7q\xe6\x8f/$FQ[^\x87\xb44\x84\xfd\
\x8c\x02O\x1a\xbd\xdf\x94I\x1d\x5c}\xc5\xb9\x9cw\xce\
\x8f\xf0E\x08\x91\xd9AV\x91\xd9\xc4\x91\xd27\xb6D\
^\x002 Wh\xa7\x7f\xa8\xcaP9B\xfay\x13\
\xd5\xc1\x93\x89\xd2\xdc\xbd\x7fZ\x9a5F\x94fs \
}\xde\xa1Z\xad\xf2\xa1\x0f}\x88\x19+M\x22\x0c\x1b\
M\x81\x9a\xb5g\x16\xae\x7f\x93\xb8RM\x90-'{\
]\xa2\xe3\xd4\xba\xce{\xb2L\xa9\xad\xdd\x84\xc4$U\
\xa0\xfb\xce\x16\x98\xfd\xef\x8ei\xad\x19\x1a\x1arG2\
W,?\x84\x80\xc1\xbe~j\xe5\x8aI2\xd8\x10\x08\
_\xf0\xee\xfc\xc5,^\xb4\xb4i\x9a\x9bl\xa3\xfc_\
@\xba\xbf|\xdf\x04z\x0f\x04\x9c\xf9\xfd\xef\xb2\xefW\
\xbe\xc0\xf0\xc0\x12\x1b\xef\xd9\x88\xdci\x89\xc8\xdd\xafS\
\xfa\x994\x1c\x91\x9b\xcc\xb3\xe6:\xa5\x142\x97\xa7\xd4\
1\x89\x93O=\x93ko\xba\x8dX0b)\xc7\x18\
\xfd\xe1\x9e\xa71\x9d\xeev\x13\x8f;\xe6@\x8e>|\
\x7f\xa2h\x18I\x8c\xef\x09\xcbT\xcd\xeco\x0cE\xeb\
\x16\xcc\xae\xff\xdd\xb3\x94p\x92\x98\xcdAg%\xc4X\
)\x22\xa5(uM\xe1\xbc\x8b\xaf\xe6\xfbg\x9eO\xa8\
4\xd5\xb06\xc2\x22\xda\xc0\x95\xe3>\xa3@3\xe2:\
m?\x22e[\xf6\x85\xcf}\x94\xbb\xfe\xf8\x1b\xd6]\
k\xb6\xcd;'\xcc\xb3\x85@K\x8f\xc8\xdaS\x09a\
\xa4)/\xf0\x12\xe9H\xc7\x1a\xa1\xeb\xd1#\xdc.\xaa\
J}\xcc3c\x84]\xe6\xc5ql\xe3cK\xda\xda\
:\xb8\xfd\x8fwp\xe3M\xb7\x81\xd7:\xd4K3:\
H\xb7K\xa5RIe*\xae_9Z_;\xa4\x97\
\x9d\xed\xed\xed\xf5\xe3P\xdf\xbd(\x95\x8a\x09c\xc92\
\x9d,\x93\xca>\xd44\x9c\xf1K\x1a\x1c\x1c\xb2m\xa4\
\xd1\xb4\x8e>9^\x0c\x0e\x0e&\x86\x9d\x8d\x83.G\
_o?\xaf\xbc\xfaF}\xf96\x8e\xc6\xf8o\x87N\
I\x0fB\x08\xa4\xa7(\xe6\xe0'?:\x9d\xbd\xbf\xf0\
\x19\xfa\x97\xcd7\x89\x1b\xe3\x10\x95\xb1\x05rh\xd6\x8e\
\xe92\x85\x10xR\x22\x85\x8f\xe7\xf9(<\x22\x02\x8e\
=\xfed~\xf1\xeb?\xa2es\xc64\x1ehk\xc7\
\x22\x85\xc6\x97p\xd2I\xdf\xe4\xf0\x83\xf6a\xa8o\x11\
Q\xad\x9c\x04\xe6\x1f\x8dN\xd3H_\x97\xde\xa9\x13x\
\xa0=\xf2\x85N\xce>\xffR~x\xd6\x85(-\x08\
\xadqc\x1a\xee\x7f\xf6\xb8C\xf3\xa3\xcda\xda\xce\x0c\
\xbe\xf5\xd6\x9b\xcd\x9f\xfe\xf8\x1b\xf6\xf9\xf2\x9e\xc6\x871\
\xac Q\xc4\xd6\xba\xddM\xbe\x0d\xbb\xf4v\xaci$\
Q,\x88t@E\x07\x94U@\x99<\x15\x0a\x94\xc9\
\x11\x89\x1c1\xbeI6i\xf5>\xf5\xf2$\xb5P\xf3\
\x9dS\xbe\xc7\xc3\x8f=K<\xeew\xa83$e\x9d\
\xf8]\x14\xd1t\xdb\xb4j\xa7l\xff\x98q\xec\xd3\xd1\
\xd1\x91\xb0\xf0D\xd7\xad5t\x94J\x0d\x22^\x16i\
\xa2l\xf6P\xc3\xf5<\x86\x06\x87\xad\x8d\x0c\xff6C\
\x12\x02\x06\xcb\xc3\x84*\x86\xb4x\xaa\x223\xebI\x8f\
\xa7\x9ey\xb6\xa1\xd3\xfe/#\xcd\x90\x1c\xcc\x7fM\xce\
\x87\x9f\xfd\xf4t>\xff\x99\xdd\x19\xee_L!\x9f#\
\x17x\xf8A=\xf4\x89\xdb(p\x039\x19\x8c\x8eh\
\xad\x14\x850\xc6{R\x98\x18Bq\x1c#\xbc\x1cm\
\xed\x938\xfe\xdb\xa7s\xe3\xcfo7\xca\xef(\xccH\
\x1c\x0eYI\xc4\xc0\x90w\x8a\xf9\xa1\xf1\x81S\xbes\
\x0c\xdf\xd8go\xaaC\xfdx\xc2n!K]\x1f\x10\
\x99\x08\x87u\x98\xdd=\x13\xe6\xc3\xd0\xb6\xc4\xd8?)\
\xa5P:\xc2\x0b\x02z&\xcc\xe0\xdc\x8b\xae\xe4g\xe7\
]I\x18A\xc5*\x9f\x1d\xd2\xb4\x0f\xe9\x06\xb1\xe7\xeb\
?\x9b\x89\x16M%\x0eO\x1a\xcb\xea\xf6\xa2\xe0\xec\xb3\
\xbe\xcbU\x97\x9dKW\xc9#\xac\x0e\x22Q\xe4\xbc\xba\
\xee\xcf5\x97\xd0\xda\x84\xaa\x11\xa0\x85$\x149\xaa^\
\x1b^\xd7L\xdaf\xacK\xcf\xec\x8d\xe9\x5cy\x03r\
\x13W\xa1\x96\xeb\xa1F\x8eX[_Ti$\xdc\xd8\
\x85M\x90>!>\xa7\x9d\xfe#*\xd5\xa8\x1e\xbft\
\xe4\xd0n\x89\x81\x81\xa1\x86%\x7f\x96\xf6\x1c\x8c/`\
\xe31\xb3ia\xccM\xda\xed\xf2\x8d\xac\x1c\xda\xd1\xd1\
\xd1Ph3\xc63\x1a\x84%h\x17E\xee\xdf)\x0b\
\xeaDV\xad\x9a\xb4\xc5\xd82\x93\xd8\xcdR\xe2\x07y\
\x1e{\xfc_\x8d\xf6\x7f\xff\x87\x91%\x0am\x0e\xda\x01\
\xae(\xe5=.<\xf7\xa7|\xfcc\xbb\xd1\xdf\xb7\x08\
TLT3\xb3\xb2\xfb\xa4\xcb\xc8\x96G\x86a\xa5\x09\
\xd1\xf7}\x84\x97C\xe9\x80\xe3N<\x95\x9b~\xf5\x87\
D\xf2x\xaf\x10B \x05\xe4|\xf8\xd1\x19\xdfe\xaf\
/~\x96\xcap/qXK\x1c\x87\x9d^\xacY]\
\xd3p\x89\x08\x5c\xbd=\xb7c%%Z\xf8\x94\xdaz\
\xf8\xd1Y\xe7q\xe1\xa5\xd7!\xa4G-\xfc\xcf\x13\x95\
\x14\x86\xd1\x07\x12>\xf5\xc9\xdd\xb8\xfb\xae\xdb\xd9r\x93\
\x0d\x08ke\xa2\xd80Fa\x85\x00\xb7\xd4\x89bM\
-\x0e\xa8\x8av\xbaf\xac\xc1\xba[\xee\xc2F\xdb|\
\x90\xd57\xda\x96\x95\xd7\xdb\x92Y\xebo\xc5:\x9b\xed\
\xccF\xdb\xee\xca\xf4\xd57!\x0c\xda\xa9*\x8fX\x99\
\xc0x\xf5\xb1$)\x14;x\xf0\x91\xc7\xb9\xe1\xe6_\
\x8f\xc9\x8b\x92\x09*5\xd8\xfa\xfb\xfb\x1bh\xa0\x15\xdc\
\x8eo\xbd\x0cs\xbd\xb0\x0e\xfc\x1d\x1d\x99\xe5\x9b\x83\x0b\
C\xe0\x1e\x90}P\xab\xff\xae\xd1\xccR@\xd0\xdb\xdf\
\x87\x02\xbb6\xff\xf7\xe1DN_Jt\x92}\xd3D\
\xe4\xf3ry\x9e{\xe1%\xfa\x06\x86\x8di\xc0\x0a\xee\
\xd4\x00a?8IVj\x8aE\x9f\x8b/<\x8b]\
w\xdc\x9a\x81\xfe\xa5x\x08\x0a\x85B\x12\x09\xb2\xa1\x97\
ulv\x9b\xac\x84\xe4\x98\x5c\x02\xa9Q\xd4\xe3\xe9\xc4\
:B\xfa\x01\x85\xb6n\x8e=\xf6\x14\xae\xbc\xf6\x97(\
\x8dM\x814RG\xa3\xc711\x0b\x13,\x82\x9c\x0f\
g\x9fu:\x9f\xfc\xe8\x07)\x0f\xf5!1\xbb\x87\xd2\
\x17&zeCV\x97F(\xa1P\x22\xfd|k*\
\x80G\x1c\x9a\xb0\x1e\x0aA[\xd7$~\xf0\xa3s\xb8\
\xe8\xf2\x9f\x13\xd3\xb8\x9b\xd8\x80\x11\x0d5^d$D\
\xbbc\xa7\xb51\x1b\x985k*\xb7\xdfv=;n\
\xb75\xe5r\xd9\x5cb\x99\xa8R\x8aXkb\xe1\x13\
\xe7\xbbYe\xe3\xed\x99\xb5\xf1\xce\x88\xae\x99\x0c\xd1\xc6\
\xa0\xcaS\x8e\xf3\x0cG9\x86t\x91Zn\x22=\xab\
m\xc6\x1a\x9b\xef\x8al\x9bD\xa8<\x90\x9e}\xbe\xb5\
\xf7\xd3\x1e\xc5b\x07W]}\x1d\x83\x835\xa3[j\
\xf1^\xd9\xf1\x0f\xd0\xdb\xdb\x0bM\x84\x8e\xec\xb5BH\
\xa44\xe6\x08\x0eF\x7f\xad\xf0<\x91(\xba\xc92\xa5\
\xee\x9eN|\xbf\x1eD<\x0d\xd7p\xcd\x90\xbe\xde\xf7\
}\x96-3\xc1\xa6\xb4\xd5)\xbd/\xb0\xeb|\xb3;\
a8\xbe\x16&\xea\xde[o\xbd\xcdK/\xcdA4\
\xf1\xb7[\x81FH\xcc\x8eTw{\x91k\xaf\xbe\x94\
]v\xdc\x96j\xa5\x1fT\x88[\xd28W\x1e7\x03\
\xba6u\x83\xa3>\xdb\xd5u\x1en\x16\xc7\x12\x9b\x16\
>\xd2/r\xc2\xb7O\xe3\x17\xb7\xdc\x81B\xfc[\xbb\
[\xc2Z\xed\xb7\x15%\x97\x5ct\x0e\x1f\xfb\xc8\xae\xf4\
\xf7-\xc1C\x93\x0frx\xa9\x9c\xf6\xf5{\x1ai!\
}^\xa7f\xed\x84\xd6\xa5@\xe1\x11\x14;8\xe3G\
?\xe3\xb2\xab~\x81\x12&\xad\xf5\xfb\x87\xfa\xb8J\xea\
c\x19\x93\x00$\x11\x8b\x97,\xe3\x95W\xe6$\xbb\xcd\
\xc9\xf5\x024>\x91\xc8\xb3\xdaz[\xd06e\x15\x86\
U\x9e\xb2\xcaQ\xd3\x01\x8a\x80\x9a\xf6\x08\xf1Q\x04T\
\xe3\x1c\xc3*\x87\xd7>\x95U6\xd8\x928h#R\
X\xf7\x1aM \x8d\xedR.W\xe0\xa5\x17_\xe5\x9e\
\xbf\xfdc\xcc\x1d|\x073\xb6a\xe1\xe2E\xd6\x1d\xa9\
u[\xa7\x8f\xb9\xb66\xb4\x13\x11\x86!\xf9|>\x89\
VK\xba\x85\xb4\x8ah/\xb5\xb5Tv\xb7z\x08\xb6\
\xf3\x1da\xca\xc0\xa7op\xc0fq}o\x16\xe2\x0e\
\xae\xfc\xf4\xb3\xdd\xbb\x0b0;@BP\xae\xd6x\xe2\
\xc9\xa7\xec\xb5\xc9\xa5+\xd0\x02\xc6q\x14\xba\xdas\x5c\
s\xe5\x05l\xb7\xd5F\x0c\xd8\x01^\xb7\xe0\x1e9x\
\xb24!\x84\x89&i\x94\xc7F\xf2\x91\x98(\x96Z\
\x0b<?O\xa9m\x22\xc7\x9dp\x0aw\xdey?\x08\
o\x84\xc4\xd4J\xe0hFoB\x98\x01\xdcQ\xf2\xb8\
\xf8\x82\xb3\xf8\xe8n;S\xab\x0d\xa1c\xb7-m$\
\xf5\xba\xe25;[\xd7\xff'\x8cV(\x906\xe6\x97\
2q\xbd\xfd O\xb1c\x02\xa7~\xff\xc7\x9c{\xc1\
\xd5\xc4\x0aj\xb5\xf7\x10\xf5\xbf%\xea\xaa\x88,|\xcf\
\xe7\x81\xbf\xff\x937\xdfz\x0ba\xb3\x96\xb8q$\xf0\
\x88\x09\xe8\x9e:\x8b\xf6i\xb3(\xeb\x1c\xb12\xef\xeb\
\xda\xcbC$\xde\xff\x0e5%(v\xcf`\xc2\xcc5\
\x09SmR\xdf\xdd\xf3\x90~\x91;\xef\xbc\x1b\xadF\
\x7fMS\x1fSF\x1c\xc3\xdbo\xbd[\xd7{\x8d\x02\
7\x99%\xd7\x09a\xcd\x1a\x8c9@{[)!\x8b\
:S\xd2\x9a\xf6\xf6\x12\xa5\xb6\x12\xb1\x0a\x91r\xe4\xcc\
\x93E\xb6Q\xa5\xf4\x90\xc2g\xd1\xc2\xc5\x94\xcb\xef=\
\x0cJ\x16\xbe\xef\xa7\xb6\x1d\x1d\xc75\xebTR1\x8a\
c\xdd\x82\xc2W\xa0\x0em>.\x1c\xc8\xe4\x09%\xae\
\xb9\xeaR\xb6\xdeb\x13\x06\x06\x16\x9bpa\xa9\xe5x\
Z\x17\xe0\xa4\xa1\xa6\x83;%E\xb9o<\x1f?(\
\x10\xc6\x1e\x07\x1fv\x14\xf7\xdc\xfb\xb0\xd91\xca\x06\x0d\
j\x82,m9H\x13)\x83\xee\xee\x02W]~>\
;l\xb39}\xcb\x16Q\xab\x98\xa5\x8eQ!\x98\xf2\
\x93z\x8c\x81\xf4\xf5\xe6[\xa2\xb4\xa4\xd8\xde\xc3\xe9?\
8\x8bK\xaf\xfc9H\x88\xfe\x0d\xdd\xd8x`\xd8*\
\xfc\xf3\xe1GLN>a\x14\xc1\x8e\xce\xa3X\x10\x8a\
\x1c\x93g\xaeNM\x05\xc4x\xc4\xd6\xc2\xbdU{i\
\xadQ\xda\xa3\xa2}&\xcf\x5c\x0d/_JR|;\
\xd7\x14\x05\x04\xb9\x02\x8f<\xf68\x03C\xd5QW7\
i\xe6R\xa9\xd4X\xb4h\x09\x9e\x9fC\xa7\xe8\xa0\x19\
\x1a\xfb\xc4\x1c\xf3\xbd\x1cJ\xc5\x86\xef\x94J6\x99\xad\
eJ\xeeAA\x10\xd0\xd3\xd9\x95d#]\x1eH)\
\x93D\x96\xbd\xbd\xbd\x0c\x0e\x0d\xa3S\xdb\x84\xcb[\x9e\
\x83\xd6&\x90\x94\xe7y\x96\x91\xd6gq\xc7\x98\x82 \
\xe0\xe9g^d`\xa8\x96xN\xaf@\x0b\x08\xf3\x11\
\xc2\xfa'j\x98\xd4S\xe2\xea+\xceg\xc7m6\xa5\
V\x19\xc4\xb7[\xf2B\x1a\xe9\x07L\xaa!\xacut\
+qTk\x93YE[\xdd\x8dR\x0a% \x97/\
Q\x8d}\x0e<\xe4h\xee\xff\xfb\xa3(mw\x802\
\xcc\xc9\xf5[\xb3\xfeK\x1f\xf3\xa4q\xad\xea\xe8\xc8q\
\xd9\xc5\xe7\xb0\xddV\x9b\xa0U\x95\xc0\x93h\xa1\x90~\
}\xe0d\xd5\x10Y\xa4\x1dzM\x9b\x18]K\x1c*\
\xa2PS\xea\x98\xc4\xf7~p\x167\xfe\xfcw\xc4(\
\x1b\x08\xd1\xbc_\xb3z.7l\x7f`\x9b5\xd6\xf0\
\xfc\x0b/'V\xd8\x8a\xd8\xee2j\xb4\x94\xe4\xdaz\
\xc8\x95zl\xc2\xd0\xfa\x98\x8a\xd1DZ\x11\x13\x9b\xc6\
\xb1\xef\x06f\xd9\x17k\x0f\xbf\xd0F\xb1\xad\xd3DU\
\xb0\x99D\x14\x1a!\x8c\xb5\xf7\x92\xc5KY\xb4hQ\
&\xe3\xb2C]\x17\xa6\xb5Fx>\xc3\xe5\x0a\xcbz\
\xfb\xac_\xa4\xb9\xca\x8d\xf3t\xdb4k'\x1d\xdb\x17\
V\x8a\x9e\xce.\xf2y\x13\x83\x8d\x86\x05.P(\x04\
L\x9c8\xb1\xc1Js4.\x9c\x85\xb66\x07}}\
\x03,\x5c\xb8\x18!H^\xb0Y\xc5\xc6\x820+\x09\
J\xa5RBd\xe9\x97\x16V\xf9\xe7\xe7\x0b\xcc}\xeb\
-^y\xf9\xf5\x15z\xa5q \xdd\x17\x861if\
L\xed\xe2\xda\xab/c\xeb\xcd7fhp)\x12\xe3\
\xa6\xa1S\x12S\xfa\xde\xf4\x8c\xd9\xac_\xd2\xd7 =\
\x0a\x85\x0ez\x07+\xec\x7f\xd0\x91\xfc\xf3\xc1\x7f\xa1\x85\
\x1e!1\xa5\xef\xcb\x22{\xcc0&\xcd\x94)\x9d\x5c\
w\xcd\xa5\xec\xb0\xcd\x16\x0c\x0d\x9a\x00w\x0e\xaen\xe3\
\x81\xa3s\xdd\xb0;\xe5\xe1\xe7\x8a\x14J]\x1c{\xc2\
\xa9\xdct\xf3\xed\xe0yT\xad\x05t\xb6N\x0e\xe3}\
f3\x94\x87\x15\x8b\x17-M|\xd4\x1c\xb4\xd6D\xb1\
\xa6\xd8\xde\x89,\x16\xd1Vi<Z\x1d\xea\xe7\x84I\
\x95.s\x94\xda\xbbM\xac&mg$W_)\xa9\
Tj\xf4.\xeb\x1f\xe1L?\x12\x12\x81d\xd9\xd2>\
\x06\x06\x86F\xe8\xbe\xc8\xd0G\xba\x8e\xe9\xeb\x94R\xd4\
j5\xa6N\x9b\x82\x8d\x0b\x09iI\xc9\xdc\x003\xa6\
M53b\x8a\xc8\xc6\x03\x91l\xad\x0ajQ\xc8;\
\x0b\xe6\xb7\xb0\x1b\x19?\xcc\x8bA\xa9\x903\xb9\xa5R\
\xe2\xb8\xb0\x0c\xc9\x89\xeb\xe5j\xc4\x03\x0f>T\xbfY\
'm\xbe\x02\x19d\x09\xd9\xf3D\x83\xc4\xb4\xdd\x96\x1b\
3\xdc\xbf\x0cO@\xceF\x180a6\xea\x91 \xeb\
\xc4fftW\xa6\xd0\xa0cc\x1b$\x84\x89\xa3\xed\
$\xa6B\xb1\x9de\x03U\xbeq\xd0\x91<\xf4\xc8s\
h\xe9\xa2\x9d\xbe\xb7e\x91\x09\x12\x07\x93&\xb6s\xd1\
\xf9?e\xb3\x8d\xd6A\xd5\xca`\xcb\x14&\xb9pR\
\xc7\xac\x8e)\x0d7\x80L\xd8\x9d:\xe1\xc4Z\xa1E\
@\xae\xd8\xc51\xc7\x9d\xc2M\xbf\xfc=\x08\x8fj5\
lI_\xd9\xf6\x85\xd1\xe8\xb1.\x81\x08\x01Q\x18R\
\xab\xd5\xd3(9I\xce\xe9\x89\xbc Ol\x95\xd5d\
\xc6\xa7\x10\x02\x0f\xcf,\xcf\x84B\x898\xd1\x95\xb9\xe5\
\x95\xf4\x03\xac\xa5\x99\xd9\x8c\xb2KR\xad\x8d\x8fi\xd6\
\xed\xa8\x0e'5;\x06\x0e\xef,X\xc8\xc0\xf0\x90\xdd\
\xd1k\x0em\x97\x87\x8d\xff\xcd\x8e\xada~\x11S&\
M\xac\x9f\xd7)\xff\x02)%\x9e\x07+\xaf\xbc2Q\
\x18B&\x1f}\xb3\x86N\x1f\xf3l\xcc\x1d\x808\xd2\
\xcc\x993\x07\x5cg\x8f\x11\xefw4hm$%#\
VG\x89\xa2\xdb\xd5M\x9b\xd6$\x97+p\xf7_\xef\
\x1b1\xfb\xae\xc0\xf8 \x84qS\x981\xb5\x9bk\xaf\
\xbe\x84m\xb6\xdc\x88\xca\xe0R\x84\xb0\x81\xfaS\x13\x80\
\xb9~\xe4\x04\xe1~\x93\x9d\xcc\xac\x81\x9c\x16\x92B\xa1\
\x83EK\x06\xf8\xc6\x01\x87\xf3\xf8\x13/\xa1\xa5L,\
\xa8\x1b\xee\x19'\x8c/\xabb\xa5\x95\xba\xb9\xe6\xca\x8b\
Xs\xb5YT+\x03(\x15\xd9<l\xf5z\x8e\xb5\
\x94s\xc8^\xaf\x85\x00?G\x90o\xe7\xf8\x13O\xe3\
\x96\xdb\xfe\x8c\xf4$\xe1\xfb\xba+g\x18h\xe0\xfb\x14\
\x0b\x85\x06\xcb\xf3t}\x84\xfb\x1e\xa5\xa9\x1a6)\x04\
\x89\xb7\xad\xd2z\x04gL\x8fKmU8\xe9\xffY\
h\x9b\xe4S)x\xed\xb5\xd7\xd0\xd6\xd5Eg$\xe4\
,\xb2e\xb9e\xb2\x8aCV\x9a9\xbd\xbe\x81%D\
\xe3\xf2-\x8a`\xe6\xca3\x92\x93i\xad~+4\xab\
\x88\x12\xf0\xeak\xaf\xd7\xaf\xf97\xb5\xcf\xed\xed\xed\xf8\
\x81\x09tn\xea\x95Z\xd3+C\xcc\xb9|\x91\x7f=\
\xf9\x14\xef\xbe\xbb\xd4Lt\xc2~V`\x04L\x9f\xd6\
ghl\xff\x19\x89I3iB;\xd7^}\x09\xdb\
n\xbd)ae\x88\xc0s\x12\x92\xa8K\x1d\x09y\xab\
$\xc3\x88)\xbb~\x0d\x18\xbb(\xe3\x08+!6\xd9\
7\x0a\xc5v\xe6/\x1e`\x9f\xfd\x0f\xe7\x91'\x9eG\
\x0bId\xc3\xf7\x8e\x17\xda\x08\x00h\xc0\xf7%\xc4\x9a\
\x95V\x9a\xc8uW_\xc4\xfak\xcf&\xaa\x0e!m\
hfFUx\xd7%\x00R\x83\xc7y\xf9;\x86\x1b\
\xc71^\x90\xc3\xcf\x958\xe6\xd8\x93\xb8\xfd\x8f\xf7\x22\
\xa4\xdd\x95\x1b\x0fZ\xd2cJ\x02\x01\x8ay\x8f\x09]\
\x9dh\xadM\xd6]m\x96\xa9\xcaFE(\x0f\xf7#\
\xec\xb2\xba\x8e\xc6\x95\x8d\xd6&\xc3\x89\xf9\x98\x9c\x89Z\
\x9as\xe5\xe1\x01\x9b\xda\xd5 \x19\xb7*\xa6\x98\xcb\xd3\
\xd9Y\xdf\x9ao\xc6\x5cp\x8cC\xc2+/\xcf!V\
\xf5@Lu\x1a0\xe6:i\xc14[\x96\xc0\x18\xb3\
J\x0d+\xaf4\xbd\x81\x11%\xbf\x850I\xf6V\x9d\
\xbd\x0a\xc2f.u\xc7[\xc15\x80a\x14F\x9f\xa4\
-\xb7}\xf5\xd5W\xcdn\x98\xd7\xd8\xe1\xad\x89\xa35\
:;;(\x95l`\xabd\xbd_W\xce+\xa5\xf1\
\xbc\x80\x05\x8b\x96r\xdf\xfd\x0f\x18]V\xb6\x90\x15H\
0Z\x9f\x1a\xc6\xa4\x986\xa5\x93k\xaf\xbe\x8cM7\
Y\x9f\xc1\xde%\x88L\x8c,\xd7\xef\xd8\xf2\xd2\xbf\xb3\
\xd7\xd5\xaf\xb19\xdb<\x9fb\xb1\x9d\xb7\xdeY\xcc~\
\xfb\x1d\xc6\xe3O\xbe\x04\xc2HL\xcb\x83\xf4\xa3L\xc8\
\x93\x88u\xd6\x9c\xc9\xf5\xd7\x5c\xce\xbak\xaeF\xb5\xdc\
g\x0c$S\x8ce,\xa4\x07w\xfa\x98\x10&h\x89\
\x96y\xc2\xd8\xe3\xd0#\x8e\xe3\xcf\x7f}\x18<\x99\x04\
\xfa\xffw\xe0\x9e\xe7\x07F0\x08\xa3j\x22\x9d\xd6\xdb\
WS\xee_\x82\xaa\x0e\x93K\xc6Uj\x82\xce\xf4E\
\xf2_\x82\x8fF\xea\x90\xf2`?\x81\xf5\x01s\xd7\xc5\
\xb1\xc9z\xd3\xdd\xdd\xc9\xc4\x09\xdd\xc9\xbd\xad\xa0cE\
\x18\xc3k\xaf\xbdA\x10\x04c\x8e\xe9f4!\xf0\xf0\
}\x1f\xdf\x13\xac<k\xe5\x86\xbeL1%c!=\
u\xda$\xdaJ\xf9\xe4\x82\xe4em\xa4\xbaf\xd0Z\
#\xa5O\x1c\xd7\x8d\x1b\xdf|s\x1e\x83\x83&e\x93\
Jy;g+8\x02\xda~,\x94\x8e(\x95\x8a6\
=\xb0\x9b\x95\x1a\x07\x83\xb6\xbb\x01\xf9|\x91;\xfet\
\x17\xb1\xb6\xf1\x8b\xed\xd5\x0d\x8d\x96)\xff\xff.\x1a%\
\x04\xd2\x03\xc3\x97\xa0a\xf2\x846\xae\xb8\xe4\x5c6Z\
\x7f\x0d\xc2\xca \xbe\xdbD\x10F\xa2r[.\xe9\xc9\
\xc60\xab\xd4o-\xebYI\xacw\xbfRF\x7fQ\
j\xef`\xc1\xe2a\x0e=\xf4X\x9ez\xfa\x15b\xed\
\x8d#\x19\x81\x91\xf0\x84\xa5\x02\xf7\x01\x08<\x1f\x15\xc7\
\xac6{\x1a\xd7\x5cy!\x1b\xac\xb3\x1a\x03\xcb\x96\xd8\
\x88\x08`\xcc}\xb2\xef\xdd(1\xd6\xa1\x13\x89\xdc\xd0\
\xacYn\x84q\x84\x97+\x82_\xe2\x90#\x8e\xe5\xfe\
\x7f\xfe\x0b%\xb4\xd9M\x1c\x85\xaeZ\x91\x9d;\x9e\x1e\
\x17k\xac\xb1:\xc4\x0a_\x18\x9f5\xc3\x10A\x12A\
8L\xff\xc2\xb9\x042\xc6\x13\xda$\xebH)\xe7c\
\xe2\xc4\xb0\xdd\xf5\x8b\x87&GH\xa5\x7f1ae\xd8\
X\xc2c\x96\x8b\x91\x8aMx\xde\xa8\xc6\xaa\xab\xcc\xa6\
\xb3\xb3\xd4 \xd0e\xeb-\x84\x89B\x1a\xc7\xf0\xf6;\
\xf3!\xe3\x88\x9b\x5cguaBkD\x86\xc1c\xeb\
\x16\xc5!\xa5R\x81\xa9\x93&'\xe7u#S2\x9f\
i\x93'\xd2\xdd\xddI\xadV1\x8da\xf5\x08c2\
\x93T#\xe4r\x05\x16/^\xc6\xdbo\xbdkw\xfd\
\x9au\xfa\xf8\xa0\xb5\xa6\x98\xcf\xd1\xdd\xd9E\x14\x86\x86\
\xa4l\x07H\x1b\x0a\xd4\xad\x83\xdb\xda;y\xe0\x1f\x0f\
\xf3\xd6\xdb\xcb\x1a<\x0e\xd2\x0d\xb1\x02\xad\xe1\x18\xbc\xf9\
\xad\x89\xa3\x88\x993&r\xfd\xb5\x97\xb1\xee:k0\
4\xb8\x14\x15\xd7P\xd6v\xa9\xde\xaf&\x04\x85As\
\x0f\xfb4\xfd\xd4u5\x92B\xb1\x8dW^\x7f\x9b}\
\x0f8\x9c\x17_|\x0d\xa4sI\x19?\x1c\xdda%\
=\x15G\xac\xb9\xdaJ\xfc\xfc\xfa\xab\xd9l\xa3\xb5\xe9\
_\xb6\x10\xe2\x08_\x1aImy\xe8\xd1)\x8aIM\
\x82\xc2\xf3\xc8\x97\xda)\x87p\xd0!G\xf2\xd0\xa3\xcf\
\x80\xd0\xc4\xff\xb6>\xd3\xe8j\xb6\xdcr3\xdb\x17f\
e\xe0$<O\x82\xa7j\xbc\xf3\xc6\x8b\x84C\x8b)\
\xc8\xc8& 5Rb\xbd\x8d\xeb\xcc\xd4\x13\x90#$\
\x17\x0f\xf1\xf6\x9c\xe7\xf00e\xba\xbe\x96\xd6\x94'\xaa\
\x0e\xb3\xf3N\xdb\xd9\x94P\xa3\xbc\x87=W\x1e\x8e\xe8\
\xed\xed'\x9f\xcf'\xd7\xa7\xfb\xa1\x19\xd2\xf4\xe5\xf9&\
\xa2l[[\x89\x9e\x9e\xfa\x92\x11\xc7\x94\x0c\xd1\x98\x03\
\xc5R\x8e\x95fLK\xe9oF\x7fP\x9d\x97\x1a_\
\x22\xd70\xe5r\x8d\x97^y\x0d_\x90x}\x8f\x0b\
\xa9\xa9/!\x02\x01S\xa6NJ$%\xad5\x1e\x22\
\xb1\xa7\x8a\xe3\xd8D\xe0\xf3$\x8b{\xfb\xb9\xf3/w\
\x9b\xb6\xcb\xd4[\x08\xeb\xab\xb0\x1c\xd5\xf9\xbf\x06\xd7\x7f\
B\x08\x82\xc0C+\xc5\x8ci\x13\xb8\xee\xea\x0bYg\
\x8dYT\xcb\x03&\xd6\x91\xe9l\xeb\xe9\xed\x88\xadq\
\xb0\x9b\xf66\x9fd\x17\xcc)\x12\xac\xc4\x14i(\x16\
\xdb\x99\xf7\xce\x12\xf6;\xf0H\x9e|v\x0eJx6\
7[3\xe6\x91\x95t,\x9d\xe0\xd6\xec\xd2D\x10\xd0\
\x8a\x993z\xb8\xee\xaa\x0b\xd9f\xb3\x0d\x88\xaa\xc3I\
>\xbc\xc6]\xb9F$\xd5\xcb\x10\x8a\x91\xb6\xa4\xcdY\
f\xa2\xabj\xe1\xb1\xb4\xaf\xc2A\x87|\x8bG\x1e\x7f\
\x1e%L\xb2\xd4fhEv\xe9\xe3\xe6=\x14\x9bo\
\xb61+\xcf\x9cF\x18\xdaT\xec\xbe\x07\xb1F\xc7\x0a\
\x9f\x98x\xb8\x8f7\x9f\xf9'z\xe0mr\xa2\x86\x14\
\xca8\x17[cH\x81Y\xb2z\xc4\x04\xbaF^W\
x\xe7\xe5\x7fQY\xf6.\x9e\xf5GM&\x11\xa5\x91\
(\xda\xdb\x8b|t\xb7\x0ff\x87\xcc\x88zkL\x1a\
\xa4EK\x96\xd0\xd77\x00\xd4\xc7\xb7\x1b\xaf\x8d\xa8\x97\
\xe0&\xa78\x8e\x09\xed\x0e\xe9\xe4)\x13i+\x15\x92\
\xf3\xb8\xdd7GTJ)\x02\x0fV\x9d=\x8bZ\xa5\
\x9a\x1cOs\xc2\xd1\xe0\x1e(\x85O\x8c\xe0\xe9\xa7\x9f\
E\x8d\xe3\xbe\xd1 \xacRm\xe5\x993G$\xcb\xd4\
6\x0a\xa1\xb4\xc1\xa2\xd0\x12?W\xe2W\xbf\xfe-q\
d\x5c\x0e\xd2z\x84\x7f\xa7\x1e\xff\x97\xe0\xdaI\x08\x81\
\xefI\xd0\x8a\xd5W\x99\xce\x0d\xd7]\xc6\xaa3\xa7Q\
\x19\xee3\xb3xj\xf9\x9c\x9e\x9dGC\x22\xd6'\x13\
\x8e@\x069\x8a\xc5N^x\xe5u\x0e<\xe4\x9b\xcc\
ym\x1e\xb1\x166\xa9\xe2{\x83\xefK\xb4R\xac<\
s\x22\xd7]s)\x1b\xae\xb7\x16\x03\xfdK\x88jU\
\xe20jP\xceg\x91\x96\xb2\xa5\xdd\x8e\xaf\x8f\x03\xb3\
\xb9b\xa49\x81\x9f+1\xef\xed\x05\x1ct\xd81<\
\xfd\xec\x1c\xb44^\xfc\xef\x05\xa6=4\xdd=\xed\xec\
\xf5\xa5/P\xa9\x0c\xa2\xb4\x89\xa9.\x841\x7f\xf0$\
\xf8\x22bh\xc9[\xbc\xf2\xe4\x03\x0c-|\x9d\x92\x1e\
\xa2@\x99\x02\x15\x8a\xbaLIT)2L\x89a\xa2\
\xfew\x99\xf3\xd4?Y\xfc\xd6\x1c\x8a\x22\x22\xb0\xeff\
\xca4K\xd4\xf2p?\x1f\xfc\xc0v\xac\xb7\xce\xec\xa6\
\xc9\x03\xb2P\x0a^x\xe1e\x86\xcb\x15\x13W\xdc\xa2\
Y{\xbavs\xd2i\x9a\x9f\x94\xcbeV\x9d\xbd\x0a\
n\xc3/\xa1\x07w\xb3pA\xbb\x80u\xd7^\x0bl\
^zW\x98\x09\xb7\xdb\xac\xc6\x02\x9d\x222\xec\x0b\xfb\
~\x9e\xe7\x9e\x7f\x918\xc6-\xe6G\x85\xed\xee\x06\xb8\
\xf240k\xe5\x99H\x1b\xfe\x13$1&\xab\xa6\x99\
\x88\x85\x0d\xd7,\xc8\x17K<\xfe\xe4S\xfc\xeb\xa9\xe7\
\xad\xd4]\x9f\x0d\xc7\x1a0+`\xd0\xd0N\xa2\xaec\
Zc\xd5\x19\x5c\x7f\xed%\xcc\x9a>\x11\x1dV\xc9\x05\
6\xa2\x84\x95\x98\xc0:\x8d\xa6n\xd7v'\xa6A\x93\
\x09h\x1d'N\xb4Zk\x94\x80b{7\xaf\xcf]\
\xc0\xfe\x07\x1e\xc5+\xafX\xc6\xd4\x5c\xf0\x18\x89\xfa\x84\
\x9c\xc0\xf7%*\xd6\xac4\xbd\x87k\xae:\x9f\x8d\xd7\
[\x9d\xf2p/\x81'\xc8\xe5\xeaN\xbcB\x98 j\
:\x13h\xc0\xfdOgoE\x9a$\x92\x12c\xe6\xe0\
y\x9eI\xc1\xfd\xeeR\xbe\xbe\xdfa<\xfd\xfc\xab\xc4\
\x18]MV\x09=:\xcc.&H\x84\x82\x03\xf7\xff\
:+O\x9fD\x5c\xab\x22\xad\x0d\x91\xf0M\x12I\xa1\
\x15y\x11\xa3\x07\x17\xf3\xd63\x7fg\xde\x93\x7fep\
\xde\xd3\xe8\xde7\x88\x97\xbeFy\xc1\x8b,\x9b\xf3(\
o>\xf1W\xdex\xfc\xafT\x16\xbdI@\xcd\xc6\x16\
\xb7\x11\x1f\x84\x19q\x9e\xd0\xb4\x15s\x1cy\xe4aI\
\xfb5\x1f'\xe6^\xf7.\xffz\xeai*\x15\x93j\
;\x8b\xf4\xfbj\x1b\x967\x19\xcb\xf6\xb7'\x8dD\xbb\
\xdaj\xabdI\xa3Q~5\xdb\xbe\xb0\xfez\xeb\xa0\
T\x94H&c5\xaaH\xad\x15\x1d\xf2\x85\x22\xcf\xbf\
\xf8\x12\x03CeD\xca\x8eey\xe1^f\xf6\xec\xd9\
#8.\xd6>\xca1D)}\x04\x1e\x95J\xc4/\
~yK\xf2v\xd9\xba\xad\xc0\xd8\xc8\xb6\x99\x10\x1a\xad\
4\x1b\xac\xbb\x1a\xd7_{\x19\xdd\x1dy*C\x03D\
\x91\xd11\x19\xdd\xa3\xe9\xab,\x01\xba\x9d~Wb\xba\
l\xd7w\xb16\xa9\x7fr\xf9\x0e\x9e|\xfay\x0e:\
\xf4h\xe6\xcd[\x04\x98M\x8b,\xb2\xf5ku\xcc\xe8\
\x98\x14\xab\xce\x9e\xc6u\xd7\x5c\xc6\x1a\xab\xcc\xa4V\x1d\
\x06U\xcf\xc0\x1b[\x1dY\x1a\xa3mg\xbbk\xa5\xf4\
\xd1\x02<\xcf'(\xb4\xf3\xda\x1bo\xb3\xdf\x01G\xf0\
\xc2\xcbo\xa01\x92^z@6C\xb3\xb6\x00\x98:\
\xa5\x93\xef\x9fv\x12qT6\xfe~\x91\x91\x98\x5cR\
\x88\x9c\x07y\x11\x92\x0b\x07\x19\x5c\xf8&o>\xf7(\
\xaf<\xf9w^y\xf2\x01\xdex\xf6a\xe6\xbf\xfa,\
\x95\xc5\xf3\xc8\xc5\xc3\x14e\x8d@\xd4\x19Rb-\xae\
\x22\x86\x06{\xd9\xebK\x9fg\xf3\xcd6H\xf4\xcac\
B\xc2\x0b/\xbe\x8c\xf4sM\x17\xd8i~\xa0\xdd\xa4\
\x94zW\xc7\x0f|O\xb0\xceZk\x1a\xc99u\x7f\
\x03S\xd2Z\x1b\x91w\xe5\x95\x1a\x92\x08\x8cf\x09\x9b\
\x85#@)%\x0b\xe6/d\xde\xbcw\xc6\xc5\x90\xc4\
\xc8\x89\xce\x1c\xd7\xc6\x95g\xe6\x8c\xe9\x14\x0by\xabW\
2\xb6\x11\xf5j\x19\xce\x1f\xc7!Z\x08\x8a\xc56\xfe\
t\xd7=,\x5c4@\x14\x8f\xa5\x13[\x81f\xc8\x0e\
$\xe1\xb2\xd9\x0a\xd8h\xfd5\xb8\xf6\xaa\x0b\xe9(\x09\
\xe2j\x99 \xf0\xc8\xe5r\x86\xa2m6\x8d\x04M\x06\
\xbb)\xdb\xea\x86\xac\xaf\x9c\xd0F\xa1\xab\x94\xa6\xbd{\
\x22\xcf\xbc\xf8\x1a\xfb\x1dx\x04\xaf\xbd\xb9\xc0\x84\xa9\xd1\
)\xae\xd6\xa4~\xad\x8e\x91,\xe54\xab\xce\x9a\xca\xb5\
W]\xcc\xca\xd3'R\xab\x94\x91\xc23u\x10F\xf2\
1\xbb\x84\xa6\x0c\xb7\xcc$\xc5\x5c\x1b\x8f\x9b\x95\x84\x8e\
\xcd\xca@)E\xb1\xd4\xc9\xebs\xe7\xb3\xef~\x87\xf2\
\xe4S/c\xdc\xfb\xeaujF\x87\xcd\xeal\xe2\x93\
k\xf6\xfc\xc2'\xf8\xfaW\xf7\xa2V\x1e\xc0\xb3!\x85\
@\x1af\x18\xd9\xb2\x84\xc2\x13!\x05\xafF..\x93\
We\x0a\xaaF\xd1\x8b\x09d\x8c\x14\xc6\x17N+\xc3\
\x90\x10u+\xa5Je\x98M6X\x87\xef\x9c\xf0-\
;\x00G\xd6o\x04\xa4G\xb9\x1c\xf1\xc2\x8b/!<\
\x1fe#+\x981H2.\x9b\xbdW\x9aQY\x95\
$\xb32\xe6\x00d\x99\x92+h\xa5\x95f0}\xca\
dj5\xb3\xa5\x9f>7\x16\x0c\xb77aq\x07\xcb\
\xc3<\xf1\xe4SH\xbf\xde\xd9\xb4\xe8\x9c\xb10}\xfa\
T\xda\xdbKF|Mqb\xf3<\xf3\xdf)\xef\xbc\
\x5c\x9e\xd7\xdfz\x9b\xdf\xff\xf1.D\xcaNj\x05Z\
c\xbc}\x22\x84a4\xdbn\xb5\x11\xd7]}\x19m\
\x05\x89T!\xbe/\xd0)\x8b\xeftyY\xca\xc9.\
\xef\xb0\xfd(\xa5o\x0c\xf1\xb4G\xa1\xd4\xc9\xc3\x8f?\
\xc5\xbe\x07\x1c\xca\xbcw\x17'\x81\xf0\x9ba<u\xf7\
<A\x1c+\xd6_\x7f5\xae\xbd\xeaR&\xf6\xb4S\
\x19\xec'\x8eC<k\x91\x9c-'\xfd?{\x0e[\
\xe7:\xa3\x90H? _\xec\xe0\xc5\x97_\xe7\xa0\xc3\
\x8e\xe1\x99g\xe6\xa0\xed\x8e\x9a\x1eCbJ\x98\xb4\x9b\
\x00l\xa0\xea\xb3~x2;\xed\xb0\x15C}\x8b\xf1\
\x05\xa8\xd0\xb8\xa0h\x1b\xc5\xc3\x13\xd2\xe8\x81\xe2\x10\xa1\
jx\xc4\x08]\xc5\x1368\x9f\xa8\xf7\x89\x91\xb2 \
\xaaU\xa8\x0c\x0f0{\xa5i\x5cx\xe1\xcf\x984\xb1\
\x84\x07\x89\x91s\xb3w\x05\x12c\xea\xb9o\xbd\xcd\x82\
\x05\x8b\x08\xf2\xf9D\xdfU\xbf\xa6\xf9\xbd\xa4x\x88D\
\xa0\xe3\x88\x8eR\x89\x95W\x9e\x99\xbd\xac\xce\x94\xd2\x8d\
\xd6\xd6V`\xf55VC\xc7\xb5d\xd0\x8f\xde\xa0\x8d\
\xd0\xda8[*\x05O?\xf5Lr\xac\x992T\xdb\
OKX=VOO'S\xa7MN\xc2-\x08m\
^\xce\xc9X\xae\xcc8\x8eAK\x8a\xa5Nn\xbc\xf9\
W\xd4j\xb1\xf1\x15\x1a!\xadYqv\x05`9&\
\x1d0N\xbc\x02\xd8~\x9b\x8d\xb9\xea\xf2\xf3\xc8y\x11\
a\xd9\x18\xf4\xa5C\xce\x92V\x84k\xebqes\x82\
\xb9\xe79;&\xe7\xdd/1\xa1:\xa2(\xa6\xd8\xd1\
\xcd\x13O\xbd\xc0\xc1\x87\x1d\xcb[\xef.K$\xa6,\
\xe1\xb7\xaa{\xf6\xba\xc0\x97\xa0b6\xdahu\xae\xbd\
\xf2B&\xf5\x14\x91*2[\xedV\x0d\x90\xde\x18i\
U.)\x86\xe4,\xbf\xb5ejZk\xba&N\xe1\
\xcd\xb7\x17\xb1\xcf~G\xf0\xf0\xa3\xcf\x12\xc5\xf5\xa5m\
6\xc9g+\x08\xcb\x98\xf2\x01\x5cy\xd9\xb9\xec\xfa\x81\
m\x88+\x03\xf8\x9e$\x8eC\x13\xed\xd3\xb3\xe6\x0d\x0a\
+\x08\xd4'\xe0X)\x93\xd5\xc4\xee\xa2#\x04\xb1\x8d\
e\x15\xd6\x86Ym\xe5\xa9\x5c~\xe9\xb9l\xb4\xde*\
F@\xb2\xa1l\xdc\xb3G\x0eL\x9b\x05&\x12<\xfd\
\xf4\x0b\xf4\x0d\x0e\xd8h\x92\xc6N\xca!\x91$S\x91\
\x0a\x84\xce\xea\x1aM\x9b\xcd\x5cy:]]\xf50\xb8\
\xd8>kPt;x\x1el\xbc\xd1z\xd4\xaa\xc3\xf8\
\x22\x15T~\x9cpL\xcc\xf7s<\xf9\xe4\xd3\xd4j\
\xda\xec#\xbe\x07\x08LL\xeebA\xb2\xc6j\xab\x1a\
\xbf<F\xfa1\xd5\x89\xc4<;_,\xf1\xf8\xbf\x9e\
\xe2\x1f\xff|\xd8\x1c\xcb\x5c\xbf\x02\xef\x1d\xc2\xee\x88\xc6\
q\xcc\x07w\xdd\x8eK/\xfc\x19au\x80\xb0V6\
\xf6:\xa9\x18L\xaeO\xd2H\x9fs\xff\x1dL\xd9u\
\x89\xa9\xa3{\x0a\x7f\xfb\xfb\x83\x1cr\xd8Q\xbc\xb3p\
\x99u-i\xcd,\xd2\xc8>\x170i\x8c\x22\xc5V\
[\xae\xcf\x8d\xd7_NWG\x8e\xea\xf0 :j\x8c\
S>\x16\x9a]#\xadC\xba'\x03\x0a\xa5N^\x9d\
\xfb6\xdf8\xf0\x08\x9ez\xf6\x154\xda\x86\x09\x19Y\
\xa7\xd1\xa0\x89\x98\xd8\xd3\xc6\x8d\xd7]\xce\xbe_\xfb\x12\
\xe5\xa1%\x08U\x05\x1d\x11\xc7u\xbd\x98Cz\x9c\xba\
]i\xad5ZED\xb5\x0a\xe5\x81\xa5\xec\xb8\xcdf\
\xdc\xf2\xcb\xeb\xd8z\x8bu\x0d\xd3\x18\xa7\xd9\x8e\xf1s\
\x13<\xfe\xc4\x93\xe4\xf36\x9cP\xe6\xf9\xf5\x8b[\x8f\
\xb78\x8e\x09k\x15\xd6XmU\x8a\x05c \xea\xca\
\x10Y\xdf7\x07\x1d\xc3\x06\xeb\xadKN\x8a$\xd3E\
\xd3\x077A\xbd\xd15\xd2\xf3x\xfd\x8d\xb9\xcc_\xb0\
\x84\xd89]Z>\x99T\xa2U\xc6Q\x0b'\xb4k\
\x0dk\xae\xb5\x86\x11\xb7\xadF\x9f\xd4\xf3\xdc\x7f_z\
\xc4\xb1\x22\x8e\x8c\x95\xf9\x0d7\xfd\x02\x05\x84Q\x88n\
xN]\x5c^\x81\xf7\x86\x5c\xe0!\xb4f\xd7]\xb7\
\xe5\xcaK\xcf\xa5\xbd(\x88\xc3*A\x10\x98$\x02\xc2\
\xa4\xf6\xd1`wrM*\xe3\x06\xf2\xb7:%\x89g\
\xb7\xbe\x8c\x04k\xf4;fQ\xd13a\x1a\x7f\xff\xc7\
\x13\xec\x7f\xd0\xd1\xbc=\x7f\x19\xd1\xc8PLc\xc3\x11\
\x1e\xd2JL\x9a-6_\x97\xcb.\xfa\x19=\x9dy\
\xe2\xa8\x9a\xd8\x22\x99\x1d#\x91\xa2\x11#\x016\xf3h\
\xc8\x1e\x97\x08\xc20\x22\x0c#\x0a\xa5N\xdezw\x09\
\x87}\xf3X\x9e\x7f\xe9M\x22e\xe2%A\xba>\xa3\
K\xec\x9e\xf0\x11h:J\x01?<\xe3$\xae\xbf\xfa\
B\xd6^c\x06\xaa<\x80\x0ek\xd6\xea\x5c\xa3\xc2\x08\
\xed\x5cR<\x1b\x09O\x1b\x8bz\x1d\xc7\x08\x15\xb2\xf2\
\xf4\x1e~p\xeaq\xdc|\xfd\xa5\xac6{\x0a\x12\x10\
\x19\x16\x9f\x8csa?\x16J\x99L7\xb1\xd6<\xfe\
\xc4S\xf8A\xc10\xa4\xccnk#\xea\xbb\x9a\x0dL\
G\x9a\xf8\x5c\x1bm\xb8~\xa2OJ\x8f\xe3\x11\xa3\xd2\
H\x1a\xb0\xe1\xfa\xebP*\x15\xa9\xd8\x88~Y\xc9\x84\
\xf4\x0bd\x8ei;;\xe6r9\x16-^\xc63\xcf\
\xbd\x88gC_:\x8cw\xc6p\xeb\x5c\xa1a\xe3\x0d\
6D(3\x13\xa7\xa3\x12$\xd7\xa6tMJi\x8a\
\xa5N\xfe\xf4\xe7{x\xf1\xa57\xd0N\xa9\xb9\x02\xff\
6\xd2\x93\x94\xf19S\xec\xf1\x89]\xb9\xe4\xc2\xb3\xf1\
\x08\xd1a%1'q\xd7\xea&\x01\xd7\xd2\xf4\x90\xfe\
-\xa5I=nfy3m\x95:{\xb8\xe7\xbe\x7f\
p\xd0aG\xb2hq=\x06\xfc{\x81\xd6\x1a\xdf\x13\
\xe8X\xb1\xcb\x07\xb6\xe2\xb2\x8b\xcf\xa1\x90\xd3\xc4\xd52\
J\xc5I\x96\x14\xc6A\xa7#\xcf\x1b&\xa6\xd0\xf8~\
@w\xcfd\x9e}q\x0e\x07\x1cr\x04\xaf\xbd\xfe\x16\
\x0a\x1b\xe0N\x90,q\xc6\x82\x10f\x89\xe4I\xf8\xe4\
\xc7>\xc8]w\xfc\x96\xcb/=\x8f\x0f\xed\xbc\x0d\xed\
EAT\x1d\xa0V\x1d \xae\x95M[\xc7i\x7f9\
\xa8\x96\xcb\x14\x0a>\xd7^{\x05\x07\x1d\xf0\x15\x8a\x05\
\xcfd\xfanR\xff\xec\xff4\x94\x827\xe7.\xe2\x85\
\x97^\xa6P(Z\x06\xd3\xca\xdc\xa7^N\xb6\x9f$\
\x8ab\xceg\x8b-6\x1b\xa1\xe4\x16\xad$%\x80\x19\
\xd3\xa70}\xda$\xe2(\xc2\xf7%\x9e\x0d8\x9f^\
l6{\x01wL)\x85\xe7\x05\xc4H\x1e|\xf8\x11\
\x14\xc6\xad@\xa4\xaa\xdbP\xd9z\xb1\x0d\x10\xf6%\xa4\
\x80\xb5\xd7Z\x83b\xd1\x98\xb5;\xc6\x97\x5cg\x7f\x0b\
O\x824\x1d/\xa5O\xb9\x16q\xed\x8d7\xa3\x11\xa3\
\x86\xf9\x5c\x81\xf1#M\xf0X]\x8dV\x9a\xddv\xdd\
\x8e\x0b\xce\xfd1\xbe\x08\x89+\xc3\x89\xe5\xb7aF\xe6\
\xa3M\x01\xf5\x8f\xfd\xeb$\x86z\xbf\x9a\xdd-\x800\
\x8c\x89\x94\xa6\xab{\x12\xf7\xff\xe31\x0e9\xfc\x18\xe6\
/\xee#n\x16\xc5\xa2\x05\x1d\xa5\x09\xcf\xd5\xddIL\
;\xed\xb8\x05\x97\x5c\xf0S\xba\xda}D\x1c&3\xb9\
\xd3\x17\x81\x89\x07\xd5, c\x8c\xb1\xb1J`E\xa7\
D7\xa64\x1d\x9d\x13x\xe6\xf9W\xf9\xc6\xfeG\xf2\
\xc6\x9b\xf3\x09\xb5\xc9[X\xaf{\xcbaX\x87\x14F\
\x92\x13\xd0Q\xf4\xf9\xdc\xa7>\xc4/n\xbc\x90\x07\xee\
\xfe=\xd7]u>\xa7}\xf7h\xb6\xd9rc\xc2\xf2\
p\x83b]\x11\x83\x07\xbd}K\xf0\x03\xc3\x89d\x93\
]\xb6\x11\xed\x98\x81\xd6\x1a\xcf\x83\xc7\x9ex\x92\x81\xfe\
a\xb4U\xe9xb\xf40*#\xa0\xcc}m\xa5\x02\
\xab\xaf:\xcbJk\x8d\xdd6\xa25\x840\xb2IO\
W\x91\xb5\xd7^\x93ry\x08\x91\xb2\xec\x1e\xab\xf2i\
xA\x9eB\xb1\x8d\xbf?\xf0Ojv\x0b3}\x7f\
3\xa6\xd6\x0cB\x83\xd6\x8a\x95W\x9e\xc1\xd4iS\x88\
\x22'\xb6\xd6\xe1\xcau\xbb\x01\xb9\x5c\x0e-$\xa5\xb6\
.~\xf5\xeb\xdbx\xfb\xdd%D*\x1d\xb4a\x05\xde\
Ox\xd2\xec\xbe}\xfe3\x1f\xe6\x9c\x9f\x9e\x89\x8a\xcb\
\xe8\xb8\x8a\xb4:&\x95\x89^\xa9\xb5\x09i\xa2\xb5\x0d\
\xda\x9fBr\xde2\xbf$\xc6\x8f\x0c\xe8\xea\x9e\xc4\x9d\
\x7f\xbe\x97#\x8f:\x9e\xde\x81rs\xc64\x06\xd2\xd7\
{\x12t\x1c\xf3\xd1\xddw\xe2\x82s\x7f\x8cG\x08q\
\x05_\x0a\xc20\xa4R\xa9\x8c\x90\xc8\xd3\xc8\xd2pz\
\x8cx^\x80B\xe3\x05\x05\xda;&\xf2\xe8\xbf\x9e\xe6\
\xf0#\x8fc\xc9\xd2\x014&\x14O\x93!8*\x84\
\x00\xb46\xa9\xbf\xd1\xac\xbc\xd2D>\xbe\xfb\x078\xfa\
\x9b\xfb\xb1\xcf\xd7\xf7\xa2R\x1d2\xc6\x96\xa96\x94R\
288\xc8\xbcyo\xe1\xa7\xaa;\xde\xb1\xe8\xde_\
\xa1\xb9\xe7\xde\xfb\x90A\x1eO\xbah\x93\xcb\xd7\xf6\x00\
aXe\xe6J\xd3\xe9\xe9\xee\xc8Z\x8c@\xf3\x161\
\x96\xa5J\xc1\xfa\xeb\xaeC\x1c\x87\xf8~=\x17\xdcH\
\x11\xdc\xaci\xeb\xff\xcdo!\xcc\xce@\xaeX\xe4\x85\
\x97_a\xde\xdcwS\xca\xaf&\xba\x9d\xd4L\x96\x85\
\xb0\xc6V\xed\xedy\xd6_w\x1d\xa2\xb0br\xc05\
a\x92&Pg\xcaL\xc0/\xb0p\xf12~q\xf3\
\xaf\x11P\xcf\x0e\xba\x02\xff6\x1a\xda\xdeZ~\xabX\
\xf1\xe9=>\xccyg\x9f\x81G\x0dTH\xe0Kb\
\x1d!<\xd3\x97RJ3[+\x13\xe9\xd1\x14c\xe8\
\xc0I\xba\x89d%\x94\xb1c\x12\xc6\xe0/\xd6\x92\x9e\
\x09\xd3\xb8\xf3\xee\xbfs\xe41'\xb1\xac\x7f\x980J\
)[G\xa1#\x87\xf4\x00\x14B\x18I/V|x\
\xb7\x1d9\xff\x9c\x1fR\xf0!\x0ek\x04\xd2\x83X\xd9\
\x15\x82\x93\xf6\x1a\x91n\x03m\x19\xac\xd9m2YR\
t\x0c\xb5Z\x0d\xe1\xf9L\x988\x9d\x07\x1e|\x92C\
\x0f?\xceJz\xe6\x9d\xc6\x9b\x1f\xd1\xd5\xdb0k\xcb\
\xb4\xd1x\x98!5c\xdad\x82\xc0#T\xf5\xec\xbe\
n\x8cH\xe11\xf7\xcdy\xf6~7F\xc7h(\x0b\
!\x04\x1a\xc9\xa2E\x83\xdcw\xff?\x08rEB\x15\
\xe3\xfb&\x83os\x18\x86\xe5\xdaCbv\xcc\x15\xc6\
La\xd3M7&\x1f\xb8\xcd\xf5z\xd4\x07\xb2\xad\x5c\
g(\xe6\xf4\x0e;lg\x08-5S\x8c\xe8\x84\x8c\
\xf5\xa6\x83R\x0a!$\xbe\x97\xa3\xaf\xb7\x9f\xc7\x1e{\
\xa2a\xfd\x98e&\xa3\xc1u\x82\x04v\xdca\x1b\xc2\
\xca\xf0\x88\xd9+]\x0fg\xb1j\xdeCPj\xeb\xe2\
\xba\xebof\xc9\xd2\xa1\xe4\xd5\x97\xe7\xf9+\xd0\x1c\xcd\
\x88\xda\xf3\x04B+\xbe\xf4\xc5O\xf2\xa33N%\xaa\
\x0c\x10\xd5\x86\xc9Y\x02N\xeb\x99\x840N\xd5\xd2\xba\
)\x91\x9a\x95\xc9\xd0\xa3\xd11\xf96\x94\xaaG{G\
\x0f\xbf\xf8\xf5o9\xe9\xbb\xa73\x1c\xc6\xc4\xcd\xd6V\
M\xd0\xac\xdf\x85\x10\x89n\xecs\x9f\xdd\x9ds\xcf>\
\x13\x15\x0e\x11\xd6\x86)\xb5\x15\xf1r&fP\xfa\xde\
\xec\xbb\xd7\xe9m\xe41a\x1d\x8c\xb5\x90tuM\xe6\
\x0f\x7f\xba\x87\xc3\x0e?6\x91\xf4\x94\xf5\xad[~X\
\xdd\x11F\xdf4c\xa5i\x94J\x05\x94\x8a\x09\xc3*\
\xb1\x8d\xa0!l\xda\xab\xb9s\xe7\x8d\xa2\x94n\x0d\xa3\
\xf4\x17<\xfd\xccs\xbc\xf3\xce||\xeb\xef&\xec\x04\
c\xae\x19\xbd\xfe\xdaZ\xce\xa34:\x8e\xf8\xc0N\xdb\
\xa7\xf8A\x9d\x0d\xe9\xac\xa2\xdb4\xaa\x0dk\xa0\x14\x9b\
l\xbc!+\xcf\x98n\x12\x15z\x22Is\xd4\xc8\x88\
\x80L\xa3\xbak\xe28\x06)\xc9\x15\x8a<\xf8\xf0#\
\xc9\xb9\xfa\xb3\xc6F\xfdz\x8f8\x86m\xb7\xde\x8a\xb6\
b\x01l* \x85\x8dr\x97\x12\xf7\xb5\xb5\x18\xd56\
tg\xaeX`\xde[\xef\xf2\xeb[o\xc3X\x89\x8c\
$\xa0\x04\xda~V\xe0=\xc1\x0dp\x1d+\xf6\xfe\xe2\
\x1e\xfc\xe8\xccS\x08d\x88&\xc6\xf3\x8c\x02\xdb0&\
a\x94\xd8VW3\xc2~GX\x9d\x93r\xcb;\xe3\
\xe1\x8f\xb2\xe1t\x84\xcf\xa4\xc9+\xf1\xcb[\x7f\xcf\xa9\
\xdf\xfb\x09\xc3am\xd44\xdbc\x0d\x9a\x841\xe9\x98\
O}\xf2C\x9c\xf7\xb33\x8dn,\x0e\x11\xc2\x86{\
\xd6:\xd9\x95\x1bQ^\x83\x87A\xca^Gj#!\
jI\x14ET\xc2\x1a=\x13\xa6\xf0\xe7{\x1f\xe0\x98\
\xe3N\xa5w\xa0L\xe8\xa4\xf7\x06K\xf8\xccg\x14\x08\
\xbb\x92\x98\xd0\xdd\xcd\x84\xaenH\x22|\xc4\xc9\xaaA\
J\x9f\xb7\xe6\xbdc\xefh%\xdd\xb4\x86\xe7\xc1\xd3\xcf\
>gv>\xed{\x9ag\x00\x08k#e\x98\x17\x08\
\xa46\x1f\xb0\xa6\x12\xda\xfa\x1b\xfa\x82iS&\x9b\x9d\
\xb7\x86'\x18\x88V\x8an\xd3\xe0\x8a\x9e\x9e\x12\x9bo\
\xb6)\xe5\xf2\xb0\x09\xd5`;\x22m`6\x1a\x1c\xa3\
ho\xeb\xe4\x81\x7f>D\xff`m\xb9\xed\x95\x1c\xf3\
puZg\xed\xd5\x99={%*\xe5a\xc3\x84l\
\x875c2\x869I\xa4\xf0\xc9\x15\xdb\xb9\xfc\xaak\
\xe9\xed\x1bJ\xf2^e\xa1u=p\xd9\x0a\xbc78\
\x1a\x09|\x89\xd0\x8a}\xbf\xf6y\xce\xfc\xfe)\xd4\x86\
{\xa9U\x86\xc1z\xbd\xbb\x8c9#\x06w\x06\xcd\xfa\
\xd5\xf3\x02\x84'\x11^@g\xd7d.\xb9\xfcj\xbe\
w\xfaO\x09u\xd4\x921\xb9r\xd2\xe5e\x9f-l\
\xfc!\x1d\xc7|\xe1\xf3\x9f\xe0\xfc\xf3~BT\xe9\xa7\
V\x19\xa2Z-\x13\xf8\xc6\xa6\xc6I{\xcd\xcah\x06\
w\x8d\xcb$+\xfd\x80\x09\x93W\xe2\xd7\xbf\xb9\x9dc\
O<\x99J52\xba\xb1\xd4\xd6\xf9\xd8\xb0\xcb[W\
\xb6\x90t\xb6\x17\x98\xb9\xd2\x0c\xc2\xb0\x8a\x10f\x9cj\
\xad\xf1\xad\xf3\xeb\xbcy\xf3\x88\xa2\xe5y\x86\xb9V\x03\
\xa1\xd2<\xf8\xe0\xc3\xb4\xb7u\x1a\x89\xd5\x19e\x8e\x03\
\x8ei\xe6\xf39\x84\x8a\xd9d\xe3\xf5\x98<\xb9\x9e,\
 \x8b\xa6\x1c\xc2=LE\xb0\xf3N\xdb\x81\x0e\x09<\
'\xaa\x19\xee8\xf2\xc5t\x03KWZ\xe0\xf99\xd3\
\x81\xd2\xe3\xcd\xb9o\xf3\xafg\x9e'\x8eI\xcc\xd5\x9b\
\xa2\xb1\x98\x04nIV(\xfal\xb3\xed\x96\x0d\xc7\x8c\
\x22\xdc\xdc\x94n(\xc3u\x05Q\x14\x13\xe4\x8a\xbc\xf4\
\xca\x1b\xdct\xf3-(h\xea}.\x84MZ?\xbe\
\xb6^\x81&\x10\xa9\x9d9\xb7\xbb\xf5\xe5/\xed\xc1\x19\
\xa7}\x07\x19\x95A\xc5\xe4\x02\x0f/\x90M\x83G\x08\
\xdd(1\x18/\xb0\x14\x99Z\xc9C\xc7f\xfe\xa8E\
\x8a\xae\xee)\x5c~\xf5\xcf\xf9\xc1\x0f/ \xd4\x11U\
\x177\xbb\x09\x1d%\xd04\x8d\x1d/\x84\x970\xd4\xcf\
\xee\xf1a.:\xff\xa7\xe4\xbc\x98\xc0T\xcc\x84\x0bN\
Yp'\xcc.\xe5+\x97\x86;nl\xa00I\x14\
\xd0\x84qL\xd7\xc4)\xdc\xf2\x9b;9\xea\x98S\xe8\
\x1d('!O\xb4v&\x03\xa9O\x0b$c\xd5\xc6\
\x8aZ}\xf5U\x11(<7\x99\xc7\x11\xb1\x0d'4\
\x7f\xfeB\x86\x86\x86\x97{\x09\xa75\xbc\xf9\xc6\x22\x1e\
z\xf8q\xeb\xb6et|-\xd8\x07\x18\x81\x16\xe5\x22\
x\xd8\xa5[T\xab\xa1\xe2*[l\xb6Y\x12\x92\xb7\
\x19\x9a\x96\xea^TJ\xd8e\xe7\xed)\x15\x82\xa6>\
g-\x19\x8b\x15\xd9\x84\xb41\x9a\xfc<\x95\x9a\xe2\x8e\
;\xff\x82\x16\xcd\x5c>\xc6\x07O\x82\x07||\xf7\x0f\
\x13U+8\x91'M\x1c\xd9:\xc5\xb1\x89\x1d\x1ek\
(\x96\xda\xb9\xe4\xb2+yga\x7f\x0b\xc6\xba\x02\xef\
\x17\x5c\xdb:]\xcd\x81\xfb\xed\xc5\xe9\xa7\x9dDep\
\x09BG\x86\xf0l\xd2\x07\xbd\x1c\x1e\x03i\xa6g$\
\x05\x90~\x8e\xb6\xf6\x09\x9cu\xf6\xf9\xfc\xf4\xec\xcbP\
h\x13l\xad5\xdd\x8f:\xd8E\xa2c\x8a\xd9\xf3\xf3\
\xbbs\xf6\x0fOG\x85eT\xb5L\x5c\x0b\x1b$\xa5\
\xf1\xc2\xbd\xa7\x94\xd2\xeax4ZI\x8a\xed\x13\xb8\xf1\
\x17\xb7p\xec\x89'3\x5c\x0b\xff\x0d\xfd\x92\xc1Zk\
\xae\x8e\x8e\xc2d\xc2\x8e\xe3zt\x81\xc5K\x96\xb2p\
\xf1\x92\xec-cBJ\xf8\xcb_\xeeaY\xef\x00\x9e\
\x17\xd8\xe5\xd8\xf2\xd51\x0cC\xaa\xd5*\x05\xdfg\xe7\
\x1d\xb73\x0c\xba\x05Z\x9er\x0a\xacUV\x9d\xc9:\
k\xaf\x99\xd8U\xa4+c~\xbbOr\xd4|\xb4\xc9\
9\xe5\x1a&_h\xe3/w\xdf\xcb\xd0Pm\x5c\xf1\
\x95\x9aA\x08\x81&f\xd3\xcd6a\xea\xb4I\xc4Q\
\x0d\xcf\x93F\x89hc-iafWw\xbd\x89\x1e\
\x10\x9b\xad\xd9\x5c\x9ew\x17,\xe5\x92K\xaf@\xa1\x1a\
<\xb8W\xe0\xfdE\x9dq\x18\x89\xc9\x13\xb0\xdf>{\
r\xda)\xc7\x13U\xfbM|i\xebo\xa6m8\x8d\
4\xc3q\x96\xfeY\x8b\xffD\x92\x92\x1a\xa7\x83\xd2\x1a\
\x90\x1e\x13'\xcd\xe0\xec\xf3/\xe7\x9c\xf3\xaf!T1\
a\xd8b\x9d\xde\x04\xd9A&\xec\xae\x9c\x8a\x14\x9f\xff\
\xfc\xc78\xfd\x94\x13\xd1q\x19\xadb|!\x09\x82\xe5\
\x1f\x9cR\x9a\xd4\xbeB\x1a\xc5\x8c\xd6\x1a!$\x13\xa6\
L\xe7\x96\xdf\xdc\xc9\x91G\x9fB\xef@\x85\xd8\xda\x19\
\x8dgW\xce\x8d>a\xa3{\xae\xb5\xc6j6N\x94\
aD\xe6\x19f\x05P.\x97y\xf7\x9d\x050\xdaJ\
%\x03\xa1\xcd\xc4~\xdb\xef\xefD\xf8\x05b\xadS\xb1\
\xa2F\x9bH\xea|\xc1M8\x9e\x80\x95gNg\xed\
\xb5V\x1fa4\x99FS\xa6\xe4*\xacl$\xca]\
>\xb0#C\x83\xfd`_\xde\xd9\x9d\xb4\xde\x0e40\
\xe7\x0d#\xf3s\x05^\x9e\xf3:\x8f=\xfe\x84=;\
J\xadZ\xc0\x11\xed\xe4\x89]\xec\xb8\xfdv\x94\xcbC\
\xe8f\xb3l\xc6R6!v-\xe9\xe8\x9c\xc0\xd5\xd7\
\xdc\xc4SO\xcf\x19\xb5IW\xe0\xfd\x81\xa3%)@\
h\xcd\xe1\x87\xec\xc3q\xc7\x1c\xce\xc0\xb2\x05\xa8\xa8\x8a\
\xd0\xc6~\xc9\xe9?\xdc\xf5\xa3\x0d\x9a\xf49\x99\xf8w\
\x09\x84\x97\xa3P\xec\xe4\xb4\xd3\x7f\xc8\x05\x17_G\x8c\
j\x9a\x88@[=I\xfa\x09i&\x9a>f\x94\xf6\
1\x07\x1e\xf8%\xbe{\xe2\xb7(\x0f-\x05\x22P\x8d\
unv\xbf\x83;\x97}'\xe7\xe3'\xf0i\xeb\x9c\
\xc4M\xbf\xbc\x95\xe3N<\x85\xe1Zh\x97r\xa3\x8f\
/R\xa3\xc8\x95={\xf6,\x0a\xf9\x5c\x12\x91\xd5\x8d\
U\xcf\xf3\x88\xb42\xb9\xdaD\xfa\xce\xd6\xd0Z\x13k\
\x98\xf3\xda[\xfc\xeb\xa9g(\x16\xdb1\xea\x9b\xfa\xa6\
\xd2X\x10B\x10E\x11\x9e\xe7Q\xab\xd5\xd8b\xb3\x8d\
\xe9\xea(\x8c\xfa\xf4\x96o-\xa5\xb4\x89\xfe`\xa7\xed\
\x8di\x80\x94\xc6\xaa[\xea\xb1g\x08)\x05Z+L\
,K#+k-\xf8\xc3\x1dw\x19\x1e\xdb\xea\xf61\
\xc4j\xb3w\x06\x9f\xfc\xc4\xee\x08a\xb2lJY\xf7\
\x90n\x5c\xdb;\xd23\xf60Rz($\xe5Pq\
\xd6\xd9\xe7\x13F\x116\x03s\x0ac\xcd\x00+0^\
d\x07\xab\x0b\xc7q\xd4\x11\x07\xf2\xad\xa3\x0e%*\xf7\
\xe3%Q \x03\xdc\xceoC\x19\x19\xdf*\xb3\xf9e\
t\x85\xc91\xcb\x18\xe2\xd8\xa4\x08\xef\x9c0\x95\x9f\x9c\
}\x09\x17\x5cz\x13\x950\xaa3&K\x17\xd9g\x8c\
\x06a%&\x14\x1cz\xe8\xd78\xe1\xb8#\x88\xab\x83\
H\x1bY@ic\xc3\xe3Pg\xaa\x22\x19^if\
\xeb\xe8\xd3\xd9_\x19\x89I\xa0\xb5\xa4{\xe2t~y\
\xcb\x1f8\xee\xc4\xd3\x19(\x1b\xc6\xd4r\xa9\x98:$\
0K,\xad5\x93'MHr\xb79\x86m\x18\x88\
\xd1\x01\xbd\xf6\xda\x1b\xf5\x1bG\x83\xb2;\x8d\x9e\xe0\x8e\
?\xff\x85\xde\xc1!\xf0l\x88\x96V\x03\xb4\x01\xf51\
/\x84\x87\xd4\x0a\xa5#\xb6\xdbn\xdb1\xf7\x92\x9a2\
%\xd7i\xe6\x85`\xa3\x8d\xd7g\xd6\xcc\x95\x88C\x13\
_\xc9\x11[\xbd\x03F>\xc5I/\xeeZ\xa5\x8cN\
\xe7\xae?\xdf\xc3\xd2e\xc3\xefY\xa7c\xea\xa6\xd9a\
\xbb\xad\x996e\x22\xd5\xb2\x89l9\xb2\xac\xc6\xff\xce\
\x97*\xd6\x9ab[;w\xfe\xe5\xaf\xdcr\xdb]\xc6\
\xa4\xa0\xe1J\xd9\xaaYV`9\x91\x1d\xfc\xc2\x86\xe3\
\xf0%|\xe7\xdbGq\xc4\xe1\x07\xd0\xb7l\x11\x81g\
\x06\x95\x9b\xd5\xc7\x83l\x7f\x0bg3#\x05~\xaeH\
Pl\xe3\xe4\x93\xbf\xcfi\xdf\xff\x09\x912\xc6\xc0\xe9\
\xb1\x94\xed\xf54\x9a\x95\xedI\x93*\xe8\xdb\xc7\x1f\xce\
\x11\x87\x1f\xc0\xb2\xa5\x0b\x89j\xd5$\x8b\x88c<\xee\
w\xddE\xa5^\x86C\xc2\xa0\x92k\x05\x08\x0f!|\
J\x1d\x13\xb9\xfa\xba_p\xd2wN\xa7\x12E\xc4\xca\
H\x81M\x91\xaa\xa6+\xb3\xbb\xbb\x93i\xd3\xa6\x10Y\
\xdd\x97\xb0;tJ)|\xdfg\x8eM\x12\xdb\xfa\xed\
S\xd0P\xa9)~\xf7\xbb;)\x16\xdb\x92x\xdc\xe9\
\xb1=\x16\x84\x10\xc6\x03\x03\xc5\x84\xaev\xb6\xdcr\xf3\
Q\xf5I\x8cg\xf4i\x14\x1dmy\xb6\xdfn+T\
\x5c\xc5\xf3%\xca\x06\x8e2\x0d\xed>\xf6z;\xb3\xb9\
Np\xdfZ(\x84\xef\xf1\xce\xbb\x0b\xf9\xfb?\x1e\x22\
\xb6\xd7f\xa1\xc7h0\x89\x87\x87`\xd2\xc46v\xdb\
e'cqnS\xe7hm\xc2C\xd4\xc5S\xf31\
\xb1f\x8c\xb8i:\xca\xa3X\xea\xe2\xa7g_\xc0\x82\
\x85\xbd\xd4\x8cM\xd7\x0a\xfc?\x812\x1b\x16\x02N<\
\xee\x9b|\xf3\xd0})\x0f,\xc5\x97\x98\xec)Y\x86\
\x90H\xbe\x862Z\xedr9;&\x17;[a$\
\xa6K.\xbd\x96\x1f\xfd\xe4\x12\xaaQ\xd8\xa0c\x92M\
\xf7\xde\x0c\xb2\xcc\xd4\x1d\xf3\xa4Y\x82\x9ex\xdc79\
d\xff\xaf\x11U\x06(\x16\xf2f7\xd1\x0b\x92]\xe5\
f\xf7;$\xe3\xc2\xed\xcayvl\xd8\x04\xb0Z\xc3\
\xe4)3\xf8\xd5-wp\xcc\xb1\xa7\xb3x\xd9\x10\xb5\
\xd00U\xed\x06\x87\x1e1\xec\x10\xc2\xe8\xe4r9X\
e\xd5Y\x86\xce\x9dp\x81M\xe8!}\xe6\xcd{\x9b\
ZM\x8f\x94V2\x03O\xd9p\xbe\xcf?\xf7*\xcf\
=\xf7\xa2\xf1cM%\xc6l&\xc16\xfb\xaf\xdd.\
\xb9\xaa\xb1\xe9&\x1b0}\xda$\x94n!\xfdY\x8c\
\xc9\x94\x0c\x17\x87\xdd?\xfc!TX\xab\xa7}I\xcd\
\x0e\x0d\xd7\xdb\xbf\xd9\xe3\x9e\xe7\x81\x96\xc8 \xcf-\xb7\
\xfe\x0e\xc4\xc8{\xc7\x0ba\x9f\xf3\xc5=?\x8bV\x11\
Z\x9b\x0e\xcd\xdaO\xa5\x89#\xe9 \x1b\xf8=\xc8\x97\
\x98\xf3\xfa\x5c~r\xce\xf9h\xd4\xa8\x8a\xb7\x15x\xbf\
a\x18S\xe0\xc1i'\x9f\xc0\x81\xfb\x7f\x85E\x0b\xde\
2F\xba\xd4}\xe5\x1cL\xdfeF\xa1E\x9a\x86\x9c\
D \xa5\x8d\xd1#\x0cc:\xf3G?\xe3\x82K\xae\
#F'K\xb9\xb1h\xcf\x9d\xcf^g$=\xcd\x19\
\xa7\x9f\xc4\xc1\x07~\x8d\xbe\xde\x85\xc4v\x5cDQ=\
\xae\xbdAfl\xb4\xd8\xbdv\xe3\xc8\x0dxd@\xa9\
c\x02\xd7\xff\xfc\x16\xbey\xd4\xb1\x0c\x96c3\xc0u\
\xd3&h\x80\x10\xb0\xceZk\x12\x86\xa1\xb1\x96\x97&\
b\x01v\x0c.\x5c\xb4\x84e\xbd\x83\x881l\xa2\x94\
2}\xf4\x9b\xdf\xdeA\xac\x02\xbc Wg\xa8c\x0c\
\x96\xf4uZk\xa2(D\x855>\xf2\xe1\x0f\xe2\x99\
\xae\x19\xb5\x8c\xb1\x99\x926z\xe3-6\xdb\x84\x89\x93\
\xba,\xc7\xb5\xfa\x9b\xf4\xa0W\xd4[\xcc\xe6cK\xce\
\xd9\xdfZ\x9b<\xf2\xf7\xff\xfd\x9f\xbc\xf6\xea\xdbh\xbb\
\x03\xd1\x00=z\x08/\xd3y\xa6\x137\xddlc\xd6\
^s5\x88C\x82\xc0\x18\xa6\x09\x0c\xf3s\xd7\xd6\xe3\
\xdd\xe8\xfa\x0e\x9d6v\x22\xc5b\x077\xff\xe2V\xfe\
v\xff\xa3F\xb7\xd4\xba\x8fV\xe0\xdf\x84N\x9a\xb7\xbe\
<v\x8c\xe9\xe4\xef\x1e\xcf7\x0f\xdd\x97\xa82\x80'\
L*v\xcf\xab\xef\xd0\x8e\xa0\x91\x14\xb2\xc4\xed\x96M\
&[\xb3&\xd6\x82\x9e\xc938\xe3\x87\xe7p\xd1\xa5\
7\x11)\xa3\xfc\xce\xde\x97E\xb3\x01\xe8\x98\x86\x14\x9a\
\xc0\x83S\xbf{<_\xfa\xfc\x1e\xd4\xaa\x03H4\x81\
\x14\x0dK\x9ct$HR\xcc\x07\xa7\x19\x95\xc6b]\
\x22\x12_9l&\xdeZ\x1c\xd1\xd95\x91\xdb\xef\xfc\
+\xdf\xfe\xee\xe9\xf4\x0eT\xa9\xa9\xd8\xa4\x86\xa2\xf9\xae\
\x9c4IgXc\xcd\xd5\x91\xd6\xcfPX\x17\x1d\x00\
!%\x03C\xc3,X\xb08Q\x9f$m\x9b\xe2\xf9\
Zk\x10\x82\x05\x8b\x07\xb8\xfd\x0fw\x92/\xb5\x1bI\
0\xa5\xdf\xcaJ\xacu]\x99\x95\x98\xb4D+\x81\xf4\
=\x84\x80\xee\xaevv\xd9y{<\xbb\x0b7\x1a\xc6\
fJ\xb6S\xa6O\xebb\xeb\xad6gxx0a\
JY4\x0b\x82\xe5\x98\x80SFk\xe1\xd174\xcc\
o~w\xbb\x893\x9caA\xe3!\x16!\x04Bj\
JE\x9f/\xee\xf9Y\xca\xe5>T\x8b\xcc+i\x86\
\x98f\xa6Zk\xa4\x9f#\xc2\xe3\xd4S\xcf\xa0\xaf\xbf\
\xd24k\xc6\x0a\xfcg!%\x04B\xf1\x83\xef}\x9b\
C\x0f\xde\x97\x81\xfe\xa5xB\x99T\xd2\x0dJ\xde\xf1\
\xeb\xfa\xb4510\xbb[\x12\xe9\xe7)\x14\xbb\xf8\xce\
\xc9\xa7s\xd5u\xbf$\xd6\xcdw\xe5\xc6\x0b\xb3\x09\xa4\
\xc9\xf9p\xde\xcf\xced\xcf\xcf~\x8a\xc1\xdeE\xf8\x81\
\x87P1q\x9c\xd6-5\xa7ow\x9e\x0c\xcd\x9a\xf3\
\xd6`TzL\x988\x9dko\xfc\x05\xdf9\xe5t\
\xa28&\xd4&\x08]S\xd8\x09x\x8dUW!\xe7\
\xf9f\xe5`Mbb\xad\xf1\xfd\x1ca-\xe2\x8d\xb9\
s\x13\xbdN\xb6~@\xe2\xeb\xf6\xbb\xdb\xff\xc8[\xef\
.\xc4\xcb\xe5\x1b\xaeK\xc6\xe08v\xe0\xe20\xa2R\
-\xb3\xf9\xa6\x1b2{\xd6\xb4q\xadH\xc6\xece\x0d\
\xa6 \x05\x1f\xdd\xfd#f\x07E\x1a\xee\x9bnL\x97\
\x1f\xcb\x1c\x12\xc9\xb7\x93P\xa4-'\x0cCJm%\
n\xfb\xdd\x1f\xe8\x1f\xa8\x10Eq&\x22\xe4\xf8\xe0\x09\
\x09\xb1\xe6\xf3\x9f\xfe8\xed\x05\x0fe\x15\x8e\xa69\xcd\
L\xa4l\xac\x1bcYj\x0d\xed0~YN\x9a\xcb\
\x15\xdax\xfa\xf9\x179\xe7\x82\x8b\x88\xec\x0c\xbb\x02\xef\
?\x5c\xbfd!\xac\x81\xa5'\xe0\xa4\x13\x8e\xe2\x9b\x87\
\xecCu\xa8\x97X\x85H\xdfK\xe9*\xea\xf1\x95\x9a\
!;h\xdc\xeeV\x1c\x1a\xc6\xe6\xf9y\xda;'\xf3\
\xdd\x93\x7f\xc85\xd7\xdf\x8aBQ[\x0e;\xa6,\x84\
\x0d\x09\x5c\x08\xe0Gg~\x87=\xbf\xb0\x07\xb5\xe1>\
4\x0a_\x90\xecve\x19\x93\x16\x183\x00mi\xd8\
e\xffp\xb4)Llms\x87D!\x980q*\
\xd7\xddx+\xc7\x9ft&\xd5ZD54\xb4\x9d\x85\
\xb0K\xbc\x193f\xd0\xd5\xd5A\xecRyK\x89H\
\xa4\x22\xc9\xab\xaf\x1aew3h\xadQ\x1a\xaaa\xcc\
\xf57\xfd\x12\xe1\x99\x5cs\xce\xc4\xa0)CLEu\
p\xef\xaa\x95\xf3\xfc7\xed\xf1\xe1\xddv5\xcc\xa6\x89\
\xca'\x8b1\x99\x12\x900\x8d\x9d\xb6\xdf\x8eI\x13\xba\
PQ\xcd2\x9b\xd1\x0bwpJh\xad\x8d\x12\xba\xd8\
\xd6\xc1+s\xde\xe4/\x7f\xbd\x0f-\xbd\xf7\xa4dv\
\xcf\x9e5k*\x1f\xfe\xf0\x07\x19\x1e\xea\xb3\x0d\xd2\x18\
50[\xc7\xc6YI\x22\xa4O\xa9\xb3\x87K/\xbf\
\x86\xfb\xee\x7f\x8cH\xd7c.e\xef]\x81\xff\x0c\x84\
]\x12yBq\xda\xc9'p\xc0~_f`\xd9b\
\xd0F_\x98\xb5aJ\xc3\x1dK\x9fs\xd7J\x1b\xc1\
RkA\x8c \x97/\xe2\xe7\xda8\xfe\xc4\xd3\xf8\xf9\
\xcd\xbfG\x8b\xba\x8e\xe9\xbd@`t\x1b\xa5b\x8e\xf3\
\xcf\xf9\x11\x1f\xdd}W\xca\x03K\x10\x12\xe2\xd8\x84\x0f\
I\xe8>\xcb\x9c\xac\xfe+}<y\x07\x17t_\x08\
c\xe0+\x03::'q\xe9\xe5\xd7q\xd6\xd9\x17\xa1\
1\x01\xfc\x9b\xb5\x89\x10\xd0\xd3\xdd\xc9\x8c\xe9S\x89\x22\
\x93,\xd2\x8d\x03OH\xb4\xf4x\xf6\xb9\x17F\xcf>\
\xec\xc1\xbd\xf7?\xca3\xcf\xbeL\xaeP\x04\xa7\xdcn\
\xd2\xd6i\xa4\xaf\x11B\xd8\xe8\xa31=\xdd\xed|\xe8\
C\xbb \xa5;\xde\x8c\xb3\xd51&S2<\xd0<\
l\xca\xe4n\xb6\xd9jK\xa2\xb0lol\xbc=\xfd\
\xb0\xfa\xef\xb4\xd4d~G!\xf8\xb96\xae\xbb\xeef\
\xc2\xac\x13\x9a\xb6\x9fV\xff-\x1c!\x13+\x0e:`\
_\xf2\xf9\x00O\x9ama-\x94\xd1WYw\xe6\x06\
b\xb03\xafc\x94nW\x22\x22\xe0\xdb\xa7\xfc\x80\xa5\
\xbdC\xd4b'!\x8e\xdex+\xf0\xfe\xc2\xf7\x04\xbe\
\xd4\x9c\xf2\x9d\xe39\xe2\xe0\xafS\x1b\xee3\xfa\x9b \
\xb0\x04_'hG\xfc\xadT\x09B\x9b-|\xa4\xd9\
\xfc\x8f\xe3\x98\x18A\x90+\x92+tp\xec\x89\xa7\xf2\
\xf3_\xde\x81B'\x12S\xab\xc1F\x0b2\x14B\xe0\
\x09\x89\x07\x14\x8b\x92\xf3\xcf=\x93\x8f}t7j\xd5\
\x01r6\x06Y\xa4bb]\xf7\x15K\x0f\x5c\xb0z\
\x19;+\x0b\x91\xce\xd2c\xc7\x85c^B0q\xd2\
4\xce9\xff2c\xb1\x1e\xa7\xec\xafR\x10h\x0a\x05\
\xc1\xaa\xab\xae\x920F'\xa3\xc6\xb1\x06-y\xe3\x8d\
\xb9DQ=I$\xa9w\xd7\xd6\x0d\xec\xaakoB\
\x04Es\xaf\xcd\x96mv7\xb3L\xc5d\xa3q\xc7\
\xdc\xfbig\x86C\xc4\x07w\xd9\x91Y+\xcfHI\
\xca\xcd\xfb\xcca\xf4\xb3)\x08+\xae\xee\xf9\x85\xcf\xa0\
l\xac\x96\xec\xa0M7v\xb3\x0e\x96\xd6[Y)\xa3\
\xf0\xfe\xc7?\x1f\xe6\xd1\xc7\x9e$\xd6\xb2\xb5\xb4dx\
YS\x08!\x90\x1el\xb5\xc5&\xec\xbc\xfd\xb6T\xca\
\xfd&\xc6rj\xf6i\xd4K4rj\xf7\xed\xc9\x80\
b\xa9\x93g\x9e{\x91SO?\x03\xa5\xa3\x91[\xa6\
+\xf0\x1f\x87\xb0\xdb\xee\x81\xa79\xfd\xd4o\xf3\xe5=\
?\xcdP\x9f\x93\x98\xcc\xe0t[\xddY\xdas\xc8\xd2\
\x9d\xc4\xe6Ps&#\x02\xbc|\x01-\xf2|\xf3\xa8\
\x13\xf8\xcdo\xefB\x0b\xc6\xa5\xfcn\x05c\x14\xaa\xe8\
h/p\xf9%\xe7\xf0\xc1\x9d\xb7\xa3w\xd9\x22\xa2\xa8\
\x86D\x10\x04\xb9\xe4\xdal\xfd\x1ctJ\xea\xa9_S\
\x97\x98\x84\xe7\xe1\x05y\xda\xda'p\xea\xa9gr\xf9\
U?G\x01Q<R\x82\x91\xc0\x9ak\xaeN\x1c\x99\
l'F\x9fk\xde-\x9f\xcf3\xef\xad\xb7\xe9\xed\x1f\
L\x8e5\x8c\x97\x18\x1e\x7f\xfcy\xee\xbd\xef\x01\x82|\
\xc1,/\xedy7\x01\xb8\xe74k\xaf8\x8eMP\
;!\x0c\x1b\xd7!_\xdc\xf33\x04\xb9\x91\xd7\xb6\xc2\
\x98LI\x03N;\xa54\xec\xb8\xc3V\xac\xb9\xc6l\
\xe2\xa8\xd6t\x8d\xdf\xaa\xd1\xb1L)\xb0{\x82\x91\xd2\
\xc4\xc2\xe7\xda\xebn\x02\xccN\x09\x8c\xce\x84\xb2\x106\
\x0a\x80\xd0p\xc8\xc1\xfb\xa3\xc3\x0a\xa0\x91\xc2O\x8aq\
>U$u3\x9f\x841i#\xbd)\xa5i\xeb\x9a\
\xc0/~\xfd;~\xf1\xeb;\x88\x94j\xcd(W\xe0\
}Gz\xa2p\xbb[g\x9c\xfe]>\xf3\xa9\x8fR\
\x1d\xec\xc3\x97\x82|\xdeHLJ)\x84\xd2\x08\xeb\xd0\
\xdb\xac\x1c\x92\x18?\xee\xb8N\x96\xf6BH\xfcB\x11\
\xbf\xd0\xc6q'\x9d\xc6oo\xbf\x07%\xea\x12S3\
8z\xca>\xcf\xfd\xf7\x84D(Mg[\xc0E\xe7\
\xfd\x84\x8f|pg*\x83}\x04A@!_$\x08\
\xacS\xbb\x96&sK\x06\xd9\x01.\x93\xddb\xb3K\
'4DQL\xac%\x93\xa6\xcd\xe4'g_\xc2-\
\xbf\xbb\x9bXGIt\x01S\x8e\xf9\xbd\xea*+#\
\x94\xcd\x91(\x04\xbe\xef\xe3\x05>\xc2\x93\x0c\x0c\x0c\xb0\
h\xe1\x12\x1b\xb7\xde\xd8I\x19\xa6h\x86\xc7\xe5W^\
G\x18\x1a\xd3\x0a'\xb9\xa5\xc7\x90cr\x8dm\xa1\x7f\
\x0e\xee\xa7\x00\x00U\x1fIDAT\xac\xde\xaf\xde\x8f\
\xbe/\x98>m\x02\x9bn\xb2a\xea:\xc7TZc\
L\xa6\x04\xa0mJ^\xa1b\xba:K|\xe9K_\
\xa0R\x19L\xe2d\xa7+\x97m\xdc\xec9\xa7\xef\xd1\
\x02\xda:\xbb\xf8\xd3\x9f\xef\xe5\xd9\x17\xdeH^rD\
\xa7\x8f\xfd\x0e\x80f\x87m\xb7`\xcb-7\xb1\xe9\x98\
ub/\x92n<\xd7\x98\x0d\x03\xc0r\xffX+|\
/G\xb1\xd4\xc9\x89'\x9f\xce\xe3O\xbdh\x0c<S\
OY\x81\xff\x0c\x5c\xff4\xcc\xc0:\xa6\xad\x98\xe3\xe2\
\xf3\xce\xe6\xe3\xbb\x7f\x90\xbe\xde\x85\x08kt\xe7$\xa6\
f\xf4\x92\x86\xb6&!\x22\xbd<\xb2}\xefy>\xb9\
B\x1b\xb5Xr\xc4Q\xc7r\xe7\x9f\xfe\x0eR\x8ci\
\xc7\x94\xa5\xef\xf4\x7f\x17$nBw\x89+/;\x8f\
O~\xec\x83\x0c,[L\xad2L\x18V\xc7U\xe7\
4\xd2\x8c\xc0\x18G\x9a\x08\x96\xd2\xcf\xe1\x17\xdb\xf8\xe6\
7\x8f\xe5\x17\xbf\xbe\x83\x18\x9d\x84\xe21\xcf\x80\x95W\
\x9e\x89\x1fH\xa2\xa8\x86G}cJJ\x9fj\x143\
\xf7m\x17\xf0\xad\xfe,\xa5\xe1\xe9\xe7_\xe7\x8fw\xfc\
\x85b\xa9\xad\xa1\xbdH1\xa4\xf4=\xd9\xef 0Q\
:\xe38\xa6Z\x1ef\xd7\x0f\xecLWG\xa9\xe9\xce\
|+\x8c\xcd\x94\xb4\x91&\x84\x00\xcf\x17\x08\xa5\xd8\xe3\
\x93\xbb\xd3\xd3\xd3e\xa3?\xd6-9\xb3\x1d\xd6\xfc\x98\
a3Z\x1b\x89f\xb8\x12r\xed\xb5?7;e)\
\x9d\x81\x83\xb0\x9fV\xdcI\xd8\x995\xe7k\x8e=\xf2\
0\xd05\xb03\x8cJ\x11\xb9p\xccI\x81N\xcd,\
\xc9\xee\x8e\x12(\xa5Q2`\xb8\x12s\xc2I\xa7\xb2\
x\xd90\xd5h4\x87\x84\x91hQ\xcd\x15\x18\x05\xcd\
\x88\xdb\xf3<\x04\x9a\xb6\xa2\xe4\x82s\xce\xe4#\x1f\xdc\
\x99\xa1\xc1\xa5xV\x1f(R\x13\x8aC\x96\xb9aw\
\x85\xd3\x91r\xdd3\x8c\x81\xa6\x06\x99#\x22\xe0[\xc7\
\x9f\xca_\xeey\x18%\xa0\x16\x85#\xe8p\xbc\xf0<\
\x93\xbe\xa8\xbb#\xc7\xc5\xe7\xff\x98\xcf}jwjC\
F\xd2\xcb\xe5|<42\x93\xf4\xa2\x19\xd2Q\xab\x8d\
N\xd7\xda(\xc5\x8aZ-\xa4\x5c\xa9\xa1\xbd\x02\xc7\x9d\
p\x1a7\xdf\xf2'j*\xa6\x1a\xd6l\xdb\xc0J3\
gP*\x151>\x9f\x12\x81D\xc5\xda\xc4\x5cP\xf0\
\xea\x9c\xd7\xac\xad\x12\xc6\x0a^\x9b\x1d\xeb+\xae\xbe\x91\
rh\x94\xeb\x08\x1bM\xd3\xee\x10\xea\x94\xa7\x86\x83\x93\
@\x1d\xd3\xac\xd5j\xc6\xceLBwW\x17_\xfd\xca\
^\xf8\x9e\xe1\x1f\xf5\x9bR\xbf\x9b`L\xa6\x94.L\
X\x1d\xce*\xb3f\xb2\xdb.;Q\x1e\x1a4k\xd6\
\xd4S\xb2\x95N\xc3\x11K]/ )\x16;\xf8\xf5\
-\xbf\xe5\xf57\x16$\x8d\xb4\xbc\x10\xc2\xd8-\xed\xb2\
\xcb\x0el\xbf\xf5\x16\x94\x87MD\x03'\x959\xa6\x94\
\xbe\x9e&\xb3\xa1\xd6\xc6i\xb7Xj\xe7\xd1'\x9e\xe5\
\xf8o\x9fB\xac\xa2\x06\xfb\xa5\xec=+\xf0\x9f\x83\xe7\
\x09\x04\x8a\xce\xf6\x02W\x5cz.\xbb\xec\xb8-}\xbd\
\x0b]\xa2\xa6\x86\xbe0\xd2D#s\x1b\x0f\x840)\
\xde\xfb\x06*\xecw\xd0\xe1\xdc{\xff#h\xe15U\
\x22g\xd1\x8c\x16\x8c4\x01\x82\x98\x8e\xb6<\x17\x9c\xff\
\x13>\xb2\xdb\x07\xe8\xeb]\x8com\xafB\xab\xf7\x1c\
\x0ftj\xf7N\xcat\xc8\x14\x90~\x1e\xed\xe58\xe6\
\xd8\x93\xb8\xe3O\xf7!=?\xd98\x9a1u2\x93\
&\xf4$+\x06\xdf7\xd9G\xb46\x1b@/\xbc\xf0\
\x02\xa4\xc6w\x1c\xc3K/\xbf\xc5-\xb7\xfd\x9e\x5c\xd1\
HI\xee\xf9id\xff\xa7\x8f)\xa5\xf0d@T\x0b\
)\x0f\x0d\xb2\xeb\xce\xdb\xb3\xc1z\xab\x13\xc8\xd6.=\
\xcd0&S\xc2V\x5cP\xdf)\x10\x1a\xf6\xda\xeb\xf3\
\x042F\xa2\xf0\x85\xc9 \x9a^\xe3'\xdf\x96\xd3\xd6\
\x09\xc5\x0c|\x17\xb3\x18\xe9\xd378\xc4\x0d7\xdd\x0c\
R\xdb\xbc\xeb#\x89n4]\x93\xb0\xbb\x16\x9e\x80o\
\x1f\x7f4\xbe\x08\x91\xc4&\xec\x8463\x83c\x84Y\
\xb8\x5c\xf6\xbeo>*\x8aA\x09:\xbb\xa6p\xcb\xad\
\x7f\xe0\xfc\x0b\xae&\x8c\xe3\x84H[u\x96\xc3(\xd5\
\x5c\x81\xf7\x003\xcbCwG\x9e\xcb/>\x9b\x9d\xb7\
\xdf\x9aj\xa5\x1f\xcf\x97`\x13\x9c\xb6\xea\x8b\xd1\xa0\x85\
\xc9\x11h\xcc\x0d\xc0\xcf\xe5\x19\xae*\x8e:\xe6$\xee\
}\xe0\xb1\x86]\xb9VhJO\xf6\x981\xde\x84b\
\x11~\xf6\xd3\xef\xb3\xf3\xf6[S\x1e\xeeG\xd98R\
\xd2&QpH$\xf6\x0c\xb2\x93i\xc2x\x95\xd5\x15\
\xe5\x8a\xf8A\x89o\x1d{\x0aw\xfe\xf9A4\x92j\
5\xa4\xbd\xddg\xe5Y+\x19{/\xab\xe4\x17\xce4\
 \xf0y\xed\x8d7\xa9\x86\xe6\xf9\xb1V \x15\x17]\
r9\x95rhw\x0a\x01]\xf75\xac\xef\x0a\x8e\x84\
+\x17\xfb\xde\xbe\xef\xd3\x96\x97\xec\xfd\xa5\xcf\x18=\x9c\
\x1a\x19\x09T7\xfem\xc0\xb8\x98\x92{`\xbdQ\x14\
\xdbl\xb5\x19\x1bn\xb0\x0e\xb5j\xb9\xae'J1\x93\
tc6#\x9c\xfa\xe0\x86\xce\xae\x1e~~\xf3\xafy\
\xeb\xed\xa5x^]\xc3\xdf\xac\xd3[\xc1\x5c\xab\xd9f\
\xeb\x8d\xf9\xf8\xee\x1f\xa2l-\xcf\x952;\x10\xadQ\
W\xd0\xb9\xe7\x99\xac\x9f\x82\xf6\x8e\x1e\xce:\xfb\x02\xee\
\xfa\xeb?\x8c\xd8\x9b\xe6\x91\xcbQ\xb7\x15X>di\
\xc5H\x1e\x8a\x09\xdd%\xae\xb9\xf2\x22\xb6\xd8d\x03\xfa\
z\x17'1\x8d\xd2>\x8f\xe3\xed\x177P\x9d\x04\xa1\
\x10\x14K\x9d,Z:\xc0>\xfb\x1e\xc2\xdd\x7f{\x04\
\xa4\xd9\x95{\xaf0\xbbr1==%\xae\xbc\xec|\
6\xdbh=\x06\xfa\x96\xd8\xa5X]\x02j\xc6\x8c\x9a\
!\xdd.\x89\xc5:&\xf2\xe6\xc0P\x8d\xc3\x8f:\x96\
\xbf=\xf0\x18\xc27\xcb\xb1\x8d6\xd8\x90(\x8a\x92\x84\
\x99\xda\x0a\x07A\x10\xf0\xc6\xebs\x19\x1c\x1c\xb6\x05K\
\x9e|\xeaUn\xf9\xcd\xef)\xb6\xb5'\xcf \xc3p\
\xc6\x82\x9469B\xa5\xcc\xba\xeb\xac\xce\x96\x9bm\x80\
gSA5\xe3@\xad\x14#\xe3bJ\xe9\x8e\x16\xd2\
\xccP\xb9@\xf2\xb5\xaf\xeem\x1ct\xa5\xc9J\x11[\
N\xdap}\xa2\xbd\xa7\x817\xba\x8e\x89T\x8c\x0cr\
,\x5c\xda\xcf\x95\xd7^o\x94v\xdaZ\xa2.\x07\x84\
\xb3[R1'\x9dp,m\x85\x00\x15U\x93\x19\xab\
Y\xe3\xa6\x99\xad\xfb\xef\xae\xd3Z\x83\xf4\xc1+q\xfc\
\x89\xa7\xf1\xe2\x9c\xb9\x99\x1c\xf6\x86\x99\xad\xc0\xfb\x8ff\
}/%h\x14S&\xb6q\xf5\x15\x17\xb2\xe5\xa6\xeb\
Q)\x1b{ 'y\xe8L\xc0\xbfl\x7f7\xc0J\
\xfc\xae\xaf\x8d\xd5r\x8c\xf4\x8b\x94k\x82#\x8f>\x81\
?\xff\xf5a\xd4x\x0d,\x95N\xc8;\xfdX_z\
\x08\xa5\x982\xa5\x8d\xab.?\x8f-6Y\x9f\xa8V\
&\xe7\x1b\x89Bi\x91\xca\x878\x12\xad\xdeA\x09C\
\x7fF\xe9\xaf\x09rE\xcaU\xc1\xa1G\x1e\xcf_\xef\
{\x94(\x8eY}\xf5\xd5\x1b6wL\xbb\x1a\x13\x81\
\xa5\xcb\xfaxg\xfeBj\xb1\x91\x94\xce\xbd\xe02j\
\xcaGQ\x0f\x0c\xdb\xac\x1fFB&l\xc4\xf3<\x84\
\xd4H\x22\xbe\xf4\xc5\xcf\x11xV\xca\x12n\xa9U\xbf\
KX]Y3\xb4n\x0d\x8bf\x8d\x22\x84\xc6\x17\xb0\
\xc7'>\xc6\xec\x993\x88\x5c\x0e\xf3\xd4\xb5i}\x8e\
;\x97f\x0cn9\xe5y\x1eZ\x99\xdcl\xd7\x5c\xfb\
s\xde\x9c;\x1f\xb4[\xff\x8e|\xf6h\x10\xd6\xcee\
\x9dufs\xd8!\xfb1\xd0\xb7\x04\xa1M\xd4=\xe7\
H\x9c.\xd34\xba\x1e\x91m\x97\x84AIr\x85\x12\
s\xdf^\xc0\x91G\x1d\xc7\xe2%}\xa9\x1d\xb9\xb1\x03\
\xdd\xad\xc0\xfb\x0bO\x18\xc64}z77^w\x15\
\x9bn\xb86\x83\x03\xcb\xc8\xf9fg\xc9\xedn\x91\x9a\
`FC\x9a\x1e}\xdf8t{~\x8eb\xa9\x83e\
\xfd\x15\xbeq\xc0\xa1\xdcy\xe7\xdf\xc7g\xf9\x9d\x9e\x88\
3\x8f5A\xe2bf\xcc\x98\xc0\xf5\xd7]\xc6\x86\xeb\
\xadI\x7f\xefb\x94\x8a\xc0N\xce\xad\xe0\xde!\xfb.\
#\xe8\xd8\xf3\x09\xf2E\x96,\x19\xe0\x1b\x07\x1c\xcem\
\xb7\xdf\xc3\xb6\xdb\xed@>WL\xdaBxf\xc9(\
\xa5\xa4\x5c\xae\xf0\xd2\xcb\xaf\xa24\xfc\xe3\xe1\xa7\xf9\xe3\
]\x7f!\xc8\x17\xed*\xa1\xf9s\xd2H\x1fwc5\
\x8eC\xe2\xa8\xca\xec\xd9\xd3\xf9\xe4\xc7w\x1f3nR\
+\x8cy[\xb61\x00<\x1b\x8b\xa6\xbd\xad\xc0W\xbe\
\xb2'qT&\xf0\x84\xcd\xf40\xb2\xc2\xa6\x0cc\x0f\
\xe4\x08\xc11$\x89gg\xa8\x1c\xcb\x06\x86\xb8\xf0\x92\
\xab\x12\x22h\xf6\xec4\xb2\x0d&\xec\x8e\x8c\x8e\xe1\xb0\
C\xf6g\xf5Uf\x22\xb4\x22\xe7\xf9\xc6\xd5\xa0\xc1\x9e\
\xc3\xd6\xd5\xd6-}\xdc\xec2\x98\xceQh\xda;'\
\xf0\xd8\xbf\x9e\xe3['~\x8f\x81\x81\x1a\xd5\xc8\xf8\x1e\
%k\xef\x14t\xc2\xb4V\xe0\xfd\x85\x99\x91\x8d=\x10\
L\x9f\xd2\xc1\xb5W^\xc4\xc6\xeb\xafAy\xa8\x0f\xcf\
\xe6f31\x8d\x9a\x0f\xe4F\xd4g\xf8\xe4\x88\x94\xa8\
\xd8\xa4\x12\xf3sEB\xe5s\xc41'r\xd7\xdd\x0f\
%\x06\x96\x0e\xe9~\xd6Z\x8f\x90\x04\xeaPh\x1d\x9b\
\x98_\x1af\xcf\x9c\xc8\x15\x17\x9f\xcd\x9ak\xcc\x22\xae\
V\xf0}\x93=E\xe25l\x13fuLYZ\xc7\
\xbe\x9f{G#1)\xbc\xa0H\x14{\x1cw\xd2\xf7\
\xb8\xeb\xde\xfb\xe9\x998\x9186\xc6\xa7\xc2z\xf1+\
\x8c\xbb\xc9\x8b/\xbdN\xa4\x15?;\xf7\x22\x94\xf6\xeb\
m\xa2\xc4\x88 uid\x19\xa2y\x7f#\xb1\xaa\xa8\
\xcc\x17\xbf\xf0i&O\xea0\xcd!\x1a#s\x8e\x07\
\xcbwu\x0aB\x98\x08\x82{\xef\xf9\x05&uwP\
.\x9b\xf5i\x9a\xe9\xd4\xaf\x1d\xd9[\xf5\x173\xcc'\
\xd6\x9aR{77\xff\xe2V\x9exz\x0e^*t\
\xc5\xf2\xc0<K\xd3\xd5U\xe4\xc7?>\x9d\xcap/\
Q\x1c\x12E\xb5\xa6\xb6K\xad`\xca1\xa2\xaf\xe7\x99\
\x88\x80\xb7\xdcz;'\x7f\xefL\xc2(\x22\x8eR\x04\
4FY+\xf0\xfe\xc2\x93\x80\x8e\x999c\x227\xde\
p5k\xad\xb12\xfd\xbd\x8b\xf1\xec@r\x12\xd3\xe8\
\xbaD\x03G\x9bn\x80\xbb\xbe\x94\xd2#Whcp\
8d\xff\x83\x0e\xe7\xef\x0f<1\x82194\xa3\xef\
4\xdcyO\x02*f\xb5\xd5V\xe2\xa6\xeb\xafb\xcd\
5Vf\xb8\xbf\x0f\x11\xbbeX\xeb\xe0g\xcd\x9e\xe1\
\xae\xad\xd7\xddl\x22yA\x81\xe1r\xcc\xcf\xce\xb9\x98\
\xc1\xe12\x9e\xe7'\xe3\xc9\xb3\xc6\xc4\xd2\xcb3T\xae\
\xf1\x8f\x87^\xe0\xbe\x7f<D\xbeX2\xaa\x99&h\
\xf6l\x07Wg)%CC\x83twu\xb0\xf7\x9e\
_\x183<\xc9h\xf0N;\xed\xb4\xd3\xb2\x07G\x83\
\x00\xac\xc8\x83\x10\xd0\xde^\xe0\xdd\xf9\x8bx\xf4\xf1\xa7\
\xc8\x17\xdbPZ\x10+m\x1c\x87\xadTEF\x99\xe7\
^R\xdaF\x90R\x12+\x85\x14\x92j\xb5\xc6\xc2\xf9\
\xf3\xd9\xe3S\x1f\xc1\xec\xd4\xb5~\xbbV\x8d%\x04h\
\xa5Y}\xb5\xd9\xbc\xf1\xe6[\xfc\xeb\xa9'\x09\x82<\
\x9eof\x03c\xe9k;4{sr\xcc\x1a\x8c\x22\
\xade\xad$_*\xf2\xc8#\x8f\x11\x86\x11\xdbn\xb7\
\x85\xd9\xf1\xf3\xa4\x9dU,q\xb7(s\x05\xde'h\
C\x7f\xd23\xdb\xe2\x1d\x9dEv\xd9yg\xee\xbb\xef\
\xef,Y\xba\xcc\xc4\xfd\xb1\x16\xfbR\x1a/|\xe3u\
\xefz%=\xe8\xcd\xef\xf4$\xea\xbe\x95RH\x0d\x9e\
\xefS\xa9V\xb9\xf7\xbe\xfb\xd8p\xa3\x8d\x99=k:\
J\xc7\xc8\x8c\x99Ik4R\x84\x14\x12\xad4\x13&\
\xb6\xb3\xe3v\xdbs\xf7_\xefaYo?\xbe\x0c\x8c\
\xe2,\xa1\xcb\xf1m\xa3\xbb\xf1%\xb4\x06m#\x0c\x08\
\x13\xd7)\x8a\x14ql\xc2\xc0$\x0c\xd7\xaa%T\x14\
\xd3\xde\xd6\xc9}\x7f\x7f\x80\xf9\x8b\x96 \xa5o\xc7\x9a\
\xa1{2\xe3\xcb\xfd6y\xf8L\xaap!\x04Q\xac\
\xf0|\x9f \xf0\xa8\x0c\xf5\xb3\xefW\xf7\xe43\x9f\xfc\
\xa0I\x14!\xb0\xd2V\xba\xfd\xc7\x86\xd0\xadX\xf3(\
0\xe2\x9a\xad\xa4\x86W^{\x9b]v\xfb4\xa1\xc8\
\xa3\x85$\x8e\xb4I\x88\xe7y\xf8B6\x18\xaf\x8d\x84\
i\xa4X\x01B\xe1K\xc9@\xef|\xae\xbb\xea\x22\xf6\
\xf8\xc4\xae&H\xdb\xa8\xf77\x12U\xfaX\xac\x04K\
z\x87\xd9a\xe7\x0f\xb3h\xd9\x10\x85\xb6n\x1b\x82\xc1\
7\x8a\xd3q\xbc\xbas\x02ML\xf1UH\xdf\x92\xf9\
|\xfb\xf8#9\xf1\xd8C\x09\xa4\x11\xbf\xcd\xb5#\xeb\
\xb1\x02\xef3\x5c\x97\xd9f\x0eccV2w\xee\x22\
\xbe\xfc\xb5\x03y\xee\xc59ttM\xa8\xa7\xc2v\xe6\
(\x0d\x81\x07\xeb\x93H+8\x0b\xe4\x18\x8d'\xa0Z\
\x19\xa2T\xf0\xb8\xf1\x9aK\xd8n\xbbM\x10\xca\xea\x8a\
\xde#b\xad\xd0B\xf2\xd2+\xef\xf0\xf5}\x0f\xe1\x95\
W\xe7\xd1\xd6\xdeI-\xe5S:\x16-\x09!\x8c\xbb\
M\xcaS\xc2\x99I\xa4u\x9eFJ\xaaG$\x90R\
\xa2#\xa3\xcb\xaa\x84Ur\xb9\x5c\xe2\x92\x93\x1e\x13\xad\
\x98\x12\x90\xa4\xbd\x0a#\x932JjMg{\x8e\xbb\
n\xff9\xab\xcd\x9e\x8aH\xf8\x84c\xb2\xe3o\xab\xf1\
_\xd9\x80z\xdc\x22\xb4b\x95\xd9+\xf1\xf1\x8f}\x84\
jy\x10\xcf\x1a2\xba,\x06\x0dy\xc7S\xbf\x93\x92\
\x5c\x16\x12!P1&\x18UP\xe4\x9c\xf3/b\xb0\
\x1c\x11\x86cm\xe9g:O\x9b\x8fi|\x98\xd0U\
\xe2\xec\xb3~\x00q\x98\xe8\x1d\x90c+\xd1\xdd\x9a\xde\
\x84_\x88@\x998\xc7\x1a\x8f\xf6\xee\xc9\xfc\xec\xbc\xcb\
9\xf7\xc2\xeb\x88T\x9cdd\x1d\x8b\x88V\xe0}@\
Bx\x06\xbe\xe7C\xac\x98=s2\xd7^y\x01k\
\xad>\x8bje\x08!0Q\x0f\xb5\xd1\x91h\xd2\xb1\
\x80F\xeb'C@\xce\x12\x5c)\x85BP(\xb6\xd3\
7X\xe1\xe0#\x8e\xe5\xc1G\x9e\x05i\x19b\xc3]\
\xe3\x87\xd3\x8d\xad\xbd\xe6\x0c\xae\xbe\xfc\x5cV\x995\x85\
je(\xb1\xf6\x96\xd2l\xf6\x18\x98\xef\xa64\xebI\
\x13\xc7L\x0a\xf3\xb1Jg\x13_L\xdb(\xadue\
\xba\xc2,kc4\x91V\xf8\xbe\x91\xd0\xd2\xba\xb84\
\x84g\xc2\xe9\xa6\xe3C\x19\xc8\xc4\xfe\xcf\xf7$\xb5J\
\x1f{\xed\xb9\x07\xb3V\x9ej$\x15;\x1e2\xdd5\
.\xbc'\xa6\x94n\x1ba\xf3\xaf\x1f|\xf07(\xe5\
%ad\x22\x08\x98\xeb\xea\x17\xa6\x83R\xa5\x8f\xbb\xdf\
\xda\xaeK\xb5\xd6\x14\xdb;x\xe2_\xcfr\xe3M\xb7\
\x98@_)\x9b\x8e\xe5\x81\x14\xa0u\xccGw\xff\x00\
_\xf9\xf2\x9e\x0c\x0f\xf5\x11\x86&\xc6\xcc\xf2\x94%\xac\
\xe8\xeb\x09\x1f)%~\x90\xa7X\xea\xe6\xf43~\xc2\
\xc5\x97\xddd\xb7\x8d\xb3w\xad\xc0\xff\x0bh4\x9e/\
Pq\x8d5W\x9f\xc9M\xd7_\xc1*+M\xa5<\
\xd8\x8b\xd0\x0a\xa5L\x802\xad\x94aP\xcb\x09\xa3<\
\xd7DJSl\xebb\xc1\xa2^\xf6?\xf0\x08\x9e\xf8\
\xd7\x8b d\x833\xec\xf2\xc2\xe9\x98\xd6[oU\xae\
\xbf\xeer\xa6O\xed\xa6R\x19\xc4\x13\x98:'I#\
\xcd\xb0\x16\x0d[\xfb\x86\x86u\x0b\xe9\xdc\x1dk*\xed\
XW\x1d\xdf7\x0e\xba4\x19\x0f\xe9g\xb8q\x99~\
\x96\xfb\x9d\xcb\xe5(\x97\x07\x99\xd8\xd5\xce\xd7\xf66\xba\
\xa4f\x8e\xfa\xcb\x83q\xf4\x92\xb1\x87HO\x05BX\
\x9b\x0c+\x91\x08\x01\x1b\xac\xb3\x1a{|\xe2\xa3\x84\x95\
2A`\xe2\x14\x9bkm\xe3\xd4%9\x00\xb4\xd0\xe8\
\xd4\x01\x81B\x0a\xcb\xc5#M{\xc7D\xce\xbf\xe0R\
\xe6\xbd\xbd0q64\xb0\xf5i\xf5\x7f\xc4L*\xd0\
\xb1\xe6\xf4SOd\xf5\xd9\xd3\xf1DD\xe0\x99\xed\xdf\
z\xa7\x8f\x84\xab\xaf\x93\xf8\xdc\xac\xa3\xa2\x18\xa1\x05H\
\x8fR[\x0f\xdf;\xf3g\x5cp\xc9\x8dT\xe3\xb0Q\
\x09\x9aj\xaf\x15\xf8\xcf\xc1E\x89\xc8\xe5r\xc4q\xcc\
\x1a\xab\xce\xe0\xbak.f\xcdUg\x12V\x86\xc8\x05\
>A`\xf2\x955\x87\xcc\x0c\x03G@\xb6\x03\xad\xdf\
W\x14\x19G\xd7b{7\x0b\x97\x0c\xb0\xdf\xc1G\xf3\
\xc4\xd3sP\xc2HL\xcd$\x02G[\xcdi\xcc\xd0\
\xad/=\x885\xeb\xaf3\x8b\x1b\xae\xb9\x84\x95\xa6O\
\x22\xaaU\xc8y\xf5\x00uY8\x86\x90e8\x8d\x1f\
c\x5ci\xee\xaf3\x1e\x89Y\xca\xba\xc0yBkt\
\xdc\x98\xf16]\xae6V\x97\xf5\xe3B\x81UeH\
)A\xc4\xc4a\x85\xcf\x7fn\x0fVYez\x13U\
K\xb6}-F\x19\x1fM\xae\x1e\x1b\xe9Jc;\xc3\
\x97p\xccQ\x87\xd2V\xcaA\x1c\x1b\xbf\xa5\xf4Z\xd7\
]\x9b~\xe1T\xa7\xa59\xb0\x02\xfc\x5c\x91w\x17,\
\xe5'g_`\x08\xc3\x06\x9ak\xde\xc1\xcd\xe1\x1aN\
\x08Mgg\x8e\xb3\xce:\x1d\xc2*(\x93\x13\xcb\xd5\
m\xac2\xd3\xf5s\xbb\x17\xb1\x02\xe1\xf9\xe4\x0b\x1d\x9c\
z\xfa\x0f\xf9\xe99\x97QSq#\x03\x1d\xa3\xdc\x15\
x\x7f\xe0\xfa&\xf0%\x9a\x88u\xd6\x99\xcdM\xd7_\
\xc1\xac\xe9\x93\xa9\x94\x07(\x14\x0axhTJ\x15P\
\xa7=7 \x9b\xc3\xf5\xbd\xd1\xcb\x98\xbc\x81\xb9B\x1b\
s\xdf\x9a\xcf>\xdf8\x84g\x9f}\x15-\xbc\xa6\x12\
\x93\xabWv\xbcd\xe1{\x02T\xccF\x1b\xae\xc1\xf5\
\xd7\x5c\xca\xa4\x89mT+e<\x8c\xc4\xa4l\x1a\xef\
fc\xa7\x19\x1cc\xca\xdeC\xea>3.\x04B\xd8\
\x04\x93\x99\x08\x1a\xb4\x18\xab\x0eq\x1c\x13E5\xaa\xe5\
!\xa6L\xeea\xff\xfd\xbe\x82?\xfak\x8e\x1b\xe3\xd8\
}\x13\xe6#\x94\x15u\xec\x93\xeda \xd9\xed\xea\xea\
\xeed\xfe\xfcE<\xf6\xf8c\x14\x0a%\xab\x143/\
\x8e\xcd\xb4\x90H[M\xf6\x17\xb4\xd6\xc4\x96h\xa4\x90\
\x14\x0b\x05\x9ez\xeaI\xb6\xddn{fN\x9fj\x1d\
4\x9d\x92\xdd\xdd\x9b\xfe\xdd\x08\xd7\xa8R\x80\x8a5\xb3\
g\xad\xc4\x82\x85\x8bx\xf8\xa1G\xc8\xb7\xb5\x810\xce\
\x89\xce\xad\xa4>C\xa6\xcbp\x1fs\x8d\xb0z\x06\xad\
4Rzh4\xed]]\xdc\x7f\xff\x03\x94\xcb5\xb6\
\xdefs\xa4\xd5g\x09a-YW\xe0\xff\x09\x84\x10\
xR\x12G\x8a\x89\x13\xba\xd8i\xa7\x1d\xf9\xeb=\xf7\
\xb2d\xf1\x12|?\x0f\x9eg\xfa,M\x88\xa9{\x1d\
\xea\x83\xb9\xae\x131\xa75Q\x18\xa3TL!_d\
Yo/\x8f<\xfa\x08\xdbm\xbf#\x13't\xa2\x94\
\xc6\x1b)*\xb4\x80)\xd9\xd5\xc2\x13\xc6\x8b\x7f\xfa\xf4\
\x89l\xb8\xfeF\xdcq\xe7]\x94+U\x0a\xf9\x82\x95\
\xf2\x1a\xe9\xb3\x15\xd3\xa9C\x03F\x01-\x92\x5c\x88)\
Xzv\xe3\xd2\xb8\xac\x08\xb4\xd0\x08\xb7uf\xdfY\
\x08\x12\xa3)\xc3 \x01-\x09<Ayh)G\x1c\
\xb2?\x9f\xfc\xd8\x07\xad\x19\x80c\xf0\xd9\x07f\xe0^\
\xa7\x09\xde\x93\xa4\xd4\x0cB\x18\xe3\xac\xc3\x0e\xde\x8f\x89\
]\xedT*\xc3&\xf2^\xca\x8a\xbau\x03\x1a\x08\xbb\
3`\xee\x11\x80D\x89\x1cg\x9ca\xb2\x9c\xc6\xb11\
\xd2Z^\x88\xc4\x05Eq\xda\xc9'\xb2\xd5V\x9b\xd0\
\xb7t\x09\x12\x88\xa2Z]\x94\xb5\xf5\xcb\xce\x0a\xeeX\
\xfa=<\xeb\xda <\x09\xda\xa3\xd8\xd1\xcd9\xe7_\
\xc2)\xdf\xfb\xb1\xc9\x05\xaf\xea\x0c\xa9Yy+\xf0\x9f\
\x83\x89k\x14\xb1\xeeZ\xb3\xf9\xf9\x8dW1{\xe6T\
\xfa{\x97\xe0\xe1tL\xa6\xcf\x0d\xcc\xe0M\xf7\x91\xa3\
\x83,\xbd\x0a\xeb7&\x84\x87\xf4\x03:\xbb&\xf2\xf2\
\x9c\xb7\xd8\xff\xc0#x\xf5\xcd\xf9\xe0\x89\xa6\x12\x13\xb4\
\x16\x9a\xd3\xfe_Nb\xdaa\xfb\xcd\xb8\xf2\xb2\xf3\x09\
DL\xadZ\xa6\xadX0\x0c1eg\x97\xfe~/\
h\xf6\xbe\xd9\xdf\xd9\xffZkj\xb5\x1aJ)<_\
P.\x0f\xb2\xea\xac\xe9\xec\xfb\xb5\xbd\xde?F2>\
I\xc9a\x14\xd6\x96\xaa|wg;\xfdCC\xdc\xff\
\xf7\x07ik\xeb\xc0\xf3=\xd3\xf1\xc2\xce@\x98\xed\xd6\
:\xe7v\xb3\x80m$\x0d\xbe\xe7\x99\x04\x93Z\x93\xcf\
\x05\xbc<\xe7e&L\xe8a\x8b\xcd7F)\xbd\x1c\
6\x22uH)A+\x82\xc0g\xfb\xed\xb6\xe7w\xb7\
\xff\x81Z5\xc2/\xe4\x91\x9e\x04m\xb6W\xdd+\x8e\
,\xdf\xfdw\xccK\x1b\xbb\x0e-\x09\xc3\x1aZA\xae\
X\xe4\xd1G\x9f\xe0\xedw\xe7\xb3\xfdv\xdb\xe2\xe7\x02\
\xab\xf8\xcb\x96\xb5\x02\xffI\x08;\xb9\xc5\xb1b\xd2\xa4\
Nv\xdaa\x07\xee\xfb\xdb},\xeb\xeb#\x9f/$\
\xfe\x8bB\xd8\x8dm\xbbK\xe4\x8e\x8d\x0e\x8d\xe7\x99\x9d\
'\x8dF\xe0\xf1\xf6\xbb\xef\xf0\xf4\xd3\xcf\xb0\xedv\xdb\
\xd3\xd5UB\xeb\x10\xcf\xbak\xb8\xa1\xdf\xaaX\xab\x98\
H\xe8K\x0a\x89\x8a\x15\xab\xce^\x89M7\xd9\x98\xbb\
\xff\xf2W\x84\xf4\x09\xfc\x80J\xb5\x82\xf0$\x22\x15\x0a\
\xa4\xce\x5c\x1a\xed\xef\x1c\xdc.r\x166\xe6dR1\
\xf3\x95\xbaW\xdbq\x99\xde\xd2\xd7\x92(\x8e\xf0}\x1f\
\xdf\x97D\xb5!\xbew\xf2\x09l\xb7\xcd\xa6&J\x88\
0W\x8e\xc6'\xc6\x83\xf7d\xa7\xd4\x0aJ)4\x92\
EK\xfa\xd9\xf9\x83\x9f`\xd9@\x95\xa0\xd0N\xad\x16\
\x824A\xd6\xb5\x8d\x06X\xb7]r<\xb6q]\xaf\
\xac\x8f\x8eR1\x92\x88\xbc\x8c\xf9\xddo~\xc1\x06\x1b\
\xac\x86\xd0\xb1\xd9Rm\xd5\xd3M\xe0$\x9d0\x8e\xf0\
\x82\x1c\xf7?\xf0$_\xfc\xf2\xbe\x10\x94(\x95:\xa8\
V\xaa\xa8\xd0\xa4\x16\xcf\xd6\xc5!\xdbTB\x98\xb0(\
B\x08\x22\x15\x1acJ\x1f\xfa\x96-\xe2\x93\xbb\x7f\x90\
s~\xf6#\xa6M\xeaH\xe2D\xa7\xa5\xb1\x15\xf8\x7f\
\x03g\x0f\xf4\xc2\x0bs\xf9\xda>\x07\xf1\xea\xdcwh\
\xef\xe8\xa1\x1a\xda\x94\x5c\x9e\xa5#k\xef\xd3\xaa\x8f\xdc\
\xf1\xfay\xe3G&\x84@\x08\xc5\xf0`/\x1b\xae\xb7\
:7^\x7f9+\xcf\x98\x88\xc4f\x0f\xb1\xf7\xa7K\
l|\x86\xa3\xb5\xba\xac\xa1\xb56\xb9\xe3\xa4\xe4\xc1\xc7\
^`\xdf\xfd\x0e\xa6\xb7\xbfB\x84\xb4\x16\xdb\xfe\x88\x84\
\xaf\xcb\x0bSo\xd14U\x138\xa6D\x92YE\xe2\
\x11\x85\x8a0\xae\xe1{\x828\xac\xb0\xfd6\x9b\xf2\x8b\
\x1b/\xa3\x94\xa7\xa5s\xed{\xc1rHJ\xad\xa1\xad\
\xc5\xb6\x10F\x1a)\x14\x0a\xb4wvr\xc7\x1dwR\
hoC!m#\x1a\xa9\xc9pn'!\xa9$s\
\xad\x83k0\xad5\x91\x8a\x08r9\xca\xe5*/\xbd\
\xf8\x22\x9f\xf9\xcc\xc7\xf1\x10\xf8v+\xb35\x94\xe5\xfc\
\xe6\xe3\xec\xa1<\xe9Y\xfd\xd2t\xda;\xbb\xf8\xd3\x9d\
\x7fF\xc8\x00\xa5\xfe\xbf\xf6\xde;\xcc\x8e\xe2\xca\xfb\xff\
Tu\xdf0Q3\xa3,\xa1\x88\x04(\x81\x12Y \
r28\xac\xbd\x8e?\xdb\x1b\xec}\xbd\xde\xf5\xdak\
{\x9d\xbd\xce\xfb{\xbd\xf6\xeb}m\xbf^\xdb\xef\xda\
\xeb\xdduX\x07,\x92A\x02\x04\x22\x98 \x81\xb0@\
\x08a\x92P\x00\x09\x94f4\x9apowW\xbd\x7f\
\x9c\xaa\xbe}\xef\xdcQ@B\x081\xdf\xe7\x99G\xea\
\xbe\xf7VWW\x9d\xfa\xd6\xa9S\xa7\xce\xb1(7\xbb\
)%^\xab8\xcfU\x0f_//\x94\xca\x11\xa3R\
\x0ak\xac;c\xa4hlj\xe2\xf1'\x9e`\xe5\xfd\
\x0f\xb0\xf0\xd4\xd3h\xefh\xc1$\xe2\xcfQOH\xc9\
\xccQ\xb5\xf7\x87\xb0\x7f\x0cF$\x00Z)Lb\x19\
9\xbc\x8dEg\x9f\xc5-7/\xa7\xa7\xa7\x9f\x5c>\
\x8f\x0eB\xe7\xe8\xabe7\xd8\x7f\xbf^\xec--\xcb\
\xf1\x8cN\x85\xd6\x9a(*\x11\x04\x9a\x5c\xbe\xc8\x96-\
\xcf\xb3v\xedZ\x16-:\x87\xd6\xa6F\x14N\xab\xaf\
.\xa9\xa6l\x91\xb3\x8a\xbc\x8a<i\xadH\x12\xc3\x84\
\xe3F1\xe3\x84\x93\xb8\xf6\xfa\x1bP\x04\xe80$\xd0\
\x81\xa4\xe4\xa6\xe2\xfbg]1\xb5\xcf\x22\xf3<\xdfN\
r]\xad)\x0d\x84\xfb\x8d\x11\xefukAid\x0c\
\xdb\x84\x9c-\xf1\xado\xfe\x13S&\x8dq\xda^\xed\
{\xbdt\x1c\x16R\x22[!\xa7\x91\x9cx\xe2\x09\xdc\
q\xd7]<\xb7\xf5E\xc2\xa0\xe0\xd6\xc3Y\xe1\xf1\xff\
\x0e\x14\xa8*\x8dD\x81BS\xc8\x17Y\xff\xd8c\x04\
a\xc09\x8bN\x05t\x9d\xed\xc7,jg\x80\x0a\xa1\
\xc8\xef\x14\x0b\x16\xcca\xf7\xaen\xee\xbd\xef\x1e\xc2 \
\x87\x0e\xc4\x08Z=+\xfa\xebJ9\xd9\x7fUf\x87\
Q)\x8d\x0e5(M>\xdf\xc0\x86\x8d\x9b\xb8\xfd\xb6\
\xe5\x9c|\xca)\x1c7~4\xd8\xca\xb1\x99\xc1\xaa>\
\xd8\xfd!\x0c\x8eZ\xf9\xa9\x85R\xa0\xb0\x8c\x1c\xd9\xc1\
Yg\x9e\xcd\xd2e\xcb\xe8\xec\xeaB\x879\xe28\x92\
\x8d\x8e\x8a8\xa6\xe5U\x95\x9b~\xee\x07\xb6&I\xa2\
4\xba\x80RBLO=\xf5\x0c+W\xae\xe2\xc2\x0b\
.\xa4mX#\xc6zy\xdb\x1f\x06NK\x81#\xa6\
)S'2s\xd6\x1c\x96-[F\xa9\x14\x11\x849\
\x8c\xdf\xe6\xf5\x85\xa7\xcb\xac\xc1\x1fV\xed\x16\xe1\x9e7\
h\xdb\xb9\xfb\xce\x99\xd3\x18\x09N\x17GeJ\xfd{\
\xb9\xea\xf2\x0b\xf8\xbb\xbfy\xaf\x84'V\x95I\xffp\
\xe0\xb0\x92\x92\x021x\xbb\x19g\xee\xdc\xb9\xfc\xf6\x9a\
\xebQa\xe8=\xb6 \x0d>\xee\xb5\x98jh\xef\x1f\
\xe4\xc8@+\x89\x0e\x88\x81BC\x9eU\xabV2w\
\xde|&M:\x0e\xa5\xac\x18\xb0\xdd\x0c\x03\xd9\xbeU\
\xee\x9e\xff\xab@\xea*\x0f9\xe7\xdc\xb3Y\xbf\xfeq\
\x9ex\xe2i\xf2\xc5&!I-\x0esJ\xb95\xb5\
\xf2;\x85\x0a\xb0X\x0bA\x1a\x94\xd5\xa0\x029\x7f$\
\xa9\xa6\x15\xc6\xa9\xe4a\x90\xa3\xabk/7.]\xc6\
\xd8\xf1\xe39a\xfa\x140\xd4hy2C\x0e\xd8\x8b\
\x1c(\xa3Cx\x89\xf0\x93\x91\xb50vL\x07\xf3\xe7\
\xcf\xe5\xa6e\xb7\xd0_\x8a\xc8\xe5s\xe9r\xc8\x1a\x99\
|\xb2d\xe4\xff\xaf\x95J\x09K&M\x99|\xfd\xce\
X\x92\x88!:_h`\xf3\xe6-<\xba\xeeQ\xce\
Zt.\xcd\xcdE9-\xe6~?X\x7fZ+\x93\
Zm\xbf\x07Za\x12\xc3\x09'Ld\xe2\xa4\xc9\xdc\
\xf0\xbb\x1bQJ\x13\xe4\xf2\xe8 \xa8,!\x07H\xd0\
@gGp\xa7\x14\xb4\xb3beH*\xfbXkE\
{\x94k\xb7\x09\xe0V\x05&)3\xa2\xbd\x91\xef}\
\xfb\x9f\x19=b\x98S \x07y\xa9\x97\x88\xc3BJ\
\xbe\xa3\xa4\x01\xac\xa4\xe9\xd6\x9a\xd1cF\x92$p\xd7\
\x1dwa\x94v\xcbgwP\xb2\xe6\xf7\xe9\xff\x91\x08\
yd\x98\xdd\x18C\xa04a.O\x1c'\xacZy\
?ox\xfdU476d\x08\xae\xa6a\xf6\xd3N\
^H\xc2@q\xf1E\x17\xb3j\xd5j\x9e\xd9\xf04\
A./\x9d\xe6&\x22_\xb5lq\xda\xa7Av[\
\xa8\xd6Z\x02WW\xa5\xb4\xebl\xb1\x09\x84a\x81\xa8\
\x1cs\xfd\xefn\xc0Z\xcdi\xa7\xcd#P!\xc6\x91\
X=\xd2\xac\xc2>>\x1a\xc2\xc1A+0\xc4\x8c?\
n\x1c\x0b\x17\x9c\xc6\xd2\x9b\x96\xd2\xdb\xd7G\xa1P$\
qa\x98\xfd\x92<\x8bz\xd7\x9e\x90\xfc`\xd7:p\
\xc1\xd6\x0a\x14\x0aE\x9e\xdd\xb0\x91{\xee\xbd\x87\xc5\x8b\
\xce\xa1\xadC\xec\x8a\x83*%u\x9e\x91\xedw\xad\x84\
Mf\xcc8\x9e\xf1\x13&s\xeb\xf2[1\x06rA\
\x9er,>w~\xfceIH\xfe/\xd7i\xf9\x8e\
t\x07|\xafv\x09\xec\xcf|\xba\xb1l-$q\x89\
r_7\x9f\xfa\xc4\x87\xb9\xfc\x92s\xaa\x22\x01d\x09\
\xf0Pq\xc8\xa4TQL\x9cs\xa3\xd3,P\x12\xd7\
\xe8\x94\x93g\xb3t\xd9Rv\xed\xea\xa2Xl\x92\xfc\
\xe9\xa6\x8e\xdf\x84\x83\xbf\xaf\x94\xcb\xa0\x80\x1f\xb7\x0a\xa5\
5\xb90\xc7\xd6m[\xd9\xf1\xe2\x8b\x5cv\xe9\x05\xce\
V\x93q\x13\xa8\xf4\xc3~\xe18\x94b!\xe0\xdcs\
\xcf\xe5\xee;\xefb\xdb\x8b;\x09\xc3\x9c\x84\xe5\xb5\x06\
\xacd\x82\xa8\x9d\xc2\xc4\x86\x06\xd6j\xb4\x0a\xd2\x8a*\
-\xb3(FI\x06\x097\x03\x16\xf2\x0d\xdcq\xe7\xdd\
l\xd8\xb0\x91\xf9\xa7\x9eJSS\x11\xeb\xfcZjg\
4\xa5\x9cq\xe0\x00\xdfc\x08\xfb@\xa6\xdb\xac\xb5h\
\x15`\x0d\x1c7~4'\xcf\x9e\xc3MK\x97Q*\
\x95E\x86T%\x08\x9a\x87\x97\xeb\xca\xbf\xde\xa7M\x0a\
N\xfbMYI\xd7\x1dE\x04A@\xa1Pd\xe3\xc6\
\xcd<\xf0\xe0j\xce]|>--M\x95\xd0\xb0\x0e\
u\x07r\x9d~\x17\x12\x11\xa5z\xf6\xac\xe9t\xb4\x0f\
\xe7\xd6[nC\xeb\x1c\x0a9/j\xad\x84\xd81\x99\
\x5co\xb5\x05Y\xebN\xeb[\xdc\xbf\xb2\xaa\x91k\x19\
\x10\xd6z\xdb\x9a[\xa1h\x08s!&\xb1\x94\xfa\xf6\
p\xe6\xa9'\xf3\xb5/\x7f\x8ebN\xcc'\xd9\xf1\x7f\
\xb8p\xc8\xa4\xe4\xe1\xab\xe4C\x1aH\xc8\x0f\xc8\x87\x01\
\xc7\x1f\x7f<K\xae\xb9\x81 \x97w\x8c\x9b\x88n\xb3\
\x9f\x0e\xb2\x19\x15\xd4\xbb\x01X \x97\xcb\xf1\xf0\x1f\xd6\
\xd0\xd11\x9c\x05\x0bNN\x07\xf7K\x81R\x90$\x86\
\xd6\x96F\xce;\x7f1\xb7-_\xc1\xce\xdd\x9d\xe4R\
!\xf5\xc27H\xc3g\x0e\x14\xe3\xea\x8c\xebT\x7fO\
\x05\x0a\xa5\x02\x0a\xf9\x02\x0f?\xf2(+V\xdc\xc9\x8c\
\x99\xb3\x19?n\xa4\x90Z \x0ap\xbd6\x18\xc2a\
\x80\xac\x8d*\xfd\x81\x1c\x93\x9a4y<\xb3f\xcff\
\xe9\xd2\xa5\xf4\xf5\x97\xc8\xe7\x0b\xc4\x89q\xd9kD\x13\
\xca\x1a\xbd\xb3\x03\xdd\xcbCJXN\xee\xb3r\x1a\x86\
96n\xdc\xc4\xc3\x0f\xaf\xe1\xd2\x8b/\xa1\xd8X\xf0\
\xf6\xf2Ly\x07\x08gh\xc6\xc2\xdc\xb93io\x1f\
\xc9\xcd7/#2\x86B\xb1\xc1\x11\x923\x05\xd4\x94\
[]\x7f\x17\xcc\xae^\xa6a+K;\x94B+\x89\
\xb7\xad\xd0\x12\x8f,\xea\xa7\xa3\xad\x89\xef\x7f\xe7\x1bL\
\x998\xca\xbd\x7f\xe5\xa7\x07\xf1&\xfb\xc5!\x93R\xda\
M\xa9\x81P\xfe\x94\xdbA0\xc62q\xe2\x046l\
\xd8\xc8\xba\xf5\x8f\x91\xcb\x17\x89\x9c\xaa\x1c\x04\xb9\x013\
N\xd6\x87IV\xc9\x8e\xcd]\x99\xc6\x08\xdb\x17\x0a\x8d\
\xdc\xfd\xfb\xbbYx\xeaB&N\x1c'F\xe4\x03i\
\x99j\x85\x07\xc0\xd5\xd3\xd0\xd1\xde\xca\xa2E\x8b\xb8\xfb\
\xce;xq\xe7.I\xb7\xac\x90\x8dB\xef\xb7\x91:\
\xda\xb9\xeb\xaa\x9eQ\x92#\x0fU\xd9M\xf1\xae\x00\xc8\
e\x98o`\xfb\xf6\x9d\x5c\xff\xbb\x1bihla\xf6\
\x9c\x13\xc0\x9d\xad\xf3\x06\xf8!\x1cF(\xe9\x97\x14N\
N\xb5\x96\x1d\xd3\xa9S'p\xc2\xb4\xe3\xb9\xf5\xb6\xdb\
Ibg\x17t\x1a\x91\xd6A\xd5d\xa4\x94\xaa\xeb!\
\xadR\x9bN\x85\xa8\xa2(\xc1XKSS3O?\
\xf34\xeb\xd6\xad\xe7\x82\xf3\xce\xa7\xd8X\x00\x8c\xd8\xa8\
|\x95\xeaLF\x03\xc4\xd4\xfdG\x89\x82\xc3\xdcSf\
\xd2\xde\xde\xc1]w\xdeM.W\x90X\xe0V\x82%\
\xca\x12t \xe9\xf9\xeb\xba\xbb\x8bn7\xd9X\x89\xb4\
o\x8c\x9cC\x0d\xc3\x10\x8c\xc1\xf4w\xf3\xd9O}\x94\
\xab^w>J\x19\xd7\xa4\xee\x9dkJ:T\x1c2\
)\xd5\x22\xdb\x81\xf2/`\x15\xf3\xe6-\xe0\xb7K\x96\
\xb0\xbb\xb3\x0b\xab$,C\x10\x84i\xf3\xa73\xce\x80\
7\xactXJ\x5cA\x88B\xd3_\xea\xe7\xfe\xfbW\
r\xf1\xc5\x17\xd3\xd6\xde\x8c\xaa\xdb\xd8\x83\xa0\xe6kJ\
IG\x8c\x19\xdd\xc69\xe7.f\xc5\x8a;xa\xfb\
\x8b\xe4\x0bE\x09\x8fA\xc5\xc0\xa9\x94\xec\xb6d\x9f\xe5\
\x85\xb1r\xcf\xbbI\xb8\x99\xd3\xc8T\x17\x04\x81\xec\x9e\
\xa0X\xbat)\x1b6lb\xfe\x82y\xb445\x82\
\xd5UA\xed\xea\x09\xeb\x10\x0e\x13\x94LF\xd6&L\
?\xe1x\xa6O;\x91e\xcb\x96\xd2\xd7\x17\x91\xcf\xcb\
d$Z\xb2\xefogGr\x82Sefpv\xa5\
\xac\x0c\x04A\x88\xb5\xa0\x83\x80\x86b\x03\x8f\xad_\xcf\
\xfa\xf5\x8fs\xc9\xa5\x17\xd1\x90\xcfWi\x1a\xb5\xb2c\
\xbd\x8b\xcd &d\x85\xd4c\xfe\xfc\xd9\xb4\x0e\xeb`\
\xc5\x8a;HbY\x83%\xa9f\x9f59T\xa3V\
\xa6\xe4\xdaW\xc6\xcb\xac\xc8w\x1c\xc7\xf4\xf7tq\xf9\
\xc5\xe7\xf2\xe5/|\x92|\x08\x1a\x09z\xe8\xbe~\xd8\
q\xf8H)\xf3^\xd46\xb4\x82\xa6\xc6\x06\xda\xdb;\
\xb8i\xe9-465\xa7;\x5c\xfe;\xb5\x0dU\xe9\
h\xd1H*\x1d&\xc67\x83%\x0c\x02v\xee\xda\xc5\
\xe3\x7f|\x9c\xcb.\xbe\x84b>\xb7\xcfH\x950\xb0\
\x9e\xe9m\xaf\xd9%\x96\x11\xc3\x87\xb1x\xf1b\xee\xbd\
\xf7>v\xec\xd8E\xbe\xd8\x08H\x07)%\x0el)\
\x5c=\xc9\x18\xe6E\xe2\x9c\x97\xb8\xb3ex\xf9\xf0\xef\
\xab\x95&\x17\x86\xac}\xecqn\xbaq\x19\xa3\xc7\x8c\
c\xda\xf1\x13\xe5x\x8d~i^\xebC8\x00\xb8\xfe\
\xcf\xf6C\x12\x1b\xa6M\x9f\xcc\xd4\xc9\x93Y\xbe\xfcv\
\xacU\xe4\xc2\x9cdXN\x00\x97u\x16g\xff\xcbj\
^\xe2\x1f\x94\xa1\x0f\xb7>SNfc\x13c\x8c\xa5\
\xb1\xa1\x99\xb5\xeb\x1ee\xd3\xb3\x9b\xb9\xe0\x82\xf3\xc9\xe5\
B\x14&\xfd]\xb6\xafUF\xf3\xca\xc2Z\xb7K\xab\
\xbc\x5c\xc1\xfcy\xb3hh\x10{%*@i\x8d\xd2\
\x01\xca\x19\xdf\xbd\xe0ig7\x1a8\xe9\x0b\xac/\xd7\
Zq7\xd0`LB\x92\xf41a\xdcH~\xf0\xdd\
o2vTk\xea\x09\xae\xd4\xe1t\x97\xac\xc6\xe1#\
\xa5\x1ax\xa2\xb1\xd6J,\x1b\xad\x991\xf3$\xd6\xac\
Y\xcb\xd3\xcf<M\x10\xe4\xd2\xe4\x00~0[\xeb\xc2\
Lf:\xd5\xa32\x93\xc8\x9f\xb5\x06\xa5C\xf2\xc5\x22\
\x8f=\xfa(]]\xbb\xb9\xe0\xa2s\xd0Tk\x1b\x07\
\x0b\xef\xb46|\xe40\xae\xb8\xecrV\xaf~\x88\x0d\
\x1b6\x88\xda\x1f\xc8\xd1\x85\xcaw3A\xaf\xea\x10\x88\
\xbc?i\x9d\xbdZm]\xaeu\x8b\xa6Xl\xa6\xab\
\xab\x9b\xeb\xaf\xbb\x9em/\xeed\xde\xfc\xb944\x14\
P8\x15\xbc\xb6\xd0!\x1c2j\xb5\x12\xe9\x93\x84\x93\
fLg\xf2\x94\xe3Y~\xdbr\xfa\xfa\x5c\x12Gc\
P\x81?*%T\x91\xfd\xbd\xef ?\xe0\xd3\xcf\xdc\
2QiEbD\xb3hll\xe6\xe15kx\xee\
\xb9\xe7\xb8\xe4\xe2\xf3\x08\xb4v9\xed\x0e\xac\xa3\xb3\xe3\
\x01\xe5w\xe5`\xfe\xc2Shjla\xc5\x8a\x15(\
\x1d\xa2T\xc6\xa5\xc5\xafDTM\xfd\x06\xc0E\xa44\
\x09a>\x87\xb5\x968\xeaG\xd9\x12\xff\xf3+\x9f\xe3\
\xbcs\x16\x88\xc1\xc2\x11\xe2\x01U\xf8%\xe2%\x90R\
\xc5\xf3t0d_Z)9M\x8f\x95Ya\xfe\xfc\
y\x5c\xbdd\x09\xbd}er\xa1l\xbfgI\xa4\xde\
\x0cA\xa6L\xe5\xd4^o\x8cT* \xc8\xe7yh\
\xf5C\xe4\xc2\x02\xa7\x9f>\x17\x8c\xf8wd1`\x8d\
>\x18,\xe8@\x81\x81\xd6\x96\x22\x97_q)O=\
\xf1G\x9ez\xf2i\x0a\xc5F\x8c5\xe2\x06\xe0\xb8\xc9\
\xd6\xbcom\xa7W\xea\xad\x00\xd1\xf0\xe2$\x06+\xcb\
\x03\xab\xe4\x84v\xb1\xd8\xc4\x03\x0f>\xc4-\xb7\xde\xc1\
\xc8\xd1c\x992e<\xd6\xe5\x8d9\x04\x8e\x1dB\x1d\
\xd4\xf6\x8fr\xd1\x05Lb9\xf1\xc4\xa9L\x998\x91\
\xdbn[\x81E\x11\x16\xe5\x94\xbeu[\xc1\x22\x7f\xce\
\xcc\xa0\x9c\x1b\x9b\x9cKHI@\x06/2q:y\
N\x92\x04\x94\xa6\xa1\xb1\x99\x07\x1fz\x88\x1d\xdbwr\
\xfe\xf9\xe7\x00.=\xb9\xab\xd3\xa0r\x9a\xfd \xf3\xa1\
V\x80\xb1\xcc\x9fw2a.\xe0\xde{\xee't>\
LI\x22\xa1Z\xfc\xa4_-\x8b\x02\xab\xc4\xb8\xad\xac\
\x22\x8e\x22\xd9m\x0b\xc5\xac\xd2\xdf\xdf\xc3\xbb\xfe\xf4J\
>\xfe\xe1\x0f\xb8\xed\xff\x8cb0hE\x0f\x1d/\x81\
\x94\x0e\xb66\xdeoI\x96<\x1d\x1d\xad\x0ckm\xe7\
w7.#\x97/\x8a\xeb@\xaalT\xaf\xcf\xb3\xf0\
\xc2\x93\xb9\x03\xceO(\xd0\x01\x85|\x91[\x96/g\
\xd2\x84\x89\xcc\x99s\x22\xaa\xc6\xe3\xdb\xff\xf7@k-\
'f\x0c\x8d\xc5<W\x5cq\x05\xdd\xdd\xdd\xacZy\
?(E\x18\xe6\x89\xca.mMM\xbd\xd4\xa0u\xaf\
hT\xca-\x1b\xc09\xb0)\x85R\x01a\xbe\xc8\xee\
\xceN\xae\xb9\xf6z\xb6l\xd9\xc6\x8c\x99\xb3hi)\
\xa6Fuk$w]}C\xe5\x10^\x0a\xb2\x93\x88\
\x10I\xc2\x8c\x99'0e\xea\xf1\xdc|\xf3\xcd.0\
~\xde\x1d!\x22\x1d\x98J$\xbb2\x85\xba2\xbc3\
\x81\xac\xf2\x9c\x1d*\x13\xaf\x08\xa5)\x16\x8a\xdc\x7f\xdf\
}tvvq\xc1\x85\xe7\xa4\xb2\xea\xcbe_rZ\
\xe7\x03\xad%T\xce\x99g,`\xcf\x9e\x1e\xee[\xb9\
\x12\xads\xa0*\x9a\xbd\x0aD\xce\xbc\x06\xe7\xa1\xb4\x02\
+\x1a\x7f\x92$\x22\xf7\xd6P\xea\xeb\xe1\x94\xd9\xd3\xf9\
\xfew\xbeAsC\xdeym\xd7QF\xea\xd4\xe7P\
\xf1\x12HI\x1ddMd\xd9\x22\x9d#\xcb\x99\x99\xb3\
f\xf2\xcc3\xcf\xf2\xe8c\xeb\xc9\xe5\x1b\x9c\xd9N\xca\
\x15?'\x89\xcfT\xd5x\x19\xc2\xc2u\x84r\xdf\x03\
\xe9l\xad4w\xfd\xfe\xf7\x9c0\xfdDN8~\xa2\
<[\xaa\xe0jr\x00\xc8\xbc\x9e\x12)Ek\xc5\xe2\
s\xcffDG\x07\xbf\xff\xfd\xef1\xce\xe6\x10\x04\x05\
\x12#!0\x94\xff\xbe\x17\xf0\xaa?\x7f\x0cE\xe6M\
\xad4Z\x87\x04A(\x8e\x9aV<h\xad\xb5\xe8 \
G\xa1\xb1\x89u\xeb\xfe\xc8o\xae^B\x14[N\x9a\
9\x83|^\xb4&\xaf\x01\xd6\x92\xd2\xc1N\x15C\x10\
x\xb9\x92\x89\xa3\x12\x8f\xe9\xa4\x13\xa62n\xecX\x96\
\xdf\xba\x82\xd8X\xe7\x14\xabdw8\xd3\x97\x95\xe5\x9a\
\xfb@\xd8%\xdd\xad\xf5\xdd\xe4\xfb+J$\x13oK\
k\x1b\x0f\xacZ\xcd\xde\xde>\xce9\xf7t4\xda\xed\
j\x0db\xab\xa9\x8dg6@+\x17\xed\xfd\xcc3O\
\xe3\x85\xed/\xf0\xd0\x1f\x1e&\xcc\x15\xc9\xe7\x0b\xe8 \
\x94q\x92\xd1\xf4\xfcDg\x5c\xa8\x15\x8bdnQ\xca\
\x92\xc4e\xda\x1aC\xfe\xcf\xb7\xff\x99\x19\xd3&`\x92\
\x08R\x1b\x95Cf\x9c\x1cn\xbc\x04R:8\xd4j\
>\xa25)N;\xedt~w\xc3\x8dl\xdf\xd9I\
\xbeP\x90>\xb5\xe2\x80f\x8c\x9c]V\xd4jG\x82\
,9\xa5\xf7\xdc2(\x8eb\x96\xdd\xbc\x8c\x05\xf3\x16\
0i\xd2X16\xfb\xe9\xeb%@\x04N\xb6p\xe7\
\xcd\x9b\xcd\x82y\x0b\xb8\xfd\xb6\xdb\xe8\xda\xb3\x97b\xa1\
@bb\xe7\xdbR\xff\xbc\xf5\xe0\xf1\x8a\xbd\xb4\xcaL\
*\xa1.$\xe8V\x10\xe4\xc8\x17\x1a\xe9\xef/s\xeb\
\xf2\xe5\xdcy\xd7\xdd\x8c\x1e3\x96\xc9\x93\xc6\x83\x16r\
R\xa4\xfc'\xed\x91!\xc3!\x1c<\xb2r\xa6\x90\xc0\
\xfbsf\xcf`\xd2\x94i\xdcr\xf3\xad\xf4\xf5\xf7S\
\xc8\x17H\x12C\xe2\xd6\xee\xb5\xb2)\x93\x92/#\xd5\
\x99\xd2\xef)%fb\x94\x22\x9f/\xd2\xd8\xdc\xca\xdd\
w\xdfEww?\x8b\x17\x9fN\xa0\xc2\x0ci\xb8_\
\xd7\xd8\x86j{\xb8\xaalk\xc8\x85!\xe7_\xb0\x98\
\xdd\xbb:Y\xb5j\x15\x1aM\x10\xe4\xaa\xe2G\xc9\xf8\
\xf1\xc2S\xb1]je)\x97zi,(\xbe\xf4\xf9\
Or\xd5\x15\xe7\x81\x91I9\xd5\xf4\x8e\x00^vR\
\xaa4\x9au\x1d$\xcb\xb5\xe6\xc6\x22\xd3O\x9c\xce5\
\xd7\xdd\x80\x0e\x0a\xae3@\xab@\xecE.\x02\x9eW\
h+\xbb\x07\xe2O\xe1\xa9\xdaw\xa2q\xc4\x10\x849\
J\xa5\x98\xbb\xee\xbe\x93y\x0bN\xe5\xb8q#\xd3\xef\
\x89=\xec\xe0\x1bV)%\xbb\x0e\x06&O\x1a\xc7\xc5\
\x17]\xc8\x9a5\x7f`\xe3\xc6g\x09B\xb7\xbd\xab}\
\xdco\xc9\xadEj\xc0\xaf&%\x1f\x7f\xc0\x22\xbb\x1b\
\x95S\xe4\xd6\x09G@\x9c\xc4\x92\xf0\xd2Z\x1a\x9a\x9a\
\xd9\xfe\xe2n\xae\xbd\xfew<\xf1\xd4\x06&O9\x9e\
\xf6\x8e\x16'L\x95\xf7\x97\xd6\x18(\xba\xd5\xb3\xe9\x10\
\xea\xa1\xb6}\x94\x0b\xe2g\x8ce\xe6\xcc\xa9\x1c7~\
\x02\xcb\x97\xdf&v\xc4P2\xc1V\xa2\x5c\xc8\x9fU\
V\xfc\x9bD\xcc+\xfdY\xbb\xbcw\x83\xdb\x1a\x88\xe2\
\x88\x5c\xd0\xc0\xbd\xf7\xaf\xa4\xb7\xa7\xc4\xa2sNE\xa1\
\x09t\x854\xd2\xdf\xa6F,w)\x1fVI\xb3\xd6\
r\x0a!P\x8as\xcfYD!\x1f\xb2j\xe5\xfd\xc4\
qL\xa0C\xd0\x88F\xee5<\xb7\xdaP\xeePy\
T\xee\xa5\xa3%\xcfW\xbf\xf8\x19\xde\xf3\x8e7\xa0,\
h-\xe5\xd6\xb6\xd1\xcb\x89\x97\x9d\x94H\x1bV\x86K\
e]n\x99<y\x22A\x98\xe7\x8e;\xee\x94`\xfe\
:\x14\xe7H\x19\x9dn\xb0\xb9\xceqeI\x9a\xed\xac\
\x06\xe6>p\x08r9\x82 \xa4\xb3\xb3\x8b\x15+n\
\xe7\xdcs\xcec\xc4\xa86\xe7\x5c\xf9\xd2\x1b6%\x00\
k\x19>\xbc\x8d7\xbe\xf1*\x8c\x89\xb9\xef\xbe{E\
k\xd7\x92\xf8\x10\x17O\xb9\xb2$\xa8)\xc3\xc9\x9b\xdf\
\x82\xad\x85\xb5^p\x84@u\x10\x12\x86\x05\x82\x5c\x9e\
\xb5\x8f>\xc6o\x97,a\xe7\xce.\x8e?~\x9a\x1c\
\xf6Tb\x84\xad5\x86\xfb\xcbz\xcf\x18\xc2\x81A)\
\xb0V1s\xe64&L\x98\xc2\xd2\xa5KI\x8c!\
\x97/\x90$1\xb8>T\xaa\xe2\xd1]\xdb\xda\xaa\xc6\
\xec\x80\xfb\xbe?\xf1\x80\xd64\x16\x9b\xf8\xfd\xddw\xb3\
\xb7\xa7\x9f\xf3\x16\x9f\x81V\xe1\x80\xfeL1H?\xa7\
\xd7\xa9\xc6\x14p\xc6\x19\x0b9\xf5\xd4\xd3y|\xfdz\
\xb6lz\x16c\x22\x92$Bc\xb1&\xc6\xc41q\
\xd4OT\xee\xc5\xc4},\x9c;\x93\xef\xfc\xcb\xd7\xb9\
\xcc\x9dk\xf3v\xae#\x8d#BJ2@\xa5\x13\xbc\
S\x98\xd6\x1aea\xfe\xbcy<\xf6\xe8:\x1e\x7f\xf2\
\x19\xc9\x82\xe2\x09\xcc\x8a\xed%;Q\x88\x8fEE\xe3\
r\x9f\xa4\x1d\xaf\x9c\xc6d-4\x14\x1b\xd9\xb1s\x17\
\xf7\xaf\x5c\xc5\xa2E\xe72\xbc\xa3\xc5\x95\x99\xa9\xd8A\
B)\xd9\xe2\x05K.\x17\xb2\xe8\x9c3X0\xef\x14\
V?\xb8\x8a\xdd\x9d\xbb\xc9\x87\xf9\xf4\xa0\xadR\xda\xf9\
\x1ay\xdb\x82\xc6Z#\xef\x91\x11\xa5\x81g\xa9|\x13\
\xc8\x89q\x85\x92\xf0\x1a* \x0c\x0b\x18\x02V\xaez\
\x90\xeb\xaf\xbf\x89\xce==\x8c\x9f4\x99\xe6FI&\
hQ\xa2a\xa6T~\xe8\xa8\xd6\xf3\x06\x0e\x82c\x19\
\xca\x85\xb91\xc62c\xc64&\x1e7\x9e[o\xbd\
M\xec>A\x80\x0e%6\x17\x909yP\xad\x9d\xfa\
\xdd\xad4\x16\xbc;\xc0-\x13\xa4\xdb\x04\x0a\x02\x1a\x1a\
\x9b\xb9\xfb\x9e{(G\x09g\x9d\xb5@v\x90\xb3\xd1\
$Tu\xe3\xd7\x5cVAkw.\xcdZ\xa6L\x1c\
\xcb\x9f\xbc\xe9*\xa6N\x99@\xb9\xbf\x97\xa8\xd4\x8bM\
\xca\x04\x18\x9a\x1aBF\x8f\x1c\xc6\x19\xa7\xce\xe1\x13\x1f\
\xfd\x10\x9f\xfe\xc4\xdfq\xfc\x94q`\xc5k]d\xfd\
\xc8\xe3\xb0F\x9e\xdc\x1f\xac\xf3T\xf5\xa6<c\xe4\xcc\
\xeb\xb6\x1d]\x5c\xf1\xfa\xb7\xb2y\xeb\x0er\xf9Fb\
c\x01\xf1~v\xa1\x05\xc0\x09I\xe5\xff\x12\xb6\xc1\x7f\
\xee?S\xce\x0bUk\x0d&\xa1\xbf\xaf\x9bY3\xa6\
\xf1_?\xfe\x1e\x93'\x8fF[\x89\x02\xf9RP%\
l6!\xb1`U\xc0\xf6\x1d]|\xf23_\xe4\xba\
\xeb\x97\x12\xe4\x9b(\xe4\x1b\x11g}y\x90M\xb3\xaa\
\xa8\xaa\xf7\x11\xf8\xca\xc8\x8eZE\x03\xac8\x97\x02$\
\xb6\x12\x9f9\xd4\x9a$*\xd1\xdb\xd3\xc5\xb81#x\
\xcb\x9b\xdf\xc0\xbb\xdf\xf96&O\x1cE\x10\xe6P\x0a\
\xc24n\xd4\xa1-\xe1j\x85\xe3\xa5\x95\xf2\xeaBm\
{I?(\xac\x86\x9f\xff\xf2\x06>\xfe\x89\xcf\x93\x90\
'Wlrq\xc2\xb4s}\xc9\xf8\xad\xb9\xbe\xf2\xae\
\x02\xca\xedp\xd94\x92c\xa5\xafe\x99\xaf1q\x89\
=]\xdb\xf9\xdb\xbf\xfeK\xbe\xfc\x8f\x1f\xa1\x10\xe6S\
Y\xad\xc8\xc5\x81\xf7\x80\xdf\xa55F\x881J`w\
g\x0f\x9d\x9d]D\xa5\x88b\xb1@\xc7\xf06Z[\
\x8b\x15\x0b\x98qc\xc7!\xfb\xff#\x85#\xa2)y\
(U\xd9\x92\x94\x81*\xff65\x15\x993\xe7dn\
\xba\xe9F\xfa\xcb\x11AXHw\xecDs\xa8\xb7\xd4\
\x91\xcf*\x10[\x93\xc1`\xac\xc1$2\xa0\x1a\x8a\x8d\
<\xb7u++W\xad\xe2\xecE\x8b\xe8ho\x06\xa7\
\xad\x1d,\xb2u\x10MH\xb4\x99\xa6\x86\x22\x97_z\
1\x13'\x8dg\xd5\xaa\x95\xf4\xf4\xf6\x92\xcf\x15\xe5p\
\xae\x7f\x0f\xe4\xbcP\xed\xbb\xc8ncVwJ?\x91\
\x99TY\x12\x13\xa3\x9d\xcf\x12.W\x9dE\x891\xbc\
\x94p\xef}\x0fp\xdd\xf57\xb2i\xf3\x0b\x8c\x1e3\
\x96\xf6\xf6f\x89\xf6i\xe5<\x9d\x7f^\xd6\x95@\x96\
\x872#\xca\xb3\x06\xd6\x80\xcc\x8c\xec\xff^\x0b\xa8\x92\
5\xef\x04)\xfb\x1d\xcc\x99}\x22m\x1d\x1d\xdc\xb6\xfc\
v\x820'\x89,4(D\xe3\xad\x15S\x85D\x99\
\xb0\xca\x80\x9f\x90\xd32Uj\x9b2&\xc6\x02\x8d\x8d\
\xcd\xdcs\xef\xbd\xf4\xf5E\x9c}\xf6B\xb0\xa0\x03\x91\
\xb7\x81c`\xff\xf0u\xd7n\x92jn\xca3\xa2\xa3\
\x85Q\xa3\xda\xe8\xe8h\xa6\xa1(KE\x05(%\x81\
\xdc\xfcsje\xf5H\xe1\x88\x92\x12\xeeE\xb33\x91\
v\x1e\xaf\x13'\x8e\xa5\xb5\xad\x9d\xa5\xcbn!\x9f/\
b\xac%\x8e\x13\x99\xf5\xc3l\x0a\xe3jT\x98\xdc5\
dz\x00V\xd4e\x1d\x04\x84A\xc8\xa6\xcd\x9b\xb8\xf7\
\xde\xfbX|\xee\x22\xda\xdaZ\xb1F\x9e}0\xa8\x9d\
A\xc1\x99\x91\x8c!\x1f\x06\xcc\x9e=\x937\x5cu\x15\
\x9b6m\xe4\xd1u\xeb\x84@\x90\x1d\x91\xec\x8cS5\
\xeb\xb9\xe2|\xa9\x03\x9e\xe1\x05\x84\x8c\xaf\x8bH7J\
k\x82\xa0@\xbe\xd0@\x14[\x1eX\xfd K\x96\x5c\
\xcb\x13O>M\xc7\xf0\x91\x8c\x1e=\x1c\xab\x14\xd6x\
\x97\x8c\xcar8\xbb\xdc\xf0w\x86\xb0\x0fd<\xa8\xe7\
\xcd\x9d\xc5\xe8\xd1\xe3X\xb6t\xa9$\xb7(4\x90$\
^\xd3\xadh\xbc\xbe\xaf\xa4\x9f\xfd2/Sd\xba\xbc\
\x97n\x96\xef\xc9n\xd9\xfd+W\xb2}\xc7.\xce9\
\xf7,\x820$x\x09\xe4\x90%\x17A\xc5\xee5\xe0\
\xaf\xc6~$u;\xf8g\x1e\x0e\x1cqR\xf2\xf0\x1d\
g\x15\xce\x9b\xd60k\xe6\x0cv\xed\xeed\xf5C\x0f\
\x91\x0b\x8b.\x13\x8ah@\x95\xce\xf6\x1d-\xe5T6\
%\x5c\xe7\xca\xa7\xe0\xecV>+J>_\xe4\xf9\xad\
[\xb9\x7f\xe5\x03\xcc_\xb8\x90Q\xa3\xda1\xc9\xc1\x84\
<\xa9\x9c\x8c\xc6\xe9\x16\xfeJ\xc8Mv^\x86\xb56\
q\xe5\x15\x971}\xdaT\xfe\xb8~\x1d\xdd]\xbb\x09\
s\xa1\xec\xdc(\x85\xb1\xd5v&\xe5\xf3\xc3Y\xd9a\
LI\xc8\xfd\x9b\x1aP\xb5\x18SS\x17b\xf7\x9d\xc4\
\xc4b\x03\xd0\x12\xb3\xc9X\xcd\xdau\x7f\xe4\xea%\xd7\
q\xdf\xfdk\x88b\x183f\x1c\xb9\x9c\x9b\xb1mV\
3\xf2\xb6\xae\xcas\xfd;\xb9\x87g.j!\x9aV\
\xe5o\xd0/\xbe\xba\xe1\xe4\x0b+}\xe1}\xed\xe6\xcc\
>\x89\xf6\xf6\xe1\xdcy\xc7]\xe8\xc0\xd9B\x95\xf8\xdb\
\x19#\xd1!\x94\xf6\x91V\xc5oI\xe4R\xfaS\xb2\
\xd7\x92\xd9\x95\x16M+J\x22@\xd1\xdc\xdc\xca\xaa\x07\
\x1ed\xf3\xe6M\x5c|\xd1\x05\xb2\xb5\x7f\x00+\xa9\xac\
\x5cV\xa3Z~\x8ff\xbc\xb2\xa4\xe4\x96Q6\xe3\x9a\
\x7f\xce\xd9\xe7\xb0~\xfdc\xac\x7f\xfcI\x9a\x9b\x9a)\
G\x91\xf3Ju\x86B\xff[GR\xbe\x9d\xd3]:\
\xd7\xe6\xde\xb92e{\xa5\xc8\xe5\x8b<\xf7\xfc\xf3\xdc\
~\xfb\x0a\x16\xce[\xc0\xb8q\xa3$\xf6\xf0\x01\x11S\
\xfd\xee\x16\xc7Hq~\xd4\x00*Ai\xcb\xec\x19'\
\xf2\x96\xb7\xbc\x99b1\xcf\xfaG\xd7\xb2\xbb\xab\x93 \
\x90\x185\xde\x00\xae\xb5\x84\x8a\xf0\xa5\xaa\xaa\xe3\x0a\xa2\
5\x99LR\x85\xac\x16\x95\xfd\xd7\x22\xde\xe7\x16@\x05\
\xe4\x0b\x8d\xe4\xf2\x0d<\xb3\xe1Yn\xbci)Ko\
Z\xc6\x8b\xdbw1|\xe4h\xda\xda\x9b1\x89\x0c \
W@\xa5\x8d<\xfcs\xdc\xed\x01\xda\x9b\xdc\xad\xb9\xae\
\xfd\xfc\xd8\x83\x12A\x93%\xaf\x85\x05\xf3g\xd3\xd11\
\x92[o\xbe\x858\x910\x1f>\xe4\x07\xcam\xa5\xa7\
\xed\xe2\xc9\xbbR\x9a\xbf/\xf2,\xdf\xb7\xce\xc0\x1c\x86\
\x12\xc1\xf2\xde\xfb\xeec\xec\xd8\xb1,\x98?k\xbf\xd1\
+\xb3\x18\xf8\xb5\xfa\xf2{4\xe2e'\xa5zM\xe1\
\x07\x92\xef0il\xbf\xd4\x098\xfb\xecE\xdc\xf3\xfb\
\xfb\xd8\xf6\xe2\x0b\x84\xb9<J\xcb\xf2\xc7\xb8\x83\xbd\x0a\
\x93f\xf4\x14B\xc0\xb9\x1adH\xc9)\x15r[\x93\
\xd8D\x88),\xb0kW\x17+n\xbf\x83\xe9\xd3O\
b\xf2\xe4qX;\xf0\xac\xdc\xc01\xa7\xaa\xdeBN\
x\xdb\xd4& \x1e\xb7\xf2n\xda\xed\xbc5\x16B\xce\
:s\x01W\x5cq)\x9d\xbbw\xb2i\xd3\x06\xacI\
\x08\x82\xbc\xec\xc2\xe0\xe2\xfaXK\x12[\xac_\xffk\
\xed4@i\x17\xa5\x9c+\x81\xdb\x8d\xf35QR\x11\
\x81\xf3 6\xce\xc3\xdcZ\x08\xc2\x1c\xf9\x5c\x81\xce\xee\
>\xee\xbb\xff!\xae\xbe\xfa\x1aV\xad~\x94Rli\
o\x1bA\xb11$\x91\xed!iS\xaf\xda\xd7J~\
\xe6Z\xda\xda\xa6\xda^\xa6&\x83\x90\xd7\xab\x1dN#\
\xcc\x90\xb4\xf4\x09`\x15\x0b\xe6\xce\xa4\xa9\xa9\x89\xbb\xef\
\xbe\x07T(b\xa3\xa9\xd8\x00\xbdx\xd4\x94ZKR\
\xd2l\xa21I\xcc00\xb1\xc8\xec#\x0f?\xc2U\
\xaf\xbb\x9ca\xad\xcd\x07lr\xa8\xfd\x96\x94X\xa1\xc8\
AQo\xc0\x1ea\xbc\xec\xa4\xe4Q\xfb\x8e\xe9u\x86\
L\xe4<\x98\xa1\xb1\xb9\xc8Yg\x9c\xc9M7-\xa5\
\xab{/\x8d\x8d\xcdDQ\xec\xce\xe6x\xbb\x88_\xb7\
\xfb\xdfW\xd6\xe6\xf2\xaf\xc5\xb8\x0bI\xaf\xed\x96\x7f\x88\
\xc7tOO/\xd7\xdfp\x03\xe3\x8f\x9b\xc8I3\xa6\
:\x9bMm-3\x18\xf0Qm\xefU\x0b\x98\x0cN\
\x11\x85\xd6\xd6\x16\xae\xb8\xe2b\xce:\xfb,6o\xda\
\xc8\x86\xa7\x9f&1\x09A\x10\x10E\x91;v\x22\x06\
Fk\xc5\x09\xb4vJT\xd4!\x0b\xf7\x81RBU\
ZW\xde\xc1\x13D\x10\xe61\x16\xf2\xb9\x06\xe2\x04\x9e\
|\xfa\x19n\xbci)\xd7^w\x03k\x1ey\x8c\xc8\
X\xda\xdbGP\xc8\x07\x98$\xad|\x9d\xf7\x15\x0cZ\
\x8f}\xdc\x7fu\xa3\xb6\x9f\xdd\x95\x12\x1d\x1f\xab8\xed\
\xd4Shm\x1b\xc1\xf2[n\xc5\xba\xe0\x85\x15\x13\xa8\
\xd3\xd8\xc1\x95U)'\x9dp\xaa\xda\xcd\x9b\x1d,:\
\x0cQZ\xb3m\xeb\xf3\x8c\xec\x18\xc6\xe2sN\x1f\xac\
[\x06`\xb0\xef\x0dv\x7f\x00\x0e\xf8\x8b\x87\x1f/;\
)\xa9\xda\xf7\xcb\xf4\x8b\x08\xb8\xdcLUc\xe7k\xd4\
\xde>\x8cysOa\xd9\xb2[(G\x91\x90N\xba\
\x03Q\xe9L\xe9|\x89A\x94>,\xbd/\xe5Y\x17\
\x1bY\xb2\xa2H\x00\xae \x0cI\x8c\xe1\x96e\xcb\xd1\
a\x9e\x05\x0b\xe6\xc8\xc0\xf6\x84\x92\x96\xe5\xeb\xebfL\
q\x96r\x15\xcf\xbe\xd9\x80\x1fd\x84N>\x1f?f\
\x14oz\xc3U\xcc=e\x16[\xb6lb\xfb\xb6m\
\x00\xe8 \x87\xb5\x89\x90\xa7\xb3\x19i$\xee\xb7R\x81\
\xd8\x82|\xb9\xee\xf3\xf4\xc9\xbe:\x00\xe9\x11\x02\xd7\x8e\
\xc6y\xb9\x07n\x87Hk\xf2\x85\x22\xb9|\x03\xe5\xc8\
\xb0n\xfdS\xdcp\xd32~{\xcd\x0d<\xf8\xe0Z\
v\xed\xdeCCC+M\xcd\x05\xe2\xd8i\xa0\xfe\xb9\
\xd6\xb8gH\x9e>\xdf\xbe\xe2w\xc5\x809\xb8\x9e\xd6\
T\xef\xde\xd1\x8fJ\x7f\xd6\xc2\xf7m\x92X\xe6\xce\x9d\
Ekk++V\xdc\x81R\x12\x840\xc8\x85\xb2\x14\
\xae\xfc\xa2\xea\xf7u\x919\xdff\x9d+\x026\xa6\xd4\
\xbb\x97\xb7\xbd\xf5O\xe5\xc8G\xddb\xbc\x19\xa1\xb6'\
\x04\xb5oQ\x9fj\xa9{\xc6\xeeH\xe3\x88\xfa)A\
\xfd\xd6\xb0n\xb7\xcc\xdf7FB|X\x02n\xbfc\
\x15\xff\xe3\x83\x7fO\xe7\xde\x12\x85\x86&\xa2\xc8\x0d2\
?\xe0\xdd\xef\xc5J\x5c)/\xf5\x03q\xa1nq\xe1\
#4\xee\x98\x80RX\x13\x11(\xcb\xee]\xdbx\xdf\
{\xdf\xc1\x97\xbf\xf4YZ[\x0a\x04\x8e\x9c\xaa\xe1\xfc\
\x8b\xd2\xcc\xa1U\x1f\x0e@\x9d\xd7\x94\xfa(E\x92@\
l`\xc5\x9d\xf7\xf3\xfd\x1f\xfe\x88\xfb\x1eX\x8dI4\
A\xae@l\xc4(\xef\xfd\xb0\x924\xa7\x9co\x1fw\
\x9d!\x85\xec\xb5\x87\xefV\xbf\xeb\xe7g_\xebI\xd7\
(G\x84\x1aLD\xb9\xd4G\xb9\xbf\x87\xc6\xc6\x22\xd3\
\x8f\x9f\xca\xa9\x0b\xe7q\xfa\x19\xa72\xeb\xa4\x93\x187\
~\x14\xc5\xbcl8\x04Z\x5c!\xfc\x80\xf4D#.\
\x0fR\x99,\xf1dI\xf2X\x851F60\xb4\xe2\
\xff\xfc\xe0\x17|\xe9+\xdf@\x85\x0d\xe8\xb0\x88\x0e|\
\x1b\x1d\xd80\xf3\xfd)\x89'\x02\x0c\x09I\xb9\x87\xa6\
\xbc\xe1\xee\x15\xcb8n\xdcp\xe4\xc0\x7fm{z\xff\
\xb7\x03\xb0\x86\x0f\x22\x9f\x82\x83+\xe7\xe5\xc0\x91'\xa5\
\xfd\xc2\xa7\x8b\x09\x88\x13!\x95\xebn\xbc\x9d\x0f\xfd\xfd\
\xa7\x89\x09\xc1\x86\x12a/\xfd\xb6do\xa8\xe4\x01\xaf\
\x19\xc4\x99\x81!\x9fZ\x09;\xab\x94\xb8\xdck\x85\xb2\
\x09{\xbbws\xce\xd9\xa7\xf1\xado~\x8d\xe3'\x8f\
#T\x8a0\x9bC\xe6\x10\x91\x15\x02_\x9d8\x81\xc4\
\xc2\xfd+W\xf3\x93\xff\xfc\x19\xbf\xbfg%=\xbde\
\x82|3J\x05D\xc6\xa4y\xef=|\xc4\x81\x0aD\
x*Z\x88|\x9e\x92\xc5\x00\xe1\xad\xc0:\xe7Lk\
\x0d\x1a0\xceq\xae\x5c.c\x13C9*\xd1\xda\xd4\
\xc0\xa8Q#9y\xce,N\x9a1\x9d\xd93gp\
\xfc\x94\x09\xb4\xb7\xb7\xd3\xdeV\x04\x14A(\xe9\xb3r\
a \xf6s\xa5P\x99\x8a{{`\xad[\xc4\xbe\xea\
v\xd4@\xd2\xd1TFo\xcdh\xb66\x91IP\x87\
\xf4\xf4\x96\x09\x0b!_\xfd\xfa\x0f\xf9\xdf\xdf\xfd\x11\xc5\
\xc6\x96t2\xa8\xbcku\xff\x0d\xde\x0eB\xfcq\x92\
`\xa2~\x0a\xba\xcc\xf5\xd7\xfc\x82\xf9\xa7\x9c\x84V\x89\
\xf8G\xd5%\x95C\xc4\xe0lu\xc4pT\x92\x92@\
\x0481r\xe7\x9a\xdf\xdd\xc6\x87?\xfa)\xa2X\x93\
+4\x11E2\xcb[\x90\xb4F\x8e\x94\xea\xcdH\xd9\
\x8eO\xcf\xf2\x1bY\xbb{\xaf\xf0@A\xf7\x9e]\x1c\
7n\x04\xdf\xfe\x97\xafs\xde\xa2\x05\xe4\x82\xf0\x80\xb6\
a\x0f\x04\x03\xfa\xda\x05x\x13\xc1\x13#\xf7SOo\
\xe1\xbf~\xf6Kn\xbee\x05\xcfn\xd9\x8aR!a\
\x98\x87@\xbc\xbbq\xcbV\xaa\x88\xb6v\xa0\x0f|\x7f\
j\xda\xc0\x93\x91G\x92$b\xaf\xf3md\x0cA\x90\
\xc3\x98\x18\xa5\x146\x891&\xa6\x5c\xea!TPl\
(0\xa2\xa3\x83\xa9S&1i\xd2\x04N8q:\
S&\x1e\xc7\xf8\xe3\xc6\xd1\xde\xd1N\xdb\xb0a\x14r\
\x01a(\xf5\x0d\xb5\xc2\xa2\xc9\x87\x12\x88\xffU\x85\xda\
\x8e\xab\xbd\xc6`\xd1\x18\x03Q\x92\xb0j\xf5\xe3|\xfe\
\x8b\xff\xc4#\xeb\x9e\x22_lJ\xdb\xb9\x1e))\xe7\
\x16S\x1f\xd2\xaf\xc6Z\x94\x89\x88\xfbv\xb3\xe47?\
c\xf1\xa2y\x88\x9f\xb8\xb3\xa1\xd6\xfc\xea\x901\xe0\xfd\
\x8e<\x8eBR\x1a8{D\xb1A\x05\x9a\x9f\xfd|\
\x09\x9f\xfc\xecW\xb1\xba\x00A\x11\x8bl\x85{r\x02\
\xd1$\xea\xcf<\x03\x97\x12\xd6\xba]@\xa5\xc0&`\
\x12L\x1cQ\xc8Y>\xf5\xa9\x8f\xf0\xe7\xefy3y\
\x9d#\xcc\x89_\xee\xcb\x01k\x13@\x0e\xd5Zdu\
\xb8cg7\xcb\x96\xde\xca\x92ko\xe0\x81\x87\x1e\xa1\
\xa7\xafL.l@i\x09Sj\x9dk\x84\x05P\xce\
5\x22\xf3g\xadEY\xe7r\x80\x0fY\xe1\x9fW3\
3\xbb\xe5\xa8u\xdfS\xce\xdb\xd8Z\xd9\xdaVJ\xb9\
\xd4\xd4`\x93\x04k\x13\xca\xe5\x08\x14$\xe5(\xfd]\
.\xd04\x14\x8b466\xd1\xd1\xd1Fkk+\xc3\
G\xb43\xac\xa5\x85\xe9\xd3&q\xd9\xc5\xe71\xe3\xc4\
\xc9.?Y}\xbb\x87\xe0\xe5Z>\x1c\xeerE\xa3\
G\x05\x94\xe2\x84$\x89Yr\xfd\x1d|\xe2\xd3_\xa0\
\xb7\x9c\x90\xcf5\xa0t\x98~{0\x0dW\xfb\xb4\xd8\
5\x0dRE:\xa6\x8c)\xed\xe1\x86k~\xc1i\x0b\
g\xd71-\x1c[xU\x90\x92h3\x1a\x14\xfc\xe0\
\xc7\xbf\xe4\x8b_\xfe:\x89*\xa0\xc3\xa2\x84e\x08\x5c\
\xc0tO.\x0e\xf5\xc8\xa9\x9a\x98\xb4K\xa7#\x11\x04\
d9\xa7Q6f\xef\xde\x1d\xbc\xe5MW\xf2\x95/\
|\x96\xd1#[\x09Tp\xd8\xb4\xa6j8a52\
\xff\x81\xc1\xa0\xd0* \xb1\xb0v\xedS,\xb9\xee\x06\
n\xbe\xe5v\x9e\xd9\xb0\x89\xa8\x9c\x90+6\xb8H\x82\
\xa18T\xa2\xdc\x11\x9b\xca\xbb)G6\xca\xd94|\
\x9b\xfa6I\xdb&\xb5\x91\xc9 \x1b@\xbe\xda\x91]\
FJ\xac[\xaeH[\x8a1=t\x89\x1c\x01\xcaQ\
\x898NH\x92HN\xd3\xdb2\x93\xc6\x0d\xe7\x97?\
\xff\x0ff\xcf\x9c~\x8c\x90\x92\xe8HQ\x02\xfd\xfd%\
>\xf6\xc9/\xf3\xdbk\x97Rh\x1cFl$\x89i\
v\xb9:\x18)\xd5.\xe7<\xac[\xbe\x99$!\xea\
\xeb\xa6\xb5Q\xb1\xfc\xe6\xeb\x996u\xdc1OJ/\
\xfb\xee\xdbKE\x85P*g\xc6\x12c\x997o\x0e\
\xf9b\x9e{\xee\xbeO\x0e\x9fj%\xc9\x1e\xbd\x98\xbb\
t\xec>4D\xc5\x9f&3`\x95x\x86\xa7\x834\
]\xce\xc8\x96<J\xd1Pl\xe2\x0fk\x1e\xe1\xc6\xa5\
\xcb\x988\xe5x&O\x94\x80q\xe9\xee\xdcA\xa2\xa2\
\xc9\xd5B\xc9\x9f+Sky\x13\xaf\x9b\x8d\x1e\xdd\xc1\
y\xe7\x9d\xc9\xbb\xde\xfeV\x16\x9f{\x16#G4\x13\
\xf5w\xd3\xbd\xa7\x93R_/\xd6Z\x0a\x85\x02\xf9\x5c\
\xce\x91\x93\xec\xb2i-D\x8d\xf7\x08\xcf\xfc\xe1\xdaA\
\xc8\xa5\xbam\xac\xa39oG\xf1\xdf\xb3\x06\xac%\xe3\
Y\xef\x0c\xbc&\x91?k%\xaab\x92\x80\x0a\xc9\xe5\
\x0b\xa0\x02\x1a\x9aZhn\x19\xc6\xf6\x17^`\xc4\xf0\
v\xce[|\x86\x1b\xa05-\x916\x90k\x8f\xc3\x8c\
\x03\xf6\xd3\xd9\x1fDLH\x12K)\x8aY\xb3\xf6i\
\xfe\xea\x83\x1f\xe7\xd6\xdb\x7fO\xb1\xa1\xc5\xf9|Id\
\x01q\x92\xb5\xce\x9f\xad\x166\xf3\xd2\xb5\xf7\xdd\x96\xa6\
[\x8e\x9b\xa4\xc4\x94\x89c\xf9\xeb\x0f\xfc\x05\x85|\xc5\
\x9ez\xac\xe2U@J\x95\xe1,\xe3Dq\xea\xc2y\
456\xb3|\xf9-h-\x03\xc0\x18\xa7Qe<\
i\xab\xc9\xa3Z\x00\xbc_\x93\xb5r\xbeN\xca\x17\xc3\
\xbar\x81\xe2\xc3\x5c\x91]\xbb:\xb9z\xc9\x12\xb4\xce\
\xb1`\xe1\xc9.\xb4h\xfdss\xb5\x1a^=\xec\xeb\
S?\xd8Ue\xe7\x1f\xa5\x0c\x1aE>\x1f0a\xfc\
X.8\x7f\x11\xef|\xc7\xdb\xb8\xe2\x8a\xcb9\xe1\x84\
i\x04\xca\xb2\xb7\xbb\x93\x9e\xee=\x94J}\x98$\x22\
\x1f\x84\xb2\x85\xafD\xb0\xb5+;\xa5\xee}\x18\xc0k\
\x09\xccZ\x8b\x22HS>i\x1d8_*iO\xf1\
\x9c\xf7>c\x12\xbf\x1c IbB\x9d\xc3\x1a\x08\xb4\
\xa5oo\x17\x97]z!g\x9c6\xbf~\xacg\x8f\
An\x1f.\x1cj\xf1\x16\xc9\xad\xd6\xdb_\xe2{?\
\xfc)\x7f\xf3\xe1\x7f`\xcb\xf3;hhn\x13\xcd\xd5\
-\xc7\xbc\xdfY\xad\xdc\xd5B\x5c*2\xbb\xcf\x99\x7f\
\x95R$IL_O'o\xfd\x93+y\xdd\xe5\xe7\
\x1dr\xfd_\x0d8*\x97o\xf5P\xa1&\x88\x13K\
b\x15?\xfc\xd1\x7f\xf1\xa5\xaf|\x93bs;\x89\x91\
se8r@;\x0d\xa1\xe6\xed\xeam\xa1\xfb\x01\x95\
%\x15\x9b\xdaT\xc0\x92\xd0\xbf\xb7\x8bs\x17\x9d\xce\xd7\
\xbe\xf29fL\x9fH\xa04\xb9\xf0\xf0-\x05\x0e\x04\
iWyM\xc5\xc9|\xe7\x9e^\x9e|\xe2i\xee\xb9\
\xe7>\xee\xbd\x7f%O?\xb3\x89\xe7\x9f\xdfF9J\
Pa\x9e \x08\xc5\xefI\x052\x09k\xd1\x22\x83 \
H\x97|&\xf1d\xeeQ\xb3\xdcq\xcf\xb6V\xce\xd9\
y\xd8\x8c\xd1\xdcZ\x0bI\x84R\x8ar\xb9\x8c\xb2\xce\
\x0dCE\x9c\xba`\x06\xff\xf9\xef\xdfg\xec\x98\x0e\x89\
fH&\xdes\x1dd\xfb\xfbHb_\x13K\x9cX\
\xcaq\xcc\xfa'\xb7\xf0\xd9\xcf}\x8d\xfb\x1eX\x8d\x0e\
\x1b\x00\xd0\xee\xd4\x81h\xf6\xf2{\xa5*\xc9Uk\xe5\
\xd0\xc3\xcb\x9dE\x8b}\xd0\x87\x856\x8a\x5c.\xa0\x1c\
\x95 \xde\xcb\x92_\xfd\x84Eg\xce\xab\xfd\xf91\x89\
W\x05)\xa5\xa4\xe1\x84\xd4\x18\xb7\xe3\x01\xfc\xc7O\xaf\
\xe63\x9f\xfb*\x91\x0dihj\xa5\x5c\x96\xb8Ch\
\x97E\xa2F\xac+~ \xd5\x044\x10n\xe0i\xeb\
\xbe\x0b\xdd]\xbb\x18\xde\xde\xc0g>\xfd1\xde\xfd\xf6\
7\x92\x0f\xf2\x84a=\x9f\xa6C\xc3\xbe\x06\x86'\x0b\
+\xf1\x03Q(\x8c5\x92T\xd1\xed\x14\xef\xde\xdd\xcb\
\xdaG\x1f\xe7\xe9\xa7\x9f\xe1\x8fO>\xc5s\xcfoc\
\xf3\xc6-\xbc\xb0};\xbb;\xbb\x88\xe3\x84r\x12K\
\xe8\xdd4\x9c\x89r\xda\xa3\x15?$\x0bV+\xb4\x95\
\x88\x9a\x1a+\xe6'\xe3\x8e\xc38\x95\xce\xb8\xd3\xf1J\
Ij\xaab.G[[+\x1dm\xed\xb4w\x0c\xa3\
\xbd\xbd\x9d\x85\xf3O\xe6\x1do{##\x877\x93\x98\
\xe4\xa8&\xa5z0\x16\xe2\xd8\xd0\x17\x95\xf9\xf6w~\
\xc4\xf7\xff\xefO\xe8\x8d5M\xcd\xc3HbK\xb9\x5c\
F\xbb\x10\xba\x03v\xd7\xf6CJ\x1e\xde\xb0m\x92H\
l\xa4\xc6b1\xf4\xec\xdd\xcd\x9b_\x7f9\xff\xfa\xdd\
\xffISq\xdfmv\xac\xe0\xe8'%w:\xbb2\
H+3\xb8\xdfJ\xff\xd5\xd5\xbf\xe3\x13\x9f\xfa\x121\
9P!\x09\xa2FH\xfe*7\x88\x9d\x0d)\xbd\xce\
8\xfe\x01.\x08W\xe2\xe2S\x90q1\x10\x038n\
I\x822\x94K=\x5cv\xe1y|\xf2\x13\x1fa\xce\
\x8cI\x84* Lsw\xd5\x1a.\xdd2\xd1]\x1d\
\xea \x93\xe5\xa6\xaa2\xd8z\x1f \x9b\x9e\xf5\x93j\
8W\x16\x0cP\xee\x8b\xd9\xbes7[\xb7m\xe5\xf9\
\xad/\xb2m\xeb\x0b<\xbf\xf5y\x9e\xdb\xfa\x02\x9d\x9d\
\xbb\xe9\xeb-Q*\x97(\x97c9\x04\x1d'$\xc6\
\x10\xea\x10\x15\xc8\x09\xf5 \x0c\xc9\x05!a.GS\
S\x91\x96\xd6VZ\x9a\x1bioog\xfc\xb8\xf1\x1c\
7q<\xe3\xc7\x8cf\xe4\xa8\x11\x8ch\xef \x08%\
\xd9\xa2,\x1fIwF\x07'\xdc#\x87\xc1\xfa#m\
?'\x1bQl)\xc7\x11k\xd6=\xcd\x17\xbe\xf8O\
\xdc\xbbr5\xcd\xcdm\xa0C\xb4\x0eH\x12\x99\xfc\xbc\
\xfbD\x05b\xa8\x1e\xf8\x9cZ\xf9\x10H\xf4\x0b\x09\xe6\
\x17\x04\x01\x81\xd2$\xe5\x1e\xa6O\x1d\xcb\x7f\xfc\xf8{\
L\x9d8\xfee\xdah9\xfa\xf0\xaa %\x90^\x15\
\x12\xf17\x9c\x87\xb2U$\xc0\x1dw\xac\xe2\x03\x7f\xfb\
Qvt\xed\xa5\xd0\xd0*\xc7$\x5c\xf0~Ymx\
'\xb6\xca\xeb\xa6ZSJJ\x95\xc8\x80\xde\x8f\xc97\
Ob\xe5\xec]\x18\x86`\x0c\xa5\xben\x1a\x1bC\xfe\
\xeeo\xde\xcf\x07\xde\xff^\x9a\x1b\xf3\x84\xe9\x0e]V\
\xf0\x0e/)\x0dXV\xd5\x81\xb5\xceFam\xba<\
\xf3>Y\xd5K/!\x8b\xc49\xc4\x97\x130\x89%\
q'\xdd\x8d\xdbERJ\xa1\xb4\x04\x8c\xd3ZW\xc8\
\xc6\xa7\x12\xcb\xd8\xc1\x00,b\x073F\xa22z\xf2\
\xf7\xbbQG+)Y\xff\x22@\x92@9\x8e\xd9\xb5\
\xbb\x97\xff\xf5\xed\xef\xf0\x9f?\xff\x0dq\xac\xc9\x15*\
)\xdc\xc3P\xfc\xc8DFj\xc9\xe6\xe0HIB\x97\
\x88\x03k\x14\x95\xb0I\x99\xcb/9\x97\xaf|\xe1\x13\
L\x990\xce\xe5]{\xe5\xdb\xedH\xe0UEJ\xe9\
-\xeb\xb2F8\xad&\x8ee\xb0\xdd\xb7r\x0d\xef\xff\
\xeb\xbfg{g\x1fA\xae(\x9a\x94\x95hz\xd6\x07\
9\xcb\x08\x85\xb5.M8T\xb6\xc6\xfd}\xa7\x91x\
\xe22\x89\xdc7V\xbc\x9eC\xadILD\xff\xde.\
N\x9e=\x83\x7f\xf8\xd8\xdfq\xc9\x85gP\x08\xf3\xe8\
\xc0\x12\xf8\xd0 \x07\x00?h\xf7w\xef\xe5\x82u\xcd\
\xbb?A\xf0\xe7\x84=\x11\xf91lq\xe4\x05)\xe9\
{\xb1\xcan\x8b\xbbR\xdc\xbf\xb5\xf7kP\xa7\xdf\x0f\
7\xea\x89~b\xa0\x14\x1b\xfa\xa32?\xff\xef\xeb\xf8\
\xde\xf7\x7f\xc4\xd6m;\xd0a\x910\x0c\x89\x22\xd1\x88\
\x82 '\xef\xa6]\xcc\xed\xda\x8az\x8f\xebt\xb3\xc0\
\xa3\xfa\xfd\xb35\xd0\xce-#.u\xf3\xd67\xbd\x8e\
\xff\xff\x9f>OKS\x1eE\x82r\x93\xc3\xa08\x02\
\xedu\xa4\xf0\xea&%Y\x13`\xad\xc5&\x06\xa3\x02\
\x1e\xfb\xe3F\xde\xff\xc1\x0f\xb3\xfe\xf1g)6\xb5\x12\
E\xb2]\xad\xb4&\x97\xcbU\x96\x10\xc6bu\x85t\
jI\xc9\x93W\xf6sk-\x16w^\x0c\x5cN,\
M\xa9o/q\xd4\xc3UW\x5c\xccG\xff\xfeC\xcc\
:i\x12\xf9 \x07\xf8\x90(\xf2\x12\xa9\x80\xeeC\xb8\
\xf6\xf7\xf9+\x09\xa9\x9b\xef\x10\x7ft\xc4\x7fV\xa9\xf3\
\xbe\xeb\x7f\xf4\x90\x92\x87\xb5\x96\xc4@l!\x8e\xca\xdc\
}\xdf\x1a\xbe\xf2O\xff\xcc\x83\xab\x1f\xa1\xb1e8\x0d\
\x0d\x8db\xe4.\x97\xc9\x85\xf2\xde~\x97\xd1k\xd6\x03\
lF~\xed\xec/\xdds\xb4\x8b\x8c\xea\xdf?N\x12\
t\x00I\x14c\x932\x8a\x88\x0f\xfe\xd5_\xf0\xe9\x7f\
\xf8\x10\x8dEyy;DJG?|\x95\xa5\x93*\
g\xe5\x92D\x02dm\xda\xb2\x83\x0f~\xe8c\xacz\
\xf0\x11r\x0d\xad\xa05q\x9a\x8bO\x88$\xb5-9\
\xe1\xf0}\x998\xc3\xafv\x04\x92\x1dD\xd6\xca:\xc7\
Z\xb1Y\xf9\xb3b^V\xfaz\xbahl\xc8\xf3\xee\
w\xfe)\xef\x7f\xdf{\x994~8\xa1\x0eP\xb8C\
\xc4\x98TM\xdf\x1f\x0eY\xc6\x0e\xb9\x80#\x83#]\
M/;\x9e\xfc\x0d\x9682D\x89\xe1\xc9g\xb6\xf1\
\x8do}\x87\x1b\x97\xdeJb\x14\x0dM-\xb2\xcb\xe9\
\xd2s)\xa5\x08\xfd$\xa8\xfd\xd1\x9f\xda\xe5X\xf5\x12\
\xd5;\xe7*\xef\x01\xee>\x8b\x22\xd9\xa5\x04\xc9Z\x92\
D}\xb44\xe6\xf8\xdcg>\xca{\xdf\xf5\x964\xc5\
\xd1k\x11\xafZR\xf2\x1d\x9a5\xfcZ\x7f\xc0\x14\xcd\
\xde\xde\x98\xcf|\xfe+\xfc\xf2\xd7Kh\x1f9\x0eC\
@gg7I\x92\x90\xcb\xe5\x9c\x11\x5c\x84\xc6:\xf5\
Zk\xf1\xf0v\x05\xbb\xa7\xb9\x99\xd0g\x17q*\xb6\
\xf7\x98\xf6$\xa5\x10{R\x92\xc4t\xef\xd9\xce\xd8\x91\
\x1d\xfc\x7f\xef\xf8S\xfe\xfc\xcf\xde\xc5\xd8\xd1\xed\xe4\xc3\
\x10c\x13\xc2L\xf4\xcc}\xc1\xec#\x0c\xc5\x01\xc1\x1e\
\xc1\x91~\x088\x92\xa4\x94\x95\x9b\xc4\x88\x83c9\x89\
\xd8\xb2e'\xdf\xfd\xfe\xff\xe5\xd7\xbf\xbe\x96\xbd\xfd\x09\
M-m.\x88\xa0\xd4\xcf\x18\x17\x00O)\x94\x0b\xa2\
g\xd2\xe5\xf9@RR\x19\x8d8\x1d\x5c>\x22\x83\xab\
\x87\xd8\xf8\x12\xe2r\x1f\xfd}\xbd\xcc\x98>\x85o\xfc\
\xf3W9\xf7\xecSdc [\xe4k\x0c\xaf2R\
2u\xd5\xfe\xac\xb0\x81\xd8>,P\x8e-\xff\xf9\xf3\
_\xf3\xed\xef|\x9f\x9e~C_I\xb2\x98\x86\xb9\x02\
~w\xc5kF\xb5ed\xe1I\x8b:\x83\xc8\x9f-\
K\x0d\xe56\x01,\xca&\xf4\xec\xedd\xf4\xc8\xe1\xbc\
\xf3\x1do\xe1=\xef~\x07\x13\xc7w8c\xb83\xbe\
\x1b[\xab\xe5\xd7}\xbfCE\xb6\x83\xeb\xbf\xe1\x11D\
m\x03\xbe\x8cH\x89!]vj\x12k\x88#\xd9\xb8\
\xd8\xbam\x0f\xdf\xff\xb7\x7f\xe7W\xbf\xba\x86\x1d\xbb\xbb\
hhlE\x05\x12+[\xa9\xa0Z\xa3v\xf5\xf5\xcb\
\xb4T\x13\xcad\x88\xf1\xcf\x12\xb8\xe5\x96\x9f\xb4\xac,\
\xfb\xa2\xa4LCC\x03\xa1\xd6(\x9b\xb0\xa7k;\x17\
\x9d\xbf\x88o}\xfdkL\x18\xdf!\xe5\xb8\x12\xd8g\
s\xd5\x1f\x0b\xc7\x02\x8eIR\xf2\xaf\x14'\x16\x02\xcd\
\xc3k\x1e\xe7\x03\x7f\xfbq\x9ezv\x0bA\xbeH\x10\
\x14\x88\xa2\x84@\xe7R\x7f\xa6\xac\x00\x93\x11:\xab\x1c\
yx\xa1\xf33\x9dwzKm\x0a\x22t\xb1\x91\xf3\
s\x81K\xa4i\xe22={w1jD;o{\
\xeb\x9b\xf9\xcb\xf7\xbe\x9b\x09\xc7\x0d'\x1f\xe6\xc0Z9\
\x07\xe6\x96\xa1\x82\x81\xefw(\xa8\xed\xdc\x81\xc2}\x84\
1\xf8(;\xac\xc8\xca\x84\xb5\x16\xe3RS\x95\xe2\x88\
m\xdb\xba\xf8\xf1O\xfe\x8b\x9f\xff\xe2j\xb6n\xdfA\
Cc\x1b\xb9\x82\x8fa%~n\xc6\x88sij3\
\xabCJ\xb5\xcf\xa8\x86\xd3\x98\x9c|\xd8\x04\xe2\xb8\x8c\
\xb5\x92\xc84\x89z)\xe6\x03\xde\xf7\x17\xef\xe4\x1f>\
\xf6\x11\x9a\x0b\x07\xdb$\xf5\xc7\xc2\xb1\x80W\x19)\xed\
\x1b\xf5\xc8)1`\xad\xe2\xb9m;\xf8\xc8\xc7?\xc5\
\x1dw\xaf\xa4\xb9e8\xe5\xd8\x10;/\xe6 \x90\xf3\
D\xd6\xca\xb9\xafz\xe5xMHe\x82\xc9\x09\x0c`\
I\xfc\xd2\xd17\xa7\x91\xff\xe7r\xa1\xe4\xed2\x96\x9e\
\xbd\x9d\xb4\xb5\xb5\xf2\xa6\xab^\xc7{\xde\xf3\x0efL\
\x1fO\x18\xe4d\xab\xddm\xf9\x0e\xdc\xad:6\xb0_\
.\xda\xef\x17\x06G\xbd\xfe\xf2\x1aL\x9cX\x8c\x81\x84\
\x98M\xcf\xed\xe6G?\xfa)\xbf\xb9\xfa\x1a\xb6m\xdf\
ISsk\xeaodLe\xa7P~+\xbb\xb6A\
\xe0\x93\x9eV\x96\xeb\x00\x0a\xb7\x9c\xaf\xf5Or\x86 \
_'Obb\x1c\x0f%y\xa5)1bX\x03_\
\xfe\xf2\xe7x\xe3\xeb/B\x81\xcb\x1a7\xf0]\x06\xc5\
!\xb4\xd7\xd1\x8ec\x8a\x94\xc8\xccX\xd9\x19,\x8a\x0d\
\xb9\x5c@_\x09\xbe\xf8\x95\xaf\xf3\xa3\x7f\xff)\x04\x0d\
\x14\x1b[\x88\xbd\x82\xe2\x9b\xa1\x96\x8c\x94\xec\x7f{!\
T\xde\xd0\x9d\xa2F\xbdwah\x95;b\x11\xe4B\
\x94RNsR`\x22\xba\xf7\xee\xa6\x18\x06\x5cz\xc9\
\xf9\xfc\xe5{\xdf\xc3\xa9\x0bg\x10\x86!Z\x85.\x80\
\xff\xb1GP\xfb\x1dC\xfb\xfd\xc2\xfe!\xbeUb'\
4FA`(G1k\xd6>\xc1\xbf\xff\xe4g,\
]\xba\x9c\xae\xee>\x1a\x1a[\x09ry\xe9+\x84\xc0\
\x02%Q\x0f$#\x89A6%\xb2\x04\xe3\xd6\xd9~\
R\xf2Q\x18\xd2\x8d\x16\xf7]g\x08\xc7\xc5\xa9RJ\
\x91\x0bB\x91\x05e\xe8\xef\xdd\xcb\xe9\x0bO\xe1[\xdf\
\xf8\x1a'\x9ex\x9c\x0bt\xbc\x0f\xdb\xe1`\xed2\xd8\
\xfdc\x00\xc7\x1c)\x91!&\x10\x92\xb1X\x94\x95|\
\x5c\x91Q\x5cs\xedM\xfc\xe3\x17\xbf\xc6\xae\xee\x12A\
\xbe\x09c\x03\x94K\xbblb\xb7\x9c\xf3\x06\xedl\xc1\
\x8et\xb2\xe5\xfb\xf8r\xd6=\xd7\x13\x8a\xff\x9e\xb56\
\x0dH\x97\xcf\x0bA\x19\x93\xa01\xf4\xec\xed&\xd4\xb0\
p\xfe\x5c\xde\xfe\xb67q\xc9E\xe7\xd16\xacH\x18\
\x04\x045\xc4t@\xb3\xe7aBv\x90\x1d\x09\xec\xeb\
y\x83\x8f=7\x19\xb8\xdf\x1a\xa7\x11G\x89d\x14~\
qW/Ko\xbd\x8d_\xfc\xe2j\x1eyd\x1d\xc6\
*Z[\x87\x11\x86yJQ<\xc0\xc3\xdf\xc3\x97W\
;,\xfc\xbdA\xebY3\x19&I\x82\x0a4a \
\xe4\x97\x94\xfb0\xe5\x1e\xde\xfe\xa7\xaf\xe7K_\xf84\
\xc3Z\x0a.8a\xe5w\x83\x95\xfdZ\xc31IJ\
d\x89\xc9\x91\x92F\x12\x07(\x15\x10\x03\x1b7n\xe5\
C\x1f\xf9$w\xde\xf3\x00\x8d-\xed\x18\x03a\xae\x80\
I\x12\xd9\x02\xd6\xb5\x07T\xeb#\x13\xf4\x12\xebfN\
/\x5cR\x87l(XC\x14EX\xe7\xd0\x09\x90\x0f\
\x03J\xfd{\xe9\xef\xdf\xcb\x84\xf1c\xb8\xf4\xa2\x0bx\
\xd3\x1b\xaed\xc1\x82Y\xe4\x83 \xdd%\xf4\xfeN\xaf\
5\xc1\x1d\x9c\x94d\x87\xd2\x1a\x09i\x13%1q\x94\
\xf0\x875\x8f\xf3\xcb\xab\x97\xb0l\xf9\x0a\xb6o\xef$\
Wh\x02\x17\xaf=\x9f\xcf\x13\x04\xb94\xd2\xa6\xef\x13\
\xef\x5c\xbb/\xec\xab\xdd\x85\x14\xc5\x03\xde\xba\x9d5\xeb\
\xb4.k\x0dI\xd4\xcf\x88aM|\xfe\xb3\x9f\xe0\xad\
o\xb9,\xb3\xddoR\xff\xae}\x95\xffZ\xc31K\
J\x1e\xb5BmS\xa3'\xf4\x95\x12\xbe\xf9\xad\xef\xf2\
o?\xf9)\xa5(@\x85\x05,\x8a$\x11\x01\xcb\xe5\
r)y\xf8\xdffEGfO\xef\x00\xe5\x97Z\xd5\
\x06k\xefl\x98\xb8\xd4I\xcaJ\x1arc\x8c\xa8\xf4\
A@\x1cGbo(\x97H\x922ZYN\x995\
\x83\x8b/:\x9f+_w)\xd3\xa6\x8eA\xd9\x80|\
^\xdc\x0e\xb2\x02\x9cuf|ixy\x0c\xec/\x1d\
^\x03\xaa\x10\xbbl\x9f\x0b\xd9g\xa3\x1a\x94MB\x14\
%l\xd8\xf8\x027\xddt+\xb7\xdcz;\x0f\xaf{\
\x1ck5\xf9|\x810_ \x08\x02J%\x99\x08\x94\
Rhk\xb0Z\xc9d\xe1\x96\xe3 \x1b\x15\xfey\xa2\
\xb5T\x96\xe9\xfb\x22\x0c\xebbN\x998!\x8a\x22\x12\
k\x08\xb5\xdbaU\x09q\xff^.\xbex1_\xfb\
\xd2\xe7\x984qLJH\xfe9\x03q\xb4\xf5\xc7\x91\
\xc7k\x82\x94\xbc\xa6Tu\xdfZbw\x98r\xe5\x83\
\x8f\xf2\xf1O\xfc#k\xd7?\x89.\x14\x08sE0\
r\xb0+\xbb3\xa7\x94;_Q\x85\x8a\xf3\xa6\xbf\x16\
T\x93\x94\x17^\xcf!Z\x0b1\xa9\xc0\xa9\xfaH\xfc\
\x9d0P(k\xe8\xe9\xee\xa6\xd4\xb7\x87\xe1#\xda9\
\xe9\xa4\xe39\xfb\xb4S9\xef\xbc\xb39y\xcel\x8a\
\xc5\x80P\xcb\x96\xb5R\xaa\x12\x12\xd7\x85\xb2\xad\x87W\
\xcb \x10\xbf31.+\xad\xdd\x81W\xd1\x86\x8c5\
DqL92<\xf1\xc4\x06V\xdcy\x17\xb7\xdcz\
'\x8f?\xfe\x14}\xe5\x18\xa5\x0b\xe4\x8bE\xb7\x94\xf3\
N\xb2\x95\xa5\x911f\x00)U\xb2\xc3\xd4\xbe\xbf#\
\xc1\x9a\x84\x07\xb5\xf0\xb6D9\xeb'\xe9\xa7\x94M(\
\xf7\xf72i\xfc\x18>\xf4\xa1\xf7\xf3\xce\xb7\xbd\x99\x06\
\xf1B9\x00\x87\xc8\xa3\xab?^\x09\x1c\xfb\xa4T3\
\x18\xb3$e\xdd\x81^c\xa1\xab\xbb\x8f\x7f\xf9\xce\xbf\
\xf2\xa3\x9f\xfc\x9c(Q\x04A#V\x85(\x9f\xd1$\
\xb3\x1c\xac\xba\x1e\x80j\x1b\x85\x17\xaez\xb3\xae\xcah\
ZZ\x8b1\xd4_\x87Z\x081\xcc\x05\xf4\xee\xddC\
\x7fo\x1f\xdaZ\x8e\x9f>\x993N?\x95\xb3\xcf:\
\x83S\x17\xcce\xe4h\x09\xd2\xafT@>\xd0.\x1c\
\xb08\xfbi\xad\x07\x1cw8\xd2\xa8m\xff\xc1\x06\x9d\
\xf4\x85$S0\xd6\x92D\xce\x03\xcc\x1a\xca\xb1\xe1\xb9\
-;yh\xcd#\xdcq\xe7\xbd\xfca\xcd\xc3l\xde\
\xfc\x9c|\xaeB\x8a\xc5\x06\x82 Gl\x12\xe2\xd8i\
\xa4\xfe\xfd]\x5c-\xff\x0c\xed6,p\xed\xef\x9de\
\x07\x10\xb6\xef\xdfT\x93\xaa\xfe\x18\xe7\xack\x10mW\
\x22\x85ZL\xdcKc>\xe4\xf5\xaf\xbb\x84\x8f\xff\xfd\
\xdf2nl\x07\xea5\xec\x9d\xfdRp\xcc\x93R-\
\xd2S\xf3^s\xb2`\xac\x014\xb1\x85\xd5\x0f\xad\xe3\
3\x9f\xfb2\x0f\xac^K\xa1\xb1\x15\xab5\xb9\x5c\xde\
\x1dF\xad8[\x06\x99\x08\x02\xd5\xc8\x92\xd2\x81\xccv\
\x03\x97{\xd6Z\xb1U\x19#F\xf4Xvq\x8c1\
XbJ\xa5>\xb4\x89\x18\xd6\xd6\xca\xe4I\xe3\x99w\
\xca\xc9\x9cy\xd6\x99\xcc;y\x0ecF\x0f'\xcci\
\xf2A@\x10\xf8$\x96\x96\xd0\xc5\xbdPr\x5c\xf0\x15\
\x83\xb5r\x8a\xd77\x9d\xd7j\x92\xc4`\x95!\x8a\x13\
\xf6\xf6\x94y\xe2\x8fO\xf1\xd0\xc3\x8f\xb0v\xed\xa3<\
\xfe\xc7'\xd9\xb8\xe99\xba:\xf7\x82\xce\x93/6P\
,4\xa0\x03-\xae\x1d\xb1l\xcbK\x82\x83\x8a\x91Z\
\xd7I\x9c\x90\x0dI\x83\x9b\xa4<\xb2\xfd\xe9\xdb\xc8*\
\xa7)\xd5\xe4\xba\xf2~L`\xc0\x1aJ\xa5\x12Z\xc5\
\xcc\x9d3\x83\xcf~\xeac\x9c{\xf6\x5c\x02\xd7\xd6>\
9\xc4\x00\xe2\x1bB]\x1c\xf3\xa4\xe4_\xee@\xc4!\
N,\xa0\xe8+%\xfc\xf8?~\xc6\xbf\xfe\xf0\xdf\xd9\
\xb1k/\xf9|#\xb1\xb1\x92\x9d\xc2\x09\x96\xf23m\
\xc6\xa3{_\xf0;\xc9\xb5Y+\xb2\x83H\xe0=\xcc\
%<\x06\x898\xf3\x85a\x9e\xd8\xc6rN\xcaD\x04\
\xcep\x9f\x18C\x7fO/\xb9|@kk3\xe3\xc6\
\x8c\xe2\xa4\x13\xa61\x7f\xde\x5cf\xce<\x89\xb1\xe3F\
2r\xe4p\x1a\x1br\xe4\x02\x8dR\x9a\x5c\x1a.X\
H\xb0\xde`\xa9\x1a\xa05u\xccj\x1e\xfb\x83\xc1\x85\
\x120\x95\xdd\xc8\x04C\x12\x1b\xe2\xc4\xd2\xdd]b\xdb\
\xf6\x1d<\xbe\xfe\x09\x1e[\xff\x14\x8f\xae[\xc7\x86M\
\x9by\xfe\xf9\xad\xf4\xf5\xf5\x13\x86\x12\xee8\x0cs\x92\
-X)\xa2r,Z\x8a\x0f\xa5\x12\x04)\xa9\xa7\xce\
\x8eV4\xa54uT\x9dw\xac\x82\xdfm\xf5\xfd\xeb\
\x22@\xa6\x1f\xbb\xfb\x89\x8bQ\xaeq\xce\xb1&\xc1D\
}\xb4\xb54\xf2\xbe\xf7\xbd\x9b\xbf\xf9\x1f\x7fN\xa1\x10\
\x90\x93<\x17Cx\x09xM\x91\x92\x9b\xa4\xeb@4\
\xa5t\xd0\x18\x91\xee\x8d[^\xe4\x9b\xdf\xfc.\xd7\xdd\
\xb0\x8c\xbe\xfe\x84Bc#Qb\x09\xc3\xbc\xf3e\x11\
\xb6Q\xaa\x92=$E&K\xc8`\xf0\x83 ;\x18\
\x06\x06q\xf3;:\x12\xb0Nl\x18\x16\xedv\xf5\xbc\
-K\x0c\xe6e\xe2r\x09c\xcan\xf9\x11\x93\x0f5\
#F\xb63m\xea4\xa6M\x9b\xc2\xf1S\xa70}\
\xeaTF\x8d\x1cI{\xfb0\x9a\x9b\x9b\xc8\xe7\x15Z\
\x0b\x11*\x8d\xc4\x1f\xb7.\x9a$\x12IA\x032\xdf\
;;J\x1a\xba\xc4%\x1ap\xc1\xf8\xe4\xbe?\x83h\
)G\x96R)\xa6\xab\xb3\x9b\xdd\xbbw\xf3\xec\xe6-\
l\xda\xbc\x89'\x9fx\x86\x0d\x1b6\xb2\xe5\xf9\xe7\xe9\
\xec\xdcCO_\x09k\x02\xc2B\x91b\xa1\x80q1\
\xaa\xb3\xf6\x1c\xbf\xbb\xe5\x91\x12H\xa6\xbd\x06n<0\
X\xa7WAi\xf1WJ\xaf3\xa9\xa6\xfc\x1f\xae\x0e\
J)l\x12I\x86a\x95\xf0\xbaK/\xe4\xd3\x9f\xfa\
8\xd3\xa6\x8c\xc1GH\xde\xdf\x13\xb3}>\x84j\x1c\
\xf3\xa4t \xa8\x15\x10\x9b\xd9\xa13\x09\xdc\xbfj\x0d\
_\xff_\xff\xc2\xc3k\xd7S6\x01\xb1\xd1h\x1d\x12\
\x84\x92+\xde\xfa\xe5\x96\x22%\x0e\x1fj\xe2@\x9aW\
\xbeW\xb3\xcc\xc8,\xe7\x18\x84\xc0\xaa\xee\xbb[\xca\xca\
\xa9\xf3\x5c\x10\x90$\x11\xe5$\xa6\x5c\x8e\x08@2\xdf\
\x1a\x89l\xd8\x90\xcf\xd3\xd8T\xa4\xa3\xbd\x83Q\xa3F\
\xd2\xde6\x8c\x96\x96&Z[\x87\xd1\xd6\xd6Fkk\
\x0b\xc5b\x03\x85|@\xae\x90'\x0c$\x02\xa5M\x0c\
J\x8b\x96\x16E\x11\xa5R\x99(\x8e(\xf7G\xec\xdd\
\xdbCww7==\xbd\xec\xee\xec\xa2\xb3\xb3\x93\x9d\
;w\xd2\xd5\xd5M\xd7\xde\x1eJ\xfd1\xa5r\xaf\xbc\
\x9d\x0a\xc9\x15\x0a\x80\xb8G\xf8\x03\xcf\xc6\x0dgo\xec\
\xae\x85_\xdez2\xae%!\xeb\x8c\xfe)\xb2!i\
\x5c\xf4\xcb\xaa\xfb\xe9\x01\xeb\xccw\xdc$c\xad%\xb1\
\xee\xd8I\x82\xf8\x8f\x05\x0aLL\x5c\xeea\xce\xcc\x13\
\xf8\xf0\x87?\xc0e\x17\x9dG\xde)\xd1C4s\xe8\
\x18\x22\xa5\x1aR\xca\xfe\xdf\x18\x83F\xc2\x9e\x94\x12\xcb\
\xaf\xae\xbe\x96\xff\xfd\xdd\x1f\xb0q\xd3\xf3\xe4\xf2\x8d\xe8\
\x5c\xde%W\x14\xdf\x17k]\x08GHcP\xab\x8c\
1\x95\xcc\x0c\x9a}^\x05\x03\xedQ\x83\xc6\xeb\xa9)\
\xc3\xe0\x07\xab\xdc\x0b\x94\x8f\xa4)ZT\xa8s\xe0\xbc\
\x97\xad5\xd88\xc1X\xf1\xd7)G%\xac1\x12\xf6\
\xd7\x95\x91\xb6\x81M\xd0Jr\x98)\xb7\x95\xedw$\
\x0d`\x13\xa7\xbd\x99J\x0cu\x94&\x08\xc4\x9dB\xa2\
3\xe6\xdcq\x0e\xf9]\x10\x04\xe9\xb2\xca\xda$\xd5>\
<\x09I\x9b\x0c\xb4\xc1\x08\xf9\xfa\xf6\xf06=w\xed\
I\xaaV3\xad\xd1`\xadO\xf3^{l\xc8\xc5l\
\xf7\xe4\x9e\xae\xb3}\xacw+1\xb6\xfa{\xf72i\
\xc28\xfe\xf2\xcf\xde\xc5;\xdf\xf1f\x865K\xdc\xac\
4V\xe0\x90\x06t\xc8x\x0d\x91R\xb5Ay \x06\
\xff\xdc:\xc7\xdb\x04\xd8\xbe\xa3\x93\x7f\xfb\xd1\x7f\xf0\xdf\
\xbfZ\xc2\xee\xae^TP$Jdy\xa53Nx\
\xa9Xz\x01U\xc6\x19K\xbd\x06\xe4\x96\x06J\xa26\
za\xae\x90V\xedq\x96\xfa\xc8\x92\x84\x1fT\xd6J\
\xd0;2\xc4Ef\xf9c\xdd\xd90!\x08\x09~g\
\xad\x15\x87B\x9c\xd3\xa8\x12m(\xab\xad\xc8o@\xd6\
hZl:\x18\xacRh\xd7\x82\xb2\xbcsZ\xa6\xfb\
\xad\x7fW\x10M\xc4/\xc9\xfcs\xc20\xacZ.e\
\x97l\x15\x0d\xd0\x93\xac[\xce\xba\x96\xf2\x9a\xcd\x00\xd4\
,\x9f}\xfb`\xb5\xd3d\xdd\xf7jB\xd1$.\x1b\
\x8b\xb1\x92\x08 \x17j\x02\xad(\xf5u3\xbc\xbd\x99\
\xb7\xbf\xe5\x0d\xbc\xef}\xefa\xcc\x886\x02\x95\xedh\
AZl\xf5\xed!\x1c\x04\x86H)\xc5\xfe>w\xf6\
\x04\xad\x89\x0cl\xde\xfc\x02\xdf\xfb\xfe\x8f\xf9\xcdo\xae\
\xa5\xab\xa7\x9f0\xdf\x88\x0eC\x8c\x91\xd0(\xd6\x98J\
\x80/\xa5\xd0\xe92L\xc4\xb52\x90*y\xe1\xad\x95\
\xefI\x97\xd4\xcc\xf8\xfbA\x96\x94\x10=#\xfd\xcc8\
o\xe3\xec\xe0MI\xd1z;\xcd\xc0c\x0e\xf5\xae+\
\x04\xe3\xdb\xa9\xda\xce\x93E\xed\xefIIF\x9eG\xa6\
L\x1f\xc5\xb3\x96\xc8\xb2\xa4\x04\xa2\xb9\xc8u\xb6\xbc:\
\xa8!%e\xbd-\xac\xd2\xbfB>\x12{\x1dS9\
v\x92\xfek!\x8azikn\xe0M\xaf\xbf\x92\xbf\
\xfe\xc0_0u\xea\x18\xb4\xf77\xaa\xbcF\x8a!R\
:t\xbc\x86H\xe9\xe00\x98pY+\x89\x8d0B\
\x1b\x8f=\xfe\x0c?\xf8\xc1\x8f\xb9\xe9\x96\xdb\xd9\xdb\x1f\
\xa1\x83\x02Q\x22;u\xdes[k-\xea\x16\x19\x9b\
G\xed6\x5cf \xee\x1b\x07JV\x957\xa8%\x07\
\xff\x9c\xda\xe7\x0dv-\xbf\xf7\xcb\xc3\xc1I\xbb\x16\xd5\
\xe4EZ\xf7\xfd\xbfc\x1d\xd4\xfa[\xf9e\xda \x1b\
\x0aY\xbeH\x09\xc9\xc3m\xef\xfbw3\xc6\x90\x18\xd2\
8W\x1aK\x5c\xeeeXk\x03\x8b\x17\x9d\xc1\xdf~\
\xf0\xaf\x98;g:d\x96iCx\xf90DJ\x83\
`0R\xc2\x0b3\x92\xe7]\xe9\x80\xc4\xc2#\xeb\x9e\
\xe6_\x7f\xf8c\x96-[NWo?\xf9\x5c\x11\xe5\
\xb6\xb1\xbdc\xa4v\x07}=))\xa5\xd0\x16I\x09\
\xe5H -\x7fP\x82\xaa\x19|56\x8c,\x89\x08\
\xea\xbd\xc1@\x02\xda?|\x1d\xeb\x93\x92/o`\x99\
\xb5\xdf\x1f\x9cT\xeb\xd5)\xbd\xe7\x0c\xe1)Q\xd6\x9c\
\xd6?PR\xcan\xf5{\xcd,\x0cC9\xf3\x98D\
\x94\xfa{\x18;\xb2\x83\xd7]q\x09\x7f\xf6\x9ew2\
\xe3\xa4\x89\xb2y\xa0\xc9,P\x87\xf0rb\x88\x94\x0e\
\x02U\x83\x223\x80\xac\x15#\xafhNO\xf1\x9f?\
\xfdonZ\xb6\x9c]\x9d=\x84\xb9\x06\xa2\x18\x94\x0e\
$\xcf\xbc\x12\xff\xa3\xc0\xd9S\xac\xb3\xa1$I\x82N\
c\xf7d\xa9\xa4\xb2\xacT\xce/*KB\xb5N}\
\xd9z)g\x1bQJ\xa5\x06\xde\xda\xba\xfbeP-\
!\xa4us\xb6\x9e:\x8a]]XW\xa0rA\xd5\
j\xe1\x9f\xefQ\xfb\xdc\x03VE\xfc\xeef\xads\xa4\
\x87?\xcb\xe6\xde\xdb\xdb\xac\xbc\xf3,V\x13jG\xb5\
\xa6L\x1c\xf51~\xd4H\xae\xbc\xf2b\xfe\xfc=\xef\
b\xf2\xe41\xee7\xd2\x17\xb5\xf5\xae\xc5\xfe>\x1f\x88\
\xfd\x98\x0b|\x93\x1cL\x91\xc7\x08\x86H\xe9\x90\xe1\x97\
$.\x8e\x92\x0e0\x0a\x9e\xdb\xb2\x93\xff\xfe\xf5\x12~\
\xf9\x9b%l\xde\xb2\x0d\x15\xe4\xd1a\xc1\x19\x8f%\xf0\
\x987\xf4\x02(\xe7\x04XE|\x99\xf2=)\x0d\xd8\
]\xaa!\xa5\x01\x83\xc3/{j5\x09\xf7\xbd\xec\xae\
^z/C\x14\x839}\x0e\x86ZRJ\xc9o\x1f\
\x03\xb6\x8a\x98t5q\x0e\xfa\xbbA4\xa4\x14\x19R\
2\xc6\xa4\x86\x7f\xd1\x8c\x824|\x8c\x89#\xa6L\x1a\
\xc7;\xde\xf6f\xde\xfe\xd6?a\xec\x98a`\xbcf\
T\x8d}\xd6\xe7\xa01DJ\x83a\x88\x94\x0e3\xac\
\xf3q\xd2Z\x92<vv\xf6r\xf5o\xaf\xe3\xbf\x7f\
}5\xeb\xd7?Md\x15a\xce{\x88\x07X\x9f\xec\
\xd1\x0d\xe6\xec\xce\x13\x80\xf6K:w\x9d\x12\x8770\
{\xd2\xf1Z\x9b\xfb^6E\xd4\xbe\x06R\x96\x94\x04\
\xfe\xf9\x83\x0c\xf6\x83De\x8b\xdd\xd5\xcf]\xd7j.\
\xf5\xeaXEV\xb5\x18`\xc8\xd6@\xc5\xa0o2F\
$\xa5 I\x0c\xf90\x84$\xc6\x98\x08\x1d$\xcc:\
i\x1a\x7f\xf2\xc6\xabx\xd3\x1b\xaf`\xd4\xc8aN+\
$M\x87\xcek\x93\x13^q\x0c\x91\xd2\xcb\x00\xbf\x04\
K\x92\x840\x97\x93l\xab\x91\xe5\x9e{W\xf1\xb3_\
^\xcd=\xf7\xaed\xfb\xce.\x82\x5c\x9e\x5cX \xc8\
{\x0dJ\x0e\xa3\xfa\xc1\xaa\xbdW\xb3\xcad\xc5H\x07\
\x8a\xf8\x07Yw|\xc3\x0f\x1e\xeb\x06\xf3\xd1BJ\xa9\
\xe6\xe3\x9e\x93%\xa5\xec\xf5`\xa8\xa7\x9d(U\xedg\
dm&\xa8\x95#k\xeb\x96\xc5\xb9\x5c\x8e0\xd0\x94\
\xfa\xfb\xb16fD[\x0b\x17\x9e\xbf\x987\xbf\xf9J\
N\x9d\x7f2\xf9\x82\xf0\x9a\xb4\x97\xb4\xa9V:m\x87\
\xfdTo\x08/\x03\x86H\xe9eDu\xd3J4\x02\
\xab`\xcbs/r\xe3\x8d7s\xdd\xf57\xb1v\xdd\
\x1f)G\x86|\xb1\x19\x1d\xe4\x89\x8cd\x5c\x11\xed\xa9\
\xb2\x84\xf1\xa7\xdb\xfd \xb4\xd6\x1d\xefp\x9a\x82F\xec\
QY?\x1e\xa5*\xc7\xd3\x07\x92\xcf+\x83\xc1H(\
KR\xbe\xfe\xfe\x1a@yg\xd4\x9ae\x8f\xf7\xb8\xf6\
6&@\xa2\x7f\x1aCb\x12\x92\xb8\x8f\x96\xc6\x22\xb3\
g\x9d\xc8\x9b\xdex%W\x5cv\x09#\x867\xa7\x87\
e+\xba\xa5<\xab6\xc4\xcd\x10\x8e<\x86H\xe9e\
\x80'\x92\xaaY\xde\x88\xe3\x9fR\x01\x89\x91\x83\xa3\xa5\
\x08\xfe\xb0f\x1d7\xdc\xb8\x8c\xdb\x96\xdf\xc93\x1b7\
S\x8a\x12\xf2\xc5\x06\xb4\xce\x81\x0e\xc0J\xa0\x15_\x96\
\xf7\x84\xf6\xd1\x0aT [\xd9~7\xaf\x96\x94j5\
\x93W\x1a\x83\x91R\xadG\xb5\xca\xec\x92y\x8dP.\
\xc4s\xbe\xe2\xef%\x11\x1eq\xde\xeaQ\xa9\x97@+\
Z\x1a\x1a\x991c\x1a\x8b\x17/\xe2\xb2\xcb.d\xd6\
\x8cI`\x91d\x92\xbe\xed\xac#u\xa5\x10G\x80!\
\xcd\xe8h\xc0\x10)\x1dA\xd4\x92\x95\xb7Q'\x16z\
{\xfbY\xf5\xc0\x1a\xae\xbd\xfew\xdc{\xef\x03l\xde\
\xf2<Q\xac\xd0a\x91\xc0\xa5c\xb2:\xc0X\x83\x0e\
$D\xaeR\xd9\x00o\xee\xd8E\x9agL\xecS\xde\
\xf0\x5c;\xdc\x8e4I\x0dJF\x0e\x9e\x84RqL\
$lK\x92T\x88])H\x9c\x93e\xa85\xda\x9d\
\xefK\xa2>L\x121\xa2\xad\x95\x193\xa7q\xf1\x85\
\xe7s\xc9E\x170e\xf2q\x84r\x8e\x19\x1f@t\
_\xd5\xa8\x9aD\x86\xf0\x8aa\x88\x94^A\xf8\xa67\
\xc6\xb8\x01&\x83\xa2\xab\xbb\xc4\x83\x0f\xae\xe1\xce;\xef\
f\xf5Ck\xd9\xb0q3\xbb:w\x13\x19\x0b*$\
\xc8\x87h2\x07\x82q3\xbd;\x861\x10v\x80\x7f\
\xd1\xd1BJ\xa9\xf8e\x1c\x1a\x01\x94#\x1f\x02\xbf\x11\
\xa0\x08\xb5\xa4\xbb\x86\x84R_\x890T\xb4672\
\xe7\xe4\x99\x5c|\xc1\x05\x5ct\xc19L\x9d2\x06\xed\
\x08\x0c%\x1a\xa37~\xd7\x12\xce\x10\x09\x1d\x9d\x18\x22\
\xa5\xa3\x08\xd2\x15b\xec\x90\xa0r\x90$\xb0\xed\xc5\x9d\
\xfca\xcdZ\xee\xb9\xef~V\xff\xe1a\x9e~f\x03\
\xdd{\xfaHPh\x9d'\xc8\x15PZN\xda\x9b$\
\x82@\x0c\xc1\xf5\x98\xc7ww\xd6v\x92\x1d\x9c\xd6\xc5\
\x0b\xc2E\xe6<\x9c\x836+j\xbel\xe3\x92!\xc8\
n\x1c\xb2\xeb\xa5\x14\x01b[\x93\xe5\xaa\xa1\x5c\xee'\
\x1f*\x86573}\xdad\x16\xce?\x85\xb3\xce:\
\x93Y\xb3Ob\xe4\xf0v\x82@^Wk\x9c\x99\xe8\
\xc0\xea~\xb8\xdfq\x08\x87\x8e!Rz\x051\xd8\x80\
\xf0\xf7+]S\x89\x89\xd1W\x82\xad\xdb^\xe0\xe1\xb5\
\x8f\xb1z\xf5\x1fX\xf3\xf0:6<\xbb\x91\x1d\xbb\xf7\
\x10\xc71\xd6B\x10\x86\x18w\xd0\x15#'\xfc\x1d\xdd\
\xb9\xe2\x9c\x0f\xcf\xa0]_\xf5\xed*\xd8AcR\x1d\
(\x8c\xf8>\xb9B\x12k\xd1Z\x96\x9bIR&\x89\
c\x94\x82B\x18\xd2\xd2\xd2\xc4\xb0a\xc3\x982e2\
\xa7\x9c2\x93\x85\x0b\x170\xfb\xa4\x13\xe8ho&\x97\
=u\xe24\xa2\xc3\x8b\xfd\xf8\x11\x0d\xe1e\xc3\x10)\
\x1d\xe5\xa8\xd6b\xfc\x96\xbf\xfc\x1f\xa0\x1c\xc3\xae]\x9d\
l\xda\xf8\x1c\x8f>\xb6\x9e\x87\xd7>\xc2S\xcf<\xcb\
\xf3\xcfm\xa5s\xcf^\xfaz\xfb\xb0V\x93 Fv\
\x8b\xc4\x82\xf2\xe4\x92\xb8\x08\x8d\xd6\xaa\xaa\x98N\xca\x19\
\x96\xad(M\xb24t\xd1\x05\xe4\xfb8\xf2\xaa\x1c\xf4\
\xf5\xbe=\xde3]\x22BJ\x8as\xac\xc1\x18+A\
\xec,(->E&\x89ih,\xd2\xd1\xd6\xca\xf8\
q\xa3\x99<\xf18N\x9e=\x8bSN\x9e\xc3\xc4\x09\
\xe3\x19\xd6\xd1FCC^\x94?\x9fI\xf6`\xe2\x16\
ex}\x08\xaf\x0e\x0c\x91\xd2\xab\x0c\xbe\xbbT\x1a\x7f\
\xc8\x00\x1a\xad4\x89D\x14\xa1\x5c2t\xf7\xf4\xb2\xf5\
\xf9\xed<\xf5\xcc\x06\x9e{n\x0b\x9b6n\xe1\xd9M\
\x9by\xf1\xc5\x1d\xec\xe9\xde\xcb\x9e\xae=\xf4\x96\xcb\x94\
J%!$#\x91\x22\xc5\xfe\xa2S6\xb2\xca\x8a\xdf\
\x8e\xb3\xc9x\x1f,Y\x00\x1aI\xc2\xa0\x90\xd1\xef\xe2\
\x9d\xcb\x01d\xd1`|h\x94|\x90\xa3\xb1\xb1@S\
c\x03\xa3G\x8fd\xe2\x84\x09L\x9d:\x99\x09\x13&\
0m\xdaT&\x1ew\x1c-\xad\x0d4\x14d)\xa7\
\xfd\x12V\xe3\x92\x89V\xda\xc0k\x91\xf5\xb4\xcc\x01\x18\
\x22\xa5W\x1d\x86H\xe9\x15\xc6\xe1\x183\xd9\xe5^j\
\xa3A\xb2\xc6f\x1d\xc4\xe3\x18\xca\xe5\x88\xbd\xbd\xbd\xec\
\xde\xdd\xc5\xf6\x1d\xbb\xd8\xb9s';v\xeff\xcf\x9e\
=tw\xede\xcf\x9e=\xec\xed\xe9\xa5T*\xd3\xd3\
\xd7C\x7fI\xa2K\x9a(&1\x06\x9c\xb6\x14\x049\
\xc2\x5c@>\x9f\xa3\xb1\xa1@SS\x13\x8d\x8d\x8d4\
4\x14imi\xa1eX3\xad\xad\xad\xb4\xb7\xb6\xd1\
\xde>\x8c\xf6a\xc3\x18\xd6\xd6BKK+\x0d\x0d\x05\
\x1a\x0a\x95\xf5\x97u\xb6 oG;\xd0\xe3o\xd5\x18\
Zn\x1d+\xf8\x7fG\xaf\xa9| Zw)\x00\x00\
\x00\x00IEND\xaeB`\x82\
"

qt_resource_name = b"\
\x00\x0d\
\x04\x8c\xfdg\
\x00l\
\x00o\x00g\x00o\x00_\x00h\x00o\x00m\x00e\x00.\x00p\x00n\x00g\
\x00\x10\
\x05W\xbeG\
\x00i\
\x00c\x00o\x00n\x00e\x00_\x00j\x00a\x00n\x00e\x00l\x00a\x00.\x00p\x00n\x00g\
"

qt_resource_struct = b"\
\x00\x00\x00\x00\x00\x02\x00\x00\x00\x02\x00\x00\x00\x01\
\x00\x00\x00\x00\x00\x00\x00\x00\
\x00\x00\x00\x00\x00\x00\x00\x00\x00\x01\x00\x00\x00\x00\
\x00\x00\x01\x9eK\xfb\xeb\xf2\
\x00\x00\x00 \x00\x00\x00\x00\x00\x01\x00\x03\x97\xd6\
\x00\x00\x01\x9eLh\xd5\x1c\
"

def qInitResources():
    QtCore.qRegisterResourceData(0x03, qt_resource_struct, qt_resource_name, qt_resource_data)

def qCleanupResources():
    QtCore.qUnregisterResourceData(0x03, qt_resource_struct, qt_resource_name, qt_resource_data)

qInitResources()
